,camas
0,2.0
1,14.0
2,7.0
3,1.0
4,1.0
5,5.0
6,4.0
7,2.0
8,3.0
9,3.0
10,4.0
11,1.0
12,1.0
13,1.0
14,14.0
15,1.0
16,2.0
17,2.0
18,2.0
19,3.0
20,2.0
21,5.0
22,2.0
23,2.0
24,1.0
25,2.0
26,2.0
27,3.0
28,1.0
29,3.0
30,3.0
31,1.0
32,1.0
33,2.0
34,4.0
35,1.0
36,1.0
37,1.0
38,1.0
39,2.0
40,Sin info
41,3.0
42,2.0
43,9.0
44,1.0
45,1.0
46,1.0
47,6.0
48,2.0
49,4.0
50,4.0
51,Sin info
52,2.0
53,2.0
54,1.0
55,3.0
56,1.0
57,3.0
58,2.0
59,3.0
60,2.0
61,4.0
62,3.0
63,1.0
64,3.0
65,2.0
66,2.0
67,1.0
68,2.0
69,1.0
70,1.0
71,4.0
72,1.0
73,3.0
74,1.0
75,2.0
76,1.0
77,6.0
78,3.0
79,1.0
80,1.0
81,4.0
82,3.0
83,Sin info
84,1.0
85,2.0
86,3.0
87,5.0
88,1.0
89,4.0
90,2.0
91,2.0
92,2.0
93,2.0
94,3.0
95,4.0
96,2.0
97,2.0
98,1.0
99,3.0
100,Sin info
101,1.0
102,3.0
103,3.0
104,1.0
105,1.0
106,6.0
107,2.0
108,2.0
109,1.0
110,2.0
111,3.0
112,4.0
113,2.0
114,2.0
115,5.0
116,4.0
117,5.0
118,1.0
119,Sin info
120,4.0
121,4.0
122,1.0
123,2.0
124,1.0
125,3.0
126,2.0
127,4.0
128,4.0
129,3.0
130,2.0
131,1.0
132,3.0
133,1.0
134,6.0
135,2.0
136,1.0
137,2.0
138,2.0
139,4.0
140,1.0
141,3.0
142,1.0
143,Sin info
144,2.0
145,3.0
146,2.0
147,1.0
148,2.0
149,1.0
150,1.0
151,2.0
152,4.0
153,4.0
154,2.0
155,4.0
156,Sin info
157,4.0
158,1.0
159,2.0
160,3.0
161,3.0
162,3.0
163,4.0
164,3.0
165,2.0
166,3.0
167,3.0
168,2.0
169,4.0
170,1.0
171,3.0
172,4.0
173,1.0
174,5.0
175,1.0
176,1.0
177,4.0
178,1.0
179,1.0
180,3.0
181,1.0
182,1.0
183,1.0
184,1.0
185,2.0
186,2.0
187,3.0
188,2.0
189,3.0
190,1.0
191,1.0
192,2.0
193,7.0
194,4.0
195,2.0
196,3.0
197,4.0
198,1.0
199,4.0
200,2.0
201,2.0
202,2.0
203,2.0
204,4.0
205,1.0
206,1.0
207,1.0
208,2.0
209,Sin info
210,1.0
211,3.0
212,1.0
213,4.0
214,Sin info
215,3.0
216,4.0
217,2.0
218,1.0
219,4.0
220,3.0
221,3.0
222,4.0
223,1.0
224,1.0
225,3.0
226,3.0
227,3.0
228,3.0
229,3.0
230,3.0
231,2.0
232,7.0
233,1.0
234,1.0
235,4.0
236,2.0
237,Sin info
238,1.0
239,1.0
240,5.0
241,5.0
242,5.0
243,5.0
244,5.0
245,5.0
246,1.0
247,4.0
248,1.0
249,1.0
250,1.0
251,1.0
252,1.0
253,2.0
254,2.0
255,3.0
256,1.0
257,2.0
258,2.0
259,Sin info
260,1.0
261,Sin info
262,3.0
263,4.0
264,2.0
265,2.0
266,4.0
267,2.0
268,2.0
269,4.0
270,3.0
271,2.0
272,2.0
273,2.0
274,Sin info
275,3.0
276,1.0
277,1.0
278,6.0
279,1.0
280,1.0
281,1.0
282,Sin info
283,2.0
284,3.0
285,2.0
286,2.0
287,2.0
288,2.0
289,2.0
290,1.0
291,2.0
292,5.0
293,2.0
294,3.0
295,3.0
296,1.0
297,3.0
298,4.0
299,1.0
300,2.0
301,5.0
302,1.0
303,1.0
304,1.0
305,5.0
306,1.0
307,3.0
308,4.0
309,5.0
310,3.0
311,3.0
312,2.0
313,3.0
314,2.0
315,2.0
316,3.0
317,5.0
318,1.0
319,1.0
320,2.0
321,3.0
322,2.0
323,Sin info
324,3.0
325,2.0
326,1.0
327,3.0
328,2.0
329,1.0
330,2.0
331,3.0
332,4.0
333,2.0
334,3.0
335,3.0
336,2.0
337,5.0
338,5.0
339,5.0
340,5.0
341,5.0
342,2.0
343,2.0
344,3.0
345,3.0
346,2.0
347,5.0
348,3.0
349,8.0
350,Sin info
351,4.0
352,1.0
353,2.0
354,Sin info
355,1.0
356,4.0
357,2.0
358,1.0
359,3.0
360,1.0
361,1.0
362,1.0
363,Sin info
364,3.0
365,1.0
366,5.0
367,Sin info
368,1.0
369,2.0
370,1.0
371,5.0
372,2.0
373,4.0
374,4.0
375,3.0
376,2.0
377,3.0
378,2.0
379,1.0
380,3.0
381,2.0
382,3.0
383,3.0
384,1.0
385,2.0
386,Sin info
387,4.0
388,3.0
389,4.0
390,Sin info
391,3.0
392,2.0
393,4.0
394,1.0
395,3.0
396,1.0
397,2.0
398,1.0
399,2.0
400,3.0
401,3.0
402,3.0
403,3.0
404,4.0
405,4.0
406,1.0
407,3.0
408,3.0
409,1.0
410,4.0
411,2.0
412,3.0
413,2.0
414,4.0
415,7.0
416,3.0
417,2.0
418,1.0
419,1.0
420,2.0
421,2.0
422,3.0
423,5.0
424,2.0
425,1.0
426,3.0
427,2.0
428,1.0
429,2.0
430,2.0
431,4.0
432,4.0
433,1.0
434,3.0
435,1.0
436,5.0
437,2.0
438,2.0
439,4.0
440,3.0
441,4.0
442,3.0
443,2.0
444,3.0
445,3.0
446,1.0
447,3.0
448,4.0
449,2.0
450,2.0
451,3.0
452,3.0
453,1.0
454,2.0
455,2.0
456,2.0
457,1.0
458,2.0
459,2.0
460,3.0
461,1.0
462,1.0
463,5.0
464,3.0
465,1.0
466,2.0
467,1.0
468,1.0
469,1.0
470,4.0
471,4.0
472,1.0
473,1.0
474,1.0
475,2.0
476,5.0
477,2.0
478,1.0
479,1.0
480,2.0
481,3.0
482,4.0
483,3.0
484,4.0
485,4.0
486,3.0
487,3.0
488,3.0
489,4.0
490,2.0
491,4.0
492,Sin info
493,2.0
494,3.0
495,5.0
496,6.0
497,2.0
498,3.0
499,11.0
500,5.0
501,2.0
502,6.0
503,2.0
504,4.0
505,3.0
506,Sin info
507,3.0
508,4.0
509,2.0
510,Sin info
511,1.0
512,2.0
513,2.0
514,1.0
515,5.0
516,5.0
517,2.0
518,1.0
519,4.0
520,1.0
521,4.0
522,4.0
523,2.0
524,2.0
525,2.0
526,3.0
527,4.0
528,Sin info
529,3.0
530,3.0
531,4.0
532,3.0
533,1.0
534,3.0
535,3.0
536,1.0
537,4.0
538,2.0
539,4.0
540,1.0
541,2.0
542,2.0
543,5.0
544,4.0
545,4.0
546,Sin info
547,2.0
548,2.0
549,2.0
550,4.0
551,4.0
552,1.0
553,Sin info
554,6.0
555,6.0
556,2.0
557,1.0
558,2.0
559,2.0
560,3.0
561,3.0
562,6.0
563,4.0
564,2.0
565,Sin info
566,4.0
567,1.0
568,1.0
569,6.0
570,2.0
571,Sin info
572,2.0
573,2.0
574,2.0
575,1.0
576,6.0
577,1.0
578,Sin info
579,1.0
580,1.0
581,2.0
582,2.0
583,4.0
584,2.0
585,1.0
586,2.0
587,2.0
588,1.0
589,4.0
590,2.0
591,2.0
592,4.0
593,3.0
594,Sin info
595,2.0
596,1.0
597,4.0
598,4.0
599,2.0
600,2.0
601,4.0
602,Sin info
603,3.0
604,3.0
605,4.0
606,Sin info
607,Sin info
608,Sin info
609,4.0
610,Sin info
611,1.0
612,3.0
613,1.0
614,3.0
615,1.0
616,3.0
617,5.0
618,6.0
619,1.0
620,Sin info
621,4.0
622,4.0
623,6.0
624,6.0
625,7.0
626,3.0
627,3.0
628,5.0
629,2.0
630,2.0
631,4.0
632,5.0
633,Sin info
634,2.0
635,5.0
636,4.0
637,2.0
638,1.0
639,1.0
640,4.0
641,2.0
642,2.0
643,Sin info
644,1.0
645,Sin info
646,1.0
647,4.0
648,1.0
649,2.0
650,2.0
651,3.0
652,2.0
653,4.0
654,Sin info
655,Sin info
656,1.0
657,2.0
658,3.0
659,Sin info
660,2.0
661,2.0
662,5.0
663,1.0
664,2.0
665,8.0
666,8.0
667,3.0
668,Sin info
669,4.0
670,3.0
671,3.0
672,2.0
673,1.0
674,1.0
675,1.0
676,1.0
677,1.0
678,1.0
679,1.0
680,1.0
681,1.0
682,3.0
683,1.0
684,Sin info
685,3.0
686,3.0
687,3.0
688,5.0
689,5.0
690,1.0
691,2.0
692,4.0
693,2.0
694,3.0
695,7.0
696,7.0
697,4.0
698,3.0
699,2.0
700,2.0
701,2.0
702,2.0
703,2.0
704,2.0
705,2.0
706,1.0
707,3.0
708,3.0
709,3.0
710,Sin info
711,1.0
712,1.0
713,4.0
714,Sin info
715,3.0
716,3.0
717,3.0
718,1.0
719,3.0
720,3.0
721,4.0
722,4.0
723,1.0
724,1.0
725,2.0
726,4.0
727,2.0
728,Sin info
729,1.0
730,3.0
731,2.0
732,4.0
733,2.0
734,3.0
735,4.0
736,3.0
737,2.0
738,2.0
739,3.0
740,Sin info
741,3.0
742,1.0
743,4.0
744,4.0
745,4.0
746,2.0
747,3.0
748,3.0
749,4.0
750,4.0
751,4.0
752,2.0
753,2.0
754,2.0
755,Sin info
756,Sin info
757,3.0
758,2.0
759,2.0
760,1.0
761,Sin info
762,2.0
763,3.0
764,1.0
765,3.0
766,2.0
767,2.0
768,3.0
769,Sin info
770,3.0
771,3.0
772,4.0
773,1.0
774,3.0
775,1.0
776,3.0
777,3.0
778,1.0
779,1.0
780,1.0
781,4.0
782,3.0
783,3.0
784,2.0
785,2.0
786,1.0
787,4.0
788,5.0
789,2.0
790,3.0
791,2.0
792,1.0
793,4.0
794,1.0
795,0.0
796,1.0
797,2.0
798,1.0
799,Sin info
800,4.0
801,Sin info
802,1.0
803,5.0
804,1.0
805,2.0
806,1.0
807,Sin info
808,1.0
809,Sin info
810,4.0
811,5.0
812,2.0
813,6.0
814,1.0
815,1.0
816,1.0
817,6.0
818,2.0
819,4.0
820,1.0
821,3.0
822,1.0
823,1.0
824,1.0
825,3.0
826,2.0
827,1.0
828,6.0
829,3.0
830,3.0
831,3.0
832,4.0
833,1.0
834,3.0
835,1.0
836,2.0
837,4.0
838,1.0
839,1.0
840,7.0
841,1.0
842,Sin info
843,2.0
844,Sin info
845,1.0
846,3.0
847,2.0
848,1.0
849,3.0
850,1.0
851,Sin info
852,2.0
853,4.0
854,3.0
855,3.0
856,1.0
857,2.0
858,4.0
859,3.0
860,2.0
861,4.0
862,4.0
863,5.0
864,3.0
865,1.0
866,5.0
867,3.0
868,3.0
869,3.0
870,Sin info
871,3.0
872,5.0
873,1.0
874,3.0
875,2.0
876,2.0
877,3.0
878,3.0
879,2.0
880,7.0
881,6.0
882,2.0
883,4.0
884,2.0
885,3.0
886,3.0
887,3.0
888,1.0
889,2.0
890,6.0
891,2.0
892,2.0
893,Sin info
894,5.0
895,2.0
896,2.0
897,5.0
898,2.0
899,4.0
900,9.0
901,4.0
902,2.0
903,4.0
904,3.0
905,3.0
906,3.0
907,2.0
908,2.0
909,2.0
910,2.0
911,2.0
912,2.0
913,1.0
914,Sin info
915,5.0
916,2.0
917,2.0
918,3.0
919,3.0
920,1.0
921,3.0
922,11.0
923,3.0
924,1.0
925,Sin info
926,2.0
927,1.0
928,1.0
929,1.0
930,2.0
931,1.0
932,1.0
933,1.0
934,5.0
935,4.0
936,2.0
937,2.0
938,1.0
939,3.0
940,3.0
941,3.0
942,3.0
943,Sin info
944,0.0
945,1.0
946,1.0
947,1.0
948,2.0
949,3.0
950,Sin info
951,1.0
952,1.0
953,3.0
954,Sin info
955,4.0
956,1.0
957,Sin info
958,5.0
959,3.0
960,6.0
961,1.0
962,1.0
963,4.0
964,5.0
965,1.0
966,3.0
967,3.0
968,1.0
969,2.0
970,2.0
971,1.0
972,4.0
973,3.0
974,Sin info
975,4.0
976,Sin info
977,Sin info
978,3.0
979,2.0
980,5.0
981,2.0
982,4.0
983,2.0
984,2.0
985,1.0
986,3.0
987,2.0
988,Sin info
989,1.0
990,1.0
991,1.0
992,2.0
993,4.0
994,3.0
995,3.0
996,1.0
997,1.0
998,2.0
999,1.0
1000,1.0
1001,2.0
1002,2.0
1003,1.0
1004,Sin info
1005,2.0
1006,3.0
1007,2.0
1008,4.0
1009,1.0
1010,3.0
1011,2.0
1012,5.0
1013,3.0
1014,5.0
1015,4.0
1016,3.0
1017,5.0
1018,1.0
1019,1.0
1020,2.0
1021,3.0
1022,2.0
1023,2.0
1024,5.0
1025,Sin info
1026,2.0
1027,3.0
1028,1.0
1029,2.0
1030,1.0
1031,2.0
1032,5.0
1033,1.0
1034,3.0
1035,1.0
1036,2.0
1037,3.0
1038,2.0
1039,2.0
1040,2.0
1041,1.0
1042,1.0
1043,2.0
1044,1.0
1045,3.0
1046,Sin info
1047,4.0
1048,2.0
1049,3.0
1050,5.0
1051,1.0
1052,3.0
1053,2.0
1054,5.0
1055,1.0
1056,Sin info
1057,4.0
1058,Sin info
1059,1.0
1060,3.0
1061,2.0
1062,2.0
1063,1.0
1064,13.0
1065,4.0
1066,3.0
1067,2.0
1068,2.0
1069,3.0
1070,2.0
1071,3.0
1072,1.0
1073,3.0
1074,1.0
1075,1.0
1076,2.0
1077,3.0
1078,4.0
1079,1.0
1080,6.0
1081,3.0
1082,5.0
1083,1.0
1084,2.0
1085,6.0
1086,2.0
1087,5.0
1088,3.0
1089,5.0
1090,Sin info
1091,1.0
1092,1.0
1093,2.0
1094,3.0
1095,1.0
1096,3.0
1097,2.0
1098,2.0
1099,1.0
1100,3.0
1101,1.0
1102,Sin info
1103,3.0
1104,3.0
1105,2.0
1106,4.0
1107,2.0
1108,1.0
1109,2.0
1110,1.0
1111,5.0
1112,1.0
1113,4.0
1114,1.0
1115,2.0
1116,Sin info
1117,6.0
1118,2.0
1119,4.0
1120,3.0
1121,5.0
1122,1.0
1123,5.0
1124,2.0
1125,3.0
1126,1.0
1127,4.0
1128,5.0
1129,1.0
1130,5.0
1131,3.0
1132,4.0
1133,5.0
1134,3.0
1135,2.0
1136,1.0
1137,1.0
1138,1.0
1139,2.0
1140,2.0
1141,Sin info
1142,4.0
1143,2.0
1144,1.0
1145,2.0
1146,6.0
1147,Sin info
1148,2.0
1149,3.0
1150,4.0
1151,2.0
1152,Sin info
1153,2.0
1154,Sin info
1155,1.0
1156,4.0
1157,6.0
1158,1.0
1159,3.0
1160,1.0
1161,Sin info
1162,1.0
1163,1.0
1164,1.0
1165,1.0
1166,1.0
1167,1.0
1168,1.0
1169,3.0
1170,3.0
1171,1.0
1172,1.0
1173,2.0
1174,4.0
1175,3.0
1176,1.0
1177,4.0
1178,1.0
1179,6.0
1180,6.0
1181,3.0
1182,5.0
1183,2.0
1184,5.0
1185,Sin info
1186,1.0
1187,Sin info
1188,2.0
1189,2.0
1190,Sin info
1191,1.0
1192,2.0
1193,Sin info
1194,3.0
1195,3.0
1196,3.0
1197,1.0
1198,5.0
1199,Sin info
1200,1.0
1201,3.0
1202,1.0
1203,3.0
1204,1.0
1205,2.0
1206,2.0
1207,3.0
1208,2.0
1209,3.0
1210,1.0
1211,Sin info
1212,1.0
1213,1.0
1214,2.0
1215,5.0
1216,1.0
1217,2.0
1218,3.0
1219,2.0
1220,1.0
1221,3.0
1222,2.0
1223,3.0
1224,3.0
1225,3.0
1226,Sin info
1227,4.0
1228,4.0
1229,1.0
1230,1.0
1231,0.0
1232,3.0
1233,1.0
1234,2.0
1235,1.0
1236,1.0
1237,1.0
1238,3.0
1239,1.0
1240,Sin info
1241,3.0
1242,3.0
1243,1.0
1244,1.0
1245,4.0
1246,2.0
1247,1.0
1248,1.0
1249,2.0
1250,4.0
1251,2.0
1252,8.0
1253,1.0
1254,2.0
1255,5.0
1256,4.0
1257,4.0
1258,3.0
1259,1.0
1260,4.0
1261,2.0
1262,2.0
1263,2.0
1264,4.0
1265,1.0
1266,3.0
1267,5.0
1268,2.0
1269,3.0
1270,2.0
1271,2.0
1272,1.0
1273,Sin info
1274,Sin info
1275,2.0
1276,3.0
1277,1.0
1278,1.0
1279,5.0
1280,3.0
1281,3.0
1282,2.0
1283,6.0
1284,Sin info
1285,2.0
1286,5.0
1287,2.0
1288,Sin info
1289,Sin info
1290,2.0
1291,2.0
1292,2.0
1293,Sin info
1294,1.0
1295,2.0
1296,1.0
1297,5.0
1298,Sin info
1299,Sin info
1300,5.0
1301,2.0
1302,3.0
1303,Sin info
1304,4.0
1305,1.0
1306,1.0
1307,3.0
1308,Sin info
1309,1.0
1310,3.0
1311,7.0
1312,4.0
1313,11.0
1314,2.0
1315,Sin info
1316,2.0
1317,3.0
1318,1.0
1319,4.0
1320,1.0
1321,3.0
1322,3.0
1323,1.0
1324,5.0
1325,3.0
1326,1.0
1327,1.0
1328,3.0
1329,1.0
1330,3.0
1331,2.0
1332,1.0
1333,2.0
1334,3.0
1335,1.0
1336,3.0
1337,4.0
1338,3.0
1339,2.0
1340,1.0
1341,2.0
1342,1.0
1343,2.0
1344,2.0
1345,3.0
1346,5.0
1347,3.0
1348,4.0
1349,8.0
1350,5.0
1351,4.0
1352,3.0
1353,7.0
1354,1.0
1355,1.0
1356,1.0
1357,1.0
1358,2.0
1359,2.0
1360,5.0
1361,Sin info
1362,1.0
1363,8.0
1364,1.0
1365,2.0
1366,2.0
1367,3.0
1368,2.0
1369,3.0
1370,2.0
1371,Sin info
1372,2.0
1373,3.0
1374,2.0
1375,4.0
1376,1.0
1377,3.0
1378,5.0
1379,2.0
1380,1.0
1381,2.0
1382,8.0
1383,3.0
1384,2.0
1385,1.0
1386,3.0
1387,1.0
1388,2.0
1389,Sin info
1390,4.0
1391,4.0
1392,3.0
1393,2.0
1394,2.0
1395,2.0
1396,Sin info
1397,Sin info
1398,3.0
1399,5.0
1400,4.0
1401,2.0
1402,3.0
1403,3.0
1404,4.0
1405,4.0
1406,2.0
1407,4.0
1408,3.0
1409,6.0
1410,4.0
1411,2.0
1412,2.0
1413,4.0
1414,4.0
1415,3.0
1416,3.0
1417,3.0
1418,Sin info
1419,10.0
1420,Sin info
1421,22.0
1422,2.0
1423,4.0
1424,4.0
1425,3.0
1426,2.0
1427,1.0
1428,3.0
1429,3.0
1430,1.0
1431,3.0
1432,Sin info
1433,1.0
1434,2.0
1435,1.0
1436,3.0
1437,4.0
1438,1.0
1439,3.0
1440,4.0
1441,3.0
1442,3.0
1443,Sin info
1444,4.0
1445,3.0
1446,2.0
1447,2.0
1448,1.0
1449,4.0
1450,2.0
1451,1.0
1452,1.0
1453,3.0
1454,2.0
1455,1.0
1456,5.0
1457,2.0
1458,1.0
1459,3.0
1460,2.0
1461,2.0
1462,3.0
1463,Sin info
1464,4.0
1465,3.0
1466,1.0
1467,2.0
1468,2.0
1469,4.0
1470,4.0
1471,2.0
1472,0.0
1473,4.0
1474,4.0
1475,2.0
1476,1.0
1477,2.0
1478,2.0
1479,1.0
1480,1.0
1481,2.0
1482,2.0
1483,3.0
1484,4.0
1485,6.0
1486,3.0
1487,3.0
1488,3.0
1489,2.0
1490,3.0
1491,1.0
1492,2.0
1493,1.0
1494,3.0
1495,4.0
1496,2.0
1497,Sin info
1498,1.0
1499,2.0
1500,3.0
1501,1.0
1502,2.0
1503,4.0
1504,Sin info
1505,4.0
1506,1.0
1507,3.0
1508,1.0
1509,3.0
1510,4.0
1511,2.0
1512,1.0
1513,2.0
1514,3.0
1515,1.0
1516,2.0
1517,1.0
1518,3.0
1519,2.0
1520,4.0
1521,4.0
1522,3.0
1523,3.0
1524,3.0
1525,2.0
1526,4.0
1527,Sin info
1528,2.0
1529,4.0
1530,2.0
1531,6.0
1532,2.0
1533,3.0
1534,3.0
1535,2.0
1536,1.0
1537,2.0
1538,3.0
1539,1.0
1540,2.0
1541,3.0
1542,1.0
1543,3.0
1544,1.0
1545,1.0
1546,1.0
1547,1.0
1548,1.0
1549,1.0
1550,1.0
1551,1.0
1552,1.0
1553,4.0
1554,2.0
1555,4.0
1556,2.0
1557,2.0
1558,3.0
1559,2.0
1560,2.0
1561,2.0
1562,2.0
1563,1.0
1564,3.0
1565,2.0
1566,3.0
1567,1.0
1568,1.0
1569,1.0
1570,2.0
1571,4.0
1572,2.0
1573,1.0
1574,2.0
1575,2.0
1576,4.0
1577,Sin info
1578,4.0
1579,1.0
1580,3.0
1581,3.0
1582,1.0
1583,Sin info
1584,2.0
1585,2.0
1586,4.0
1587,3.0
1588,1.0
1589,2.0
1590,1.0
1591,Sin info
1592,1.0
1593,1.0
1594,1.0
1595,2.0
1596,3.0
1597,1.0
1598,1.0
1599,1.0
1600,2.0
1601,3.0
1602,3.0
1603,2.0
1604,3.0
1605,4.0
1606,3.0
1607,3.0
1608,1.0
1609,2.0
1610,1.0
1611,3.0
1612,4.0
1613,2.0
1614,3.0
1615,2.0
1616,2.0
1617,4.0
1618,4.0
1619,4.0
1620,2.0
1621,1.0
1622,3.0
1623,2.0
1624,1.0
1625,2.0
1626,4.0
1627,2.0
1628,2.0
1629,2.0
1630,5.0
1631,1.0
1632,4.0
1633,5.0
1634,1.0
1635,5.0
1636,4.0
1637,2.0
1638,3.0
1639,3.0
1640,2.0
1641,2.0
1642,5.0
1643,2.0
1644,1.0
1645,1.0
1646,5.0
1647,2.0
1648,1.0
1649,1.0
1650,5.0
1651,3.0
1652,3.0
1653,4.0
1654,1.0
1655,4.0
1656,2.0
1657,3.0
1658,3.0
1659,2.0
1660,4.0
1661,3.0
1662,3.0
1663,1.0
1664,3.0
1665,Sin info
1666,4.0
1667,3.0
1668,1.0
1669,1.0
1670,2.0
1671,2.0
1672,1.0
1673,1.0
1674,2.0
1675,2.0
1676,4.0
1677,1.0
1678,1.0
1679,2.0
1680,1.0
1681,1.0
1682,2.0
1683,2.0
1684,1.0
1685,1.0
1686,1.0
1687,1.0
1688,4.0
1689,3.0
1690,5.0
1691,2.0
1692,4.0
1693,1.0
1694,Sin info
1695,15.0
1696,9.0
1697,Sin info
1698,3.0
1699,Sin info
1700,2.0
1701,2.0
1702,3.0
1703,1.0
1704,8.0
1705,2.0
1706,1.0
1707,4.0
1708,2.0
1709,Sin info
1710,2.0
1711,1.0
1712,2.0
1713,1.0
1714,3.0
1715,2.0
1716,2.0
1717,2.0
1718,3.0
1719,3.0
1720,2.0
1721,1.0
1722,2.0
1723,1.0
1724,3.0
1725,1.0
1726,1.0
1727,7.0
1728,3.0
1729,1.0
1730,2.0
1731,2.0
1732,2.0
1733,4.0
1734,Sin info
1735,Sin info
1736,4.0
1737,3.0
1738,2.0
1739,1.0
1740,2.0
1741,1.0
1742,3.0
1743,3.0
1744,1.0
1745,2.0
1746,Sin info
1747,Sin info
1748,3.0
1749,2.0
1750,3.0
1751,4.0
1752,Sin info
1753,Sin info
1754,10.0
1755,2.0
1756,2.0
1757,1.0
1758,1.0
1759,1.0
1760,1.0
1761,2.0
1762,1.0
1763,1.0
1764,4.0
1765,4.0
1766,3.0
1767,3.0
1768,4.0
1769,2.0
1770,1.0
1771,6.0
1772,4.0
1773,2.0
1774,1.0
1775,8.0
1776,3.0
1777,2.0
1778,3.0
1779,2.0
1780,1.0
1781,2.0
1782,1.0
1783,Sin info
1784,1.0
1785,3.0
1786,2.0
1787,4.0
1788,3.0
1789,4.0
1790,Sin info
1791,2.0
1792,1.0
1793,2.0
1794,3.0
1795,1.0
1796,Sin info
1797,1.0
1798,3.0
1799,1.0
1800,4.0
1801,5.0
1802,3.0
1803,1.0
1804,1.0
1805,2.0
1806,4.0
1807,1.0
1808,Sin info
1809,3.0
1810,1.0
1811,Sin info
1812,1.0
1813,4.0
1814,4.0
1815,1.0
1816,1.0
1817,1.0
1818,1.0
1819,2.0
1820,1.0
1821,2.0
1822,5.0
1823,3.0
1824,1.0
1825,1.0
1826,16.0
1827,1.0
1828,1.0
1829,2.0
1830,4.0
1831,4.0
1832,2.0
1833,Sin info
1834,2.0
1835,Sin info
1836,1.0
1837,3.0
1838,4.0
1839,1.0
1840,3.0
1841,Sin info
1842,4.0
1843,1.0
1844,1.0
1845,2.0
1846,2.0
1847,2.0
1848,1.0
1849,1.0
1850,1.0
1851,4.0
1852,1.0
1853,2.0
1854,3.0
1855,1.0
1856,2.0
1857,3.0
1858,3.0
1859,1.0
1860,1.0
1861,1.0
1862,4.0
1863,4.0
1864,1.0
1865,2.0
1866,2.0
1867,1.0
1868,Sin info
1869,2.0
1870,1.0
1871,1.0
1872,2.0
1873,Sin info
1874,4.0
1875,1.0
1876,4.0
1877,1.0
1878,2.0
1879,2.0
1880,1.0
1881,4.0
1882,2.0
1883,1.0
1884,3.0
1885,1.0
1886,Sin info
1887,Sin info
1888,Sin info
1889,Sin info
1890,3.0
1891,0.0
1892,1.0
1893,5.0
1894,Sin info
1895,1.0
1896,1.0
1897,22.0
1898,Sin info
1899,3.0
1900,3.0
1901,1.0
1902,2.0
1903,3.0
1904,1.0
1905,2.0
1906,Sin info
1907,Sin info
1908,2.0
1909,2.0
1910,2.0
1911,1.0
1912,3.0
1913,2.0
1914,4.0
1915,Sin info
1916,Sin info
1917,5.0
1918,1.0
1919,2.0
1920,3.0
1921,1.0
1922,Sin info
1923,1.0
1924,1.0
1925,1.0
1926,1.0
1927,2.0
1928,Sin info
1929,1.0
1930,2.0
1931,1.0
1932,2.0
1933,2.0
1934,1.0
1935,2.0
1936,1.0
1937,Sin info
1938,3.0
1939,Sin info
1940,2.0
1941,6.0
1942,6.0
1943,1.0
1944,1.0
1945,2.0
1946,1.0
1947,2.0
1948,2.0
1949,3.0
1950,4.0
1951,3.0
1952,1.0
1953,Sin info
1954,1.0
1955,3.0
1956,3.0
1957,4.0
1958,3.0
1959,2.0
1960,1.0
1961,0.0
1962,Sin info
1963,2.0
1964,1.0
1965,3.0
1966,2.0
1967,2.0
1968,2.0
1969,1.0
1970,2.0
1971,3.0
1972,2.0
1973,3.0
1974,3.0
1975,2.0
1976,2.0
1977,3.0
1978,2.0
1979,1.0
1980,3.0
1981,1.0
1982,2.0
1983,3.0
1984,1.0
1985,Sin info
1986,1.0
1987,2.0
1988,3.0
1989,1.0
1990,3.0
1991,7.0
1992,1.0
1993,1.0
1994,1.0
1995,3.0
1996,1.0
1997,5.0
1998,3.0
1999,1.0
2000,4.0
2001,1.0
2002,1.0
2003,Sin info
2004,4.0
2005,4.0
2006,Sin info
2007,Sin info
2008,3.0
2009,1.0
2010,1.0
2011,1.0
2012,3.0
2013,5.0
2014,1.0
2015,2.0
2016,1.0
2017,1.0
2018,4.0
2019,2.0
2020,4.0
2021,Sin info
2022,2.0
2023,2.0
2024,1.0
2025,3.0
2026,1.0
2027,1.0
2028,3.0
2029,4.0
2030,3.0
2031,Sin info
2032,1.0
2033,1.0
2034,5.0
2035,Sin info
2036,1.0
2037,Sin info
2038,5.0
2039,1.0
2040,1.0
2041,Sin info
2042,1.0
2043,3.0
2044,0.0
2045,1.0
2046,1.0
2047,1.0
2048,3.0
2049,4.0
2050,1.0
2051,1.0
2052,1.0
2053,2.0
2054,3.0
2055,2.0
2056,1.0
2057,1.0
2058,3.0
2059,1.0
2060,2.0
2061,Sin info
2062,1.0
2063,1.0
2064,2.0
2065,1.0
2066,1.0
2067,1.0
2068,3.0
2069,3.0
2070,3.0
2071,3.0
2072,Sin info
2073,1.0
2074,3.0
2075,1.0
2076,2.0
2077,2.0
2078,1.0
2079,1.0
2080,Sin info
2081,4.0
2082,4.0
2083,Sin info
2084,Sin info
2085,1.0
2086,3.0
2087,3.0
2088,4.0
2089,1.0
2090,1.0
2091,1.0
2092,1.0
2093,Sin info
2094,2.0
2095,2.0
2096,Sin info
2097,Sin info
2098,2.0
2099,2.0
2100,2.0
2101,3.0
2102,2.0
2103,4.0
2104,Sin info
2105,Sin info
2106,2.0
2107,2.0
2108,1.0
2109,1.0
2110,3.0
2111,Sin info
2112,Sin info
2113,2.0
2114,1.0
2115,1.0
2116,1.0
2117,1.0
2118,3.0
2119,1.0
2120,3.0
2121,Sin info
2122,4.0
2123,2.0
2124,2.0
2125,2.0
2126,2.0
2127,2.0
2128,4.0
2129,1.0
2130,4.0
2131,1.0
2132,2.0
2133,2.0
2134,1.0
2135,4.0
2136,2.0
2137,1.0
2138,2.0
2139,3.0
2140,2.0
2141,4.0
2142,1.0
2143,6.0
2144,4.0
2145,3.0
2146,2.0
2147,1.0
2148,2.0
2149,3.0
2150,3.0
2151,1.0
2152,3.0
2153,2.0
2154,2.0
2155,2.0
2156,4.0
2157,2.0
2158,1.0
2159,Sin info
2160,3.0
2161,4.0
2162,1.0
2163,3.0
2164,1.0
2165,Sin info
2166,2.0
2167,2.0
2168,1.0
2169,2.0
2170,4.0
2171,4.0
2172,1.0
2173,3.0
2174,1.0
2175,3.0
2176,1.0
2177,1.0
2178,1.0
2179,2.0
2180,3.0
2181,1.0
2182,1.0
2183,4.0
2184,Sin info
2185,4.0
2186,5.0
2187,2.0
2188,4.0
2189,1.0
2190,Sin info
2191,2.0
2192,2.0
2193,3.0
2194,Sin info
2195,2.0
2196,2.0
2197,2.0
2198,4.0
2199,3.0
2200,3.0
2201,1.0
2202,3.0
2203,2.0
2204,2.0
2205,2.0
2206,3.0
2207,Sin info
2208,2.0
2209,4.0
2210,3.0
2211,3.0
2212,3.0
2213,1.0
2214,2.0
2215,3.0
2216,1.0
2217,2.0
2218,1.0
2219,Sin info
2220,2.0
2221,4.0
2222,4.0
2223,3.0
2224,4.0
2225,1.0
2226,2.0
2227,2.0
2228,1.0
2229,1.0
2230,4.0
2231,2.0
2232,3.0
2233,1.0
2234,2.0
2235,2.0
2236,4.0
2237,Sin info
2238,3.0
2239,1.0
2240,2.0
2241,4.0
2242,3.0
2243,1.0
2244,2.0
2245,2.0
2246,1.0
2247,1.0
2248,4.0
2249,4.0
2250,3.0
2251,3.0
2252,8.0
2253,12.0
2254,5.0
2255,2.0
2256,2.0
2257,2.0
2258,2.0
2259,3.0
2260,3.0
2261,2.0
2262,1.0
2263,2.0
2264,3.0
2265,3.0
2266,2.0
2267,2.0
2268,4.0
2269,3.0
2270,1.0
2271,4.0
2272,1.0
2273,2.0
2274,2.0
2275,3.0
2276,6.0
2277,6.0
2278,1.0
2279,1.0
2280,2.0
2281,3.0
2282,4.0
2283,1.0
2284,1.0
2285,1.0
2286,2.0
2287,2.0
2288,2.0
2289,1.0
2290,2.0
2291,Sin info
2292,3.0
2293,5.0
2294,3.0
2295,4.0
2296,1.0
2297,3.0
2298,4.0
2299,8.0
2300,2.0
2301,Sin info
2302,4.0
2303,2.0
2304,Sin info
2305,6.0
2306,1.0
2307,2.0
2308,3.0
2309,1.0
2310,3.0
2311,2.0
2312,1.0
2313,3.0
2314,1.0
2315,4.0
2316,3.0
2317,2.0
2318,2.0
2319,1.0
2320,3.0
2321,2.0
2322,3.0
2323,1.0
2324,3.0
2325,Sin info
2326,2.0
2327,2.0
2328,3.0
2329,3.0
2330,Sin info
2331,Sin info
2332,2.0
2333,6.0
2334,1.0
2335,5.0
2336,1.0
2337,1.0
2338,4.0
2339,2.0
2340,1.0
2341,1.0
2342,2.0
2343,7.0
2344,6.0
2345,3.0
2346,4.0
2347,4.0
2348,0.0
2349,1.0
2350,2.0
2351,Sin info
2352,4.0
2353,Sin info
2354,2.0
2355,2.0
2356,2.0
2357,2.0
2358,1.0
2359,3.0
2360,1.0
2361,2.0
2362,4.0
2363,3.0
2364,3.0
2365,2.0
2366,1.0
2367,1.0
2368,1.0
2369,1.0
2370,2.0
2371,2.0
2372,Sin info
2373,3.0
2374,2.0
2375,1.0
2376,3.0
2377,4.0
2378,4.0
2379,1.0
2380,1.0
2381,1.0
2382,1.0
2383,3.0
2384,2.0
2385,3.0
2386,3.0
2387,1.0
2388,3.0
2389,1.0
2390,2.0
2391,1.0
2392,3.0
2393,3.0
2394,2.0
2395,2.0
2396,2.0
2397,3.0
2398,3.0
2399,3.0
2400,4.0
2401,1.0
2402,1.0
2403,1.0
2404,2.0
2405,3.0
2406,2.0
2407,1.0
2408,1.0
2409,1.0
2410,2.0
2411,Sin info
2412,Sin info
2413,1.0
2414,Sin info
2415,Sin info
2416,Sin info
2417,1.0
2418,1.0
2419,1.0
2420,1.0
2421,1.0
2422,2.0
2423,1.0
2424,0.0
2425,1.0
2426,1.0
2427,2.0
2428,1.0
2429,3.0
2430,4.0
2431,3.0
2432,2.0
2433,3.0
2434,5.0
2435,1.0
2436,1.0
2437,3.0
2438,2.0
2439,2.0
2440,2.0
2441,4.0
2442,1.0
2443,2.0
2444,3.0
2445,1.0
2446,3.0
2447,1.0
2448,3.0
2449,1.0
2450,1.0
2451,4.0
2452,2.0
2453,1.0
2454,2.0
2455,2.0
2456,3.0
2457,2.0
2458,3.0
2459,2.0
2460,1.0
2461,3.0
2462,3.0
2463,4.0
2464,1.0
2465,1.0
2466,1.0
2467,2.0
2468,2.0
2469,2.0
2470,1.0
2471,1.0
2472,3.0
2473,2.0
2474,4.0
2475,Sin info
2476,4.0
2477,1.0
2478,4.0
2479,5.0
2480,1.0
2481,1.0
2482,1.0
2483,2.0
2484,1.0
2485,1.0
2486,2.0
2487,1.0
2488,2.0
2489,2.0
2490,4.0
2491,2.0
2492,1.0
2493,1.0
2494,1.0
2495,2.0
2496,1.0
2497,2.0
2498,2.0
2499,5.0
2500,3.0
2501,9.0
2502,1.0
2503,3.0
2504,2.0
2505,2.0
2506,2.0
2507,1.0
2508,1.0
2509,2.0
2510,3.0
2511,1.0
2512,2.0
2513,5.0
2514,3.0
2515,1.0
2516,3.0
2517,1.0
2518,1.0
2519,3.0
2520,2.0
2521,2.0
2522,6.0
2523,2.0
2524,3.0
2525,1.0
2526,Sin info
2527,4.0
2528,Sin info
2529,2.0
2530,4.0
2531,1.0
2532,2.0
2533,1.0
2534,7.0
2535,1.0
2536,3.0
2537,Sin info
2538,3.0
2539,4.0
2540,2.0
2541,3.0
2542,1.0
2543,1.0
2544,3.0
2545,4.0
2546,4.0
2547,3.0
2548,3.0
2549,3.0
2550,3.0
2551,3.0
2552,2.0
2553,2.0
2554,3.0
2555,3.0
2556,2.0
2557,1.0
2558,1.0
2559,Sin info
2560,2.0
2561,4.0
2562,7.0
2563,1.0
2564,4.0
2565,2.0
2566,5.0
2567,2.0
2568,2.0
2569,4.0
2570,3.0
2571,2.0
2572,2.0
2573,2.0
2574,2.0
2575,4.0
2576,4.0
2577,Sin info
2578,1.0
2579,1.0
2580,3.0
2581,Sin info
2582,3.0
2583,4.0
2584,5.0
2585,2.0
2586,Sin info
2587,5.0
2588,2.0
2589,2.0
2590,2.0
2591,1.0
2592,1.0
2593,1.0
2594,3.0
2595,2.0
2596,2.0
2597,1.0
2598,1.0
2599,3.0
2600,1.0
2601,Sin info
2602,3.0
2603,5.0
2604,3.0
2605,1.0
2606,Sin info
2607,2.0
2608,4.0
2609,2.0
2610,1.0
2611,1.0
2612,2.0
2613,2.0
2614,2.0
2615,1.0
2616,3.0
2617,2.0
2618,3.0
2619,3.0
2620,1.0
2621,3.0
2622,1.0
2623,2.0
2624,Sin info
2625,3.0
2626,1.0
2627,3.0
2628,9.0
2629,4.0
2630,3.0
2631,Sin info
2632,1.0
2633,Sin info
2634,3.0
2635,1.0
2636,1.0
2637,2.0
2638,2.0
2639,2.0
2640,3.0
2641,2.0
2642,3.0
2643,4.0
2644,4.0
2645,4.0
2646,1.0
2647,7.0
2648,1.0
2649,1.0
2650,1.0
2651,Sin info
2652,Sin info
2653,2.0
2654,3.0
2655,1.0
2656,2.0
2657,1.0
2658,2.0
2659,2.0
2660,Sin info
2661,2.0
2662,4.0
2663,4.0
2664,1.0
2665,4.0
2666,3.0
2667,4.0
2668,2.0
2669,2.0
2670,5.0
2671,1.0
2672,1.0
2673,3.0
2674,2.0
2675,1.0
2676,2.0
2677,4.0
2678,3.0
2679,Sin info
2680,4.0
2681,4.0
2682,2.0
2683,2.0
2684,2.0
2685,1.0
2686,1.0
2687,1.0
2688,1.0
2689,2.0
2690,1.0
2691,4.0
2692,4.0
2693,Sin info
2694,Sin info
2695,Sin info
2696,1.0
2697,1.0
2698,2.0
2699,2.0
2700,1.0
2701,4.0
2702,4.0
2703,3.0
2704,1.0
2705,2.0
2706,2.0
2707,2.0
2708,2.0
2709,2.0
2710,4.0
2711,1.0
2712,6.0
2713,1.0
2714,1.0
2715,Sin info
2716,3.0
2717,1.0
2718,4.0
2719,2.0
2720,2.0
2721,2.0
2722,2.0
2723,Sin info
2724,1.0
2725,4.0
2726,Sin info
2727,1.0
2728,1.0
2729,Sin info
2730,3.0
2731,5.0
2732,2.0
2733,1.0
2734,1.0
2735,2.0
2736,2.0
2737,2.0
2738,1.0
2739,2.0
2740,2.0
2741,2.0
2742,1.0
2743,2.0
2744,1.0
2745,3.0
2746,6.0
2747,0.0
2748,1.0
2749,2.0
2750,3.0
2751,1.0
2752,3.0
2753,3.0
2754,2.0
2755,4.0
2756,1.0
2757,1.0
2758,4.0
2759,4.0
2760,1.0
2761,1.0
2762,3.0
2763,1.0
2764,4.0
2765,2.0
2766,3.0
2767,1.0
2768,Sin info
2769,3.0
2770,2.0
2771,2.0
2772,2.0
2773,2.0
2774,4.0
2775,1.0
2776,3.0
2777,2.0
2778,1.0
2779,1.0
2780,2.0
2781,Sin info
2782,1.0
2783,2.0
2784,1.0
2785,5.0
2786,5.0
2787,2.0
2788,2.0
2789,5.0
2790,1.0
2791,3.0
2792,5.0
2793,6.0
2794,2.0
2795,2.0
2796,4.0
2797,4.0
2798,1.0
2799,2.0
2800,Sin info
2801,2.0
2802,2.0
2803,1.0
2804,2.0
2805,1.0
2806,Sin info
2807,6.0
2808,1.0
2809,2.0
2810,1.0
2811,4.0
2812,3.0
2813,1.0
2814,1.0
2815,1.0
2816,3.0
2817,4.0
2818,Sin info
2819,1.0
2820,4.0
2821,Sin info
2822,2.0
2823,2.0
2824,1.0
2825,3.0
2826,2.0
2827,5.0
2828,1.0
2829,1.0
2830,1.0
2831,11.0
2832,3.0
2833,2.0
2834,2.0
2835,2.0
2836,3.0
2837,1.0
2838,2.0
2839,1.0
2840,3.0
2841,7.0
2842,1.0
2843,1.0
2844,1.0
2845,2.0
2846,4.0
2847,Sin info
2848,8.0
2849,8.0
2850,3.0
2851,4.0
2852,7.0
2853,2.0
2854,2.0
2855,2.0
2856,1.0
2857,1.0
2858,1.0
2859,1.0
2860,3.0
2861,3.0
2862,1.0
2863,2.0
2864,Sin info
2865,1.0
2866,3.0
2867,1.0
2868,3.0
2869,Sin info
2870,2.0
2871,13.0
2872,1.0
2873,2.0
2874,Sin info
2875,3.0
2876,2.0
2877,2.0
2878,4.0
2879,1.0
2880,1.0
2881,5.0
2882,Sin info
2883,2.0
2884,2.0
2885,7.0
2886,2.0
2887,Sin info
2888,2.0
2889,2.0
2890,5.0
2891,Sin info
2892,3.0
2893,2.0
2894,2.0
2895,Sin info
2896,2.0
2897,2.0
2898,0.0
2899,2.0
2900,1.0
2901,2.0
2902,2.0
2903,Sin info
2904,1.0
2905,1.0
2906,1.0
2907,2.0
2908,1.0
2909,Sin info
2910,3.0
2911,3.0
2912,2.0
2913,7.0
2914,3.0
2915,3.0
2916,2.0
2917,2.0
2918,2.0
2919,2.0
2920,2.0
2921,3.0
2922,1.0
2923,1.0
2924,3.0
2925,2.0
2926,1.0
2927,1.0
2928,1.0
2929,2.0
2930,2.0
2931,5.0
2932,3.0
2933,2.0
2934,4.0
2935,2.0
2936,3.0
2937,3.0
2938,6.0
2939,2.0
2940,3.0
2941,1.0
2942,2.0
2943,3.0
2944,Sin info
2945,6.0
2946,1.0
2947,3.0
2948,1.0
2949,1.0
2950,3.0
2951,2.0
2952,1.0
2953,2.0
2954,2.0
2955,Sin info
2956,1.0
2957,2.0
2958,5.0
2959,4.0
2960,Sin info
2961,4.0
2962,2.0
2963,2.0
2964,Sin info
2965,1.0
2966,3.0
2967,1.0
2968,1.0
2969,1.0
2970,2.0
2971,2.0
2972,5.0
2973,17.0
2974,2.0
2975,1.0
2976,Sin info
2977,2.0
2978,2.0
2979,2.0
2980,1.0
2981,2.0
2982,2.0
2983,1.0
2984,4.0
2985,5.0
2986,4.0
2987,4.0
2988,1.0
2989,1.0
2990,3.0
2991,1.0
2992,1.0
2993,1.0
2994,2.0
2995,3.0
2996,1.0
2997,1.0
2998,1.0
2999,1.0
3000,1.0
3001,2.0
3002,1.0
3003,1.0
3004,1.0
3005,2.0
3006,1.0
3007,1.0
3008,2.0
3009,3.0
3010,3.0
3011,1.0
3012,1.0
3013,1.0
3014,1.0
3015,1.0
3016,1.0
3017,1.0
3018,1.0
3019,4.0
3020,3.0
3021,2.0
3022,3.0
3023,1.0
3024,4.0
3025,2.0
3026,3.0
3027,1.0
3028,1.0
3029,Sin info
3030,2.0
3031,6.0
3032,1.0
3033,2.0
3034,1.0
3035,1.0
3036,2.0
3037,3.0
3038,Sin info
3039,2.0
3040,Sin info
3041,2.0
3042,Sin info
3043,2.0
3044,2.0
3045,3.0
3046,3.0
3047,2.0
3048,3.0
3049,1.0
3050,1.0
3051,1.0
3052,0.0
3053,1.0
3054,3.0
3055,3.0
3056,1.0
3057,2.0
3058,1.0
3059,3.0
3060,5.0
3061,1.0
3062,1.0
3063,2.0
3064,Sin info
3065,1.0
3066,3.0
3067,2.0
3068,3.0
3069,2.0
3070,2.0
3071,2.0
3072,1.0
3073,1.0
3074,1.0
3075,1.0
3076,1.0
3077,1.0
3078,1.0
3079,1.0
3080,4.0
3081,2.0
3082,2.0
3083,2.0
3084,3.0
3085,1.0
3086,2.0
3087,2.0
3088,1.0
3089,1.0
3090,2.0
3091,4.0
3092,Sin info
3093,1.0
3094,Sin info
3095,2.0
3096,3.0
3097,2.0
3098,1.0
3099,1.0
3100,1.0
3101,3.0
3102,2.0
3103,4.0
3104,1.0
3105,Sin info
3106,3.0
3107,1.0
3108,5.0
3109,3.0
3110,2.0
3111,1.0
3112,5.0
3113,2.0
3114,9.0
3115,1.0
3116,1.0
3117,1.0
3118,1.0
3119,3.0
3120,2.0
3121,2.0
3122,2.0
3123,1.0
3124,1.0
3125,4.0
3126,2.0
3127,Sin info
3128,2.0
3129,Sin info
3130,6.0
3131,1.0
3132,5.0
3133,1.0
3134,6.0
3135,3.0
3136,1.0
3137,1.0
3138,1.0
3139,1.0
3140,1.0
3141,4.0
3142,1.0
3143,5.0
3144,5.0
3145,1.0
3146,2.0
3147,Sin info
3148,3.0
3149,5.0
3150,2.0
3151,4.0
3152,4.0
3153,3.0
3154,1.0
3155,Sin info
3156,4.0
3157,Sin info
3158,2.0
3159,2.0
3160,1.0
3161,4.0
3162,3.0
3163,4.0
3164,2.0
3165,1.0
3166,2.0
3167,1.0
3168,1.0
3169,2.0
3170,Sin info
3171,1.0
3172,1.0
3173,3.0
3174,1.0
3175,3.0
3176,Sin info
3177,5.0
3178,2.0
3179,2.0
3180,4.0
3181,2.0
3182,3.0
3183,1.0
3184,3.0
3185,2.0
3186,3.0
3187,3.0
3188,4.0
3189,2.0
3190,1.0
3191,4.0
3192,2.0
3193,1.0
3194,2.0
3195,2.0
3196,5.0
3197,1.0
3198,2.0
3199,1.0
3200,3.0
3201,3.0
3202,3.0
3203,2.0
3204,1.0
3205,1.0
3206,1.0
3207,1.0
3208,6.0
3209,1.0
3210,2.0
3211,1.0
3212,1.0
3213,3.0
3214,2.0
3215,2.0
3216,2.0
3217,Sin info
3218,2.0
3219,1.0
3220,1.0
3221,1.0
3222,Sin info
3223,Sin info
3224,5.0
3225,1.0
3226,1.0
3227,2.0
3228,1.0
3229,3.0
3230,2.0
3231,5.0
3232,3.0
3233,6.0
3234,1.0
3235,3.0
3236,1.0
3237,2.0
3238,1.0
3239,1.0
3240,2.0
3241,4.0
3242,4.0
3243,3.0
3244,4.0
3245,4.0
3246,3.0
3247,1.0
3248,1.0
3249,2.0
3250,Sin info
3251,Sin info
3252,3.0
3253,Sin info
3254,3.0
3255,4.0
3256,4.0
3257,1.0
3258,2.0
3259,1.0
3260,2.0
3261,1.0
3262,1.0
3263,3.0
3264,2.0
3265,1.0
3266,2.0
3267,2.0
3268,2.0
3269,3.0
3270,6.0
3271,2.0
3272,2.0
3273,8.0
3274,1.0
3275,4.0
3276,3.0
3277,2.0
3278,4.0
3279,6.0
3280,4.0
3281,2.0
3282,2.0
3283,3.0
3284,6.0
3285,6.0
3286,2.0
3287,2.0
3288,2.0
3289,1.0
3290,1.0
3291,2.0
3292,2.0
3293,2.0
3294,2.0
3295,2.0
3296,2.0
3297,4.0
3298,4.0
3299,5.0
3300,2.0
3301,2.0
3302,2.0
3303,2.0
3304,Sin info
3305,6.0
3306,6.0
3307,6.0
3308,6.0
3309,6.0
3310,6.0
3311,1.0
3312,1.0
3313,1.0
3314,1.0
3315,2.0
3316,2.0
3317,2.0
3318,2.0
3319,1.0
3320,2.0
3321,3.0
3322,1.0
3323,7.0
3324,3.0
3325,4.0
3326,2.0
3327,3.0
3328,3.0
3329,3.0
3330,3.0
3331,5.0
3332,1.0
3333,Sin info
3334,Sin info
3335,1.0
3336,2.0
3337,Sin info
3338,2.0
3339,1.0
3340,1.0
3341,Sin info
3342,1.0
3343,1.0
3344,4.0
3345,1.0
3346,1.0
3347,1.0
3348,5.0
3349,Sin info
3350,1.0
3351,1.0
3352,1.0
3353,1.0
3354,1.0
3355,1.0
3356,3.0
3357,4.0
3358,3.0
3359,Sin info
3360,2.0
3361,3.0
3362,2.0
3363,1.0
3364,3.0
3365,Sin info
3366,1.0
3367,1.0
3368,3.0
3369,1.0
3370,1.0
3371,1.0
3372,2.0
3373,3.0
3374,1.0
3375,2.0
3376,1.0
3377,1.0
3378,3.0
3379,2.0
3380,1.0
3381,1.0
3382,2.0
3383,1.0
3384,1.0
3385,2.0
3386,3.0
3387,1.0
3388,1.0
3389,1.0
3390,1.0
3391,2.0
3392,1.0
3393,2.0
3394,2.0
3395,1.0
3396,2.0
3397,2.0
3398,1.0
3399,1.0
3400,3.0
3401,1.0
3402,2.0
3403,Sin info
3404,4.0
3405,1.0
3406,4.0
3407,Sin info
3408,2.0
3409,2.0
3410,2.0
3411,2.0
3412,2.0
3413,2.0
3414,2.0
3415,2.0
3416,2.0
3417,2.0
3418,2.0
3419,1.0
3420,1.0
3421,2.0
3422,1.0
3423,1.0
3424,1.0
3425,1.0
3426,0.0
3427,1.0
3428,Sin info
3429,Sin info
3430,2.0
3431,2.0
3432,0.0
3433,2.0
3434,4.0
3435,3.0
3436,Sin info
3437,1.0
3438,1.0
3439,1.0
3440,3.0
3441,3.0
3442,2.0
3443,4.0
3444,4.0
3445,3.0
3446,1.0
3447,4.0
3448,2.0
3449,1.0
3450,2.0
3451,2.0
3452,1.0
3453,0.0
3454,3.0
3455,2.0
3456,2.0
3457,1.0
3458,2.0
3459,Sin info
3460,2.0
3461,2.0
3462,3.0
3463,2.0
3464,1.0
3465,1.0
3466,4.0
3467,2.0
3468,Sin info
3469,5.0
3470,5.0
3471,3.0
3472,1.0
3473,6.0
3474,1.0
3475,Sin info
3476,2.0
3477,0.0
3478,1.0
3479,1.0
3480,1.0
3481,1.0
3482,3.0
3483,Sin info
3484,1.0
3485,4.0
3486,2.0
3487,Sin info
3488,2.0
3489,4.0
3490,2.0
3491,1.0
3492,1.0
3493,1.0
3494,2.0
3495,1.0
3496,Sin info
3497,4.0
3498,1.0
3499,1.0
3500,1.0
3501,1.0
3502,1.0
3503,1.0
3504,1.0
3505,Sin info
3506,Sin info
3507,1.0
3508,2.0
3509,2.0
3510,1.0
3511,5.0
3512,1.0
3513,1.0
3514,1.0
3515,1.0
3516,2.0
3517,1.0
3518,1.0
3519,1.0
3520,1.0
3521,3.0
3522,2.0
3523,6.0
3524,1.0
3525,3.0
3526,1.0
3527,1.0
3528,4.0
3529,1.0
3530,1.0
3531,2.0
3532,1.0
3533,1.0
3534,1.0
3535,1.0
3536,3.0
3537,Sin info
3538,1.0
3539,4.0
3540,4.0
3541,Sin info
3542,2.0
3543,Sin info
3544,3.0
3545,Sin info
3546,2.0
3547,Sin info
3548,4.0
3549,2.0
3550,4.0
3551,1.0
3552,2.0
3553,1.0
3554,1.0
3555,Sin info
3556,2.0
3557,2.0
3558,2.0
3559,2.0
3560,2.0
3561,2.0
3562,4.0
3563,3.0
3564,1.0
3565,5.0
3566,2.0
3567,1.0
3568,3.0
3569,5.0
3570,6.0
3571,2.0
3572,1.0
3573,Sin info
3574,1.0
3575,3.0
3576,Sin info
3577,1.0
3578,1.0
3579,1.0
3580,Sin info
3581,2.0
3582,1.0
3583,2.0
3584,3.0
3585,1.0
3586,2.0
3587,Sin info
3588,3.0
3589,2.0
3590,2.0
3591,3.0
3592,3.0
3593,4.0
3594,1.0
3595,1.0
3596,2.0
3597,2.0
3598,1.0
3599,1.0
3600,Sin info
3601,3.0
3602,3.0
3603,2.0
3604,2.0
3605,1.0
3606,2.0
3607,1.0
3608,2.0
3609,2.0
3610,4.0
3611,2.0
3612,4.0
3613,3.0
3614,1.0
3615,1.0
3616,2.0
3617,1.0
3618,3.0
3619,3.0
3620,1.0
3621,1.0
3622,3.0
3623,2.0
3624,3.0
3625,1.0
3626,2.0
3627,1.0
3628,1.0
3629,1.0
3630,1.0
3631,1.0
3632,Sin info
3633,1.0
3634,3.0
3635,2.0
3636,2.0
3637,1.0
3638,2.0
3639,3.0
3640,1.0
3641,4.0
3642,Sin info
3643,3.0
3644,1.0
3645,3.0
3646,2.0
3647,2.0
3648,2.0
3649,2.0
3650,1.0
3651,5.0
3652,2.0
3653,3.0
3654,2.0
3655,2.0
3656,1.0
3657,1.0
3658,1.0
3659,1.0
3660,4.0
3661,1.0
3662,2.0
3663,1.0
3664,1.0
3665,3.0
3666,2.0
3667,6.0
3668,3.0
3669,4.0
3670,2.0
3671,Sin info
3672,3.0
3673,2.0
3674,1.0
3675,4.0
3676,2.0
3677,2.0
3678,Sin info
3679,2.0
3680,2.0
3681,Sin info
3682,3.0
3683,1.0
3684,1.0
3685,2.0
3686,3.0
3687,1.0
3688,2.0
3689,2.0
3690,3.0
3691,1.0
3692,1.0
3693,5.0
3694,5.0
3695,1.0
3696,2.0
3697,2.0
3698,5.0
3699,1.0
3700,2.0
3701,Sin info
3702,4.0
3703,1.0
3704,2.0
3705,3.0
3706,4.0
3707,3.0
3708,0.0
3709,2.0
3710,3.0
3711,3.0
3712,4.0
3713,2.0
3714,2.0
3715,Sin info
3716,2.0
3717,1.0
3718,1.0
3719,1.0
3720,4.0
3721,3.0
3722,1.0
3723,4.0
3724,1.0
3725,Sin info
3726,1.0
3727,Sin info
3728,1.0
3729,1.0
3730,1.0
3731,5.0
3732,3.0
3733,3.0
3734,3.0
3735,3.0
3736,3.0
3737,2.0
3738,2.0
3739,3.0
3740,1.0
3741,4.0
3742,3.0
3743,Sin info
3744,4.0
3745,1.0
3746,2.0
3747,1.0
3748,3.0
3749,2.0
3750,Sin info
3751,1.0
3752,3.0
3753,1.0
3754,2.0
3755,2.0
3756,1.0
3757,1.0
3758,1.0
3759,2.0
3760,2.0
3761,1.0
3762,1.0
3763,1.0
3764,5.0
3765,2.0
3766,1.0
3767,1.0
3768,2.0
3769,4.0
3770,1.0
3771,1.0
3772,1.0
3773,Sin info
3774,2.0
3775,1.0
3776,2.0
3777,Sin info
3778,Sin info
3779,2.0
3780,2.0
3781,1.0
3782,2.0
3783,1.0
3784,3.0
3785,3.0
3786,2.0
3787,2.0
3788,4.0
3789,Sin info
3790,5.0
3791,2.0
3792,3.0
3793,8.0
3794,3.0
3795,3.0
3796,5.0
3797,6.0
3798,1.0
3799,3.0
3800,1.0
3801,2.0
3802,2.0
3803,2.0
3804,3.0
3805,Sin info
3806,Sin info
3807,4.0
3808,4.0
3809,3.0
3810,3.0
3811,1.0
3812,3.0
3813,1.0
3814,1.0
3815,1.0
3816,1.0
3817,4.0
3818,3.0
3819,3.0
3820,Sin info
3821,4.0
3822,4.0
3823,4.0
3824,1.0
3825,1.0
3826,Sin info
3827,4.0
3828,Sin info
3829,3.0
3830,4.0
3831,3.0
3832,1.0
3833,1.0
3834,3.0
3835,1.0
3836,Sin info
3837,Sin info
3838,1.0
3839,1.0
3840,2.0
3841,1.0
3842,2.0
3843,3.0
3844,3.0
3845,2.0
3846,1.0
3847,4.0
3848,4.0
3849,2.0
3850,2.0
3851,Sin info
3852,17.0
3853,5.0
3854,2.0
3855,1.0
3856,1.0
3857,Sin info
3858,3.0
3859,2.0
3860,2.0
3861,4.0
3862,2.0
3863,1.0
3864,5.0
3865,2.0
3866,1.0
3867,2.0
3868,2.0
3869,3.0
3870,1.0
3871,1.0
3872,1.0
3873,2.0
3874,2.0
3875,4.0
3876,3.0
3877,2.0
3878,1.0
3879,2.0
3880,2.0
3881,2.0
3882,2.0
3883,2.0
3884,3.0
3885,3.0
3886,3.0
3887,5.0
3888,4.0
3889,5.0
3890,1.0
3891,2.0
3892,2.0
3893,2.0
3894,2.0
3895,2.0
3896,2.0
3897,2.0
3898,2.0
3899,Sin info
3900,Sin info
3901,3.0
3902,Sin info
3903,1.0
3904,2.0
3905,2.0
3906,2.0
3907,2.0
3908,2.0
3909,1.0
3910,1.0
3911,1.0
3912,1.0
3913,1.0
3914,2.0
3915,1.0
3916,5.0
3917,3.0
3918,2.0
3919,2.0
3920,2.0
3921,2.0
3922,3.0
3923,1.0
3924,4.0
3925,Sin info
3926,2.0
3927,1.0
3928,1.0
3929,1.0
3930,1.0
3931,1.0
3932,1.0
3933,1.0
3934,2.0
3935,2.0
3936,3.0
3937,1.0
3938,2.0
3939,1.0
3940,1.0
3941,1.0
3942,1.0
3943,4.0
3944,1.0
3945,3.0
3946,2.0
3947,2.0
3948,2.0
3949,3.0
3950,2.0
3951,2.0
3952,1.0
3953,2.0
3954,5.0
3955,3.0
3956,3.0
3957,1.0
3958,2.0
3959,4.0
3960,2.0
3961,1.0
3962,4.0
3963,4.0
3964,2.0
3965,6.0
3966,2.0
3967,2.0
3968,1.0
3969,2.0
3970,3.0
3971,3.0
3972,3.0
3973,8.0
3974,1.0
3975,1.0
3976,6.0
3977,Sin info
3978,4.0
3979,6.0
3980,2.0
3981,4.0
3982,2.0
3983,2.0
3984,2.0
3985,2.0
3986,2.0
3987,2.0
3988,2.0
3989,2.0
3990,2.0
3991,3.0
3992,2.0
3993,2.0
3994,6.0
3995,2.0
3996,2.0
3997,3.0
3998,2.0
3999,1.0
4000,2.0
4001,2.0
4002,8.0
4003,1.0
4004,1.0
4005,5.0
4006,1.0
4007,1.0
4008,1.0
4009,1.0
4010,2.0
4011,1.0
4012,3.0
4013,3.0
4014,2.0
4015,2.0
4016,2.0
4017,Sin info
4018,1.0
4019,1.0
4020,Sin info
4021,3.0
4022,2.0
4023,3.0
4024,2.0
4025,1.0
4026,3.0
4027,2.0
4028,Sin info
4029,2.0
4030,1.0
4031,1.0
4032,1.0
4033,2.0
4034,1.0
4035,3.0
4036,1.0
4037,1.0
4038,1.0
4039,1.0
4040,2.0
4041,Sin info
4042,1.0
4043,1.0
4044,1.0
4045,1.0
4046,2.0
4047,1.0
4048,1.0
4049,Sin info
4050,1.0
4051,1.0
4052,4.0
4053,1.0
4054,1.0
4055,2.0
4056,Sin info
4057,1.0
4058,1.0
4059,2.0
4060,2.0
4061,3.0
4062,4.0
4063,4.0
4064,1.0
4065,3.0
4066,3.0
4067,3.0
4068,3.0
4069,1.0
4070,4.0
4071,3.0
4072,2.0
4073,3.0
4074,1.0
4075,1.0
4076,4.0
4077,4.0
4078,5.0
4079,3.0
4080,5.0
4081,1.0
4082,Sin info
4083,3.0
4084,3.0
4085,1.0
4086,1.0
4087,3.0
4088,3.0
4089,2.0
4090,3.0
4091,3.0
4092,3.0
4093,Sin info
4094,3.0
4095,2.0
4096,9.0
4097,3.0
4098,3.0
4099,3.0
4100,5.0
4101,2.0
4102,1.0
4103,Sin info
4104,1.0
4105,2.0
4106,Sin info
4107,3.0
4108,2.0
4109,3.0
4110,2.0
4111,Sin info
4112,3.0
4113,3.0
4114,5.0
4115,4.0
4116,1.0
4117,3.0
4118,1.0
4119,2.0
4120,4.0
4121,1.0
4122,1.0
4123,1.0
4124,3.0
4125,3.0
4126,2.0
4127,1.0
4128,6.0
4129,5.0
4130,1.0
4131,1.0
4132,1.0
4133,4.0
4134,2.0
4135,3.0
4136,4.0
4137,1.0
4138,1.0
4139,1.0
4140,1.0
4141,4.0
4142,2.0
4143,1.0
4144,4.0
4145,1.0
4146,3.0
4147,3.0
4148,1.0
4149,2.0
4150,2.0
4151,2.0
4152,2.0
4153,1.0
4154,1.0
4155,1.0
4156,1.0
4157,1.0
4158,2.0
4159,3.0
4160,1.0
4161,1.0
4162,1.0
4163,1.0
4164,2.0
4165,3.0
4166,6.0
4167,1.0
4168,3.0
4169,3.0
4170,3.0
4171,2.0
4172,1.0
4173,1.0
4174,2.0
4175,2.0
4176,1.0
4177,1.0
4178,2.0
4179,3.0
4180,2.0
4181,1.0
4182,4.0
4183,2.0
4184,2.0
4185,3.0
4186,1.0
4187,3.0
4188,5.0
4189,1.0
4190,1.0
4191,1.0
4192,4.0
4193,1.0
4194,1.0
4195,2.0
4196,1.0
4197,2.0
4198,2.0
4199,1.0
4200,1.0
4201,1.0
4202,0.0
4203,Sin info
4204,3.0
4205,3.0
4206,3.0
4207,1.0
4208,4.0
4209,4.0
4210,1.0
4211,2.0
4212,2.0
4213,3.0
4214,1.0
4215,1.0
4216,1.0
4217,2.0
4218,Sin info
4219,1.0
4220,4.0
4221,4.0
4222,2.0
4223,2.0
4224,1.0
4225,1.0
4226,3.0
4227,4.0
4228,2.0
4229,2.0
4230,1.0
4231,1.0
4232,2.0
4233,1.0
4234,1.0
4235,4.0
4236,Sin info
4237,1.0
4238,3.0
4239,2.0
4240,2.0
4241,1.0
4242,6.0
4243,1.0
4244,5.0
4245,1.0
4246,3.0
4247,3.0
4248,5.0
4249,1.0
4250,1.0
4251,1.0
4252,1.0
4253,1.0
4254,2.0
4255,Sin info
4256,Sin info
4257,2.0
4258,2.0
4259,1.0
4260,1.0
4261,1.0
4262,4.0
4263,4.0
4264,Sin info
4265,1.0
4266,1.0
4267,7.0
4268,2.0
4269,1.0
4270,1.0
4271,1.0
4272,2.0
4273,2.0
4274,3.0
4275,3.0
4276,5.0
4277,2.0
4278,1.0
4279,2.0
4280,1.0
4281,1.0
4282,1.0
4283,2.0
4284,1.0
4285,1.0
4286,1.0
4287,2.0
4288,3.0
4289,2.0
4290,3.0
4291,2.0
4292,1.0
4293,1.0
4294,Sin info
4295,Sin info
4296,1.0
4297,1.0
4298,1.0
4299,2.0
4300,4.0
4301,2.0
4302,2.0
4303,3.0
4304,Sin info
4305,2.0
4306,1.0
4307,1.0
4308,1.0
4309,1.0
4310,1.0
4311,1.0
4312,2.0
4313,2.0
4314,3.0
4315,3.0
4316,1.0
4317,6.0
4318,1.0
4319,3.0
4320,Sin info
4321,1.0
4322,5.0
4323,4.0
4324,1.0
4325,3.0
4326,1.0
4327,1.0
4328,2.0
4329,1.0
4330,3.0
4331,Sin info
4332,3.0
4333,3.0
4334,1.0
4335,1.0
4336,1.0
4337,Sin info
4338,4.0
4339,1.0
4340,Sin info
4341,Sin info
4342,1.0
4343,4.0
4344,1.0
4345,1.0
4346,1.0
4347,3.0
4348,4.0
4349,1.0
4350,2.0
4351,1.0
4352,0.0
4353,2.0
4354,5.0
4355,2.0
4356,5.0
4357,2.0
4358,1.0
4359,Sin info
4360,1.0
4361,1.0
4362,3.0
4363,2.0
4364,1.0
4365,2.0
4366,3.0
4367,7.0
4368,3.0
4369,2.0
4370,3.0
4371,1.0
4372,1.0
4373,Sin info
4374,1.0
4375,5.0
4376,2.0
4377,Sin info
4378,2.0
4379,Sin info
4380,2.0
4381,4.0
4382,1.0
4383,1.0
4384,3.0
4385,2.0
4386,1.0
4387,2.0
4388,1.0
4389,3.0
4390,2.0
4391,2.0
4392,1.0
4393,2.0
4394,1.0
4395,2.0
4396,1.0
4397,1.0
4398,7.0
4399,1.0
4400,Sin info
4401,1.0
4402,Sin info
4403,3.0
4404,1.0
4405,6.0
4406,2.0
4407,Sin info
4408,2.0
4409,1.0
4410,6.0
4411,2.0
4412,1.0
4413,1.0
4414,1.0
4415,1.0
4416,1.0
4417,1.0
4418,2.0
4419,2.0
4420,1.0
4421,1.0
4422,1.0
4423,2.0
4424,1.0
4425,1.0
4426,1.0
4427,2.0
4428,10.0
4429,1.0
4430,4.0
4431,2.0
4432,2.0
4433,1.0
4434,1.0
4435,1.0
4436,1.0
4437,1.0
4438,3.0
4439,2.0
4440,Sin info
4441,2.0
4442,1.0
4443,Sin info
4444,3.0
4445,3.0
4446,1.0
4447,1.0
4448,1.0
4449,2.0
4450,1.0
4451,Sin info
4452,1.0
4453,1.0
4454,2.0
4455,1.0
4456,1.0
4457,1.0
4458,2.0
4459,1.0
4460,1.0
4461,1.0
4462,1.0
4463,2.0
4464,3.0
4465,4.0
4466,1.0
4467,Sin info
4468,1.0
4469,1.0
4470,1.0
4471,Sin info
4472,3.0
4473,1.0
4474,Sin info
4475,1.0
4476,1.0
4477,3.0
4478,1.0
4479,Sin info
4480,1.0
4481,4.0
4482,1.0
4483,2.0
4484,2.0
4485,2.0
4486,3.0
4487,2.0
4488,2.0
4489,1.0
4490,2.0
4491,1.0
4492,2.0
4493,3.0
4494,3.0
4495,3.0
4496,2.0
4497,2.0
4498,2.0
4499,3.0
4500,2.0
4501,4.0
4502,5.0
4503,1.0
4504,2.0
4505,1.0
4506,4.0
4507,5.0
4508,1.0
4509,1.0
4510,3.0
4511,Sin info
4512,1.0
4513,1.0
4514,1.0
4515,1.0
4516,1.0
4517,2.0
4518,1.0
4519,1.0
4520,Sin info
4521,1.0
4522,4.0
4523,1.0
4524,1.0
4525,1.0
4526,1.0
4527,3.0
4528,1.0
4529,1.0
4530,1.0
4531,4.0
4532,1.0
4533,1.0
4534,1.0
4535,3.0
4536,3.0
4537,2.0
4538,1.0
4539,2.0
4540,1.0
4541,3.0
4542,1.0
4543,6.0
4544,4.0
4545,2.0
4546,1.0
4547,3.0
4548,1.0
4549,3.0
4550,3.0
4551,1.0
4552,1.0
4553,3.0
4554,1.0
4555,4.0
4556,1.0
4557,2.0
4558,5.0
4559,1.0
4560,2.0
4561,1.0
4562,1.0
4563,1.0
4564,1.0
4565,1.0
4566,2.0
4567,2.0
4568,1.0
4569,2.0
4570,1.0
4571,2.0
4572,3.0
4573,3.0
4574,1.0
4575,2.0
4576,3.0
4577,3.0
4578,5.0
4579,2.0
4580,2.0
4581,4.0
4582,1.0
4583,3.0
4584,1.0
4585,1.0
4586,1.0
4587,1.0
4588,1.0
4589,Sin info
4590,2.0
4591,2.0
4592,2.0
4593,1.0
4594,1.0
4595,2.0
4596,2.0
4597,2.0
4598,3.0
4599,1.0
4600,1.0
4601,4.0
4602,1.0
4603,1.0
4604,3.0
4605,2.0
4606,1.0
4607,2.0
4608,2.0
4609,3.0
4610,4.0
4611,1.0
4612,1.0
4613,3.0
4614,1.0
4615,2.0
4616,1.0
4617,1.0
4618,1.0
4619,0.0
4620,3.0
4621,1.0
4622,1.0
4623,4.0
4624,2.0
4625,3.0
4626,4.0
4627,4.0
4628,5.0
4629,5.0
4630,1.0
4631,1.0
4632,2.0
4633,2.0
4634,1.0
4635,2.0
4636,3.0
4637,1.0
4638,2.0
4639,4.0
4640,3.0
4641,1.0
4642,1.0
4643,1.0
4644,1.0
4645,2.0
4646,2.0
4647,2.0
4648,2.0
4649,Sin info
4650,3.0
4651,1.0
4652,1.0
4653,1.0
4654,1.0
4655,4.0
4656,1.0
4657,4.0
4658,1.0
4659,5.0
4660,3.0
4661,1.0
4662,Sin info
4663,2.0
4664,1.0
4665,2.0
4666,1.0
4667,1.0
4668,2.0
4669,3.0
4670,Sin info
4671,4.0
4672,Sin info
4673,1.0
4674,Sin info
4675,1.0
4676,1.0
4677,2.0
4678,3.0
4679,2.0
4680,2.0
4681,2.0
4682,4.0
4683,6.0
4684,Sin info
4685,2.0
4686,1.0
4687,Sin info
4688,Sin info
4689,1.0
4690,4.0
4691,1.0
4692,3.0
4693,3.0
4694,Sin info
4695,4.0
4696,2.0
4697,1.0
4698,1.0
4699,1.0
4700,1.0
4701,1.0
4702,3.0
4703,3.0
4704,1.0
4705,1.0
4706,1.0
4707,3.0
4708,1.0
4709,1.0
4710,3.0
4711,2.0
4712,4.0
4713,1.0
4714,3.0
4715,3.0
4716,1.0
4717,2.0
4718,6.0
4719,1.0
4720,4.0
4721,1.0
4722,11.0
4723,3.0
4724,5.0
4725,3.0
4726,4.0
4727,Sin info
4728,1.0
4729,1.0
4730,Sin info
4731,Sin info
4732,Sin info
4733,Sin info
4734,2.0
4735,1.0
4736,3.0
4737,3.0
4738,2.0
4739,1.0
4740,Sin info
4741,2.0
4742,4.0
4743,Sin info
4744,Sin info
4745,1.0
4746,Sin info
4747,2.0
4748,2.0
4749,2.0
4750,2.0
4751,2.0
4752,1.0
4753,2.0
4754,3.0
4755,3.0
4756,2.0
4757,3.0
4758,3.0
4759,1.0
4760,1.0
4761,5.0
4762,1.0
4763,1.0
4764,1.0
4765,2.0
4766,2.0
4767,2.0
4768,3.0
4769,1.0
4770,2.0
4771,1.0
4772,1.0
4773,3.0
4774,3.0
4775,2.0
4776,1.0
4777,1.0
4778,1.0
4779,4.0
4780,2.0
4781,1.0
4782,1.0
4783,Sin info
4784,Sin info
4785,6.0
4786,1.0
4787,1.0
4788,7.0
4789,2.0
4790,3.0
4791,1.0
4792,Sin info
4793,1.0
4794,1.0
4795,2.0
4796,2.0
4797,1.0
4798,4.0
4799,10.0
4800,3.0
4801,1.0
4802,3.0
4803,3.0
4804,Sin info
4805,1.0
4806,2.0
4807,1.0
4808,2.0
4809,1.0
4810,1.0
4811,2.0
4812,1.0
4813,1.0
4814,1.0
4815,Sin info
4816,10.0
4817,2.0
4818,1.0
4819,2.0
4820,Sin info
4821,4.0
4822,Sin info
4823,1.0
4824,1.0
4825,1.0
4826,3.0
4827,1.0
4828,1.0
4829,1.0
4830,2.0
4831,3.0
4832,1.0
4833,2.0
4834,1.0
4835,1.0
4836,2.0
4837,6.0
4838,2.0
4839,3.0
4840,2.0
4841,1.0
4842,1.0
4843,1.0
4844,2.0
4845,0.0
4846,1.0
4847,3.0
4848,1.0
4849,1.0
4850,1.0
4851,1.0
4852,Sin info
4853,1.0
4854,1.0
4855,3.0
4856,2.0
4857,3.0
4858,1.0
4859,1.0
4860,1.0
4861,3.0
4862,Sin info
4863,Sin info
4864,Sin info
4865,1.0
4866,1.0
4867,3.0
4868,2.0
4869,Sin info
4870,1.0
4871,3.0
4872,4.0
4873,1.0
4874,1.0
4875,3.0
4876,1.0
4877,1.0
4878,1.0
4879,1.0
4880,1.0
4881,1.0
4882,1.0
4883,2.0
4884,3.0
4885,2.0
4886,1.0
4887,1.0
4888,3.0
4889,2.0
4890,3.0
4891,Sin info
4892,1.0
4893,2.0
4894,1.0
4895,4.0
4896,2.0
4897,2.0
4898,5.0
4899,1.0
4900,2.0
4901,2.0
4902,3.0
4903,2.0
4904,4.0
4905,4.0
4906,Sin info
4907,Sin info
4908,1.0
4909,1.0
4910,2.0
4911,1.0
4912,1.0
4913,1.0
4914,Sin info
4915,5.0
4916,Sin info
4917,2.0
4918,1.0
4919,3.0
4920,Sin info
4921,1.0
4922,1.0
4923,2.0
4924,2.0
4925,1.0
4926,3.0
4927,2.0
4928,2.0
4929,2.0
4930,3.0
4931,3.0
4932,4.0
4933,4.0
4934,3.0
4935,1.0
4936,2.0
4937,4.0
4938,2.0
4939,1.0
4940,3.0
4941,Sin info
4942,2.0
4943,1.0
4944,1.0
4945,1.0
4946,1.0
4947,1.0
4948,1.0
4949,1.0
4950,2.0
4951,3.0
4952,2.0
4953,3.0
4954,Sin info
4955,3.0
4956,1.0
4957,1.0
4958,1.0
4959,3.0
4960,1.0
4961,Sin info
4962,1.0
4963,Sin info
4964,1.0
4965,Sin info
4966,2.0
4967,Sin info
4968,4.0
4969,4.0
4970,7.0
4971,2.0
4972,1.0
4973,Sin info
4974,1.0
4975,1.0
4976,2.0
4977,0.0
4978,3.0
4979,Sin info
4980,Sin info
4981,Sin info
4982,1.0
4983,Sin info
4984,Sin info
4985,2.0
4986,2.0
4987,Sin info
4988,1.0
4989,3.0
4990,2.0
4991,Sin info
4992,1.0
4993,5.0
4994,4.0
4995,2.0
4996,2.0
4997,1.0
4998,2.0
4999,3.0
5000,1.0
5001,2.0
5002,3.0
5003,Sin info
5004,1.0
5005,Sin info
5006,1.0
5007,2.0
5008,1.0
5009,4.0
5010,4.0
5011,1.0
5012,1.0
5013,1.0
5014,1.0
5015,5.0
5016,2.0
5017,4.0
5018,4.0
5019,4.0
5020,5.0
5021,1.0
5022,1.0
5023,4.0
5024,1.0
5025,2.0
5026,1.0
5027,2.0
5028,3.0
5029,1.0
5030,3.0
5031,4.0
5032,2.0
5033,1.0
5034,1.0
5035,1.0
5036,1.0
5037,1.0
5038,Sin info
5039,4.0
5040,3.0
5041,1.0
5042,Sin info
5043,Sin info
5044,1.0
5045,1.0
5046,Sin info
5047,1.0
5048,2.0
5049,5.0
5050,3.0
5051,4.0
5052,4.0
5053,1.0
5054,1.0
5055,1.0
5056,1.0
5057,4.0
5058,1.0
5059,1.0
5060,1.0
5061,1.0
5062,1.0
5063,1.0
5064,4.0
5065,1.0
5066,4.0
5067,2.0
5068,1.0
5069,Sin info
5070,1.0
5071,1.0
5072,1.0
5073,3.0
5074,1.0
5075,1.0
5076,2.0
5077,1.0
5078,2.0
5079,4.0
5080,3.0
5081,4.0
5082,2.0
5083,2.0
5084,4.0
5085,2.0
5086,Sin info
5087,3.0
5088,Sin info
5089,2.0
5090,3.0
5091,2.0
5092,2.0
5093,2.0
5094,2.0
5095,1.0
5096,1.0
5097,1.0
5098,1.0
5099,3.0
5100,2.0
5101,1.0
5102,2.0
5103,1.0
5104,1.0
5105,2.0
5106,1.0
5107,2.0
5108,3.0
5109,4.0
5110,5.0
5111,2.0
5112,3.0
5113,2.0
5114,1.0
5115,Sin info
5116,1.0
5117,4.0
5118,2.0
5119,2.0
5120,3.0
5121,Sin info
5122,1.0
5123,1.0
5124,Sin info
5125,1.0
5126,4.0
5127,Sin info
5128,Sin info
5129,4.0
5130,2.0
5131,1.0
5132,4.0
5133,3.0
5134,2.0
5135,1.0
5136,1.0
5137,1.0
5138,1.0
5139,1.0
5140,1.0
5141,2.0
5142,Sin info
5143,Sin info
5144,3.0
5145,4.0
5146,3.0
5147,2.0
5148,Sin info
5149,1.0
5150,3.0
5151,1.0
5152,1.0
5153,1.0
5154,1.0
5155,1.0
5156,1.0
5157,1.0
5158,6.0
5159,Sin info
5160,1.0
5161,1.0
5162,1.0
5163,3.0
5164,2.0
5165,4.0
5166,4.0
5167,Sin info
5168,Sin info
5169,2.0
5170,3.0
5171,2.0
5172,1.0
5173,3.0
5174,1.0
5175,1.0
5176,1.0
5177,1.0
5178,1.0
5179,1.0
5180,1.0
5181,1.0
5182,1.0
5183,1.0
5184,Sin info
5185,1.0
5186,1.0
5187,1.0
5188,1.0
5189,1.0
5190,1.0
5191,1.0
5192,2.0
5193,1.0
5194,1.0
5195,2.0
5196,4.0
5197,4.0
5198,1.0
5199,1.0
5200,1.0
5201,3.0
5202,1.0
5203,1.0
5204,1.0
5205,4.0
5206,3.0
5207,1.0
5208,1.0
5209,3.0
5210,6.0
5211,2.0
5212,2.0
5213,3.0
5214,5.0
5215,2.0
5216,3.0
5217,1.0
5218,1.0
5219,4.0
5220,3.0
5221,1.0
5222,1.0
5223,2.0
5224,Sin info
5225,1.0
5226,1.0
5227,3.0
5228,2.0
5229,2.0
5230,2.0
5231,1.0
5232,1.0
5233,4.0
5234,1.0
5235,2.0
5236,1.0
5237,1.0
5238,1.0
5239,4.0
5240,1.0
5241,1.0
5242,1.0
5243,1.0
5244,2.0
5245,3.0
5246,3.0
5247,4.0
5248,3.0
5249,2.0
5250,2.0
5251,1.0
5252,Sin info
5253,Sin info
5254,3.0
5255,0.0
5256,2.0
5257,2.0
5258,Sin info
5259,Sin info
5260,4.0
5261,1.0
5262,3.0
5263,Sin info
5264,3.0
5265,Sin info
5266,3.0
5267,1.0
5268,3.0
5269,1.0
5270,2.0
5271,2.0
5272,3.0
5273,3.0
5274,4.0
5275,1.0
5276,4.0
5277,4.0
5278,1.0
5279,1.0
5280,1.0
5281,1.0
5282,Sin info
5283,1.0
5284,1.0
5285,4.0
5286,1.0
5287,1.0
5288,1.0
5289,Sin info
5290,4.0
5291,2.0
5292,Sin info
5293,Sin info
5294,Sin info
5295,1.0
5296,1.0
5297,1.0
5298,2.0
5299,3.0
5300,1.0
5301,1.0
5302,1.0
5303,2.0
5304,1.0
5305,Sin info
5306,4.0
5307,2.0
5308,2.0
5309,1.0
5310,Sin info
5311,1.0
5312,2.0
5313,2.0
5314,Sin info
5315,1.0
5316,1.0
5317,3.0
5318,2.0
5319,3.0
5320,Sin info
5321,3.0
5322,3.0
5323,1.0
5324,4.0
5325,1.0
5326,1.0
5327,1.0
5328,1.0
5329,3.0
5330,1.0
5331,1.0
5332,1.0
5333,3.0
5334,2.0
5335,1.0
5336,3.0
5337,1.0
5338,1.0
5339,1.0
5340,1.0
5341,1.0
5342,1.0
5343,1.0
5344,Sin info
5345,1.0
5346,5.0
5347,1.0
5348,Sin info
5349,1.0
5350,1.0
5351,1.0
5352,1.0
5353,1.0
5354,1.0
5355,1.0
5356,Sin info
5357,2.0
5358,4.0
5359,2.0
5360,2.0
5361,1.0
5362,1.0
5363,1.0
5364,6.0
5365,7.0
5366,3.0
5367,1.0
5368,1.0
5369,1.0
5370,1.0
5371,5.0
5372,1.0
5373,2.0
5374,1.0
5375,1.0
5376,3.0
5377,0.0
5378,9.0
5379,1.0
5380,1.0
5381,1.0
5382,2.0
5383,5.0
5384,4.0
5385,1.0
5386,1.0
5387,1.0
5388,1.0
5389,1.0
5390,1.0
5391,3.0
5392,1.0
5393,1.0
5394,1.0
5395,1.0
5396,3.0
5397,1.0
5398,1.0
5399,1.0
5400,1.0
5401,Sin info
5402,1.0
5403,1.0
5404,1.0
5405,4.0
5406,2.0
5407,3.0
5408,Sin info
5409,3.0
5410,Sin info
5411,1.0
5412,2.0
5413,1.0
5414,1.0
5415,2.0
5416,1.0
5417,2.0
5418,2.0
5419,Sin info
5420,1.0
5421,1.0
5422,1.0
5423,Sin info
5424,1.0
5425,6.0
5426,Sin info
5427,3.0
5428,Sin info
5429,1.0
5430,1.0
5431,2.0
5432,1.0
5433,1.0
5434,3.0
5435,2.0
5436,2.0
5437,0.0
5438,2.0
5439,3.0
5440,2.0
5441,1.0
5442,1.0
5443,2.0
5444,2.0
5445,3.0
5446,3.0
5447,0.0
5448,Sin info
5449,1.0
5450,2.0
5451,2.0
5452,1.0
5453,2.0
5454,4.0
5455,2.0
5456,1.0
5457,Sin info
5458,2.0
5459,1.0
5460,Sin info
5461,3.0
5462,1.0
5463,2.0
5464,4.0
5465,3.0
5466,1.0
5467,1.0
5468,2.0
5469,2.0
5470,1.0
5471,2.0
5472,1.0
5473,1.0
5474,1.0
5475,1.0
5476,2.0
5477,3.0
5478,2.0
5479,2.0
5480,4.0
5481,2.0
5482,2.0
5483,Sin info
5484,2.0
5485,1.0
5486,2.0
5487,2.0
5488,Sin info
5489,2.0
5490,4.0
5491,2.0
5492,Sin info
5493,2.0
5494,Sin info
5495,Sin info
5496,Sin info
5497,Sin info
5498,4.0
5499,1.0
5500,2.0
5501,Sin info
5502,4.0
5503,5.0
5504,0.0
5505,1.0
5506,2.0
5507,1.0
5508,2.0
5509,Sin info
5510,Sin info
5511,1.0
5512,1.0
5513,3.0
5514,3.0
5515,1.0
5516,1.0
5517,1.0
5518,1.0
5519,1.0
5520,1.0
5521,2.0
5522,2.0
5523,1.0
5524,1.0
5525,4.0
5526,Sin info
5527,Sin info
5528,3.0
5529,3.0
5530,4.0
5531,1.0
5532,2.0
5533,1.0
5534,1.0
5535,3.0
5536,Sin info
5537,1.0
5538,1.0
5539,Sin info
5540,1.0
5541,5.0
5542,2.0
5543,Sin info
5544,1.0
5545,1.0
5546,1.0
5547,1.0
5548,Sin info
5549,6.0
5550,1.0
5551,Sin info
5552,3.0
5553,1.0
5554,1.0
5555,1.0
5556,1.0
5557,1.0
5558,1.0
5559,1.0
5560,2.0
5561,1.0
5562,1.0
5563,3.0
5564,5.0
5565,3.0
5566,1.0
5567,1.0
5568,Sin info
5569,1.0
5570,2.0
5571,0.0
5572,3.0
5573,2.0
5574,Sin info
5575,2.0
5576,2.0
5577,Sin info
5578,2.0
5579,Sin info
5580,2.0
5581,2.0
5582,2.0
5583,2.0
5584,2.0
5585,2.0
5586,2.0
5587,2.0
5588,Sin info
5589,Sin info
5590,2.0
5591,2.0
5592,2.0
5593,3.0
5594,1.0
5595,3.0
5596,2.0
5597,3.0
5598,1.0
5599,1.0
5600,1.0
5601,1.0
5602,4.0
5603,Sin info
5604,Sin info
5605,7.0
5606,1.0
5607,2.0
5608,1.0
5609,1.0
5610,1.0
5611,1.0
5612,3.0
5613,3.0
5614,1.0
5615,1.0
5616,1.0
5617,2.0
5618,1.0
5619,1.0
5620,5.0
5621,2.0
5622,1.0
5623,1.0
5624,Sin info
5625,1.0
5626,1.0
5627,1.0
5628,1.0
5629,2.0
5630,1.0
5631,Sin info
5632,4.0
5633,2.0
5634,2.0
5635,2.0
5636,2.0
5637,2.0
5638,3.0
5639,1.0
5640,5.0
5641,1.0
5642,4.0
5643,2.0
5644,2.0
5645,Sin info
5646,1.0
5647,1.0
5648,2.0
5649,2.0
5650,2.0
5651,1.0
5652,2.0
5653,1.0
5654,3.0
5655,1.0
5656,Sin info
5657,2.0
5658,1.0
5659,3.0
5660,3.0
5661,5.0
5662,1.0
5663,4.0
5664,1.0
5665,1.0
5666,1.0
5667,3.0
5668,3.0
5669,1.0
5670,3.0
5671,3.0
5672,1.0
5673,3.0
5674,Sin info
5675,3.0
5676,4.0
5677,1.0
5678,2.0
5679,1.0
5680,2.0
5681,2.0
5682,3.0
5683,2.0
5684,2.0
5685,2.0
5686,4.0
5687,1.0
5688,3.0
5689,1.0
5690,1.0
5691,4.0
5692,2.0
5693,2.0
5694,1.0
5695,2.0
5696,1.0
5697,3.0
5698,2.0
5699,2.0
5700,2.0
5701,3.0
5702,Sin info
5703,1.0
5704,3.0
5705,1.0
5706,1.0
5707,2.0
5708,1.0
5709,2.0
5710,5.0
5711,1.0
5712,1.0
5713,2.0
5714,1.0
5715,1.0
5716,Sin info
5717,1.0
5718,2.0
5719,2.0
5720,2.0
5721,3.0
5722,1.0
5723,3.0
5724,2.0
5725,1.0
5726,2.0
5727,2.0
5728,2.0
5729,Sin info
5730,1.0
5731,1.0
5732,2.0
5733,1.0
5734,1.0
5735,2.0
5736,1.0
5737,1.0
5738,2.0
5739,2.0
5740,1.0
5741,1.0
5742,2.0
5743,2.0
5744,1.0
5745,2.0
5746,2.0
5747,4.0
5748,2.0
5749,3.0
5750,0.0
5751,3.0
5752,2.0
5753,Sin info
5754,1.0
5755,1.0
5756,1.0
5757,1.0
5758,2.0
5759,4.0
5760,Sin info
5761,1.0
5762,7.0
5763,1.0
5764,Sin info
5765,Sin info
5766,3.0
5767,6.0
5768,Sin info
5769,1.0
5770,1.0
5771,1.0
5772,1.0
5773,1.0
5774,1.0
5775,4.0
5776,3.0
5777,2.0
5778,2.0
5779,1.0
5780,1.0
5781,3.0
5782,1.0
5783,1.0
5784,2.0
5785,1.0
5786,2.0
5787,2.0
5788,2.0
5789,2.0
5790,3.0
5791,6.0
5792,1.0
5793,1.0
5794,1.0
5795,3.0
5796,1.0
5797,1.0
5798,4.0
5799,2.0
5800,1.0
5801,1.0
5802,2.0
5803,1.0
5804,1.0
5805,1.0
5806,1.0
5807,2.0
5808,1.0
5809,4.0
5810,1.0
5811,1.0
5812,1.0
5813,4.0
5814,4.0
5815,2.0
5816,Sin info
5817,5.0
5818,1.0
5819,3.0
5820,2.0
5821,Sin info
5822,Sin info
5823,1.0
5824,2.0
5825,1.0
5826,4.0
5827,1.0
5828,Sin info
5829,4.0
5830,3.0
5831,2.0
5832,1.0
5833,1.0
5834,3.0
5835,2.0
5836,3.0
5837,3.0
5838,1.0
5839,Sin info
5840,1.0
5841,1.0
5842,2.0
5843,3.0
5844,2.0
5845,3.0
5846,2.0
5847,3.0
5848,3.0
5849,1.0
5850,3.0
5851,2.0
5852,1.0
5853,1.0
5854,1.0
5855,2.0
5856,7.0
5857,1.0
5858,1.0
5859,Sin info
5860,1.0
5861,1.0
5862,1.0
5863,1.0
5864,2.0
5865,1.0
5866,1.0
5867,1.0
5868,1.0
5869,1.0
5870,2.0
5871,3.0
5872,2.0
5873,1.0
5874,0.0
5875,0.0
5876,5.0
5877,4.0
5878,1.0
5879,1.0
5880,2.0
5881,3.0
5882,3.0
5883,8.0
5884,3.0
5885,1.0
5886,1.0
5887,1.0
5888,2.0
5889,1.0
5890,2.0
5891,2.0
5892,2.0
5893,4.0
5894,1.0
5895,1.0
5896,1.0
5897,2.0
5898,5.0
5899,1.0
5900,1.0
5901,3.0
5902,1.0
5903,1.0
5904,1.0
5905,1.0
5906,2.0
5907,1.0
5908,3.0
5909,2.0
5910,2.0
5911,Sin info
5912,1.0
5913,4.0
5914,4.0
5915,Sin info
5916,Sin info
5917,Sin info
5918,1.0
5919,4.0
5920,4.0
5921,2.0
5922,5.0
5923,Sin info
5924,Sin info
5925,4.0
5926,1.0
5927,2.0
5928,0.0
5929,2.0
5930,2.0
5931,4.0
5932,2.0
5933,1.0
5934,1.0
5935,1.0
5936,1.0
5937,1.0
5938,1.0
5939,1.0
5940,1.0
5941,2.0
5942,Sin info
5943,1.0
5944,3.0
5945,Sin info
5946,1.0
5947,1.0
5948,1.0
5949,4.0
5950,6.0
5951,5.0
5952,2.0
5953,2.0
5954,4.0
5955,3.0
5956,Sin info
5957,Sin info
5958,4.0
5959,Sin info
5960,2.0
5961,2.0
5962,1.0
5963,1.0
5964,1.0
5965,1.0
5966,1.0
5967,2.0
5968,1.0
5969,1.0
5970,2.0
5971,2.0
5972,2.0
5973,7.0
5974,4.0
5975,1.0
5976,1.0
5977,1.0
5978,4.0
5979,3.0
5980,2.0
5981,1.0
5982,1.0
5983,1.0
5984,2.0
5985,3.0
5986,1.0
5987,1.0
5988,2.0
5989,2.0
5990,1.0
5991,3.0
5992,1.0
5993,1.0
5994,0.0
5995,3.0
5996,1.0
5997,2.0
5998,1.0
5999,3.0
6000,2.0
6001,Sin info
6002,4.0
6003,3.0
6004,3.0
6005,2.0
6006,2.0
6007,Sin info
6008,1.0
6009,1.0
6010,3.0
6011,1.0
6012,1.0
6013,1.0
6014,3.0
6015,2.0
6016,1.0
6017,2.0
6018,1.0
6019,2.0
6020,2.0
6021,1.0
6022,4.0
6023,3.0
6024,2.0
6025,2.0
6026,2.0
6027,2.0
6028,2.0
6029,2.0
6030,1.0
6031,Sin info
6032,3.0
6033,1.0
6034,2.0
6035,4.0
6036,4.0
6037,1.0
6038,2.0
6039,1.0
6040,3.0
6041,1.0
6042,2.0
6043,2.0
6044,1.0
6045,1.0
6046,1.0
6047,12.0
6048,2.0
6049,1.0
6050,3.0
6051,3.0
6052,1.0
6053,2.0
6054,3.0
6055,1.0
6056,4.0
6057,2.0
6058,2.0
6059,2.0
6060,2.0
6061,Sin info
6062,2.0
6063,1.0
6064,4.0
6065,2.0
6066,2.0
6067,4.0
6068,1.0
6069,1.0
6070,2.0
6071,4.0
6072,1.0
6073,4.0
6074,3.0
6075,2.0
6076,3.0
6077,Sin info
6078,2.0
6079,1.0
6080,1.0
6081,3.0
6082,3.0
6083,1.0
6084,3.0
6085,Sin info
6086,2.0
6087,2.0
6088,2.0
6089,2.0
6090,Sin info
6091,5.0
6092,1.0
6093,2.0
6094,2.0
6095,Sin info
6096,Sin info
6097,3.0
6098,2.0
6099,1.0
6100,1.0
6101,1.0
6102,Sin info
6103,1.0
6104,1.0
6105,3.0
6106,3.0
6107,1.0
6108,3.0
6109,Sin info
6110,Sin info
6111,2.0
6112,Sin info
6113,Sin info
6114,Sin info
6115,Sin info
6116,Sin info
6117,Sin info
6118,Sin info
6119,2.0
6120,2.0
6121,1.0
6122,3.0
6123,2.0
6124,3.0
6125,2.0
6126,2.0
6127,1.0
6128,2.0
6129,1.0
6130,1.0
6131,1.0
6132,1.0
6133,1.0
6134,2.0
6135,2.0
6136,Sin info
6137,Sin info
6138,1.0
6139,3.0
6140,2.0
6141,2.0
6142,1.0
6143,5.0
6144,1.0
6145,5.0
6146,2.0
6147,1.0
6148,1.0
6149,1.0
6150,3.0
6151,2.0
6152,2.0
6153,3.0
6154,1.0
6155,1.0
6156,2.0
6157,1.0
6158,2.0
6159,3.0
6160,1.0
6161,1.0
6162,0.0
6163,1.0
6164,2.0
6165,1.0
6166,1.0
6167,3.0
6168,3.0
6169,3.0
6170,1.0
6171,3.0
6172,1.0
6173,1.0
6174,3.0
6175,2.0
6176,4.0
6177,4.0
6178,1.0
6179,2.0
6180,2.0
6181,1.0
6182,2.0
6183,3.0
6184,1.0
6185,2.0
6186,1.0
6187,1.0
6188,3.0
6189,1.0
6190,3.0
6191,1.0
6192,2.0
6193,2.0
6194,1.0
6195,1.0
6196,1.0
6197,0.0
6198,2.0
6199,1.0
6200,2.0
6201,1.0
6202,1.0
6203,2.0
6204,2.0
6205,3.0
6206,1.0
6207,6.0
6208,4.0
6209,4.0
6210,1.0
6211,2.0
6212,2.0
6213,1.0
6214,4.0
6215,1.0
6216,2.0
6217,1.0
6218,1.0
6219,3.0
6220,2.0
6221,Sin info
6222,1.0
6223,2.0
6224,2.0
6225,Sin info
6226,4.0
6227,1.0
6228,2.0
6229,1.0
6230,1.0
6231,5.0
6232,2.0
6233,2.0
6234,1.0
6235,1.0
6236,3.0
6237,1.0
6238,1.0
6239,1.0
6240,2.0
6241,2.0
6242,2.0
6243,Sin info
6244,3.0
6245,2.0
6246,4.0
6247,3.0
6248,3.0
6249,4.0
6250,5.0
6251,4.0
6252,2.0
6253,1.0
6254,1.0
6255,1.0
6256,0.0
6257,1.0
6258,6.0
6259,1.0
6260,1.0
6261,1.0
6262,4.0
6263,1.0
6264,1.0
6265,1.0
6266,2.0
6267,5.0
6268,1.0
6269,2.0
6270,1.0
6271,1.0
6272,1.0
6273,1.0
6274,0.0
6275,2.0
6276,1.0
6277,1.0
6278,0.0
6279,2.0
6280,1.0
6281,1.0
6282,2.0
6283,2.0
6284,1.0
6285,2.0
6286,2.0
6287,4.0
6288,2.0
6289,1.0
6290,1.0
6291,1.0
6292,2.0
6293,4.0
6294,2.0
6295,1.0
6296,2.0
6297,2.0
6298,3.0
6299,1.0
6300,2.0
6301,2.0
6302,3.0
6303,1.0
6304,1.0
6305,3.0
6306,1.0
6307,4.0
6308,2.0
6309,Sin info
6310,2.0
6311,Sin info
6312,2.0
6313,0.0
6314,1.0
6315,3.0
6316,0.0
6317,1.0
6318,3.0
6319,1.0
6320,2.0
6321,3.0
6322,3.0
6323,1.0
6324,1.0
6325,5.0
6326,1.0
6327,0.0
6328,2.0
6329,2.0
6330,0.0
6331,3.0
6332,3.0
6333,3.0
6334,0.0
6335,4.0
6336,1.0
6337,1.0
6338,4.0
6339,1.0
6340,3.0
6341,1.0
6342,2.0
6343,1.0
6344,0.0
6345,1.0
6346,1.0
6347,1.0
6348,1.0
6349,1.0
6350,Sin info
6351,2.0
6352,1.0
6353,1.0
6354,Sin info
6355,0.0
6356,1.0
6357,4.0
6358,2.0
6359,2.0
6360,2.0
6361,1.0
6362,2.0
6363,Sin info
6364,Sin info
6365,1.0
6366,3.0
6367,1.0
6368,3.0
6369,4.0
6370,2.0
6371,3.0
6372,0.0
6373,2.0
6374,3.0
6375,3.0
6376,3.0
6377,2.0
6378,Sin info
6379,3.0
6380,3.0
6381,0.0
6382,3.0
6383,3.0
6384,1.0
6385,2.0
6386,1.0
6387,2.0
6388,4.0
6389,5.0
6390,2.0
6391,1.0
6392,5.0
6393,1.0
6394,1.0
6395,1.0
6396,1.0
6397,1.0
6398,1.0
6399,1.0
6400,1.0
6401,1.0
6402,1.0
6403,1.0
6404,1.0
6405,1.0
6406,1.0
6407,1.0
6408,1.0
6409,1.0
6410,1.0
6411,1.0
6412,1.0
6413,1.0
6414,1.0
6415,1.0
6416,1.0
6417,1.0
6418,0.0
6419,1.0
6420,1.0
6421,1.0
6422,1.0
6423,3.0
6424,1.0
6425,1.0
6426,0.0
6427,2.0
6428,0.0
6429,1.0
6430,0.0
6431,1.0
6432,Sin info
6433,1.0
6434,2.0
6435,1.0
6436,1.0
6437,1.0
6438,2.0
6439,4.0
6440,3.0
6441,1.0
6442,2.0
6443,1.0
6444,2.0
6445,2.0
6446,2.0
6447,2.0
6448,0.0
6449,Sin info
6450,1.0
6451,1.0
6452,0.0
6453,3.0
6454,1.0
6455,0.0
6456,1.0
6457,3.0
6458,1.0
6459,1.0
6460,0.0
6461,0.0
6462,1.0
6463,2.0
6464,1.0
6465,2.0
6466,2.0
6467,3.0
6468,1.0
6469,Sin info
6470,0.0
6471,1.0
6472,2.0
6473,2.0
6474,1.0
6475,2.0
6476,2.0
6477,2.0
6478,2.0
6479,2.0
6480,2.0
6481,1.0
6482,1.0
6483,0.0
6484,1.0
6485,1.0
6486,2.0
6487,2.0
6488,2.0
6489,3.0
6490,4.0
6491,1.0
6492,1.0
6493,1.0
6494,1.0
6495,0.0
6496,1.0
6497,1.0
6498,1.0
6499,1.0
6500,1.0
6501,Sin info
6502,4.0
6503,0.0
6504,1.0
6505,1.0
6506,1.0
6507,Sin info
6508,2.0
6509,3.0
6510,1.0
6511,2.0
6512,1.0
6513,1.0
6514,1.0
6515,2.0
6516,1.0
6517,4.0
6518,1.0
6519,6.0
6520,0.0
6521,2.0
6522,1.0
6523,1.0
6524,2.0
6525,2.0
6526,1.0
6527,3.0
6528,3.0
6529,1.0
6530,1.0
6531,Sin info
6532,20.0
6533,20.0
6534,20.0
6535,20.0
6536,3.0
6537,2.0
6538,2.0
6539,2.0
6540,5.0
6541,1.0
6542,2.0
6543,1.0
6544,1.0
6545,2.0
6546,2.0
6547,3.0
6548,3.0
6549,7.0
6550,2.0
6551,4.0
6552,1.0
6553,Sin info
6554,3.0
6555,1.0
6556,1.0
6557,2.0
6558,0.0
6559,2.0
6560,2.0
6561,2.0
6562,2.0
6563,3.0
6564,3.0
6565,1.0
6566,Sin info
6567,1.0
6568,4.0
6569,1.0
6570,4.0
6571,1.0
6572,7.0
6573,4.0
6574,2.0
6575,1.0
6576,1.0
6577,1.0
6578,2.0
6579,2.0
6580,7.0
6581,0.0
6582,1.0
6583,1.0
6584,4.0
6585,4.0
6586,6.0
6587,6.0
6588,1.0
6589,1.0
6590,0.0
6591,2.0
6592,4.0
6593,Sin info
6594,4.0
6595,2.0
6596,Sin info
6597,1.0
6598,3.0
6599,1.0
6600,4.0
6601,1.0
6602,3.0
6603,2.0
6604,3.0
6605,Sin info
6606,3.0
6607,1.0
6608,6.0
6609,3.0
6610,2.0
6611,3.0
6612,2.0
6613,1.0
6614,1.0
6615,0.0
6616,2.0
6617,5.0
6618,4.0
6619,2.0
6620,2.0
6621,2.0
6622,2.0
6623,1.0
6624,5.0
6625,1.0
6626,6.0
6627,6.0
6628,2.0
6629,1.0
6630,1.0
6631,1.0
6632,Sin info
6633,1.0
6634,3.0
6635,2.0
6636,3.0
6637,Sin info
6638,2.0
6639,2.0
6640,2.0
6641,Sin info
6642,Sin info
6643,Sin info
6644,5.0
6645,2.0
6646,2.0
6647,1.0
6648,2.0
6649,5.0
6650,2.0
6651,Sin info
6652,2.0
6653,1.0
6654,3.0
6655,5.0
6656,5.0
6657,1.0
6658,1.0
6659,1.0
6660,1.0
6661,1.0
6662,Sin info
6663,4.0
6664,Sin info
6665,1.0
6666,4.0
6667,1.0
6668,1.0
6669,2.0
6670,4.0
6671,3.0
6672,Sin info
6673,2.0
6674,2.0
6675,1.0
6676,3.0
6677,1.0
6678,2.0
6679,2.0
6680,2.0
6681,0.0
6682,1.0
6683,0.0
6684,1.0
6685,1.0
6686,1.0
6687,Sin info
6688,1.0
6689,4.0
6690,1.0
6691,Sin info
6692,5.0
6693,0.0
6694,0.0
6695,1.0
6696,1.0
6697,1.0
6698,2.0
6699,2.0
6700,2.0
6701,0.0
6702,1.0
6703,2.0
6704,4.0
6705,2.0
6706,3.0
6707,3.0
6708,1.0
6709,2.0
6710,Sin info
6711,Sin info
6712,2.0
6713,3.0
6714,2.0
6715,2.0
6716,1.0
6717,2.0
6718,1.0
6719,2.0
6720,2.0
6721,1.0
6722,3.0
6723,1.0
6724,2.0
6725,1.0
6726,3.0
6727,2.0
6728,1.0
6729,1.0
6730,0.0
6731,3.0
6732,3.0
6733,2.0
6734,Sin info
6735,1.0
6736,2.0
6737,3.0
6738,2.0
6739,1.0
6740,Sin info
6741,Sin info
6742,1.0
6743,5.0
6744,Sin info
6745,0.0
6746,3.0
6747,2.0
6748,2.0
6749,2.0
6750,2.0
6751,2.0
6752,2.0
6753,2.0
6754,2.0
6755,2.0
6756,2.0
6757,2.0
6758,2.0
6759,2.0
6760,2.0
6761,2.0
6762,2.0
6763,2.0
6764,2.0
6765,2.0
6766,2.0
6767,2.0
6768,2.0
6769,2.0
6770,2.0
6771,2.0
6772,2.0
6773,2.0
6774,2.0
6775,1.0
6776,0.0
6777,Sin info
6778,2.0
6779,6.0
6780,2.0
6781,Sin info
6782,1.0
6783,3.0
6784,2.0
6785,2.0
6786,2.0
6787,2.0
6788,2.0
6789,2.0
6790,2.0
6791,2.0
6792,2.0
6793,2.0
6794,2.0
6795,2.0
6796,2.0
6797,2.0
6798,2.0
6799,2.0
6800,2.0
6801,2.0
6802,2.0
6803,2.0
6804,2.0
6805,2.0
6806,2.0
6807,2.0
6808,2.0
6809,2.0
6810,2.0
6811,2.0
6812,2.0
6813,3.0
6814,1.0
6815,1.0
6816,1.0
6817,1.0
6818,2.0
6819,2.0
6820,2.0
6821,2.0
6822,2.0
6823,2.0
6824,2.0
6825,2.0
6826,2.0
6827,2.0
6828,2.0
6829,2.0
6830,2.0
6831,2.0
6832,2.0
6833,2.0
6834,2.0
6835,2.0
6836,2.0
6837,2.0
6838,2.0
6839,2.0
6840,2.0
6841,2.0
6842,2.0
6843,2.0
6844,2.0
6845,2.0
6846,Sin info
6847,2.0
6848,1.0
6849,2.0
6850,2.0
6851,1.0
6852,2.0
6853,5.0
6854,Sin info
6855,2.0
6856,1.0
6857,1.0
6858,0.0
6859,4.0
6860,1.0
6861,1.0
6862,1.0
6863,0.0
6864,3.0
6865,2.0
6866,0.0
6867,2.0
6868,2.0
6869,2.0
6870,2.0
6871,2.0
6872,2.0
6873,2.0
6874,2.0
6875,2.0
6876,2.0
6877,2.0
6878,2.0
6879,2.0
6880,2.0
6881,2.0
6882,2.0
6883,2.0
6884,2.0
6885,Sin info
6886,2.0
6887,0.0
6888,2.0
6889,2.0
6890,2.0
6891,2.0
6892,2.0
6893,Sin info
6894,Sin info
6895,2.0
6896,Sin info
6897,2.0
6898,2.0
6899,2.0
6900,2.0
6901,2.0
6902,2.0
6903,2.0
6904,2.0
6905,2.0
6906,1.0
6907,2.0
6908,1.0
6909,2.0
6910,2.0
6911,2.0
6912,3.0
6913,1.0
6914,2.0
6915,5.0
6916,3.0
6917,1.0
6918,2.0
6919,2.0
6920,2.0
6921,2.0
6922,2.0
6923,2.0
6924,2.0
6925,2.0
6926,2.0
6927,2.0
6928,2.0
6929,2.0
6930,2.0
6931,2.0
6932,2.0
6933,2.0
6934,2.0
6935,2.0
6936,2.0
6937,2.0
6938,2.0
6939,2.0
6940,Sin info
6941,2.0
6942,2.0
6943,2.0
6944,2.0
6945,2.0
6946,2.0
6947,2.0
6948,2.0
6949,2.0
6950,2.0
6951,2.0
6952,2.0
6953,2.0
6954,2.0
6955,2.0
6956,2.0
6957,2.0
6958,2.0
6959,2.0
6960,2.0
6961,2.0
6962,2.0
6963,2.0
6964,2.0
6965,2.0
6966,2.0
6967,2.0
6968,2.0
6969,2.0
6970,2.0
6971,2.0
6972,2.0
6973,2.0
6974,2.0
6975,2.0
6976,2.0
6977,2.0
6978,2.0
6979,2.0
6980,2.0
6981,2.0
6982,2.0
6983,2.0
6984,2.0
6985,2.0
6986,2.0
6987,2.0
6988,2.0
6989,2.0
6990,2.0
6991,2.0
6992,2.0
6993,2.0
6994,Sin info
6995,2.0
6996,2.0
6997,2.0
6998,Sin info
6999,2.0
7000,2.0
7001,2.0
7002,2.0
7003,2.0
7004,2.0
7005,2.0
7006,2.0
7007,2.0
7008,2.0
7009,2.0
7010,2.0
7011,2.0
7012,2.0
7013,2.0
7014,2.0
7015,2.0
7016,2.0
7017,2.0
7018,2.0
7019,2.0
7020,2.0
7021,2.0
7022,2.0
7023,2.0
7024,2.0
7025,2.0
7026,2.0
7027,2.0
7028,2.0
7029,3.0
7030,5.0
7031,0.0
7032,Sin info
7033,1.0
7034,1.0
7035,0.0
7036,3.0
7037,2.0
7038,2.0
7039,1.0
7040,1.0
7041,1.0
7042,1.0
7043,2.0
7044,1.0
7045,0.0
7046,1.0
7047,Sin info
7048,2.0
7049,2.0
7050,2.0
7051,5.0
7052,0.0
7053,0.0
7054,0.0
7055,3.0
7056,1.0
7057,Sin info
7058,2.0
7059,1.0
7060,2.0
7061,1.0
7062,2.0
7063,0.0
7064,Sin info
7065,2.0
7066,1.0
7067,4.0
7068,2.0
7069,2.0
7070,3.0
7071,3.0
7072,3.0
7073,3.0
7074,2.0
7075,0.0
7076,0.0
7077,Sin info
7078,2.0
7079,2.0
7080,Sin info
7081,Sin info
7082,3.0
7083,1.0
7084,1.0
7085,2.0
7086,3.0
7087,1.0
7088,2.0
7089,3.0
7090,2.0
7091,3.0
7092,2.0
7093,3.0
7094,1.0
7095,Sin info
7096,0.0
7097,4.0
7098,1.0
7099,2.0
7100,4.0
7101,2.0
7102,2.0
7103,1.0
7104,1.0
7105,1.0
7106,3.0
7107,1.0
7108,1.0
7109,3.0
7110,3.0
7111,2.0
7112,2.0
7113,1.0
7114,Sin info
7115,1.0
7116,1.0
7117,1.0
7118,0.0
7119,1.0
7120,1.0
7121,Sin info
7122,1.0
7123,3.0
7124,2.0
7125,1.0
7126,3.0
7127,2.0
7128,1.0
7129,2.0
7130,1.0
7131,Sin info
7132,1.0
7133,1.0
7134,1.0
7135,1.0
7136,2.0
7137,1.0
7138,1.0
7139,1.0
7140,2.0
7141,1.0
7142,1.0
7143,3.0
7144,1.0
7145,1.0
7146,1.0
7147,4.0
7148,1.0
7149,1.0
7150,3.0
7151,1.0
7152,1.0
7153,0.0
7154,1.0
7155,1.0
7156,Sin info
7157,3.0
7158,1.0
7159,1.0
7160,2.0
7161,Sin info
7162,4.0
7163,1.0
7164,2.0
7165,4.0
7166,2.0
7167,2.0
7168,Sin info
7169,4.0
7170,5.0
7171,3.0
7172,1.0
7173,3.0
7174,4.0
7175,1.0
7176,3.0
7177,1.0
7178,2.0
7179,1.0
7180,Sin info
7181,1.0
7182,1.0
7183,1.0
7184,1.0
7185,1.0
7186,1.0
7187,7.0
7188,1.0
7189,1.0
7190,1.0
7191,0.0
7192,3.0
7193,Sin info
7194,2.0
7195,Sin info
7196,Sin info
7197,2.0
7198,1.0
7199,0.0
7200,Sin info
7201,3.0
7202,2.0
7203,1.0
7204,1.0
7205,1.0
7206,1.0
7207,2.0
7208,1.0
7209,2.0
7210,Sin info
7211,1.0
7212,2.0
7213,2.0
7214,2.0
7215,2.0
7216,1.0
7217,3.0
7218,2.0
7219,2.0
7220,2.0
7221,3.0
7222,2.0
7223,0.0
7224,4.0
7225,5.0
7226,0.0
7227,1.0
7228,1.0
7229,3.0
7230,3.0
7231,3.0
7232,1.0
7233,1.0
7234,4.0
7235,Sin info
7236,0.0
7237,0.0
7238,5.0
7239,3.0
7240,2.0
7241,1.0
7242,6.0
7243,4.0
7244,3.0
7245,4.0
7246,Sin info
7247,2.0
7248,Sin info
7249,3.0
7250,2.0
7251,3.0
7252,Sin info
7253,Sin info
7254,1.0
7255,Sin info
7256,Sin info
7257,2.0
7258,1.0
7259,1.0
7260,1.0
7261,2.0
7262,3.0
7263,1.0
7264,4.0
7265,2.0
7266,4.0
7267,2.0
7268,2.0
7269,2.0
7270,4.0
7271,1.0
7272,1.0
7273,2.0
7274,Sin info
7275,3.0
7276,2.0
7277,1.0
7278,0.0
7279,1.0
7280,4.0
7281,Sin info
7282,2.0
7283,2.0
7284,1.0
7285,3.0
7286,Sin info
7287,4.0
7288,6.0
7289,4.0
7290,1.0
7291,3.0
7292,0.0
7293,0.0
7294,1.0
7295,1.0
7296,2.0
7297,1.0
7298,2.0
7299,1.0
7300,1.0
7301,1.0
7302,4.0
7303,3.0
7304,2.0
7305,2.0
7306,1.0
7307,0.0
7308,1.0
7309,3.0
7310,4.0
7311,Sin info
7312,0.0
7313,1.0
7314,Sin info
7315,1.0
7316,0.0
7317,1.0
7318,1.0
7319,1.0
7320,1.0
7321,2.0
7322,2.0
7323,1.0
7324,2.0
7325,0.0
7326,4.0
7327,1.0
7328,1.0
7329,3.0
7330,1.0
7331,1.0
7332,1.0
7333,2.0
7334,2.0
7335,1.0
7336,Sin info
7337,2.0
7338,1.0
7339,5.0
7340,1.0
7341,1.0
7342,1.0
7343,2.0
7344,5.0
7345,1.0
7346,3.0
7347,2.0
7348,1.0
7349,1.0
7350,1.0
7351,0.0
7352,2.0
7353,7.0
7354,1.0
7355,7.0
7356,1.0
7357,1.0
7358,1.0
7359,5.0
7360,2.0
7361,2.0
7362,2.0
7363,1.0
7364,2.0
7365,4.0
7366,3.0
7367,2.0
7368,0.0
7369,1.0
7370,1.0
7371,1.0
7372,1.0
7373,3.0
7374,4.0
7375,1.0
7376,2.0
7377,3.0
7378,1.0
7379,1.0
7380,1.0
7381,Sin info
7382,2.0
7383,0.0
7384,0.0
7385,1.0
7386,2.0
7387,2.0
7388,2.0
7389,1.0
7390,2.0
7391,2.0
7392,1.0
7393,6.0
7394,3.0
7395,2.0
7396,1.0
7397,3.0
7398,2.0
7399,1.0
7400,1.0
7401,2.0
7402,1.0
7403,4.0
7404,2.0
7405,0.0
7406,2.0
7407,1.0
7408,2.0
7409,1.0
7410,4.0
7411,2.0
7412,1.0
7413,1.0
7414,1.0
7415,1.0
7416,1.0
7417,2.0
7418,1.0
7419,1.0
7420,4.0
7421,3.0
7422,2.0
7423,Sin info
7424,Sin info
7425,2.0
7426,1.0
7427,5.0
7428,1.0
7429,0.0
7430,2.0
7431,1.0
7432,3.0
7433,1.0
7434,3.0
7435,0.0
7436,Sin info
7437,3.0
7438,2.0
7439,2.0
7440,2.0
7441,Sin info
7442,3.0
7443,3.0
7444,2.0
7445,2.0
7446,Sin info
7447,3.0
7448,4.0
7449,Sin info
7450,Sin info
7451,4.0
7452,2.0
7453,4.0
7454,4.0
7455,Sin info
7456,Sin info
7457,Sin info
7458,4.0
7459,1.0
7460,0.0
7461,5.0
7462,2.0
7463,1.0
7464,Sin info
7465,1.0
7466,1.0
7467,1.0
7468,1.0
7469,1.0
7470,2.0
7471,1.0
7472,2.0
7473,1.0
7474,Sin info
7475,3.0
7476,1.0
7477,Sin info
7478,Sin info
7479,3.0
7480,0.0
7481,1.0
7482,2.0
7483,1.0
7484,2.0
7485,2.0
7486,2.0
7487,2.0
7488,Sin info
7489,2.0
7490,2.0
7491,Sin info
7492,0.0
7493,3.0
7494,Sin info
7495,1.0
7496,0.0
7497,1.0
7498,0.0
7499,0.0
7500,Sin info
7501,1.0
7502,2.0
7503,1.0
7504,2.0
7505,2.0
7506,1.0
7507,2.0
7508,3.0
7509,1.0
7510,2.0
7511,2.0
7512,2.0
7513,2.0
7514,3.0
7515,0.0
7516,1.0
7517,0.0
7518,0.0
7519,3.0
7520,1.0
7521,5.0
7522,1.0
7523,0.0
7524,1.0
7525,6.0
7526,5.0
7527,1.0
7528,1.0
7529,0.0
7530,1.0
7531,1.0
7532,1.0
7533,1.0
7534,0.0
7535,2.0
7536,1.0
7537,0.0
7538,1.0
7539,2.0
7540,0.0
7541,3.0
7542,1.0
7543,2.0
7544,2.0
7545,1.0
7546,Sin info
7547,4.0
7548,4.0
7549,4.0
7550,4.0
7551,2.0
7552,4.0
7553,4.0
7554,4.0
7555,4.0
7556,2.0
7557,4.0
7558,4.0
7559,4.0
7560,4.0
7561,2.0
7562,4.0
7563,4.0
7564,4.0
7565,4.0
7566,2.0
7567,4.0
7568,4.0
7569,4.0
7570,Sin info
7571,2.0
7572,4.0
7573,0.0
7574,Sin info
7575,Sin info
7576,Sin info
7577,2.0
7578,Sin info
7579,Sin info
7580,Sin info
7581,4.0
7582,2.0
7583,Sin info
7584,3.0
7585,2.0
7586,3.0
7587,0.0
7588,4.0
7589,1.0
7590,1.0
7591,0.0
7592,3.0
7593,0.0
7594,3.0
7595,2.0
7596,2.0
7597,Sin info
7598,3.0
7599,1.0
7600,4.0
7601,0.0
7602,1.0
7603,1.0
7604,1.0
7605,1.0
7606,1.0
7607,4.0
7608,3.0
7609,3.0
7610,0.0
7611,2.0
7612,2.0
7613,Sin info
7614,1.0
7615,Sin info
7616,4.0
7617,0.0
7618,2.0
7619,4.0
7620,0.0
7621,2.0
7622,2.0
7623,1.0
7624,3.0
7625,3.0
7626,1.0
7627,4.0
7628,2.0
7629,1.0
7630,Sin info
7631,2.0
7632,2.0
7633,2.0
7634,1.0
7635,2.0
7636,1.0
7637,1.0
7638,1.0
7639,Sin info
7640,2.0
7641,1.0
7642,2.0
7643,0.0
7644,0.0
7645,Sin info
7646,0.0
7647,Sin info
7648,1.0
7649,1.0
7650,4.0
7651,1.0
7652,1.0
7653,3.0
7654,0.0
7655,3.0
7656,4.0
7657,3.0
7658,3.0
7659,0.0
7660,4.0
7661,2.0
7662,Sin info
7663,3.0
7664,0.0
7665,3.0
7666,2.0
7667,5.0
7668,2.0
7669,0.0
7670,1.0
7671,1.0
7672,3.0
7673,4.0
7674,1.0
7675,1.0
7676,3.0
7677,1.0
7678,0.0
7679,0.0
7680,2.0
7681,0.0
7682,5.0
7683,Sin info
7684,4.0
7685,1.0
7686,3.0
7687,Sin info
7688,3.0
7689,1.0
7690,1.0
7691,2.0
7692,0.0
7693,2.0
7694,1.0
7695,1.0
7696,1.0
7697,1.0
7698,0.0
7699,1.0
7700,1.0
7701,1.0
7702,6.0
7703,1.0
7704,0.0
7705,3.0
7706,3.0
7707,5.0
7708,1.0
7709,2.0
7710,2.0
7711,2.0
7712,3.0
7713,4.0
7714,3.0
7715,Sin info
7716,2.0
7717,2.0
7718,1.0
7719,1.0
7720,1.0
7721,Sin info
7722,Sin info
7723,3.0
7724,1.0
7725,Sin info
7726,2.0
7727,0.0
7728,4.0
7729,6.0
7730,3.0
7731,1.0
7732,1.0
7733,1.0
7734,1.0
7735,1.0
7736,0.0
7737,2.0
7738,Sin info
7739,3.0
7740,1.0
7741,1.0
7742,1.0
7743,4.0
7744,3.0
7745,0.0
7746,1.0
7747,1.0
7748,1.0
7749,0.0
7750,1.0
7751,0.0
7752,1.0
7753,3.0
7754,2.0
7755,0.0
7756,0.0
7757,1.0
7758,0.0
7759,0.0
7760,0.0
7761,0.0
7762,2.0
7763,Sin info
7764,2.0
7765,3.0
7766,2.0
7767,2.0
7768,1.0
7769,0.0
7770,0.0
7771,1.0
7772,1.0
7773,2.0
7774,1.0
7775,2.0
7776,1.0
7777,2.0
7778,1.0
7779,3.0
7780,4.0
7781,2.0
7782,2.0
7783,1.0
7784,Sin info
7785,2.0
7786,1.0
7787,Sin info
7788,1.0
7789,Sin info
7790,Sin info
7791,2.0
7792,2.0
7793,1.0
7794,0.0
7795,1.0
7796,0.0
7797,0.0
7798,1.0
7799,1.0
7800,2.0
7801,2.0
7802,15.0
7803,2.0
7804,3.0
7805,1.0
7806,1.0
7807,2.0
7808,1.0
7809,1.0
7810,3.0
7811,2.0
7812,1.0
7813,2.0
7814,2.0
7815,2.0
7816,1.0
7817,1.0
7818,5.0
7819,3.0
7820,Sin info
7821,5.0
7822,3.0
7823,5.0
7824,5.0
7825,5.0
7826,5.0
7827,1.0
7828,3.0
7829,1.0
7830,3.0
7831,2.0
7832,4.0
7833,2.0
7834,0.0
7835,Sin info
7836,2.0
7837,Sin info
7838,0.0
7839,3.0
7840,1.0
7841,2.0
7842,3.0
7843,0.0
7844,2.0
7845,1.0
7846,2.0
7847,3.0
7848,0.0
7849,3.0
7850,3.0
7851,3.0
7852,3.0
7853,1.0
7854,Sin info
7855,3.0
7856,1.0
7857,1.0
7858,1.0
7859,3.0
7860,4.0
7861,3.0
7862,5.0
7863,3.0
7864,2.0
7865,3.0
7866,4.0
7867,3.0
7868,1.0
7869,1.0
7870,3.0
7871,1.0
7872,1.0
7873,Sin info
7874,1.0
7875,1.0
7876,2.0
7877,3.0
7878,2.0
7879,3.0
7880,2.0
7881,2.0
7882,2.0
7883,1.0
7884,3.0
7885,7.0
7886,1.0
7887,2.0
7888,2.0
7889,2.0
7890,1.0
7891,2.0
7892,0.0
7893,2.0
7894,0.0
7895,1.0
7896,0.0
7897,2.0
7898,2.0
7899,0.0
7900,2.0
7901,2.0
7902,2.0
7903,Sin info
7904,2.0
7905,2.0
7906,1.0
7907,2.0
7908,1.0
7909,2.0
7910,2.0
7911,0.0
7912,1.0
7913,0.0
7914,0.0
7915,1.0
7916,2.0
7917,1.0
7918,0.0
7919,1.0
7920,2.0
7921,1.0
7922,1.0
7923,0.0
7924,4.0
7925,2.0
7926,1.0
7927,0.0
7928,1.0
7929,0.0
7930,0.0
7931,1.0
7932,2.0
7933,3.0
7934,1.0
7935,3.0
7936,3.0
7937,1.0
7938,2.0
7939,4.0
7940,3.0
7941,3.0
7942,0.0
7943,1.0
7944,3.0
7945,0.0
7946,2.0
7947,1.0
7948,1.0
7949,1.0
7950,1.0
7951,2.0
7952,3.0
7953,2.0
7954,3.0
7955,1.0
7956,2.0
7957,2.0
7958,2.0
7959,1.0
7960,2.0
7961,2.0
7962,3.0
7963,2.0
7964,0.0
7965,1.0
7966,1.0
7967,1.0
7968,3.0
7969,1.0
7970,0.0
7971,1.0
7972,5.0
7973,2.0
7974,0.0
7975,1.0
7976,0.0
7977,4.0
7978,0.0
7979,1.0
7980,2.0
7981,Sin info
7982,Sin info
7983,0.0
7984,1.0
7985,3.0
7986,3.0
7987,1.0
7988,1.0
7989,1.0
7990,1.0
7991,1.0
7992,1.0
7993,1.0
7994,1.0
7995,1.0
7996,1.0
7997,1.0
7998,8.0
7999,1.0
8000,4.0
8001,2.0
8002,3.0
8003,2.0
8004,2.0
8005,2.0
8006,1.0
8007,1.0
8008,3.0
8009,2.0
8010,1.0
8011,0.0
8012,1.0
8013,1.0
8014,2.0
8015,2.0
8016,3.0
8017,3.0
8018,3.0
8019,Sin info
8020,3.0
8021,0.0
8022,2.0
8023,2.0
8024,1.0
8025,1.0
8026,2.0
8027,2.0
8028,3.0
8029,Sin info
8030,2.0
8031,Sin info
8032,1.0
8033,1.0
8034,2.0
8035,2.0
8036,0.0
8037,1.0
8038,1.0
8039,0.0
8040,1.0
8041,1.0
8042,0.0
8043,1.0
8044,0.0
8045,1.0
8046,1.0
8047,1.0
8048,1.0
8049,1.0
8050,1.0
8051,6.0
8052,1.0
8053,Sin info
8054,4.0
8055,1.0
8056,3.0
8057,1.0
8058,2.0
8059,1.0
8060,1.0
8061,1.0
8062,8.0
8063,1.0
8064,0.0
8065,2.0
8066,1.0
8067,0.0
8068,0.0
8069,Sin info
8070,1.0
8071,0.0
8072,0.0
8073,1.0
8074,0.0
8075,2.0
8076,1.0
8077,0.0
8078,3.0
8079,3.0
8080,0.0
8081,Sin info
8082,3.0
8083,3.0
8084,2.0
8085,4.0
8086,1.0
8087,3.0
8088,5.0
8089,4.0
8090,4.0
8091,0.0
8092,1.0
8093,6.0
8094,5.0
8095,3.0
8096,2.0
8097,0.0
8098,Sin info
8099,2.0
8100,Sin info
8101,5.0
8102,2.0
8103,Sin info
8104,2.0
8105,2.0
8106,3.0
8107,5.0
8108,2.0
8109,Sin info
8110,Sin info
8111,3.0
8112,1.0
8113,1.0
8114,2.0
8115,0.0
8116,Sin info
8117,1.0
8118,1.0
8119,1.0
8120,1.0
8121,1.0
8122,3.0
8123,0.0
8124,1.0
8125,1.0
8126,0.0
8127,1.0
8128,1.0
8129,1.0
8130,1.0
8131,2.0
8132,1.0
8133,4.0
8134,3.0
8135,2.0
8136,0.0
8137,Sin info
8138,1.0
8139,Sin info
8140,0.0
8141,0.0
8142,Sin info
8143,Sin info
8144,1.0
8145,Sin info
8146,3.0
8147,1.0
8148,1.0
8149,2.0
8150,1.0
8151,1.0
8152,1.0
8153,2.0
8154,1.0
8155,Sin info
8156,1.0
8157,1.0
8158,0.0
8159,2.0
8160,2.0
8161,0.0
8162,2.0
8163,Sin info
8164,1.0
8165,4.0
8166,Sin info
8167,2.0
8168,1.0
8169,3.0
8170,2.0
8171,1.0
8172,Sin info
8173,0.0
8174,3.0
8175,3.0
8176,5.0
8177,0.0
8178,Sin info
8179,0.0
8180,3.0
8181,3.0
8182,1.0
8183,2.0
8184,2.0
8185,1.0
8186,Sin info
8187,0.0
8188,2.0
8189,2.0
8190,1.0
8191,3.0
8192,1.0
8193,1.0
8194,1.0
8195,0.0
8196,0.0
8197,Sin info
8198,1.0
8199,0.0
8200,3.0
8201,Sin info
8202,Sin info
8203,Sin info
8204,3.0
8205,1.0
8206,0.0
8207,3.0
8208,1.0
8209,Sin info
8210,1.0
8211,0.0
8212,1.0
8213,4.0
8214,0.0
8215,1.0
8216,2.0
8217,1.0
8218,1.0
8219,0.0
8220,1.0
8221,2.0
8222,2.0
8223,2.0
8224,4.0
8225,4.0
8226,0.0
8227,3.0
8228,1.0
8229,1.0
8230,0.0
8231,1.0
8232,1.0
8233,5.0
8234,2.0
8235,3.0
8236,2.0
8237,Sin info
8238,3.0
8239,2.0
8240,Sin info
8241,3.0
8242,Sin info
8243,1.0
8244,0.0
8245,Sin info
8246,0.0
8247,4.0
8248,1.0
8249,7.0
8250,0.0
8251,1.0
8252,0.0
8253,6.0
8254,1.0
8255,5.0
8256,1.0
8257,1.0
8258,1.0
8259,5.0
8260,Sin info
8261,2.0
8262,0.0
8263,3.0
8264,Sin info
8265,Sin info
8266,2.0
8267,2.0
8268,Sin info
8269,2.0
8270,1.0
8271,1.0
8272,1.0
8273,1.0
8274,1.0
8275,3.0
8276,2.0
8277,0.0
8278,1.0
8279,2.0
8280,1.0
8281,1.0
8282,3.0
8283,3.0
8284,Sin info
8285,Sin info
8286,2.0
8287,Sin info
8288,4.0
8289,2.0
8290,1.0
8291,2.0
8292,Sin info
8293,1.0
8294,1.0
8295,1.0
8296,1.0
8297,4.0
8298,1.0
8299,6.0
8300,5.0
8301,2.0
8302,5.0
8303,Sin info
8304,5.0
8305,0.0
8306,1.0
8307,3.0
8308,Sin info
8309,1.0
8310,4.0
8311,1.0
8312,2.0
8313,1.0
8314,1.0
8315,1.0
8316,2.0
8317,2.0
8318,2.0
8319,2.0
8320,4.0
8321,1.0
8322,1.0
8323,3.0
8324,1.0
8325,1.0
8326,1.0
8327,2.0
8328,1.0
8329,2.0
8330,1.0
8331,3.0
8332,2.0
8333,1.0
8334,1.0
8335,Sin info
8336,2.0
8337,Sin info
8338,4.0
8339,2.0
8340,2.0
8341,2.0
8342,5.0
8343,3.0
8344,2.0
8345,2.0
8346,2.0
8347,2.0
8348,2.0
8349,2.0
8350,3.0
8351,5.0
8352,2.0
8353,5.0
8354,2.0
8355,1.0
8356,1.0
8357,2.0
8358,1.0
8359,2.0
8360,Sin info
8361,2.0
8362,2.0
8363,2.0
8364,2.0
8365,2.0
8366,1.0
8367,4.0
8368,1.0
8369,1.0
8370,3.0
8371,1.0
8372,3.0
8373,9.0
8374,1.0
8375,2.0
8376,1.0
8377,2.0
8378,1.0
8379,1.0
8380,3.0
8381,1.0
8382,3.0
8383,3.0
8384,Sin info
8385,3.0
8386,2.0
8387,3.0
8388,1.0
8389,3.0
8390,3.0
8391,3.0
8392,2.0
8393,1.0
8394,20.0
8395,1.0
8396,14.0
8397,1.0
8398,16.0
8399,3.0
8400,20.0
8401,10.0
8402,10.0
8403,10.0
8404,10.0
8405,12.0
8406,Sin info
8407,Sin info
8408,1.0
8409,1.0
8410,3.0
8411,2.0
8412,1.0
8413,Sin info
8414,2.0
8415,Sin info
8416,1.0
8417,Sin info
8418,2.0
8419,Sin info
8420,Sin info
8421,2.0
8422,1.0
8423,1.0
8424,1.0
8425,2.0
8426,2.0
8427,1.0
8428,Sin info
8429,Sin info
8430,1.0
8431,Sin info
8432,Sin info
8433,1.0
8434,1.0
8435,Sin info
8436,3.0
8437,3.0
8438,1.0
8439,Sin info
8440,Sin info
8441,1.0
8442,1.0
8443,2.0
8444,2.0
8445,1.0
8446,1.0
8447,4.0
8448,1.0
8449,Sin info
8450,4.0
8451,1.0
8452,Sin info
8453,1.0
8454,3.0
8455,2.0
8456,4.0
8457,1.0
8458,1.0
8459,2.0
8460,1.0
8461,1.0
8462,1.0
8463,5.0
8464,2.0
8465,1.0
8466,4.0
8467,Sin info
8468,3.0
8469,1.0
8470,1.0
8471,3.0
8472,Sin info
8473,2.0
8474,2.0
8475,2.0
8476,3.0
8477,14.0
8478,4.0
8479,1.0
8480,1.0
8481,1.0
8482,1.0
8483,1.0
8484,1.0
8485,1.0
8486,1.0
8487,3.0
8488,1.0
8489,3.0
8490,3.0
8491,2.0
8492,2.0
8493,1.0
8494,2.0
8495,2.0
8496,2.0
8497,Sin info
8498,1.0
8499,2.0
8500,2.0
8501,3.0
8502,2.0
8503,1.0
8504,1.0
8505,1.0
8506,1.0
8507,1.0
8508,1.0
8509,1.0
8510,5.0
8511,1.0
8512,1.0
8513,1.0
8514,2.0
8515,2.0
8516,2.0
8517,2.0
8518,3.0
8519,1.0
8520,2.0
8521,1.0
8522,1.0
8523,1.0
8524,3.0
8525,3.0
8526,3.0
8527,1.0
8528,1.0
8529,4.0
8530,Sin info
8531,2.0
8532,1.0
8533,2.0
8534,1.0
8535,1.0
8536,1.0
8537,4.0
8538,2.0
8539,3.0
8540,2.0
8541,1.0
8542,5.0
8543,2.0
8544,3.0
8545,2.0
8546,2.0
8547,2.0
8548,2.0
8549,2.0
8550,2.0
8551,4.0
8552,2.0
8553,1.0
8554,3.0
8555,3.0
8556,2.0
8557,2.0
8558,3.0
8559,1.0
8560,1.0
8561,4.0
8562,1.0
8563,4.0
8564,1.0
8565,1.0
8566,3.0
8567,2.0
8568,3.0
8569,1.0
8570,1.0
8571,1.0
8572,1.0
8573,Sin info
8574,Sin info
8575,4.0
8576,3.0
8577,1.0
8578,1.0
8579,1.0
8580,7.0
8581,4.0
8582,3.0
8583,2.0
8584,1.0
8585,1.0
8586,1.0
8587,1.0
8588,3.0
8589,4.0
8590,1.0
8591,4.0
8592,5.0
8593,Sin info
8594,3.0
8595,1.0
8596,2.0
8597,2.0
8598,2.0
8599,2.0
8600,1.0
8601,1.0
8602,3.0
8603,1.0
8604,3.0
8605,3.0
8606,Sin info
8607,2.0
8608,1.0
8609,1.0
8610,1.0
8611,3.0
8612,2.0
8613,3.0
8614,3.0
8615,2.0
8616,2.0
8617,1.0
8618,3.0
8619,2.0
8620,1.0
8621,1.0
8622,1.0
8623,5.0
8624,2.0
8625,4.0
8626,1.0
8627,Sin info
8628,1.0
8629,2.0
8630,1.0
8631,1.0
8632,1.0
8633,Sin info
8634,1.0
8635,1.0
8636,Sin info
8637,1.0
8638,2.0
8639,2.0
8640,Sin info
8641,2.0
8642,Sin info
8643,Sin info
8644,1.0
8645,1.0
8646,Sin info
8647,2.0
8648,1.0
8649,4.0
8650,1.0
8651,1.0
8652,3.0
8653,2.0
8654,2.0
8655,1.0
8656,1.0
8657,4.0
8658,5.0
8659,2.0
8660,1.0
8661,2.0
8662,1.0
8663,2.0
8664,1.0
8665,2.0
8666,1.0
8667,1.0
8668,1.0
8669,1.0
8670,3.0
8671,1.0
8672,1.0
8673,4.0
8674,2.0
8675,2.0
8676,1.0
8677,1.0
8678,4.0
8679,2.0
8680,1.0
8681,1.0
8682,3.0
8683,2.0
8684,2.0
8685,2.0
8686,1.0
8687,3.0
8688,Sin info
8689,Sin info
8690,1.0
8691,2.0
8692,1.0
8693,Sin info
8694,4.0
8695,2.0
8696,1.0
8697,5.0
8698,2.0
8699,2.0
8700,1.0
8701,4.0
8702,1.0
8703,1.0
8704,1.0
8705,1.0
8706,2.0
8707,5.0
8708,2.0
8709,2.0
8710,2.0
8711,2.0
8712,1.0
8713,1.0
8714,1.0
8715,4.0
8716,1.0
8717,3.0
8718,3.0
8719,1.0
8720,3.0
8721,1.0
8722,1.0
8723,1.0
8724,1.0
8725,3.0
8726,1.0
8727,1.0
8728,1.0
8729,Sin info
8730,Sin info
8731,2.0
8732,1.0
8733,2.0
8734,1.0
8735,2.0
8736,1.0
8737,Sin info
8738,2.0
8739,1.0
8740,3.0
8741,Sin info
8742,20.0
8743,20.0
8744,1.0
8745,1.0
8746,Sin info
8747,Sin info
8748,1.0
8749,1.0
8750,1.0
8751,1.0
8752,1.0
8753,1.0
8754,Sin info
8755,Sin info
8756,Sin info
8757,2.0
8758,Sin info
8759,1.0
8760,Sin info
8761,2.0
8762,Sin info
8763,1.0
8764,1.0
8765,1.0
8766,3.0
8767,2.0
8768,1.0
8769,2.0
8770,4.0
8771,4.0
8772,1.0
8773,1.0
8774,1.0
8775,1.0
8776,1.0
8777,Sin info
8778,1.0
8779,2.0
8780,1.0
8781,2.0
8782,1.0
8783,2.0
8784,5.0
8785,1.0
8786,Sin info
8787,2.0
8788,1.0
8789,2.0
8790,1.0
8791,1.0
8792,1.0
8793,1.0
8794,2.0
8795,1.0
8796,1.0
8797,1.0
8798,1.0
8799,2.0
8800,3.0
8801,4.0
8802,1.0
8803,1.0
8804,1.0
8805,1.0
8806,4.0
8807,2.0
8808,1.0
8809,2.0
8810,4.0
8811,Sin info
8812,Sin info
8813,1.0
8814,2.0
8815,2.0
8816,2.0
8817,2.0
8818,1.0
8819,2.0
8820,Sin info
8821,Sin info
8822,1.0
8823,1.0
8824,1.0
8825,2.0
8826,3.0
8827,3.0
8828,3.0
8829,1.0
8830,1.0
8831,1.0
8832,1.0
8833,1.0
8834,Sin info
8835,1.0
8836,2.0
8837,1.0
8838,2.0
8839,1.0
8840,4.0
8841,4.0
8842,1.0
8843,1.0
8844,Sin info
8845,2.0
8846,2.0
8847,1.0
8848,2.0
8849,1.0
8850,1.0
8851,1.0
8852,1.0
8853,1.0
8854,1.0
8855,1.0
8856,2.0
8857,1.0
8858,3.0
8859,Sin info
8860,1.0
8861,3.0
8862,1.0
8863,3.0
8864,3.0
8865,2.0
8866,2.0
8867,1.0
8868,2.0
8869,4.0
8870,1.0
8871,4.0
8872,1.0
8873,1.0
8874,1.0
8875,5.0
8876,3.0
8877,7.0
8878,Sin info
8879,1.0
8880,Sin info
8881,Sin info
8882,Sin info
8883,Sin info
8884,2.0
8885,4.0
8886,2.0
8887,1.0
8888,1.0
8889,1.0
8890,1.0
8891,1.0
8892,1.0
8893,1.0
8894,1.0
8895,1.0
8896,3.0
8897,3.0
8898,2.0
8899,2.0
8900,2.0
8901,4.0
8902,2.0
8903,2.0
8904,1.0
8905,2.0
8906,3.0
8907,2.0
8908,1.0
8909,3.0
8910,2.0
8911,2.0
8912,2.0
8913,2.0
8914,1.0
8915,1.0
8916,1.0
8917,Sin info
8918,3.0
8919,4.0
8920,1.0
8921,1.0
8922,1.0
8923,1.0
8924,1.0
8925,2.0
8926,2.0
8927,1.0
8928,1.0
8929,Sin info
8930,1.0
8931,1.0
8932,4.0
8933,2.0
8934,1.0
8935,1.0
8936,6.0
8937,3.0
8938,1.0
8939,1.0
8940,3.0
8941,1.0
8942,1.0
8943,1.0
8944,1.0
8945,1.0
8946,1.0
8947,1.0
8948,1.0
8949,3.0
8950,1.0
8951,2.0
8952,3.0
8953,1.0
8954,2.0
8955,2.0
8956,5.0
8957,5.0
8958,2.0
8959,2.0
8960,3.0
8961,1.0
8962,2.0
8963,3.0
8964,1.0
8965,1.0
8966,1.0
8967,1.0
8968,2.0
8969,1.0
8970,4.0
8971,5.0
8972,2.0
8973,2.0
8974,1.0
8975,2.0
8976,2.0
8977,1.0
8978,4.0
8979,1.0
8980,3.0
8981,1.0
8982,3.0
8983,Sin info
8984,2.0
8985,1.0
8986,2.0
8987,1.0
8988,1.0
8989,2.0
8990,1.0
8991,1.0
8992,1.0
8993,2.0
8994,4.0
8995,1.0
8996,1.0
8997,1.0
8998,1.0
8999,3.0
9000,4.0
9001,1.0
9002,1.0
9003,3.0
9004,4.0
9005,1.0
9006,1.0
9007,4.0
9008,1.0
9009,1.0
9010,1.0
9011,2.0
9012,1.0
9013,1.0
9014,2.0
9015,2.0
9016,2.0
9017,1.0
9018,1.0
9019,1.0
9020,1.0
9021,2.0
9022,Sin info
9023,1.0
9024,2.0
9025,1.0
9026,3.0
9027,Sin info
9028,1.0
9029,1.0
9030,3.0
9031,4.0
9032,3.0
9033,4.0
9034,3.0
9035,4.0
9036,4.0
9037,3.0
9038,1.0
9039,1.0
9040,3.0
9041,6.0
9042,1.0
9043,3.0
9044,1.0
9045,3.0
9046,4.0
9047,4.0
9048,1.0
9049,3.0
9050,5.0
9051,4.0
9052,4.0
9053,2.0
9054,3.0
9055,1.0
9056,3.0
9057,1.0
9058,2.0
9059,2.0
9060,1.0
9061,3.0
9062,1.0
9063,2.0
9064,2.0
9065,Sin info
9066,2.0
9067,Sin info
9068,3.0
9069,1.0
9070,Sin info
9071,Sin info
9072,3.0
9073,Sin info
9074,Sin info
9075,Sin info
9076,Sin info
9077,Sin info
9078,Sin info
9079,Sin info
9080,Sin info
9081,Sin info
9082,1.0
9083,1.0
9084,2.0
9085,1.0
9086,Sin info
9087,4.0
9088,Sin info
9089,4.0
9090,2.0
9091,2.0
9092,1.0
9093,1.0
9094,4.0
9095,2.0
9096,1.0
9097,2.0
9098,3.0
9099,3.0
9100,3.0
9101,1.0
9102,1.0
9103,2.0
9104,5.0
9105,2.0
9106,18.0
9107,Sin info
9108,1.0
9109,2.0
9110,2.0
9111,2.0
9112,1.0
9113,3.0
9114,1.0
9115,1.0
9116,1.0
9117,2.0
9118,2.0
9119,2.0
9120,1.0
9121,1.0
9122,1.0
9123,2.0
9124,1.0
9125,2.0
9126,1.0
9127,1.0
9128,1.0
9129,1.0
9130,3.0
9131,1.0
9132,4.0
9133,1.0
9134,Sin info
9135,1.0
9136,2.0
9137,1.0
9138,2.0
9139,4.0
9140,1.0
9141,2.0
9142,1.0
9143,1.0
9144,1.0
9145,1.0
9146,2.0
9147,1.0
9148,2.0
9149,1.0
9150,1.0
9151,1.0
9152,2.0
9153,2.0
9154,1.0
9155,4.0
9156,1.0
9157,2.0
9158,1.0
9159,1.0
9160,1.0
9161,1.0
9162,1.0
9163,3.0
9164,1.0
9165,2.0
9166,1.0
9167,1.0
9168,2.0
9169,2.0
9170,2.0
9171,4.0
9172,1.0
9173,1.0
9174,2.0
9175,2.0
9176,1.0
9177,1.0
9178,1.0
9179,4.0
9180,Sin info
9181,1.0
9182,4.0
9183,1.0
9184,3.0
9185,1.0
9186,3.0
9187,1.0
9188,3.0
9189,1.0
9190,2.0
9191,2.0
9192,2.0
9193,2.0
9194,4.0
9195,3.0
9196,4.0
9197,1.0
9198,1.0
9199,1.0
9200,1.0
9201,2.0
9202,1.0
9203,1.0
9204,1.0
9205,2.0
9206,2.0
9207,2.0
9208,2.0
9209,1.0
9210,1.0
9211,1.0
9212,2.0
9213,2.0
9214,2.0
9215,1.0
9216,1.0
9217,1.0
9218,1.0
9219,1.0
9220,1.0
9221,3.0
9222,2.0
9223,2.0
9224,2.0
9225,2.0
9226,1.0
9227,2.0
9228,2.0
9229,2.0
9230,1.0
9231,2.0
9232,2.0
9233,4.0
9234,6.0
9235,1.0
9236,1.0
9237,2.0
9238,1.0
9239,3.0
9240,0.0
9241,2.0
9242,5.0
9243,2.0
9244,1.0
9245,1.0
9246,2.0
9247,1.0
9248,3.0
9249,1.0
9250,1.0
9251,5.0
9252,2.0
9253,2.0
9254,2.0
9255,6.0
9256,1.0
9257,2.0
9258,1.0
9259,3.0
9260,2.0
9261,1.0
9262,3.0
9263,3.0
9264,1.0
9265,1.0
9266,2.0
9267,1.0
9268,6.0
9269,2.0
9270,3.0
9271,2.0
9272,2.0
9273,4.0
9274,1.0
9275,1.0
9276,1.0
9277,5.0
9278,1.0
9279,2.0
9280,2.0
9281,1.0
9282,2.0
9283,2.0
9284,1.0
9285,1.0
9286,1.0
9287,1.0
9288,2.0
9289,1.0
9290,1.0
9291,1.0
9292,1.0
9293,1.0
9294,1.0
9295,1.0
9296,1.0
9297,1.0
9298,1.0
9299,3.0
9300,1.0
9301,1.0
9302,5.0
9303,2.0
9304,2.0
9305,1.0
9306,3.0
9307,1.0
9308,1.0
9309,2.0
9310,1.0
9311,1.0
9312,1.0
9313,1.0
9314,3.0
9315,1.0
9316,1.0
9317,1.0
9318,3.0
9319,3.0
9320,3.0
9321,3.0
9322,3.0
9323,1.0
9324,1.0
9325,2.0
9326,1.0
9327,1.0
9328,1.0
9329,2.0
9330,2.0
9331,1.0
9332,2.0
9333,1.0
9334,1.0
9335,1.0
9336,1.0
9337,6.0
9338,1.0
9339,2.0
9340,2.0
9341,1.0
9342,3.0
9343,1.0
9344,4.0
9345,3.0
9346,1.0
9347,1.0
9348,1.0
9349,3.0
9350,3.0
9351,2.0
9352,3.0
9353,3.0
9354,1.0
9355,1.0
9356,1.0
9357,2.0
9358,4.0
9359,4.0
9360,1.0
9361,1.0
9362,1.0
9363,2.0
9364,1.0
9365,1.0
9366,1.0
9367,1.0
9368,4.0
9369,1.0
9370,1.0
9371,1.0
9372,2.0
9373,1.0
9374,1.0
9375,1.0
9376,2.0
9377,1.0
9378,2.0
9379,1.0
9380,1.0
9381,2.0
9382,1.0
9383,1.0
9384,2.0
9385,2.0
9386,2.0
9387,2.0
9388,2.0
9389,1.0
9390,1.0
9391,2.0
9392,1.0
9393,1.0
9394,1.0
9395,4.0
9396,1.0
9397,2.0
9398,1.0
9399,1.0
9400,1.0
9401,3.0
9402,1.0
9403,1.0
9404,1.0
9405,2.0
9406,1.0
9407,2.0
9408,2.0
9409,1.0
9410,2.0
9411,3.0
9412,1.0
9413,1.0
9414,4.0
9415,1.0
9416,1.0
9417,1.0
9418,1.0
9419,1.0
9420,3.0
9421,1.0
9422,1.0
9423,1.0
9424,1.0
9425,1.0
9426,5.0
9427,2.0
9428,1.0
9429,4.0
9430,3.0
9431,1.0
9432,1.0
9433,1.0
9434,2.0
9435,1.0
9436,1.0
9437,1.0
9438,5.0
9439,2.0
9440,3.0
9441,1.0
9442,1.0
9443,1.0
9444,3.0
9445,1.0
9446,2.0
