,host_is_superhost
0,f
1,f
2,f
3,No mencionado
4,f
5,f
6,t
7,t
8,t
9,f
10,f
11,f
12,f
13,No mencionado
14,f
15,f
16,t
17,t
18,t
19,f
20,No mencionado
21,f
22,f
23,f
24,t
25,f
26,f
27,f
28,t
29,t
30,t
31,t
32,f
33,t
34,f
35,f
36,t
37,f
38,t
39,t
40,t
41,f
42,t
43,t
44,f
45,t
46,f
47,f
48,t
49,f
50,t
51,f
52,t
53,t
54,t
55,t
56,t
57,f
58,t
59,f
60,f
61,t
62,f
63,f
64,t
65,t
66,f
67,f
68,f
69,f
70,f
71,f
72,t
73,f
74,t
75,t
76,f
77,t
78,t
79,f
80,t
81,t
82,t
83,f
84,t
85,f
86,f
87,t
88,f
89,f
90,f
91,t
92,f
93,f
94,t
95,f
96,f
97,f
98,f
99,t
100,t
101,t
102,f
103,t
104,t
105,f
106,f
107,f
108,f
109,f
110,f
111,f
112,t
113,f
114,t
115,f
116,f
117,t
118,f
119,f
120,f
121,f
122,t
123,f
124,f
125,t
126,f
127,f
128,f
129,f
130,f
131,t
132,t
133,f
134,t
135,f
136,f
137,f
138,t
139,t
140,t
141,t
142,f
143,t
144,t
145,t
146,t
147,f
148,t
149,f
150,t
151,t
152,t
153,t
154,f
155,t
156,t
157,f
158,f
159,f
160,f
161,f
162,f
163,f
164,t
165,f
166,t
167,f
168,t
169,t
170,t
171,t
172,f
173,t
174,f
175,t
176,f
177,f
178,t
179,f
180,f
181,f
182,f
183,t
184,t
185,t
186,f
187,t
188,t
189,t
190,f
191,f
192,f
193,t
194,t
195,t
196,t
197,f
198,f
199,t
200,t
201,t
202,t
203,t
204,f
205,t
206,f
207,f
208,f
209,t
210,t
211,f
212,t
213,t
214,f
215,t
216,t
217,t
218,No mencionado
219,f
220,f
221,f
222,f
223,t
224,f
225,f
226,f
227,t
228,f
229,t
230,t
231,f
232,f
233,t
234,f
235,f
236,t
237,t
238,f
239,f
240,f
241,f
242,f
243,f
244,f
245,f
246,f
247,f
248,f
249,t
250,f
251,f
252,f
253,f
254,t
255,t
256,t
257,No mencionado
258,f
259,f
260,f
261,f
262,f
263,f
264,f
265,f
266,t
267,f
268,f
269,t
270,f
271,f
272,t
273,f
274,No mencionado
275,f
276,f
277,t
278,f
279,t
280,f
281,t
282,t
283,t
284,f
285,f
286,f
287,f
288,t
289,f
290,f
291,t
292,t
293,f
294,f
295,t
296,f
297,t
298,t
299,t
300,t
301,f
302,f
303,f
304,t
305,f
306,t
307,f
308,f
309,t
310,t
311,f
312,f
313,f
314,f
315,f
316,t
317,f
318,t
319,f
320,t
321,f
322,f
323,f
324,f
325,t
326,f
327,t
328,t
329,t
330,t
331,f
332,f
333,No mencionado
334,f
335,t
336,No mencionado
337,f
338,f
339,f
340,f
341,f
342,f
343,f
344,f
345,t
346,f
347,t
348,f
349,t
350,t
351,t
352,t
353,t
354,f
355,No mencionado
356,f
357,f
358,f
359,t
360,t
361,f
362,f
363,t
364,t
365,t
366,t
367,f
368,t
369,f
370,t
371,t
372,f
373,t
374,f
375,t
376,f
377,f
378,f
379,f
380,t
381,t
382,t
383,f
384,t
385,f
386,t
387,t
388,t
389,f
390,No mencionado
391,t
392,t
393,t
394,t
395,f
396,t
397,t
398,t
399,f
400,f
401,f
402,t
403,t
404,t
405,t
406,t
407,t
408,t
409,f
410,t
411,t
412,f
413,t
414,f
415,t
416,f
417,f
418,t
419,f
420,f
421,f
422,t
423,f
424,f
425,f
426,f
427,No mencionado
428,t
429,f
430,f
431,f
432,f
433,f
434,t
435,t
436,t
437,f
438,t
439,f
440,f
441,t
442,f
443,No mencionado
444,f
445,t
446,f
447,t
448,No mencionado
449,t
450,t
451,t
452,t
453,t
454,t
455,f
456,No mencionado
457,t
458,f
459,t
460,f
461,t
462,f
463,f
464,f
465,f
466,f
467,f
468,f
469,t
470,t
471,t
472,f
473,t
474,t
475,t
476,f
477,f
478,t
479,t
480,f
481,t
482,t
483,f
484,f
485,t
486,f
487,No mencionado
488,t
489,f
490,f
491,f
492,t
493,f
494,t
495,t
496,t
497,t
498,No mencionado
499,f
500,f
501,No mencionado
502,f
503,t
504,f
505,t
506,f
507,t
508,f
509,t
510,f
511,t
512,t
513,f
514,t
515,f
516,f
517,t
518,f
519,f
520,f
521,t
522,t
523,f
524,t
525,t
526,f
527,No mencionado
528,t
529,f
530,f
531,f
532,t
533,f
534,f
535,f
536,t
537,t
538,t
539,t
540,f
541,t
542,t
543,f
544,t
545,f
546,t
547,No mencionado
548,t
549,f
550,f
551,t
552,t
553,f
554,f
555,f
556,f
557,f
558,f
559,f
560,f
561,f
562,f
563,f
564,f
565,t
566,f
567,f
568,f
569,f
570,f
571,f
572,f
573,f
574,f
575,f
576,f
577,f
578,f
579,f
580,f
581,f
582,f
583,f
584,f
585,f
586,t
587,f
588,f
589,f
590,f
591,f
592,t
593,No mencionado
594,f
595,f
596,t
597,f
598,t
599,t
600,f
601,f
602,t
603,t
604,f
605,f
606,f
607,t
608,t
609,t
610,f
611,t
612,f
613,t
614,No mencionado
615,f
616,t
617,f
618,f
619,f
620,f
621,f
622,f
623,f
624,f
625,f
626,f
627,f
628,No mencionado
629,f
630,f
631,f
632,t
633,t
634,f
635,f
636,t
637,f
638,No mencionado
639,t
640,f
641,f
642,f
643,t
644,t
645,f
646,f
647,f
648,t
649,f
650,t
651,t
652,f
653,f
654,f
655,f
656,t
657,t
658,f
659,t
660,f
661,f
662,t
663,t
664,f
665,f
666,t
667,No mencionado
668,t
669,t
670,t
671,f
672,No mencionado
673,f
674,f
675,f
676,f
677,f
678,f
679,f
680,f
681,f
682,f
683,t
684,t
685,f
686,t
687,f
688,t
689,t
690,t
691,f
692,t
693,t
694,f
695,f
696,t
697,f
698,f
699,f
700,f
701,f
702,f
703,f
704,f
705,f
706,f
707,f
708,f
709,t
710,t
711,t
712,t
713,f
714,f
715,t
716,t
717,f
718,f
719,No mencionado
720,f
721,f
722,f
723,t
724,t
725,f
726,t
727,t
728,f
729,f
730,t
731,t
732,f
733,No mencionado
734,f
735,t
736,f
737,t
738,t
739,f
740,f
741,f
742,t
743,t
744,t
745,t
746,f
747,f
748,t
749,f
750,f
751,f
752,f
753,f
754,f
755,f
756,f
757,f
758,f
759,f
760,f
761,f
762,t
763,t
764,t
765,f
766,t
767,f
768,t
769,f
770,f
771,t
772,f
773,f
774,t
775,f
776,f
777,f
778,f
779,t
780,t
781,f
782,f
783,f
784,t
785,t
786,f
787,f
788,t
789,f
790,t
791,f
792,t
793,f
794,f
795,t
796,t
797,t
798,t
799,f
800,t
801,f
802,f
803,f
804,f
805,t
806,f
807,t
808,f
809,t
810,f
811,f
812,t
813,f
814,t
815,t
816,f
817,f
818,f
819,t
820,f
821,f
822,No mencionado
823,f
824,f
825,f
826,t
827,No mencionado
828,t
829,f
830,f
831,t
832,f
833,f
834,f
835,f
836,f
837,t
838,t
839,t
840,f
841,t
842,f
843,f
844,f
845,t
846,f
847,t
848,No mencionado
849,f
850,t
851,t
852,t
853,f
854,f
855,f
856,f
857,f
858,t
859,f
860,f
861,f
862,t
863,t
864,f
865,f
866,t
867,f
868,t
869,f
870,f
871,f
872,f
873,t
874,t
875,t
876,f
877,f
878,t
879,f
880,t
881,t
882,f
883,f
884,f
885,f
886,f
887,f
888,t
889,f
890,f
891,f
892,f
893,f
894,f
895,t
896,f
897,t
898,f
899,f
900,t
901,f
902,f
903,f
904,f
905,f
906,f
907,f
908,f
909,f
910,f
911,f
912,No mencionado
913,f
914,f
915,t
916,f
917,f
918,t
919,f
920,t
921,f
922,t
923,t
924,t
925,f
926,f
927,t
928,t
929,f
930,t
931,f
932,f
933,t
934,f
935,t
936,t
937,t
938,t
939,f
940,f
941,t
942,t
943,f
944,f
945,f
946,f
947,f
948,t
949,f
950,f
951,t
952,t
953,t
954,f
955,f
956,f
957,t
958,No mencionado
959,f
960,No mencionado
961,t
962,f
963,t
964,f
965,f
966,f
967,t
968,t
969,t
970,t
971,t
972,t
973,f
974,f
975,f
976,f
977,f
978,f
979,f
980,f
981,No mencionado
982,t
983,f
984,f
985,f
986,f
987,f
988,f
989,f
990,t
991,f
992,f
993,t
994,t
995,f
996,t
997,t
998,t
999,f
1000,f
1001,f
1002,t
1003,t
1004,f
1005,t
1006,f
1007,f
1008,f
1009,f
1010,f
1011,f
1012,t
1013,f
1014,f
1015,t
1016,f
1017,f
1018,f
1019,f
1020,f
1021,t
1022,f
1023,f
1024,f
1025,f
1026,f
1027,f
1028,f
1029,f
1030,t
1031,t
1032,f
1033,No mencionado
1034,t
1035,f
1036,t
1037,f
1038,t
1039,f
1040,f
1041,f
1042,f
1043,f
1044,f
1045,t
1046,f
1047,f
1048,f
1049,f
1050,f
1051,f
1052,f
1053,t
1054,f
1055,f
1056,t
1057,t
1058,f
1059,f
1060,f
1061,f
1062,f
1063,t
1064,f
1065,t
1066,t
1067,t
1068,t
1069,f
1070,t
1071,t
1072,f
1073,t
1074,f
1075,f
1076,f
1077,t
1078,f
1079,f
1080,f
1081,f
1082,f
1083,t
1084,t
1085,f
1086,t
1087,f
1088,f
1089,t
1090,f
1091,t
1092,t
1093,f
1094,t
1095,f
1096,f
1097,f
1098,f
1099,f
1100,f
1101,t
1102,f
1103,t
1104,f
1105,t
1106,f
1107,f
1108,t
1109,f
1110,f
1111,f
1112,t
1113,t
1114,t
1115,f
1116,t
1117,No mencionado
1118,f
1119,f
1120,f
1121,f
1122,f
1123,f
1124,f
1125,f
1126,f
1127,No mencionado
1128,t
1129,t
1130,f
1131,f
1132,t
1133,No mencionado
1134,f
1135,f
1136,t
1137,t
1138,f
1139,t
1140,f
1141,t
1142,t
1143,t
1144,f
1145,t
1146,f
1147,No mencionado
1148,f
1149,t
1150,f
1151,t
1152,f
1153,t
1154,t
1155,t
1156,f
1157,No mencionado
1158,t
1159,f
1160,f
1161,f
1162,f
1163,f
1164,f
1165,f
1166,f
1167,f
1168,f
1169,f
1170,f
1171,f
1172,t
1173,t
1174,f
1175,t
1176,f
1177,t
1178,No mencionado
1179,f
1180,f
1181,t
1182,f
1183,f
1184,f
1185,No mencionado
1186,t
1187,No mencionado
1188,f
1189,f
1190,f
1191,t
1192,f
1193,f
1194,t
1195,t
1196,t
1197,f
1198,t
1199,f
1200,t
1201,t
1202,f
1203,f
1204,t
1205,f
1206,f
1207,f
1208,f
1209,f
1210,t
1211,f
1212,f
1213,t
1214,t
1215,f
1216,f
1217,t
1218,f
1219,f
1220,f
1221,t
1222,t
1223,t
1224,f
1225,f
1226,f
1227,f
1228,f
1229,No mencionado
1230,f
1231,t
1232,f
1233,f
1234,f
1235,f
1236,t
1237,t
1238,t
1239,No mencionado
1240,f
1241,f
1242,f
1243,f
1244,f
1245,t
1246,t
1247,f
1248,f
1249,f
1250,f
1251,f
1252,No mencionado
1253,f
1254,f
1255,f
1256,f
1257,f
1258,f
1259,f
1260,f
1261,f
1262,f
1263,f
1264,f
1265,f
1266,t
1267,t
1268,No mencionado
1269,f
1270,t
1271,t
1272,f
1273,t
1274,f
1275,t
1276,f
1277,No mencionado
1278,f
1279,f
1280,t
1281,t
1282,t
1283,f
1284,t
1285,t
1286,f
1287,f
1288,f
1289,t
1290,f
1291,t
1292,f
1293,t
1294,t
1295,t
1296,t
1297,f
1298,t
1299,t
1300,f
1301,f
1302,f
1303,t
1304,f
1305,No mencionado
1306,No mencionado
1307,f
1308,f
1309,f
1310,t
1311,f
1312,t
1313,f
1314,f
1315,f
1316,f
1317,t
1318,f
1319,No mencionado
1320,t
1321,f
1322,t
1323,f
1324,t
1325,f
1326,f
1327,f
1328,No mencionado
1329,f
1330,f
1331,No mencionado
1332,t
1333,f
1334,f
1335,t
1336,f
1337,t
1338,f
1339,t
1340,t
1341,t
1342,f
1343,f
1344,t
1345,f
1346,t
1347,f
1348,t
1349,f
1350,t
1351,f
1352,f
1353,f
1354,f
1355,f
1356,t
1357,f
1358,t
1359,f
1360,f
1361,f
1362,t
1363,f
1364,f
1365,t
1366,f
1367,f
1368,f
1369,f
1370,f
1371,t
1372,f
1373,f
1374,f
1375,f
1376,f
1377,t
1378,f
1379,f
1380,f
1381,t
1382,t
1383,f
1384,t
1385,f
1386,f
1387,t
1388,t
1389,f
1390,t
1391,f
1392,t
1393,f
1394,f
1395,f
1396,f
1397,f
1398,f
1399,f
1400,f
1401,t
1402,f
1403,f
1404,No mencionado
1405,f
1406,t
1407,t
1408,f
1409,f
1410,t
1411,t
1412,t
1413,f
1414,f
1415,No mencionado
1416,t
1417,t
1418,f
1419,f
1420,f
1421,f
1422,t
1423,f
1424,f
1425,t
1426,f
1427,t
1428,f
1429,f
1430,f
1431,t
1432,f
1433,t
1434,t
1435,t
1436,f
1437,t
1438,f
1439,f
1440,No mencionado
1441,f
1442,f
1443,f
1444,f
1445,f
1446,f
1447,f
1448,t
1449,t
1450,f
1451,f
1452,f
1453,f
1454,f
1455,f
1456,f
1457,f
1458,f
1459,f
1460,No mencionado
1461,f
1462,t
1463,f
1464,f
1465,t
1466,f
1467,f
1468,t
1469,t
1470,f
1471,f
1472,f
1473,f
1474,f
1475,t
1476,t
1477,f
1478,f
1479,f
1480,t
1481,f
1482,f
1483,No mencionado
1484,No mencionado
1485,f
1486,f
1487,f
1488,f
1489,f
1490,f
1491,t
1492,f
1493,t
1494,f
1495,f
1496,t
1497,f
1498,f
1499,t
1500,f
1501,t
1502,f
1503,f
1504,f
1505,t
1506,t
1507,t
1508,t
1509,t
1510,f
1511,t
1512,t
1513,No mencionado
1514,f
1515,t
1516,t
1517,t
1518,f
1519,t
1520,f
1521,f
1522,No mencionado
1523,f
1524,f
1525,No mencionado
1526,f
1527,f
1528,f
1529,f
1530,f
1531,t
1532,f
1533,f
1534,f
1535,f
1536,f
1537,f
1538,f
1539,f
1540,f
1541,f
1542,f
1543,f
1544,f
1545,f
1546,f
1547,f
1548,f
1549,f
1550,f
1551,f
1552,t
1553,f
1554,t
1555,f
1556,t
1557,t
1558,f
1559,t
1560,t
1561,t
1562,t
1563,t
1564,t
1565,t
1566,f
1567,t
1568,t
1569,t
1570,f
1571,f
1572,f
1573,f
1574,f
1575,t
1576,f
1577,f
1578,f
1579,f
1580,f
1581,f
1582,f
1583,t
1584,t
1585,t
1586,t
1587,f
1588,f
1589,t
1590,f
1591,f
1592,t
1593,f
1594,f
1595,f
1596,f
1597,f
1598,t
1599,f
1600,f
1601,f
1602,f
1603,t
1604,t
1605,f
1606,f
1607,f
1608,t
1609,f
1610,f
1611,f
1612,t
1613,t
1614,f
1615,f
1616,f
1617,f
1618,f
1619,f
1620,t
1621,t
1622,f
1623,f
1624,f
1625,f
1626,f
1627,t
1628,t
1629,f
1630,f
1631,f
1632,t
1633,f
1634,t
1635,t
1636,f
1637,f
1638,f
1639,f
1640,f
1641,t
1642,f
1643,f
1644,f
1645,f
1646,f
1647,f
1648,f
1649,f
1650,t
1651,f
1652,t
1653,f
1654,f
1655,f
1656,f
1657,t
1658,f
1659,f
1660,f
1661,f
1662,f
1663,f
1664,f
1665,f
1666,f
1667,f
1668,f
1669,f
1670,f
1671,f
1672,f
1673,f
1674,t
1675,f
1676,f
1677,f
1678,t
1679,f
1680,f
1681,f
1682,f
1683,f
1684,t
1685,t
1686,t
1687,t
1688,t
1689,t
1690,t
1691,t
1692,t
1693,f
1694,No mencionado
1695,f
1696,f
1697,f
1698,t
1699,t
1700,f
1701,f
1702,f
1703,f
1704,f
1705,t
1706,t
1707,t
1708,f
1709,f
1710,f
1711,t
1712,f
1713,f
1714,f
1715,t
1716,t
1717,f
1718,t
1719,t
1720,f
1721,t
1722,t
1723,f
1724,f
1725,f
1726,t
1727,f
1728,f
1729,f
1730,No mencionado
1731,t
1732,t
1733,t
1734,f
1735,f
1736,t
1737,f
1738,f
1739,t
1740,t
1741,t
1742,f
1743,t
1744,f
1745,f
1746,t
1747,f
1748,t
1749,f
1750,t
1751,f
1752,f
1753,f
1754,f
1755,f
1756,f
1757,f
1758,f
1759,f
1760,f
1761,f
1762,f
1763,f
1764,f
1765,t
1766,f
1767,f
1768,t
1769,f
1770,t
1771,t
1772,t
1773,t
1774,f
1775,f
1776,f
1777,f
1778,t
1779,f
1780,t
1781,f
1782,t
1783,f
1784,t
1785,f
1786,t
1787,f
1788,t
1789,No mencionado
1790,t
1791,f
1792,f
1793,t
1794,f
1795,t
1796,t
1797,f
1798,f
1799,f
1800,f
1801,t
1802,f
1803,f
1804,t
1805,No mencionado
1806,t
1807,f
1808,f
1809,t
1810,t
1811,t
1812,t
1813,t
1814,f
1815,t
1816,t
1817,t
1818,f
1819,t
1820,f
1821,f
1822,f
1823,f
1824,f
1825,f
1826,f
1827,t
1828,t
1829,t
1830,f
1831,f
1832,f
1833,t
1834,No mencionado
1835,t
1836,No mencionado
1837,t
1838,f
1839,f
1840,f
1841,f
1842,f
1843,t
1844,t
1845,t
1846,f
1847,t
1848,f
1849,f
1850,f
1851,t
1852,t
1853,t
1854,f
1855,t
1856,f
1857,f
1858,f
1859,f
1860,f
1861,f
1862,f
1863,f
1864,f
1865,f
1866,f
1867,t
1868,f
1869,t
1870,f
1871,f
1872,t
1873,f
1874,f
1875,f
1876,f
1877,f
1878,f
1879,f
1880,t
1881,f
1882,t
1883,t
1884,f
1885,t
1886,f
1887,f
1888,f
1889,f
1890,f
1891,f
1892,t
1893,f
1894,f
1895,f
1896,t
1897,f
1898,t
1899,t
1900,f
1901,f
1902,f
1903,f
1904,No mencionado
1905,No mencionado
1906,No mencionado
1907,f
1908,t
1909,t
1910,f
1911,f
1912,t
1913,t
1914,t
1915,f
1916,f
1917,t
1918,t
1919,t
1920,f
1921,f
1922,t
1923,f
1924,t
1925,t
1926,t
1927,f
1928,t
1929,t
1930,t
1931,f
1932,f
1933,f
1934,f
1935,f
1936,f
1937,f
1938,t
1939,f
1940,f
1941,f
1942,f
1943,f
1944,t
1945,f
1946,f
1947,f
1948,No mencionado
1949,f
1950,f
1951,f
1952,t
1953,f
1954,t
1955,f
1956,f
1957,f
1958,t
1959,f
1960,f
1961,f
1962,f
1963,f
1964,f
1965,f
1966,f
1967,f
1968,f
1969,f
1970,f
1971,f
1972,f
1973,f
1974,f
1975,f
1976,f
1977,f
1978,f
1979,t
1980,f
1981,f
1982,f
1983,f
1984,f
1985,t
1986,t
1987,t
1988,f
1989,f
1990,f
1991,f
1992,f
1993,t
1994,t
1995,f
1996,f
1997,f
1998,f
1999,f
2000,f
2001,f
2002,f
2003,f
2004,f
2005,t
2006,f
2007,f
2008,t
2009,t
2010,f
2011,f
2012,f
2013,f
2014,f
2015,f
2016,f
2017,f
2018,t
2019,f
2020,t
2021,t
2022,t
2023,f
2024,f
2025,f
2026,f
2027,f
2028,f
2029,t
2030,t
2031,f
2032,f
2033,f
2034,t
2035,f
2036,f
2037,f
2038,t
2039,f
2040,f
2041,t
2042,t
2043,t
2044,f
2045,t
2046,f
2047,t
2048,t
2049,f
2050,f
2051,t
2052,f
2053,t
2054,f
2055,t
2056,f
2057,f
2058,No mencionado
2059,f
2060,t
2061,f
2062,f
2063,t
2064,f
2065,f
2066,f
2067,f
2068,f
2069,f
2070,f
2071,f
2072,f
2073,f
2074,f
2075,f
2076,f
2077,f
2078,f
2079,t
2080,f
2081,No mencionado
2082,f
2083,f
2084,f
2085,f
2086,f
2087,No mencionado
2088,No mencionado
2089,f
2090,f
2091,f
2092,f
2093,f
2094,f
2095,f
2096,f
2097,f
2098,f
2099,f
2100,f
2101,No mencionado
2102,f
2103,f
2104,f
2105,f
2106,f
2107,f
2108,f
2109,t
2110,t
2111,t
2112,f
2113,No mencionado
2114,f
2115,f
2116,f
2117,t
2118,f
2119,f
2120,t
2121,f
2122,t
2123,f
2124,f
2125,f
2126,f
2127,t
2128,t
2129,f
2130,t
2131,f
2132,f
2133,t
2134,f
2135,f
2136,f
2137,t
2138,t
2139,t
2140,t
2141,f
2142,t
2143,t
2144,f
2145,f
2146,t
2147,f
2148,t
2149,t
2150,t
2151,t
2152,f
2153,f
2154,f
2155,t
2156,f
2157,f
2158,f
2159,f
2160,t
2161,f
2162,f
2163,t
2164,f
2165,t
2166,No mencionado
2167,No mencionado
2168,t
2169,No mencionado
2170,f
2171,f
2172,t
2173,f
2174,t
2175,f
2176,f
2177,f
2178,f
2179,f
2180,f
2181,t
2182,t
2183,t
2184,t
2185,t
2186,No mencionado
2187,t
2188,f
2189,t
2190,f
2191,f
2192,f
2193,f
2194,f
2195,f
2196,f
2197,f
2198,f
2199,f
2200,f
2201,f
2202,f
2203,f
2204,t
2205,f
2206,t
2207,f
2208,f
2209,f
2210,f
2211,f
2212,f
2213,f
2214,No mencionado
2215,No mencionado
2216,f
2217,t
2218,f
2219,f
2220,No mencionado
2221,t
2222,f
2223,f
2224,f
2225,f
2226,No mencionado
2227,t
2228,f
2229,f
2230,f
2231,t
2232,f
2233,f
2234,f
2235,f
2236,f
2237,t
2238,No mencionado
2239,t
2240,t
2241,t
2242,f
2243,t
2244,f
2245,f
2246,f
2247,t
2248,f
2249,f
2250,f
2251,f
2252,No mencionado
2253,No mencionado
2254,No mencionado
2255,t
2256,No mencionado
2257,t
2258,t
2259,t
2260,t
2261,f
2262,t
2263,t
2264,f
2265,t
2266,f
2267,t
2268,f
2269,t
2270,t
2271,f
2272,t
2273,t
2274,f
2275,f
2276,f
2277,f
2278,t
2279,No mencionado
2280,t
2281,t
2282,f
2283,f
2284,t
2285,t
2286,No mencionado
2287,t
2288,t
2289,f
2290,t
2291,f
2292,t
2293,t
2294,t
2295,f
2296,f
2297,f
2298,f
2299,f
2300,f
2301,f
2302,t
2303,t
2304,f
2305,t
2306,f
2307,f
2308,t
2309,t
2310,f
2311,f
2312,f
2313,f
2314,f
2315,No mencionado
2316,f
2317,f
2318,f
2319,f
2320,f
2321,f
2322,f
2323,t
2324,f
2325,f
2326,f
2327,f
2328,f
2329,No mencionado
2330,f
2331,t
2332,t
2333,f
2334,t
2335,f
2336,f
2337,f
2338,f
2339,f
2340,f
2341,t
2342,t
2343,f
2344,f
2345,f
2346,f
2347,t
2348,t
2349,f
2350,t
2351,f
2352,t
2353,t
2354,t
2355,t
2356,t
2357,t
2358,t
2359,f
2360,t
2361,f
2362,f
2363,t
2364,f
2365,f
2366,f
2367,f
2368,t
2369,t
2370,f
2371,f
2372,f
2373,f
2374,f
2375,f
2376,t
2377,f
2378,f
2379,t
2380,f
2381,f
2382,t
2383,f
2384,No mencionado
2385,t
2386,t
2387,f
2388,f
2389,f
2390,f
2391,t
2392,t
2393,f
2394,f
2395,f
2396,f
2397,f
2398,f
2399,f
2400,f
2401,f
2402,f
2403,f
2404,f
2405,t
2406,f
2407,f
2408,No mencionado
2409,f
2410,f
2411,f
2412,f
2413,t
2414,f
2415,f
2416,f
2417,f
2418,f
2419,f
2420,f
2421,f
2422,f
2423,f
2424,f
2425,f
2426,f
2427,f
2428,t
2429,f
2430,f
2431,f
2432,t
2433,f
2434,f
2435,t
2436,t
2437,f
2438,t
2439,f
2440,f
2441,f
2442,No mencionado
2443,f
2444,f
2445,f
2446,f
2447,f
2448,f
2449,f
2450,f
2451,t
2452,t
2453,f
2454,f
2455,f
2456,No mencionado
2457,f
2458,t
2459,t
2460,f
2461,t
2462,f
2463,f
2464,f
2465,f
2466,f
2467,t
2468,t
2469,f
2470,f
2471,f
2472,f
2473,f
2474,f
2475,f
2476,f
2477,f
2478,f
2479,f
2480,f
2481,t
2482,f
2483,t
2484,f
2485,f
2486,f
2487,f
2488,f
2489,t
2490,f
2491,f
2492,f
2493,f
2494,f
2495,f
2496,t
2497,t
2498,t
2499,f
2500,No mencionado
2501,No mencionado
2502,t
2503,f
2504,f
2505,f
2506,f
2507,f
2508,t
2509,f
2510,f
2511,f
2512,f
2513,t
2514,No mencionado
2515,t
2516,f
2517,f
2518,f
2519,f
2520,t
2521,f
2522,f
2523,f
2524,f
2525,f
2526,f
2527,f
2528,No mencionado
2529,f
2530,f
2531,f
2532,No mencionado
2533,t
2534,No mencionado
2535,f
2536,No mencionado
2537,t
2538,t
2539,f
2540,f
2541,f
2542,t
2543,t
2544,f
2545,f
2546,f
2547,f
2548,f
2549,f
2550,f
2551,f
2552,f
2553,No mencionado
2554,t
2555,t
2556,t
2557,No mencionado
2558,f
2559,t
2560,No mencionado
2561,f
2562,f
2563,f
2564,f
2565,f
2566,f
2567,t
2568,No mencionado
2569,f
2570,f
2571,t
2572,t
2573,t
2574,t
2575,f
2576,No mencionado
2577,t
2578,t
2579,f
2580,f
2581,f
2582,t
2583,f
2584,f
2585,f
2586,f
2587,f
2588,t
2589,t
2590,f
2591,t
2592,f
2593,t
2594,f
2595,f
2596,t
2597,t
2598,f
2599,t
2600,t
2601,f
2602,f
2603,f
2604,f
2605,f
2606,t
2607,f
2608,f
2609,No mencionado
2610,f
2611,f
2612,f
2613,f
2614,f
2615,f
2616,t
2617,t
2618,t
2619,f
2620,f
2621,f
2622,f
2623,f
2624,f
2625,f
2626,t
2627,t
2628,No mencionado
2629,No mencionado
2630,f
2631,t
2632,t
2633,f
2634,t
2635,t
2636,f
2637,f
2638,f
2639,f
2640,f
2641,f
2642,f
2643,f
2644,f
2645,f
2646,f
2647,t
2648,f
2649,f
2650,f
2651,f
2652,f
2653,f
2654,f
2655,t
2656,f
2657,t
2658,f
2659,f
2660,f
2661,f
2662,f
2663,f
2664,f
2665,f
2666,f
2667,f
2668,f
2669,f
2670,f
2671,f
2672,f
2673,f
2674,f
2675,f
2676,t
2677,f
2678,f
2679,f
2680,f
2681,t
2682,f
2683,f
2684,f
2685,f
2686,f
2687,f
2688,t
2689,f
2690,t
2691,f
2692,f
2693,f
2694,f
2695,f
2696,f
2697,f
2698,f
2699,f
2700,t
2701,f
2702,t
2703,t
2704,f
2705,f
2706,f
2707,f
2708,t
2709,f
2710,t
2711,f
2712,f
2713,f
2714,f
2715,f
2716,f
2717,t
2718,f
2719,f
2720,f
2721,f
2722,t
2723,No mencionado
2724,f
2725,f
2726,f
2727,t
2728,f
2729,f
2730,t
2731,t
2732,t
2733,t
2734,t
2735,t
2736,f
2737,t
2738,t
2739,t
2740,f
2741,t
2742,t
2743,t
2744,f
2745,t
2746,f
2747,f
2748,f
2749,t
2750,t
2751,f
2752,t
2753,t
2754,f
2755,t
2756,f
2757,f
2758,f
2759,f
2760,f
2761,f
2762,f
2763,t
2764,f
2765,f
2766,f
2767,t
2768,f
2769,f
2770,t
2771,f
2772,f
2773,t
2774,t
2775,f
2776,f
2777,f
2778,f
2779,f
2780,f
2781,f
2782,f
2783,f
2784,f
2785,f
2786,t
2787,f
2788,t
2789,t
2790,f
2791,No mencionado
2792,f
2793,f
2794,f
2795,t
2796,f
2797,t
2798,f
2799,t
2800,f
2801,t
2802,f
2803,f
2804,f
2805,t
2806,f
2807,t
2808,f
2809,t
2810,f
2811,t
2812,t
2813,f
2814,f
2815,f
2816,f
2817,t
2818,f
2819,t
2820,f
2821,t
2822,f
2823,f
2824,f
2825,f
2826,f
2827,f
2828,f
2829,f
2830,f
2831,f
2832,f
2833,t
2834,t
2835,t
2836,f
2837,t
2838,t
2839,t
2840,f
2841,No mencionado
2842,t
2843,t
2844,f
2845,t
2846,f
2847,t
2848,f
2849,f
2850,f
2851,f
2852,f
2853,f
2854,f
2855,f
2856,f
2857,f
2858,f
2859,f
2860,f
2861,f
2862,f
2863,f
2864,f
2865,t
2866,t
2867,f
2868,f
2869,f
2870,f
2871,f
2872,f
2873,t
2874,t
2875,t
2876,f
2877,f
2878,f
2879,f
2880,t
2881,f
2882,t
2883,f
2884,f
2885,f
2886,t
2887,f
2888,f
2889,No mencionado
2890,f
2891,f
2892,f
2893,f
2894,t
2895,f
2896,f
2897,t
2898,f
2899,t
2900,t
2901,f
2902,t
2903,t
2904,No mencionado
2905,f
2906,f
2907,t
2908,f
2909,f
2910,t
2911,f
2912,f
2913,f
2914,t
2915,t
2916,t
2917,t
2918,t
2919,t
2920,t
2921,f
2922,t
2923,t
2924,t
2925,t
2926,t
2927,f
2928,t
2929,t
2930,f
2931,No mencionado
2932,t
2933,t
2934,f
2935,f
2936,f
2937,f
2938,t
2939,t
2940,f
2941,f
2942,f
2943,t
2944,t
2945,f
2946,f
2947,f
2948,t
2949,t
2950,f
2951,t
2952,f
2953,f
2954,f
2955,f
2956,f
2957,t
2958,t
2959,t
2960,f
2961,t
2962,t
2963,t
2964,f
2965,t
2966,No mencionado
2967,No mencionado
2968,No mencionado
2969,No mencionado
2970,t
2971,f
2972,f
2973,f
2974,t
2975,f
2976,t
2977,f
2978,f
2979,f
2980,t
2981,No mencionado
2982,No mencionado
2983,f
2984,No mencionado
2985,f
2986,t
2987,f
2988,f
2989,f
2990,f
2991,f
2992,t
2993,t
2994,f
2995,f
2996,f
2997,f
2998,f
2999,f
3000,f
3001,f
3002,f
3003,t
3004,t
3005,f
3006,f
3007,f
3008,f
3009,t
3010,t
3011,f
3012,f
3013,t
3014,f
3015,f
3016,f
3017,f
3018,f
3019,No mencionado
3020,f
3021,f
3022,f
3023,f
3024,f
3025,f
3026,t
3027,f
3028,f
3029,t
3030,t
3031,f
3032,f
3033,t
3034,t
3035,t
3036,t
3037,f
3038,t
3039,f
3040,f
3041,t
3042,f
3043,t
3044,f
3045,t
3046,t
3047,t
3048,t
3049,f
3050,f
3051,f
3052,f
3053,t
3054,f
3055,f
3056,f
3057,f
3058,f
3059,f
3060,f
3061,f
3062,f
3063,f
3064,f
3065,t
3066,f
3067,f
3068,f
3069,f
3070,f
3071,f
3072,f
3073,f
3074,f
3075,f
3076,f
3077,f
3078,f
3079,f
3080,t
3081,f
3082,f
3083,f
3084,t
3085,t
3086,t
3087,f
3088,t
3089,f
3090,f
3091,t
3092,f
3093,f
3094,f
3095,f
3096,t
3097,t
3098,f
3099,t
3100,f
3101,f
3102,t
3103,f
3104,t
3105,t
3106,f
3107,f
3108,t
3109,t
3110,No mencionado
3111,f
3112,f
3113,f
3114,t
3115,t
3116,f
3117,t
3118,f
3119,f
3120,f
3121,f
3122,f
3123,f
3124,f
3125,t
3126,f
3127,f
3128,t
3129,f
3130,f
3131,t
3132,f
3133,f
3134,t
3135,t
3136,f
3137,t
3138,f
3139,f
3140,t
3141,f
3142,t
3143,f
3144,t
3145,f
3146,f
3147,t
3148,t
3149,t
3150,f
3151,t
3152,f
3153,f
3154,f
3155,f
3156,f
3157,f
3158,t
3159,f
3160,f
3161,f
3162,f
3163,t
3164,f
3165,t
3166,t
3167,f
3168,f
3169,f
3170,t
3171,f
3172,f
3173,f
3174,f
3175,f
3176,f
3177,f
3178,f
3179,f
3180,t
3181,t
3182,f
3183,f
3184,t
3185,f
3186,t
3187,f
3188,f
3189,f
3190,t
3191,f
3192,No mencionado
3193,f
3194,t
3195,t
3196,f
3197,t
3198,f
3199,t
3200,f
3201,f
3202,f
3203,f
3204,f
3205,t
3206,t
3207,t
3208,f
3209,t
3210,f
3211,f
3212,f
3213,f
3214,f
3215,t
3216,t
3217,f
3218,f
3219,f
3220,f
3221,f
3222,f
3223,f
3224,f
3225,f
3226,f
3227,t
3228,t
3229,f
3230,f
3231,f
3232,f
3233,f
3234,t
3235,f
3236,f
3237,t
3238,f
3239,t
3240,f
3241,t
3242,f
3243,f
3244,t
3245,t
3246,f
3247,No mencionado
3248,No mencionado
3249,f
3250,f
3251,f
3252,f
3253,f
3254,f
3255,f
3256,f
3257,No mencionado
3258,t
3259,f
3260,t
3261,No mencionado
3262,No mencionado
3263,f
3264,t
3265,f
3266,f
3267,f
3268,f
3269,f
3270,f
3271,f
3272,f
3273,f
3274,f
3275,f
3276,f
3277,f
3278,f
3279,f
3280,f
3281,f
3282,f
3283,f
3284,f
3285,f
3286,f
3287,f
3288,f
3289,f
3290,f
3291,f
3292,f
3293,f
3294,f
3295,f
3296,f
3297,f
3298,f
3299,f
3300,f
3301,f
3302,f
3303,f
3304,f
3305,f
3306,f
3307,f
3308,f
3309,f
3310,f
3311,f
3312,f
3313,f
3314,f
3315,f
3316,f
3317,f
3318,f
3319,f
3320,f
3321,f
3322,f
3323,f
3324,f
3325,f
3326,f
3327,f
3328,f
3329,f
3330,f
3331,f
3332,f
3333,f
3334,f
3335,f
3336,t
3337,f
3338,t
3339,t
3340,f
3341,f
3342,t
3343,f
3344,f
3345,f
3346,t
3347,t
3348,f
3349,f
3350,No mencionado
3351,t
3352,f
3353,t
3354,f
3355,f
3356,t
3357,f
3358,f
3359,t
3360,t
3361,f
3362,f
3363,f
3364,f
3365,f
3366,t
3367,f
3368,t
3369,f
3370,f
3371,f
3372,t
3373,f
3374,f
3375,t
3376,f
3377,t
3378,t
3379,t
3380,f
3381,f
3382,No mencionado
3383,t
3384,t
3385,t
3386,f
3387,f
3388,f
3389,t
3390,f
3391,f
3392,f
3393,f
3394,f
3395,t
3396,f
3397,t
3398,f
3399,f
3400,t
3401,f
3402,f
3403,f
3404,t
3405,f
3406,t
3407,f
3408,f
3409,f
3410,f
3411,f
3412,f
3413,f
3414,f
3415,f
3416,f
3417,f
3418,f
3419,t
3420,t
3421,f
3422,t
3423,No mencionado
3424,f
3425,f
3426,f
3427,f
3428,f
3429,t
3430,f
3431,f
3432,f
3433,f
3434,f
3435,f
3436,f
3437,No mencionado
3438,f
3439,f
3440,f
3441,f
3442,f
3443,f
3444,f
3445,f
3446,f
3447,t
3448,t
3449,No mencionado
3450,f
3451,f
3452,f
3453,f
3454,f
3455,f
3456,f
3457,f
3458,f
3459,f
3460,t
3461,t
3462,f
3463,f
3464,f
3465,f
3466,f
3467,f
3468,f
3469,f
3470,t
3471,f
3472,f
3473,f
3474,f
3475,f
3476,f
3477,t
3478,f
3479,f
3480,t
3481,f
3482,t
3483,f
3484,f
3485,f
3486,f
3487,f
3488,f
3489,t
3490,f
3491,No mencionado
3492,f
3493,t
3494,t
3495,f
3496,f
3497,No mencionado
3498,f
3499,f
3500,f
3501,f
3502,f
3503,f
3504,f
3505,t
3506,t
3507,f
3508,t
3509,t
3510,f
3511,f
3512,f
3513,f
3514,t
3515,t
3516,f
3517,t
3518,f
3519,f
3520,f
3521,f
3522,f
3523,f
3524,f
3525,t
3526,f
3527,f
3528,f
3529,f
3530,f
3531,f
3532,f
3533,f
3534,t
3535,f
3536,f
3537,f
3538,f
3539,t
3540,f
3541,t
3542,f
3543,t
3544,f
3545,t
3546,f
3547,t
3548,f
3549,f
3550,t
3551,f
3552,t
3553,t
3554,t
3555,f
3556,t
3557,f
3558,f
3559,t
3560,f
3561,f
3562,f
3563,f
3564,f
3565,f
3566,f
3567,t
3568,f
3569,f
3570,f
3571,t
3572,t
3573,f
3574,t
3575,f
3576,f
3577,f
3578,t
3579,t
3580,f
3581,f
3582,f
3583,t
3584,f
3585,f
3586,f
3587,t
3588,f
3589,f
3590,f
3591,f
3592,f
3593,t
3594,f
3595,f
3596,f
3597,f
3598,t
3599,f
3600,f
3601,t
3602,f
3603,t
3604,f
3605,f
3606,f
3607,f
3608,f
3609,f
3610,f
3611,f
3612,f
3613,t
3614,f
3615,f
3616,f
3617,t
3618,t
3619,t
3620,f
3621,t
3622,f
3623,t
3624,t
3625,f
3626,f
3627,f
3628,t
3629,f
3630,f
3631,f
3632,f
3633,f
3634,t
3635,f
3636,f
3637,f
3638,f
3639,t
3640,t
3641,f
3642,f
3643,f
3644,f
3645,t
3646,t
3647,t
3648,t
3649,f
3650,f
3651,f
3652,f
3653,f
3654,t
3655,t
3656,f
3657,f
3658,f
3659,f
3660,f
3661,f
3662,f
3663,f
3664,f
3665,t
3666,No mencionado
3667,f
3668,f
3669,f
3670,t
3671,t
3672,f
3673,t
3674,t
3675,f
3676,f
3677,f
3678,f
3679,f
3680,t
3681,f
3682,t
3683,t
3684,f
3685,t
3686,f
3687,t
3688,No mencionado
3689,t
3690,f
3691,f
3692,f
3693,f
3694,t
3695,t
3696,f
3697,f
3698,f
3699,f
3700,f
3701,t
3702,f
3703,t
3704,t
3705,f
3706,f
3707,f
3708,f
3709,t
3710,t
3711,t
3712,f
3713,f
3714,f
3715,f
3716,f
3717,f
3718,t
3719,f
3720,f
3721,f
3722,f
3723,f
3724,f
3725,f
3726,t
3727,f
3728,f
3729,t
3730,f
3731,t
3732,f
3733,f
3734,f
3735,f
3736,f
3737,f
3738,f
3739,f
3740,f
3741,f
3742,f
3743,f
3744,f
3745,t
3746,t
3747,f
3748,f
3749,f
3750,No mencionado
3751,f
3752,t
3753,t
3754,f
3755,No mencionado
3756,f
3757,f
3758,f
3759,t
3760,f
3761,f
3762,f
3763,f
3764,f
3765,t
3766,f
3767,f
3768,f
3769,f
3770,t
3771,f
3772,t
3773,t
3774,f
3775,f
3776,f
3777,f
3778,f
3779,t
3780,t
3781,t
3782,f
3783,f
3784,f
3785,f
3786,f
3787,No mencionado
3788,f
3789,f
3790,t
3791,f
3792,t
3793,t
3794,t
3795,f
3796,f
3797,f
3798,f
3799,f
3800,f
3801,f
3802,f
3803,f
3804,No mencionado
3805,f
3806,t
3807,f
3808,t
3809,f
3810,f
3811,t
3812,t
3813,t
3814,No mencionado
3815,No mencionado
3816,No mencionado
3817,f
3818,f
3819,t
3820,f
3821,f
3822,t
3823,f
3824,f
3825,f
3826,f
3827,No mencionado
3828,f
3829,t
3830,f
3831,f
3832,t
3833,No mencionado
3834,f
3835,f
3836,f
3837,f
3838,t
3839,f
3840,f
3841,f
3842,t
3843,f
3844,f
3845,f
3846,t
3847,f
3848,f
3849,No mencionado
3850,t
3851,f
3852,t
3853,f
3854,f
3855,t
3856,f
3857,f
3858,t
3859,t
3860,t
3861,f
3862,t
3863,f
3864,t
3865,f
3866,f
3867,f
3868,f
3869,f
3870,t
3871,f
3872,t
3873,f
3874,f
3875,f
3876,f
3877,f
3878,f
3879,f
3880,f
3881,f
3882,f
3883,f
3884,f
3885,f
3886,f
3887,f
3888,f
3889,f
3890,t
3891,f
3892,f
3893,f
3894,f
3895,f
3896,f
3897,f
3898,f
3899,f
3900,f
3901,f
3902,f
3903,f
3904,f
3905,f
3906,f
3907,f
3908,t
3909,t
3910,f
3911,f
3912,f
3913,f
3914,f
3915,f
3916,No mencionado
3917,t
3918,f
3919,t
3920,t
3921,t
3922,t
3923,f
3924,t
3925,No mencionado
3926,f
3927,f
3928,f
3929,f
3930,f
3931,f
3932,f
3933,f
3934,t
3935,t
3936,t
3937,t
3938,t
3939,f
3940,t
3941,t
3942,t
3943,f
3944,f
3945,t
3946,f
3947,f
3948,f
3949,t
3950,f
3951,f
3952,t
3953,f
3954,f
3955,t
3956,f
3957,t
3958,f
3959,f
3960,No mencionado
3961,f
3962,t
3963,t
3964,t
3965,f
3966,f
3967,No mencionado
3968,f
3969,f
3970,f
3971,f
3972,f
3973,f
3974,t
3975,f
3976,f
3977,f
3978,f
3979,f
3980,t
3981,f
3982,t
3983,t
3984,f
3985,t
3986,f
3987,f
3988,f
3989,f
3990,f
3991,t
3992,f
3993,f
3994,t
3995,t
3996,t
3997,t
3998,t
3999,f
4000,No mencionado
4001,No mencionado
4002,t
4003,t
4004,No mencionado
4005,f
4006,t
4007,t
4008,f
4009,t
4010,t
4011,t
4012,f
4013,t
4014,f
4015,f
4016,f
4017,f
4018,t
4019,f
4020,t
4021,t
4022,t
4023,No mencionado
4024,t
4025,t
4026,f
4027,f
4028,f
4029,f
4030,f
4031,f
4032,f
4033,t
4034,t
4035,f
4036,f
4037,t
4038,f
4039,t
4040,f
4041,f
4042,f
4043,f
4044,f
4045,f
4046,f
4047,t
4048,f
4049,t
4050,f
4051,t
4052,f
4053,f
4054,f
4055,f
4056,t
4057,t
4058,f
4059,f
4060,f
4061,f
4062,f
4063,f
4064,f
4065,t
4066,f
4067,f
4068,f
4069,t
4070,t
4071,t
4072,f
4073,t
4074,f
4075,t
4076,f
4077,f
4078,f
4079,No mencionado
4080,f
4081,f
4082,t
4083,f
4084,f
4085,f
4086,f
4087,f
4088,f
4089,f
4090,f
4091,f
4092,f
4093,f
4094,f
4095,f
4096,f
4097,f
4098,f
4099,f
4100,f
4101,f
4102,f
4103,f
4104,f
4105,t
4106,f
4107,f
4108,f
4109,t
4110,f
4111,f
4112,f
4113,f
4114,f
4115,f
4116,t
4117,t
4118,t
4119,f
4120,f
4121,f
4122,f
4123,f
4124,f
4125,f
4126,f
4127,t
4128,f
4129,t
4130,t
4131,t
4132,t
4133,f
4134,f
4135,t
4136,t
4137,t
4138,t
4139,t
4140,t
4141,f
4142,f
4143,f
4144,f
4145,f
4146,t
4147,f
4148,f
4149,f
4150,f
4151,f
4152,f
4153,f
4154,f
4155,f
4156,f
4157,t
4158,f
4159,f
4160,f
4161,f
4162,t
4163,f
4164,t
4165,f
4166,No mencionado
4167,t
4168,f
4169,f
4170,No mencionado
4171,f
4172,f
4173,t
4174,t
4175,t
4176,f
4177,f
4178,f
4179,t
4180,f
4181,f
4182,f
4183,f
4184,f
4185,t
4186,f
4187,f
4188,f
4189,f
4190,f
4191,f
4192,f
4193,t
4194,f
4195,f
4196,t
4197,t
4198,f
4199,t
4200,f
4201,f
4202,t
4203,t
4204,f
4205,f
4206,t
4207,f
4208,t
4209,No mencionado
4210,f
4211,f
4212,f
4213,f
4214,f
4215,f
4216,f
4217,t
4218,t
4219,t
4220,f
4221,f
4222,t
4223,t
4224,t
4225,f
4226,t
4227,f
4228,f
4229,t
4230,f
4231,t
4232,f
4233,f
4234,f
4235,f
4236,f
4237,t
4238,t
4239,t
4240,f
4241,f
4242,t
4243,f
4244,f
4245,f
4246,t
4247,t
4248,f
4249,f
4250,f
4251,t
4252,t
4253,f
4254,f
4255,f
4256,f
4257,f
4258,f
4259,f
4260,f
4261,f
4262,f
4263,t
4264,f
4265,f
4266,No mencionado
4267,f
4268,f
4269,f
4270,t
4271,f
4272,f
4273,f
4274,t
4275,f
4276,t
4277,t
4278,f
4279,No mencionado
4280,f
4281,f
4282,f
4283,t
4284,f
4285,f
4286,f
4287,f
4288,t
4289,f
4290,f
4291,f
4292,f
4293,f
4294,f
4295,f
4296,t
4297,f
4298,t
4299,f
4300,f
4301,f
4302,f
4303,f
4304,f
4305,f
4306,t
4307,t
4308,f
4309,f
4310,f
4311,f
4312,f
4313,f
4314,f
4315,t
4316,f
4317,t
4318,f
4319,t
4320,f
4321,t
4322,f
4323,f
4324,f
4325,f
4326,f
4327,f
4328,t
4329,t
4330,t
4331,f
4332,f
4333,t
4334,f
4335,t
4336,t
4337,f
4338,No mencionado
4339,f
4340,No mencionado
4341,f
4342,f
4343,f
4344,t
4345,t
4346,f
4347,No mencionado
4348,t
4349,f
4350,f
4351,f
4352,f
4353,f
4354,f
4355,t
4356,No mencionado
4357,t
4358,f
4359,t
4360,t
4361,t
4362,f
4363,f
4364,t
4365,t
4366,t
4367,f
4368,f
4369,f
4370,f
4371,f
4372,f
4373,t
4374,t
4375,f
4376,t
4377,t
4378,t
4379,t
4380,f
4381,t
4382,f
4383,f
4384,f
4385,t
4386,t
4387,f
4388,t
4389,f
4390,t
4391,t
4392,t
4393,t
4394,t
4395,t
4396,f
4397,f
4398,f
4399,t
4400,f
4401,f
4402,f
4403,t
4404,t
4405,t
4406,No mencionado
4407,f
4408,f
4409,f
4410,f
4411,f
4412,t
4413,t
4414,f
4415,f
4416,f
4417,t
4418,f
4419,t
4420,f
4421,t
4422,t
4423,t
4424,f
4425,f
4426,f
4427,f
4428,t
4429,f
4430,t
4431,t
4432,f
4433,f
4434,f
4435,t
4436,t
4437,t
4438,t
4439,f
4440,f
4441,t
4442,t
4443,t
4444,f
4445,t
4446,f
4447,t
4448,f
4449,f
4450,t
4451,f
4452,f
4453,f
4454,f
4455,t
4456,t
4457,f
4458,f
4459,f
4460,f
4461,f
4462,t
4463,f
4464,f
4465,f
4466,f
4467,f
4468,f
4469,f
4470,t
4471,f
4472,t
4473,f
4474,f
4475,f
4476,t
4477,f
4478,t
4479,f
4480,f
4481,t
4482,f
4483,f
4484,t
4485,t
4486,t
4487,f
4488,f
4489,f
4490,t
4491,t
4492,t
4493,f
4494,f
4495,f
4496,f
4497,f
4498,f
4499,f
4500,f
4501,f
4502,f
4503,f
4504,t
4505,f
4506,f
4507,f
4508,f
4509,f
4510,f
4511,t
4512,f
4513,f
4514,f
4515,t
4516,f
4517,t
4518,f
4519,f
4520,f
4521,t
4522,f
4523,t
4524,f
4525,f
4526,f
4527,f
4528,f
4529,f
4530,f
4531,t
4532,f
4533,f
4534,f
4535,f
4536,f
4537,f
4538,f
4539,f
4540,f
4541,f
4542,f
4543,t
4544,t
4545,f
4546,f
4547,f
4548,f
4549,f
4550,t
4551,t
4552,t
4553,t
4554,t
4555,f
4556,f
4557,t
4558,t
4559,t
4560,t
4561,f
4562,f
4563,f
4564,f
4565,f
4566,f
4567,f
4568,f
4569,f
4570,f
4571,f
4572,f
4573,f
4574,f
4575,f
4576,f
4577,f
4578,f
4579,f
4580,f
4581,t
4582,t
4583,No mencionado
4584,No mencionado
4585,f
4586,t
4587,f
4588,f
4589,f
4590,f
4591,f
4592,f
4593,f
4594,f
4595,f
4596,f
4597,f
4598,f
4599,t
4600,f
4601,f
4602,t
4603,f
4604,No mencionado
4605,f
4606,f
4607,f
4608,t
4609,f
4610,t
4611,f
4612,f
4613,No mencionado
4614,t
4615,f
4616,f
4617,f
4618,f
4619,f
4620,f
4621,f
4622,f
4623,t
4624,t
4625,t
4626,t
4627,t
4628,t
4629,t
4630,f
4631,t
4632,f
4633,f
4634,f
4635,No mencionado
4636,f
4637,t
4638,f
4639,f
4640,f
4641,f
4642,f
4643,f
4644,f
4645,f
4646,f
4647,f
4648,f
4649,f
4650,No mencionado
4651,t
4652,t
4653,f
4654,f
4655,f
4656,t
4657,f
4658,t
4659,f
4660,f
4661,f
4662,t
4663,f
4664,f
4665,t
4666,t
4667,t
4668,No mencionado
4669,f
4670,t
4671,f
4672,t
4673,t
4674,t
4675,t
4676,t
4677,t
4678,f
4679,f
4680,t
4681,t
4682,f
4683,f
4684,t
4685,t
4686,f
4687,t
4688,f
4689,t
4690,f
4691,t
4692,f
4693,t
4694,t
4695,f
4696,f
4697,f
4698,t
4699,f
4700,f
4701,f
4702,t
4703,f
4704,t
4705,t
4706,t
4707,f
4708,t
4709,f
4710,f
4711,No mencionado
4712,f
4713,f
4714,No mencionado
4715,No mencionado
4716,f
4717,No mencionado
4718,t
4719,t
4720,f
4721,f
4722,f
4723,t
4724,t
4725,f
4726,f
4727,f
4728,f
4729,f
4730,f
4731,No mencionado
4732,No mencionado
4733,No mencionado
4734,No mencionado
4735,f
4736,f
4737,t
4738,t
4739,f
4740,f
4741,No mencionado
4742,f
4743,f
4744,f
4745,t
4746,f
4747,f
4748,f
4749,f
4750,f
4751,f
4752,f
4753,t
4754,f
4755,f
4756,f
4757,f
4758,f
4759,t
4760,f
4761,f
4762,f
4763,t
4764,t
4765,t
4766,t
4767,t
4768,t
4769,f
4770,t
4771,f
4772,t
4773,t
4774,f
4775,f
4776,f
4777,t
4778,t
4779,t
4780,f
4781,f
4782,f
4783,t
4784,f
4785,f
4786,f
4787,f
4788,f
4789,f
4790,t
4791,f
4792,f
4793,f
4794,f
4795,f
4796,f
4797,f
4798,f
4799,t
4800,f
4801,f
4802,f
4803,f
4804,f
4805,f
4806,f
4807,f
4808,f
4809,f
4810,t
4811,t
4812,t
4813,f
4814,t
4815,f
4816,f
4817,t
4818,t
4819,f
4820,f
4821,t
4822,f
4823,t
4824,t
4825,t
4826,f
4827,f
4828,f
4829,No mencionado
4830,No mencionado
4831,f
4832,t
4833,f
4834,f
4835,f
4836,f
4837,f
4838,t
4839,f
4840,f
4841,f
4842,t
4843,t
4844,t
4845,f
4846,t
4847,t
4848,t
4849,t
4850,t
4851,t
4852,f
4853,No mencionado
4854,t
4855,f
4856,f
4857,f
4858,f
4859,t
4860,f
4861,f
4862,f
4863,No mencionado
4864,f
4865,f
4866,No mencionado
4867,f
4868,f
4869,f
4870,f
4871,t
4872,f
4873,f
4874,f
4875,f
4876,f
4877,t
4878,f
4879,t
4880,t
4881,t
4882,t
4883,f
4884,f
4885,f
4886,f
4887,t
4888,f
4889,f
4890,t
4891,t
4892,f
4893,f
4894,f
4895,f
4896,f
4897,t
4898,f
4899,t
4900,t
4901,t
4902,t
4903,t
4904,f
4905,f
4906,f
4907,f
4908,t
4909,t
4910,t
4911,t
4912,f
4913,f
4914,f
4915,f
4916,f
4917,t
4918,f
4919,f
4920,f
4921,f
4922,f
4923,f
4924,f
4925,f
4926,t
4927,No mencionado
4928,No mencionado
4929,No mencionado
4930,f
4931,f
4932,f
4933,f
4934,f
4935,f
4936,f
4937,t
4938,t
4939,f
4940,f
4941,t
4942,t
4943,t
4944,t
4945,No mencionado
4946,t
4947,f
4948,t
4949,t
4950,t
4951,f
4952,No mencionado
4953,No mencionado
4954,f
4955,t
4956,t
4957,t
4958,f
4959,No mencionado
4960,t
4961,f
4962,f
4963,t
4964,f
4965,No mencionado
4966,f
4967,f
4968,f
4969,t
4970,f
4971,f
4972,t
4973,f
4974,f
4975,f
4976,f
4977,f
4978,No mencionado
4979,t
4980,f
4981,f
4982,t
4983,f
4984,f
4985,No mencionado
4986,t
4987,t
4988,f
4989,f
4990,f
4991,f
4992,t
4993,f
4994,f
4995,No mencionado
4996,t
4997,t
4998,t
4999,t
5000,f
5001,No mencionado
5002,f
5003,f
5004,No mencionado
5005,f
5006,f
5007,f
5008,t
5009,f
5010,f
5011,t
5012,f
5013,f
5014,f
5015,f
5016,t
5017,f
5018,f
5019,f
5020,f
5021,f
5022,f
5023,f
5024,t
5025,f
5026,t
5027,f
5028,f
5029,f
5030,t
5031,f
5032,t
5033,f
5034,f
5035,f
5036,f
5037,f
5038,f
5039,t
5040,f
5041,f
5042,f
5043,f
5044,t
5045,t
5046,f
5047,f
5048,f
5049,f
5050,f
5051,f
5052,No mencionado
5053,f
5054,t
5055,f
5056,t
5057,f
5058,f
5059,t
5060,t
5061,f
5062,f
5063,f
5064,f
5065,f
5066,t
5067,No mencionado
5068,t
5069,t
5070,t
5071,t
5072,No mencionado
5073,f
5074,t
5075,f
5076,No mencionado
5077,f
5078,f
5079,f
5080,t
5081,f
5082,t
5083,f
5084,No mencionado
5085,f
5086,f
5087,f
5088,No mencionado
5089,f
5090,t
5091,f
5092,t
5093,f
5094,f
5095,f
5096,f
5097,t
5098,f
5099,f
5100,t
5101,f
5102,f
5103,f
5104,t
5105,f
5106,f
5107,t
5108,f
5109,f
5110,f
5111,t
5112,t
5113,t
5114,f
5115,f
5116,t
5117,f
5118,t
5119,f
5120,f
5121,f
5122,f
5123,f
5124,f
5125,t
5126,f
5127,f
5128,f
5129,f
5130,f
5131,t
5132,f
5133,t
5134,f
5135,f
5136,t
5137,f
5138,f
5139,f
5140,f
5141,f
5142,f
5143,f
5144,t
5145,No mencionado
5146,t
5147,f
5148,f
5149,f
5150,f
5151,t
5152,f
5153,f
5154,f
5155,f
5156,t
5157,f
5158,f
5159,f
5160,t
5161,t
5162,f
5163,t
5164,f
5165,t
5166,No mencionado
5167,f
5168,f
5169,No mencionado
5170,f
5171,f
5172,f
5173,f
5174,f
5175,f
5176,f
5177,f
5178,t
5179,t
5180,t
5181,f
5182,t
5183,t
5184,f
5185,f
5186,t
5187,f
5188,t
5189,t
5190,t
5191,No mencionado
5192,t
5193,t
5194,t
5195,t
5196,f
5197,t
5198,t
5199,f
5200,f
5201,f
5202,t
5203,f
5204,t
5205,t
5206,t
5207,f
5208,f
5209,f
5210,f
5211,f
5212,t
5213,f
5214,f
5215,t
5216,t
5217,t
5218,f
5219,No mencionado
5220,f
5221,f
5222,t
5223,t
5224,f
5225,t
5226,f
5227,f
5228,f
5229,f
5230,f
5231,f
5232,t
5233,f
5234,f
5235,t
5236,f
5237,t
5238,f
5239,f
5240,f
5241,f
5242,f
5243,t
5244,t
5245,t
5246,f
5247,f
5248,f
5249,f
5250,t
5251,t
5252,f
5253,f
5254,f
5255,f
5256,f
5257,f
5258,f
5259,t
5260,f
5261,f
5262,f
5263,f
5264,f
5265,t
5266,f
5267,f
5268,f
5269,f
5270,t
5271,f
5272,f
5273,t
5274,t
5275,f
5276,f
5277,t
5278,f
5279,f
5280,f
5281,f
5282,t
5283,f
5284,f
5285,t
5286,f
5287,f
5288,f
5289,f
5290,f
5291,f
5292,f
5293,f
5294,f
5295,f
5296,f
5297,f
5298,f
5299,f
5300,t
5301,f
5302,f
5303,f
5304,f
5305,f
5306,f
5307,f
5308,f
5309,f
5310,f
5311,f
5312,f
5313,f
5314,f
5315,f
5316,f
5317,f
5318,No mencionado
5319,f
5320,f
5321,f
5322,t
5323,t
5324,f
5325,f
5326,t
5327,f
5328,f
5329,t
5330,f
5331,t
5332,No mencionado
5333,t
5334,t
5335,f
5336,f
5337,t
5338,t
5339,f
5340,t
5341,t
5342,t
5343,t
5344,f
5345,t
5346,f
5347,t
5348,t
5349,t
5350,t
5351,t
5352,t
5353,t
5354,t
5355,t
5356,f
5357,f
5358,t
5359,t
5360,t
5361,f
5362,f
5363,t
5364,f
5365,f
5366,t
5367,f
5368,f
5369,f
5370,f
5371,f
5372,f
5373,t
5374,t
5375,t
5376,f
5377,f
5378,f
5379,t
5380,t
5381,t
5382,t
5383,f
5384,f
5385,f
5386,f
5387,f
5388,f
5389,f
5390,t
5391,t
5392,f
5393,f
5394,f
5395,f
5396,f
5397,f
5398,f
5399,f
5400,f
5401,f
5402,f
5403,f
5404,f
5405,t
5406,f
5407,f
5408,t
5409,f
5410,f
5411,f
5412,f
5413,f
5414,t
5415,f
5416,f
5417,f
5418,t
5419,f
5420,t
5421,f
5422,t
5423,f
5424,No mencionado
5425,f
5426,f
5427,t
5428,f
5429,t
5430,f
5431,f
5432,No mencionado
5433,No mencionado
5434,f
5435,f
5436,f
5437,f
5438,f
5439,f
5440,f
5441,t
5442,f
5443,f
5444,f
5445,f
5446,f
5447,f
5448,f
5449,f
5450,f
5451,f
5452,f
5453,f
5454,f
5455,f
5456,f
5457,f
5458,t
5459,f
5460,f
5461,f
5462,f
5463,f
5464,f
5465,f
5466,f
5467,f
5468,f
5469,f
5470,f
5471,f
5472,f
5473,f
5474,t
5475,f
5476,f
5477,f
5478,f
5479,t
5480,f
5481,f
5482,f
5483,f
5484,t
5485,t
5486,f
5487,f
5488,f
5489,f
5490,f
5491,f
5492,f
5493,t
5494,f
5495,f
5496,f
5497,f
5498,f
5499,No mencionado
5500,f
5501,f
5502,t
5503,t
5504,f
5505,No mencionado
5506,f
5507,f
5508,f
5509,f
5510,f
5511,f
5512,t
5513,f
5514,f
5515,t
5516,f
5517,f
5518,f
5519,f
5520,f
5521,t
5522,t
5523,t
5524,t
5525,f
5526,t
5527,t
5528,f
5529,t
5530,t
5531,t
5532,t
5533,f
5534,t
5535,t
5536,t
5537,f
5538,f
5539,t
5540,t
5541,t
5542,t
5543,f
5544,f
5545,f
5546,f
5547,f
5548,t
5549,f
5550,f
5551,f
5552,t
5553,f
5554,f
5555,f
5556,f
5557,f
5558,f
5559,t
5560,f
5561,t
5562,t
5563,f
5564,t
5565,f
5566,f
5567,f
5568,f
5569,t
5570,f
5571,f
5572,f
5573,t
5574,t
5575,f
5576,f
5577,t
5578,t
5579,f
5580,f
5581,f
5582,f
5583,f
5584,f
5585,f
5586,f
5587,f
5588,t
5589,t
5590,t
5591,f
5592,f
5593,f
5594,f
5595,f
5596,f
5597,t
5598,f
5599,f
5600,f
5601,f
5602,f
5603,f
5604,f
5605,f
5606,f
5607,f
5608,f
5609,f
5610,f
5611,f
5612,f
5613,t
5614,f
5615,f
5616,f
5617,f
5618,t
5619,f
5620,f
5621,f
5622,f
5623,t
5624,f
5625,f
5626,t
5627,t
5628,f
5629,f
5630,t
5631,f
5632,f
5633,f
5634,f
5635,f
5636,f
5637,f
5638,f
5639,t
5640,t
5641,f
5642,f
5643,f
5644,f
5645,f
5646,t
5647,t
5648,f
5649,f
5650,f
5651,t
5652,t
5653,f
5654,f
5655,t
5656,No mencionado
5657,t
5658,t
5659,f
5660,f
5661,f
5662,f
5663,f
5664,f
5665,f
5666,f
5667,f
5668,f
5669,f
5670,f
5671,f
5672,t
5673,f
5674,t
5675,f
5676,f
5677,f
5678,No mencionado
5679,f
5680,No mencionado
5681,No mencionado
5682,t
5683,f
5684,t
5685,t
5686,f
5687,f
5688,f
5689,t
5690,f
5691,t
5692,t
5693,f
5694,f
5695,t
5696,f
5697,f
5698,f
5699,t
5700,t
5701,t
5702,f
5703,t
5704,t
5705,f
5706,f
5707,t
5708,t
5709,No mencionado
5710,f
5711,f
5712,f
5713,t
5714,t
5715,f
5716,f
5717,f
5718,f
5719,f
5720,f
5721,f
5722,t
5723,t
5724,t
5725,f
5726,f
5727,f
5728,f
5729,t
5730,f
5731,t
5732,f
5733,t
5734,f
5735,f
5736,f
5737,f
5738,f
5739,f
5740,t
5741,f
5742,f
5743,f
5744,f
5745,f
5746,f
5747,f
5748,t
5749,f
5750,f
5751,f
5752,f
5753,f
5754,f
5755,f
5756,f
5757,f
5758,f
5759,t
5760,f
5761,f
5762,f
5763,t
5764,f
5765,f
5766,f
5767,No mencionado
5768,f
5769,f
5770,f
5771,f
5772,f
5773,f
5774,f
5775,f
5776,f
5777,f
5778,t
5779,f
5780,f
5781,f
5782,f
5783,f
5784,f
5785,t
5786,f
5787,f
5788,f
5789,f
5790,f
5791,f
5792,f
5793,No mencionado
5794,t
5795,f
5796,f
5797,f
5798,f
5799,f
5800,f
5801,t
5802,f
5803,f
5804,f
5805,f
5806,f
5807,t
5808,t
5809,f
5810,f
5811,f
5812,f
5813,f
5814,t
5815,No mencionado
5816,t
5817,f
5818,f
5819,f
5820,f
5821,t
5822,f
5823,f
5824,f
5825,f
5826,f
5827,No mencionado
5828,t
5829,f
5830,t
5831,No mencionado
5832,f
5833,t
5834,f
5835,f
5836,t
5837,No mencionado
5838,f
5839,t
5840,t
5841,f
5842,t
5843,f
5844,f
5845,f
5846,t
5847,t
5848,f
5849,f
5850,f
5851,t
5852,t
5853,f
5854,f
5855,f
5856,f
5857,t
5858,t
5859,f
5860,f
5861,t
5862,f
5863,t
5864,f
5865,f
5866,f
5867,f
5868,f
5869,f
5870,f
5871,f
5872,f
5873,f
5874,f
5875,f
5876,f
5877,f
5878,f
5879,f
5880,f
5881,t
5882,f
5883,t
5884,f
5885,f
5886,f
5887,f
5888,f
5889,f
5890,f
5891,f
5892,f
5893,f
5894,f
5895,f
5896,f
5897,f
5898,t
5899,f
5900,f
5901,t
5902,No mencionado
5903,f
5904,f
5905,t
5906,t
5907,t
5908,f
5909,f
5910,f
5911,f
5912,f
5913,f
5914,f
5915,f
5916,f
5917,f
5918,f
5919,f
5920,f
5921,t
5922,f
5923,f
5924,f
5925,f
5926,No mencionado
5927,No mencionado
5928,f
5929,f
5930,f
5931,t
5932,t
5933,t
5934,t
5935,No mencionado
5936,f
5937,f
5938,f
5939,f
5940,f
5941,f
5942,f
5943,t
5944,f
5945,f
5946,t
5947,f
5948,t
5949,t
5950,t
5951,t
5952,t
5953,f
5954,f
5955,f
5956,f
5957,f
5958,f
5959,f
5960,f
5961,t
5962,f
5963,f
5964,f
5965,No mencionado
5966,f
5967,t
5968,f
5969,f
5970,f
5971,f
5972,t
5973,t
5974,t
5975,f
5976,f
5977,f
5978,t
5979,t
5980,f
5981,t
5982,f
5983,t
5984,f
5985,t
5986,t
5987,t
5988,t
5989,t
5990,f
5991,t
5992,t
5993,f
5994,f
5995,t
5996,f
5997,f
5998,t
5999,f
6000,f
6001,f
6002,t
6003,t
6004,f
6005,f
6006,f
6007,f
6008,f
6009,t
6010,f
6011,f
6012,t
6013,t
6014,f
6015,f
6016,f
6017,f
6018,f
6019,f
6020,f
6021,f
6022,f
6023,t
6024,f
6025,f
6026,f
6027,f
6028,No mencionado
6029,f
6030,f
6031,f
6032,f
6033,f
6034,t
6035,f
6036,f
6037,f
6038,f
6039,t
6040,f
6041,No mencionado
6042,t
6043,t
6044,f
6045,f
6046,f
6047,f
6048,t
6049,t
6050,f
6051,f
6052,t
6053,t
6054,f
6055,f
6056,f
6057,f
6058,f
6059,t
6060,t
6061,f
6062,f
6063,f
6064,f
6065,f
6066,f
6067,f
6068,f
6069,f
6070,f
6071,f
6072,f
6073,f
6074,f
6075,t
6076,f
6077,f
6078,f
6079,t
6080,f
6081,f
6082,t
6083,f
6084,f
6085,f
6086,No mencionado
6087,No mencionado
6088,No mencionado
6089,f
6090,f
6091,f
6092,f
6093,No mencionado
6094,t
6095,f
6096,f
6097,t
6098,f
6099,f
6100,f
6101,f
6102,f
6103,f
6104,f
6105,f
6106,t
6107,f
6108,f
6109,f
6110,f
6111,f
6112,f
6113,f
6114,f
6115,f
6116,f
6117,f
6118,f
6119,f
6120,f
6121,f
6122,t
6123,f
6124,f
6125,f
6126,t
6127,t
6128,f
6129,f
6130,f
6131,f
6132,f
6133,t
6134,f
6135,f
6136,f
6137,f
6138,f
6139,t
6140,f
6141,f
6142,t
6143,f
6144,f
6145,f
6146,f
6147,f
6148,f
6149,f
6150,f
6151,t
6152,f
6153,t
6154,f
6155,f
6156,f
6157,t
6158,f
6159,f
6160,t
6161,f
6162,t
6163,t
6164,t
6165,t
6166,f
6167,f
6168,f
6169,f
6170,f
6171,t
6172,t
6173,t
6174,f
6175,t
6176,f
6177,f
6178,t
6179,t
6180,t
6181,f
6182,t
6183,f
6184,f
6185,f
6186,f
6187,f
6188,t
6189,f
6190,f
6191,t
6192,t
6193,t
6194,t
6195,f
6196,f
6197,t
6198,t
6199,f
6200,t
6201,f
6202,t
6203,t
6204,t
6205,t
6206,t
6207,f
6208,f
6209,f
6210,f
6211,f
6212,f
6213,f
6214,f
6215,f
6216,f
6217,f
6218,f
6219,f
6220,f
6221,f
6222,f
6223,f
6224,t
6225,f
6226,f
6227,f
6228,f
6229,t
6230,f
6231,f
6232,f
6233,f
6234,f
6235,f
6236,f
6237,t
6238,t
6239,f
6240,f
6241,f
6242,f
6243,f
6244,f
6245,f
6246,f
6247,t
6248,f
6249,t
6250,f
6251,t
6252,f
6253,f
6254,f
6255,f
6256,t
6257,f
6258,t
6259,f
6260,t
6261,f
6262,f
6263,t
6264,f
6265,t
6266,f
6267,t
6268,f
6269,t
6270,f
6271,t
6272,t
6273,t
6274,f
6275,f
6276,f
6277,f
6278,f
6279,t
6280,t
6281,t
6282,t
6283,f
6284,f
6285,t
6286,t
6287,f
6288,t
6289,f
6290,f
6291,f
6292,f
6293,f
6294,f
6295,f
6296,f
6297,f
6298,f
6299,f
6300,No mencionado
6301,f
6302,f
6303,f
6304,f
6305,f
6306,f
6307,No mencionado
6308,f
6309,t
6310,f
6311,f
6312,f
6313,f
6314,f
6315,t
6316,f
6317,t
6318,f
6319,f
6320,f
6321,f
6322,f
6323,f
6324,f
6325,f
6326,f
6327,t
6328,f
6329,f
6330,t
6331,f
6332,f
6333,t
6334,f
6335,t
6336,f
6337,t
6338,t
6339,t
6340,No mencionado
6341,f
6342,f
6343,t
6344,f
6345,t
6346,f
6347,t
6348,f
6349,f
6350,f
6351,f
6352,f
6353,f
6354,t
6355,t
6356,t
6357,t
6358,t
6359,t
6360,f
6361,f
6362,t
6363,f
6364,f
6365,f
6366,f
6367,f
6368,t
6369,f
6370,t
6371,f
6372,f
6373,f
6374,f
6375,f
6376,f
6377,f
6378,t
6379,f
6380,f
6381,f
6382,f
6383,f
6384,f
6385,f
6386,No mencionado
6387,f
6388,t
6389,f
6390,f
6391,f
6392,f
6393,t
6394,f
6395,t
6396,f
6397,f
6398,f
6399,f
6400,f
6401,f
6402,f
6403,f
6404,f
6405,f
6406,f
6407,f
6408,f
6409,f
6410,f
6411,f
6412,f
6413,f
6414,f
6415,f
6416,f
6417,f
6418,f
6419,f
6420,f
6421,f
6422,f
6423,f
6424,f
6425,f
6426,f
6427,f
6428,f
6429,t
6430,f
6431,f
6432,f
6433,f
6434,f
6435,f
6436,f
6437,f
6438,t
6439,f
6440,t
6441,f
6442,f
6443,f
6444,f
6445,f
6446,f
6447,f
6448,f
6449,t
6450,f
6451,f
6452,f
6453,f
6454,f
6455,No mencionado
6456,f
6457,t
6458,f
6459,t
6460,f
6461,t
6462,t
6463,t
6464,t
6465,t
6466,f
6467,f
6468,f
6469,f
6470,No mencionado
6471,f
6472,f
6473,f
6474,f
6475,t
6476,t
6477,t
6478,t
6479,t
6480,t
6481,f
6482,t
6483,f
6484,f
6485,f
6486,f
6487,f
6488,f
6489,t
6490,t
6491,f
6492,f
6493,f
6494,t
6495,f
6496,f
6497,f
6498,f
6499,f
6500,f
6501,f
6502,f
6503,f
6504,f
6505,f
6506,f
6507,f
6508,f
6509,f
6510,t
6511,t
6512,f
6513,t
6514,f
6515,f
6516,f
6517,f
6518,t
6519,t
6520,f
6521,f
6522,f
6523,f
6524,t
6525,t
6526,f
6527,t
6528,t
6529,f
6530,f
6531,t
6532,f
6533,f
6534,f
6535,f
6536,f
6537,f
6538,f
6539,f
6540,t
6541,f
6542,f
6543,f
6544,t
6545,f
6546,f
6547,f
6548,t
6549,t
6550,f
6551,f
6552,f
6553,f
6554,f
6555,f
6556,f
6557,f
6558,f
6559,f
6560,f
6561,f
6562,f
6563,t
6564,No mencionado
6565,f
6566,f
6567,f
6568,f
6569,f
6570,f
6571,t
6572,t
6573,t
6574,f
6575,f
6576,f
6577,f
6578,f
6579,f
6580,t
6581,t
6582,f
6583,f
6584,t
6585,t
6586,f
6587,f
6588,f
6589,t
6590,t
6591,t
6592,f
6593,f
6594,f
6595,No mencionado
6596,f
6597,t
6598,t
6599,f
6600,t
6601,f
6602,f
6603,t
6604,t
6605,f
6606,f
6607,f
6608,f
6609,f
6610,f
6611,f
6612,t
6613,f
6614,t
6615,t
6616,f
6617,f
6618,f
6619,f
6620,f
6621,f
6622,f
6623,t
6624,f
6625,t
6626,f
6627,t
6628,f
6629,f
6630,f
6631,f
6632,f
6633,f
6634,f
6635,f
6636,f
6637,f
6638,f
6639,f
6640,f
6641,f
6642,f
6643,f
6644,f
6645,f
6646,f
6647,f
6648,f
6649,f
6650,f
6651,f
6652,f
6653,f
6654,f
6655,f
6656,f
6657,t
6658,f
6659,t
6660,f
6661,f
6662,t
6663,t
6664,t
6665,f
6666,f
6667,f
6668,f
6669,f
6670,t
6671,f
6672,f
6673,f
6674,f
6675,f
6676,f
6677,f
6678,f
6679,f
6680,t
6681,No mencionado
6682,f
6683,f
6684,f
6685,f
6686,f
6687,t
6688,t
6689,f
6690,t
6691,f
6692,f
6693,f
6694,f
6695,f
6696,No mencionado
6697,f
6698,f
6699,f
6700,f
6701,f
6702,f
6703,t
6704,f
6705,f
6706,f
6707,t
6708,f
6709,f
6710,f
6711,f
6712,t
6713,t
6714,t
6715,f
6716,f
6717,f
6718,t
6719,f
6720,t
6721,t
6722,t
6723,f
6724,f
6725,f
6726,f
6727,f
6728,f
6729,f
6730,f
6731,f
6732,No mencionado
6733,f
6734,f
6735,f
6736,f
6737,f
6738,f
6739,f
6740,f
6741,f
6742,f
6743,f
6744,f
6745,t
6746,f
6747,t
6748,f
6749,f
6750,f
6751,f
6752,f
6753,f
6754,f
6755,f
6756,f
6757,f
6758,f
6759,f
6760,f
6761,f
6762,f
6763,f
6764,f
6765,f
6766,f
6767,f
6768,f
6769,f
6770,f
6771,f
6772,f
6773,f
6774,f
6775,f
6776,f
6777,f
6778,f
6779,f
6780,t
6781,f
6782,f
6783,f
6784,f
6785,f
6786,f
6787,f
6788,f
6789,f
6790,f
6791,f
6792,f
6793,f
6794,f
6795,f
6796,f
6797,f
6798,f
6799,f
6800,f
6801,f
6802,f
6803,f
6804,f
6805,f
6806,f
6807,f
6808,f
6809,f
6810,f
6811,f
6812,f
6813,f
6814,f
6815,f
6816,f
6817,f
6818,f
6819,f
6820,f
6821,f
6822,f
6823,f
6824,f
6825,f
6826,f
6827,f
6828,f
6829,f
6830,f
6831,f
6832,f
6833,f
6834,f
6835,f
6836,f
6837,f
6838,f
6839,f
6840,f
6841,f
6842,f
6843,f
6844,f
6845,f
6846,f
6847,f
6848,f
6849,f
6850,f
6851,f
6852,t
6853,f
6854,f
6855,f
6856,No mencionado
6857,f
6858,No mencionado
6859,f
6860,f
6861,t
6862,t
6863,No mencionado
6864,f
6865,t
6866,f
6867,f
6868,f
6869,f
6870,f
6871,f
6872,f
6873,f
6874,f
6875,f
6876,f
6877,f
6878,f
6879,f
6880,f
6881,f
6882,f
6883,f
6884,f
6885,f
6886,f
6887,f
6888,f
6889,f
6890,f
6891,f
6892,f
6893,f
6894,f
6895,f
6896,f
6897,f
6898,f
6899,f
6900,f
6901,f
6902,f
6903,f
6904,f
6905,f
6906,t
6907,t
6908,f
6909,f
6910,f
6911,f
6912,t
6913,t
6914,t
6915,f
6916,f
6917,f
6918,f
6919,f
6920,f
6921,f
6922,f
6923,f
6924,f
6925,f
6926,f
6927,f
6928,f
6929,f
6930,f
6931,f
6932,f
6933,f
6934,f
6935,f
6936,f
6937,f
6938,f
6939,f
6940,t
6941,f
6942,f
6943,f
6944,f
6945,f
6946,f
6947,f
6948,f
6949,f
6950,f
6951,f
6952,f
6953,f
6954,f
6955,f
6956,f
6957,f
6958,f
6959,f
6960,f
6961,f
6962,f
6963,f
6964,f
6965,f
6966,f
6967,f
6968,f
6969,f
6970,f
6971,f
6972,f
6973,f
6974,f
6975,f
6976,f
6977,f
6978,f
6979,f
6980,f
6981,f
6982,f
6983,f
6984,f
6985,f
6986,f
6987,f
6988,f
6989,f
6990,f
6991,f
6992,f
6993,f
6994,f
6995,f
6996,f
6997,f
6998,f
6999,f
7000,f
7001,f
7002,f
7003,f
7004,f
7005,f
7006,f
7007,f
7008,f
7009,f
7010,f
7011,f
7012,f
7013,f
7014,f
7015,f
7016,f
7017,f
7018,f
7019,f
7020,f
7021,f
7022,f
7023,f
7024,f
7025,f
7026,f
7027,f
7028,f
7029,f
7030,t
7031,f
7032,f
7033,t
7034,f
7035,t
7036,f
7037,f
7038,f
7039,t
7040,f
7041,t
7042,f
7043,f
7044,f
7045,f
7046,f
7047,f
7048,f
7049,f
7050,f
7051,f
7052,t
7053,f
7054,f
7055,f
7056,f
7057,f
7058,f
7059,f
7060,f
7061,t
7062,t
7063,f
7064,No mencionado
7065,f
7066,f
7067,t
7068,f
7069,f
7070,f
7071,f
7072,f
7073,f
7074,f
7075,f
7076,f
7077,f
7078,f
7079,t
7080,t
7081,f
7082,t
7083,f
7084,f
7085,f
7086,f
7087,f
7088,f
7089,f
7090,f
7091,f
7092,t
7093,f
7094,f
7095,f
7096,t
7097,f
7098,t
7099,No mencionado
7100,f
7101,f
7102,f
7103,f
7104,t
7105,t
7106,f
7107,f
7108,f
7109,t
7110,f
7111,t
7112,f
7113,f
7114,t
7115,t
7116,f
7117,t
7118,t
7119,f
7120,f
7121,f
7122,No mencionado
7123,t
7124,t
7125,t
7126,t
7127,f
7128,t
7129,t
7130,f
7131,t
7132,f
7133,f
7134,f
7135,t
7136,t
7137,t
7138,f
7139,f
7140,f
7141,f
7142,t
7143,f
7144,t
7145,f
7146,No mencionado
7147,f
7148,No mencionado
7149,f
7150,f
7151,f
7152,f
7153,f
7154,f
7155,f
7156,f
7157,f
7158,f
7159,t
7160,f
7161,f
7162,t
7163,f
7164,t
7165,f
7166,f
7167,f
7168,f
7169,f
7170,t
7171,f
7172,f
7173,f
7174,f
7175,t
7176,f
7177,f
7178,f
7179,f
7180,f
7181,f
7182,f
7183,f
7184,f
7185,f
7186,f
7187,t
7188,t
7189,f
7190,f
7191,t
7192,f
7193,t
7194,t
7195,f
7196,f
7197,t
7198,f
7199,t
7200,f
7201,f
7202,f
7203,t
7204,t
7205,f
7206,t
7207,f
7208,t
7209,f
7210,f
7211,f
7212,f
7213,f
7214,t
7215,f
7216,f
7217,f
7218,f
7219,f
7220,f
7221,f
7222,f
7223,f
7224,f
7225,f
7226,f
7227,f
7228,f
7229,f
7230,f
7231,f
7232,t
7233,t
7234,No mencionado
7235,t
7236,f
7237,t
7238,t
7239,t
7240,t
7241,f
7242,t
7243,t
7244,f
7245,t
7246,No mencionado
7247,f
7248,f
7249,t
7250,f
7251,f
7252,t
7253,f
7254,f
7255,f
7256,f
7257,f
7258,f
7259,t
7260,f
7261,f
7262,f
7263,f
7264,f
7265,f
7266,f
7267,No mencionado
7268,f
7269,f
7270,f
7271,f
7272,f
7273,f
7274,f
7275,f
7276,f
7277,f
7278,f
7279,t
7280,f
7281,t
7282,t
7283,f
7284,f
7285,f
7286,f
7287,t
7288,t
7289,f
7290,f
7291,t
7292,f
7293,f
7294,t
7295,f
7296,f
7297,f
7298,t
7299,f
7300,f
7301,f
7302,f
7303,t
7304,f
7305,f
7306,f
7307,f
7308,f
7309,t
7310,t
7311,f
7312,f
7313,t
7314,f
7315,f
7316,No mencionado
7317,f
7318,t
7319,f
7320,f
7321,t
7322,f
7323,f
7324,t
7325,f
7326,f
7327,f
7328,t
7329,t
7330,f
7331,t
7332,t
7333,t
7334,f
7335,f
7336,f
7337,t
7338,f
7339,t
7340,f
7341,f
7342,t
7343,t
7344,t
7345,t
7346,t
7347,t
7348,f
7349,No mencionado
7350,f
7351,t
7352,f
7353,t
7354,f
7355,f
7356,f
7357,f
7358,f
7359,f
7360,t
7361,f
7362,No mencionado
7363,f
7364,t
7365,t
7366,f
7367,t
7368,f
7369,t
7370,t
7371,t
7372,f
7373,f
7374,t
7375,f
7376,f
7377,t
7378,f
7379,f
7380,f
7381,f
7382,f
7383,No mencionado
7384,No mencionado
7385,t
7386,t
7387,t
7388,f
7389,f
7390,f
7391,f
7392,f
7393,f
7394,f
7395,t
7396,f
7397,f
7398,f
7399,f
7400,t
7401,f
7402,t
7403,f
7404,f
7405,f
7406,f
7407,f
7408,f
7409,f
7410,t
7411,f
7412,t
7413,f
7414,f
7415,t
7416,t
7417,f
7418,f
7419,f
7420,t
7421,f
7422,f
7423,f
7424,f
7425,f
7426,f
7427,t
7428,f
7429,t
7430,No mencionado
7431,f
7432,f
7433,f
7434,f
7435,t
7436,f
7437,f
7438,t
7439,f
7440,f
7441,f
7442,f
7443,f
7444,f
7445,No mencionado
7446,f
7447,t
7448,f
7449,f
7450,f
7451,f
7452,f
7453,f
7454,t
7455,f
7456,f
7457,f
7458,No mencionado
7459,f
7460,f
7461,f
7462,t
7463,t
7464,f
7465,f
7466,No mencionado
7467,f
7468,t
7469,f
7470,t
7471,f
7472,t
7473,f
7474,f
7475,t
7476,f
7477,f
7478,f
7479,f
7480,t
7481,f
7482,t
7483,t
7484,f
7485,f
7486,f
7487,f
7488,No mencionado
7489,f
7490,t
7491,t
7492,t
7493,No mencionado
7494,f
7495,t
7496,f
7497,t
7498,t
7499,f
7500,f
7501,f
7502,f
7503,f
7504,t
7505,t
7506,f
7507,f
7508,f
7509,f
7510,t
7511,t
7512,t
7513,t
7514,f
7515,f
7516,f
7517,f
7518,t
7519,t
7520,t
7521,t
7522,f
7523,f
7524,f
7525,f
7526,f
7527,t
7528,t
7529,f
7530,f
7531,f
7532,f
7533,t
7534,f
7535,t
7536,t
7537,t
7538,t
7539,No mencionado
7540,t
7541,f
7542,t
7543,f
7544,f
7545,f
7546,f
7547,f
7548,f
7549,f
7550,f
7551,f
7552,f
7553,f
7554,f
7555,f
7556,f
7557,f
7558,f
7559,f
7560,f
7561,f
7562,f
7563,f
7564,f
7565,f
7566,f
7567,f
7568,f
7569,f
7570,f
7571,f
7572,f
7573,f
7574,f
7575,f
7576,f
7577,f
7578,f
7579,f
7580,f
7581,f
7582,f
7583,f
7584,f
7585,f
7586,f
7587,f
7588,f
7589,f
7590,f
7591,f
7592,f
7593,f
7594,t
7595,f
7596,No mencionado
7597,f
7598,t
7599,f
7600,f
7601,f
7602,f
7603,f
7604,f
7605,f
7606,t
7607,f
7608,t
7609,t
7610,f
7611,t
7612,t
7613,t
7614,f
7615,f
7616,f
7617,f
7618,f
7619,f
7620,f
7621,f
7622,t
7623,t
7624,f
7625,f
7626,f
7627,f
7628,f
7629,f
7630,f
7631,t
7632,t
7633,t
7634,t
7635,t
7636,f
7637,f
7638,f
7639,f
7640,f
7641,f
7642,f
7643,f
7644,f
7645,f
7646,t
7647,f
7648,f
7649,t
7650,f
7651,f
7652,f
7653,f
7654,f
7655,No mencionado
7656,f
7657,f
7658,f
7659,f
7660,f
7661,f
7662,f
7663,f
7664,f
7665,f
7666,f
7667,f
7668,f
7669,f
7670,f
7671,f
7672,f
7673,f
7674,f
7675,f
7676,f
7677,f
7678,f
7679,t
7680,f
7681,t
7682,t
7683,f
7684,t
7685,f
7686,f
7687,f
7688,t
7689,t
7690,f
7691,f
7692,f
7693,f
7694,f
7695,f
7696,f
7697,f
7698,f
7699,f
7700,f
7701,f
7702,f
7703,f
7704,t
7705,f
7706,f
7707,t
7708,f
7709,f
7710,t
7711,f
7712,f
7713,f
7714,f
7715,t
7716,f
7717,f
7718,f
7719,f
7720,t
7721,f
7722,f
7723,t
7724,f
7725,f
7726,f
7727,f
7728,f
7729,f
7730,t
7731,f
7732,f
7733,f
7734,t
7735,f
7736,f
7737,f
7738,f
7739,f
7740,f
7741,f
7742,f
7743,f
7744,f
7745,t
7746,f
7747,t
7748,f
7749,t
7750,f
7751,f
7752,f
7753,f
7754,t
7755,t
7756,t
7757,t
7758,t
7759,f
7760,t
7761,t
7762,f
7763,f
7764,f
7765,f
7766,t
7767,t
7768,f
7769,f
7770,f
7771,t
7772,f
7773,f
7774,f
7775,t
7776,f
7777,t
7778,t
7779,f
7780,t
7781,t
7782,t
7783,f
7784,f
7785,f
7786,f
7787,f
7788,f
7789,f
7790,f
7791,t
7792,f
7793,f
7794,f
7795,f
7796,f
7797,f
7798,f
7799,No mencionado
7800,f
7801,f
7802,f
7803,t
7804,f
7805,f
7806,f
7807,f
7808,No mencionado
7809,No mencionado
7810,f
7811,f
7812,f
7813,t
7814,t
7815,f
7816,No mencionado
7817,f
7818,t
7819,f
7820,f
7821,t
7822,t
7823,f
7824,t
7825,t
7826,t
7827,f
7828,f
7829,t
7830,f
7831,t
7832,f
7833,f
7834,f
7835,f
7836,f
7837,f
7838,t
7839,f
7840,f
7841,f
7842,f
7843,f
7844,t
7845,t
7846,f
7847,t
7848,t
7849,t
7850,t
7851,t
7852,t
7853,f
7854,t
7855,f
7856,f
7857,f
7858,f
7859,t
7860,t
7861,t
7862,f
7863,t
7864,f
7865,t
7866,f
7867,t
7868,f
7869,f
7870,f
7871,t
7872,t
7873,f
7874,t
7875,f
7876,f
7877,f
7878,f
7879,f
7880,f
7881,f
7882,f
7883,t
7884,f
7885,f
7886,No mencionado
7887,f
7888,f
7889,f
7890,f
7891,f
7892,f
7893,f
7894,f
7895,f
7896,f
7897,t
7898,f
7899,f
7900,t
7901,f
7902,t
7903,No mencionado
7904,f
7905,f
7906,f
7907,t
7908,t
7909,t
7910,t
7911,f
7912,t
7913,f
7914,t
7915,t
7916,f
7917,f
7918,t
7919,f
7920,No mencionado
7921,f
7922,f
7923,f
7924,No mencionado
7925,t
7926,t
7927,f
7928,f
7929,f
7930,f
7931,t
7932,f
7933,f
7934,f
7935,f
7936,f
7937,t
7938,f
7939,t
7940,f
7941,f
7942,t
7943,f
7944,t
7945,f
7946,t
7947,f
7948,f
7949,t
7950,t
7951,f
7952,No mencionado
7953,t
7954,No mencionado
7955,f
7956,f
7957,t
7958,t
7959,t
7960,f
7961,t
7962,f
7963,f
7964,f
7965,t
7966,f
7967,f
7968,f
7969,f
7970,f
7971,f
7972,f
7973,f
7974,f
7975,f
7976,f
7977,f
7978,f
7979,t
7980,f
7981,f
7982,f
7983,f
7984,f
7985,f
7986,f
7987,f
7988,f
7989,f
7990,f
7991,f
7992,f
7993,f
7994,t
7995,f
7996,f
7997,f
7998,f
7999,f
8000,f
8001,f
8002,f
8003,t
8004,t
8005,t
8006,t
8007,f
8008,t
8009,t
8010,f
8011,f
8012,f
8013,f
8014,f
8015,No mencionado
8016,No mencionado
8017,t
8018,t
8019,f
8020,f
8021,f
8022,f
8023,t
8024,t
8025,f
8026,t
8027,t
8028,f
8029,f
8030,f
8031,f
8032,f
8033,f
8034,f
8035,f
8036,f
8037,f
8038,f
8039,t
8040,f
8041,t
8042,t
8043,f
8044,t
8045,f
8046,f
8047,f
8048,f
8049,f
8050,f
8051,f
8052,f
8053,f
8054,f
8055,t
8056,f
8057,f
8058,t
8059,f
8060,f
8061,f
8062,f
8063,f
8064,f
8065,f
8066,t
8067,f
8068,f
8069,f
8070,f
8071,t
8072,f
8073,f
8074,f
8075,f
8076,f
8077,t
8078,f
8079,t
8080,t
8081,f
8082,t
8083,t
8084,f
8085,f
8086,t
8087,f
8088,f
8089,f
8090,f
8091,f
8092,f
8093,f
8094,f
8095,f
8096,f
8097,f
8098,f
8099,No mencionado
8100,f
8101,f
8102,f
8103,t
8104,f
8105,f
8106,f
8107,f
8108,t
8109,f
8110,No mencionado
8111,t
8112,t
8113,t
8114,f
8115,f
8116,t
8117,f
8118,f
8119,f
8120,f
8121,f
8122,f
8123,f
8124,f
8125,f
8126,f
8127,f
8128,f
8129,f
8130,f
8131,f
8132,f
8133,t
8134,f
8135,f
8136,f
8137,f
8138,f
8139,f
8140,f
8141,f
8142,f
8143,f
8144,f
8145,f
8146,t
8147,f
8148,f
8149,f
8150,f
8151,f
8152,f
8153,f
8154,f
8155,f
8156,f
8157,f
8158,f
8159,f
8160,f
8161,t
8162,f
8163,f
8164,f
8165,f
8166,f
8167,f
8168,f
8169,f
8170,f
8171,t
8172,f
8173,f
8174,f
8175,f
8176,f
8177,t
8178,f
8179,f
8180,f
8181,t
8182,f
8183,f
8184,f
8185,f
8186,f
8187,f
8188,f
8189,t
8190,f
8191,f
8192,t
8193,t
8194,f
8195,f
8196,f
8197,f
8198,f
8199,f
8200,f
8201,f
8202,f
8203,t
8204,f
8205,f
8206,f
8207,f
8208,t
8209,t
8210,f
8211,f
8212,t
8213,t
8214,f
8215,f
8216,f
8217,t
8218,f
8219,f
8220,f
8221,f
8222,f
8223,f
8224,f
8225,f
8226,f
8227,f
8228,t
8229,f
8230,f
8231,f
8232,t
8233,f
8234,f
8235,f
8236,f
8237,f
8238,f
8239,f
8240,f
8241,t
8242,f
8243,f
8244,f
8245,f
8246,f
8247,No mencionado
8248,f
8249,t
8250,f
8251,f
8252,f
8253,f
8254,f
8255,f
8256,t
8257,f
8258,f
8259,f
8260,f
8261,f
8262,f
8263,f
8264,f
8265,f
8266,t
8267,f
8268,f
8269,f
8270,f
8271,f
8272,f
8273,f
8274,f
8275,t
8276,f
8277,f
8278,f
8279,f
8280,f
8281,f
8282,f
8283,f
8284,f
8285,t
8286,t
8287,t
8288,f
8289,f
8290,No mencionado
8291,f
8292,t
8293,f
8294,f
8295,f
8296,f
8297,f
8298,f
8299,f
8300,f
8301,f
8302,f
8303,f
8304,f
8305,f
8306,f
8307,f
8308,f
8309,f
8310,f
8311,f
8312,f
8313,f
8314,t
8315,t
8316,f
8317,f
8318,f
8319,f
8320,f
8321,f
8322,f
8323,f
8324,f
8325,f
8326,f
8327,f
8328,f
8329,f
8330,f
8331,f
8332,t
8333,f
8334,f
8335,f
8336,f
8337,f
8338,f
8339,f
8340,f
8341,f
8342,f
8343,f
8344,f
8345,f
8346,f
8347,f
8348,f
8349,f
8350,f
8351,No mencionado
8352,f
8353,No mencionado
8354,f
8355,f
8356,f
8357,f
8358,f
8359,f
8360,f
8361,f
8362,f
8363,f
8364,f
8365,f
8366,f
8367,f
8368,f
8369,f
8370,f
8371,f
8372,f
8373,f
8374,f
8375,f
8376,t
8377,f
8378,f
8379,f
8380,f
8381,f
8382,f
8383,f
8384,f
8385,t
8386,f
8387,f
8388,f
8389,f
8390,No mencionado
8391,No mencionado
8392,No mencionado
8393,f
8394,f
8395,f
8396,f
8397,f
8398,f
8399,t
8400,f
8401,f
8402,f
8403,f
8404,f
8405,t
8406,f
8407,f
8408,f
8409,f
8410,f
8411,f
8412,f
8413,f
8414,f
8415,f
8416,f
8417,f
8418,f
8419,f
8420,f
8421,f
8422,f
8423,f
8424,f
8425,f
8426,f
8427,f
8428,f
8429,f
8430,f
8431,f
8432,f
8433,f
8434,t
8435,f
8436,f
8437,f
8438,f
8439,f
8440,f
8441,f
8442,f
8443,f
8444,f
8445,f
8446,f
8447,f
8448,f
8449,t
8450,f
8451,f
8452,f
8453,f
8454,f
8455,f
8456,t
8457,f
8458,f
8459,t
8460,f
8461,f
8462,f
8463,f
8464,f
8465,f
8466,f
8467,f
8468,f
8469,t
8470,t
8471,f
8472,f
8473,f
8474,f
8475,t
8476,t
8477,f
8478,f
8479,f
8480,f
8481,f
8482,f
8483,t
8484,f
8485,f
8486,f
8487,f
8488,t
8489,f
8490,f
8491,t
8492,f
8493,f
8494,f
8495,f
8496,f
8497,f
8498,f
8499,f
8500,f
8501,f
8502,f
8503,f
8504,f
8505,f
8506,f
8507,f
8508,f
8509,f
8510,f
8511,f
8512,f
8513,f
8514,f
8515,f
8516,f
8517,f
8518,f
8519,f
8520,f
8521,f
8522,f
8523,f
8524,f
8525,f
8526,t
8527,f
8528,f
8529,f
8530,f
8531,f
8532,f
8533,f
8534,f
8535,f
8536,f
8537,f
8538,t
8539,f
8540,f
8541,f
8542,f
8543,f
8544,f
8545,f
8546,f
8547,f
8548,f
8549,f
8550,f
8551,f
8552,f
8553,f
8554,f
8555,f
8556,f
8557,f
8558,f
8559,f
8560,t
8561,f
8562,f
8563,f
8564,f
8565,f
8566,f
8567,f
8568,f
8569,f
8570,t
8571,f
8572,f
8573,f
8574,f
8575,f
8576,f
8577,f
8578,f
8579,f
8580,f
8581,f
8582,t
8583,f
8584,f
8585,f
8586,f
8587,f
8588,f
8589,f
8590,t
8591,f
8592,f
8593,f
8594,f
8595,f
8596,f
8597,f
8598,f
8599,f
8600,f
8601,f
8602,f
8603,f
8604,f
8605,f
8606,f
8607,f
8608,No mencionado
8609,f
8610,f
8611,f
8612,f
8613,f
8614,f
8615,f
8616,f
8617,f
8618,f
8619,f
8620,f
8621,f
8622,f
8623,f
8624,f
8625,t
8626,f
8627,f
8628,f
8629,f
8630,f
8631,f
8632,f
8633,f
8634,f
8635,f
8636,f
8637,f
8638,f
8639,f
8640,f
8641,f
8642,f
8643,No mencionado
8644,f
8645,f
8646,f
8647,f
8648,f
8649,f
8650,f
8651,f
8652,f
8653,f
8654,f
8655,f
8656,f
8657,f
8658,f
8659,No mencionado
8660,No mencionado
8661,t
8662,f
8663,f
8664,t
8665,f
8666,f
8667,f
8668,f
8669,f
8670,f
8671,f
8672,f
8673,f
8674,t
8675,f
8676,f
8677,t
8678,f
8679,f
8680,t
8681,f
8682,f
8683,f
8684,f
8685,f
8686,f
8687,f
8688,f
8689,f
8690,f
8691,t
8692,f
8693,f
8694,f
8695,f
8696,No mencionado
8697,f
8698,t
8699,f
8700,f
8701,f
8702,t
8703,f
8704,f
8705,No mencionado
8706,f
8707,f
8708,f
8709,f
8710,f
8711,f
8712,f
8713,f
8714,t
8715,f
8716,t
8717,f
8718,f
8719,f
8720,f
8721,f
8722,f
8723,f
8724,No mencionado
8725,f
8726,f
8727,f
8728,f
8729,f
8730,f
8731,f
8732,f
8733,f
8734,No mencionado
8735,f
8736,f
8737,f
8738,f
8739,f
8740,f
8741,f
8742,f
8743,f
8744,f
8745,f
8746,f
8747,f
8748,f
8749,f
8750,f
8751,f
8752,f
8753,f
8754,f
8755,f
8756,f
8757,f
8758,f
8759,f
8760,f
8761,f
8762,f
8763,f
8764,f
8765,f
8766,f
8767,f
8768,f
8769,f
8770,f
8771,f
8772,f
8773,f
8774,f
8775,f
8776,f
8777,f
8778,f
8779,f
8780,t
8781,f
8782,f
8783,f
8784,f
8785,f
8786,f
8787,f
8788,f
8789,f
8790,f
8791,f
8792,f
8793,t
8794,f
8795,f
8796,f
8797,t
8798,f
8799,f
8800,f
8801,t
8802,t
8803,t
8804,t
8805,f
8806,f
8807,f
8808,f
8809,f
8810,f
8811,f
8812,f
8813,t
8814,f
8815,f
8816,f
8817,f
8818,f
8819,f
8820,f
8821,t
8822,f
8823,f
8824,t
8825,f
8826,f
8827,f
8828,t
8829,t
8830,t
8831,f
8832,f
8833,f
8834,f
8835,f
8836,f
8837,f
8838,f
8839,f
8840,f
8841,f
8842,f
8843,t
8844,f
8845,f
8846,f
8847,f
8848,t
8849,f
8850,f
8851,f
8852,f
8853,f
8854,f
8855,f
8856,t
8857,f
8858,t
8859,f
8860,f
8861,f
8862,t
8863,f
8864,t
8865,f
8866,f
8867,f
8868,f
8869,f
8870,t
8871,f
8872,f
8873,f
8874,f
8875,f
8876,f
8877,f
8878,f
8879,f
8880,f
8881,f
8882,f
8883,f
8884,t
8885,f
8886,t
8887,f
8888,f
8889,f
8890,f
8891,f
8892,f
8893,f
8894,t
8895,f
8896,t
8897,f
8898,f
8899,t
8900,f
8901,f
8902,f
8903,t
8904,f
8905,No mencionado
8906,f
8907,t
8908,f
8909,f
8910,f
8911,f
8912,f
8913,f
8914,f
8915,f
8916,f
8917,f
8918,f
8919,f
8920,t
8921,f
8922,t
8923,f
8924,f
8925,f
8926,f
8927,f
8928,f
8929,f
8930,f
8931,f
8932,f
8933,f
8934,f
8935,f
8936,f
8937,f
8938,f
8939,f
8940,f
8941,f
8942,f
8943,f
8944,f
8945,f
8946,f
8947,f
8948,f
8949,f
8950,f
8951,f
8952,t
8953,f
8954,f
8955,f
8956,t
8957,f
8958,f
8959,f
8960,f
8961,f
8962,f
8963,f
8964,f
8965,t
8966,f
8967,t
8968,f
8969,f
8970,f
8971,No mencionado
8972,f
8973,f
8974,f
8975,f
8976,No mencionado
8977,f
8978,f
8979,f
8980,f
8981,f
8982,t
8983,f
8984,t
8985,f
8986,f
8987,f
8988,f
8989,f
8990,f
8991,f
8992,f
8993,f
8994,f
8995,f
8996,f
8997,No mencionado
8998,No mencionado
8999,f
9000,f
9001,f
9002,f
9003,f
9004,f
9005,f
9006,t
9007,t
9008,f
9009,f
9010,f
9011,f
9012,f
9013,f
9014,No mencionado
9015,f
9016,f
9017,f
9018,f
9019,f
9020,f
9021,f
9022,f
9023,f
9024,f
9025,f
9026,f
9027,f
9028,f
9029,f
9030,f
9031,f
9032,t
9033,f
9034,f
9035,f
9036,f
9037,f
9038,No mencionado
9039,f
9040,f
9041,f
9042,f
9043,f
9044,f
9045,f
9046,f
9047,f
9048,f
9049,f
9050,f
9051,f
9052,f
9053,f
9054,f
9055,f
9056,f
9057,f
9058,f
9059,f
9060,f
9061,f
9062,f
9063,No mencionado
9064,f
9065,f
9066,f
9067,No mencionado
9068,t
9069,f
9070,No mencionado
9071,No mencionado
9072,f
9073,No mencionado
9074,No mencionado
9075,No mencionado
9076,f
9077,No mencionado
9078,No mencionado
9079,No mencionado
9080,No mencionado
9081,No mencionado
9082,No mencionado
9083,f
9084,t
9085,f
9086,No mencionado
9087,f
9088,f
9089,f
9090,f
9091,f
9092,f
9093,f
9094,f
9095,f
9096,f
9097,f
9098,f
9099,f
9100,f
9101,f
9102,f
9103,f
9104,t
9105,f
9106,f
9107,f
9108,f
9109,f
9110,f
9111,t
9112,f
9113,f
9114,t
9115,t
9116,t
9117,f
9118,f
9119,t
9120,f
9121,f
9122,f
9123,f
9124,f
9125,f
9126,f
9127,f
9128,f
9129,f
9130,f
9131,f
9132,f
9133,f
9134,f
9135,f
9136,f
9137,No mencionado
9138,No mencionado
9139,f
9140,f
9141,f
9142,f
9143,f
9144,f
9145,f
9146,f
9147,f
9148,f
9149,f
9150,f
9151,f
9152,f
9153,f
9154,f
9155,f
9156,f
9157,t
9158,f
9159,t
9160,f
9161,t
9162,f
9163,f
9164,No mencionado
9165,f
9166,f
9167,f
9168,f
9169,No mencionado
9170,f
9171,f
9172,f
9173,f
9174,f
9175,f
9176,f
9177,f
9178,f
9179,f
9180,f
9181,t
9182,f
9183,f
9184,f
9185,f
9186,f
9187,f
9188,f
9189,t
9190,f
9191,f
9192,No mencionado
9193,f
9194,f
9195,f
9196,f
9197,f
9198,f
9199,f
9200,f
9201,f
9202,f
9203,No mencionado
9204,f
9205,f
9206,f
9207,f
9208,f
9209,f
9210,f
9211,f
9212,f
9213,f
9214,No mencionado
9215,f
9216,f
9217,f
9218,f
9219,f
9220,f
9221,f
9222,f
9223,f
9224,f
9225,f
9226,f
9227,f
9228,f
9229,No mencionado
9230,t
9231,No mencionado
9232,f
9233,f
9234,f
9235,f
9236,f
9237,t
9238,f
9239,f
9240,f
9241,f
9242,f
9243,f
9244,f
9245,f
9246,f
9247,f
9248,No mencionado
9249,f
9250,f
9251,f
9252,f
9253,f
9254,f
9255,f
9256,f
9257,f
9258,f
9259,f
9260,f
9261,f
9262,f
9263,f
9264,f
9265,f
9266,f
9267,f
9268,f
9269,f
9270,f
9271,t
9272,f
9273,f
9274,f
9275,f
9276,f
9277,f
9278,f
9279,f
9280,f
9281,f
9282,f
9283,f
9284,f
9285,f
9286,f
9287,f
9288,f
9289,t
9290,f
9291,f
9292,f
9293,f
9294,f
9295,f
9296,f
9297,t
9298,t
9299,f
9300,f
9301,f
9302,t
9303,f
9304,f
9305,f
9306,t
9307,f
9308,f
9309,f
9310,f
9311,f
9312,f
9313,f
9314,t
9315,f
9316,f
9317,f
9318,f
9319,f
9320,f
9321,f
9322,f
9323,f
9324,f
9325,f
9326,f
9327,f
9328,f
9329,f
9330,f
9331,f
9332,f
9333,f
9334,f
9335,f
9336,f
9337,f
9338,f
9339,t
9340,f
9341,f
9342,f
9343,f
9344,f
9345,f
9346,f
9347,f
9348,f
9349,t
9350,t
9351,f
9352,f
9353,f
9354,f
9355,f
9356,f
9357,f
9358,f
9359,f
9360,f
9361,f
9362,f
9363,f
9364,t
9365,t
9366,t
9367,f
9368,f
9369,f
9370,f
9371,f
9372,t
9373,f
9374,f
9375,t
9376,f
9377,f
9378,f
9379,f
9380,f
9381,f
9382,f
9383,f
9384,f
9385,f
9386,f
9387,f
9388,f
9389,f
9390,f
9391,f
9392,f
9393,f
9394,f
9395,f
9396,f
9397,t
9398,f
9399,f
9400,f
9401,f
9402,f
9403,f
9404,f
9405,f
9406,f
9407,f
9408,f
9409,f
9410,f
9411,f
9412,f
9413,f
9414,f
9415,f
9416,f
9417,f
9418,f
9419,f
9420,f
9421,f
9422,f
9423,f
9424,f
9425,f
9426,No mencionado
9427,f
9428,f
9429,f
9430,f
9431,f
9432,f
9433,f
9434,f
9435,f
9436,f
9437,f
9438,t
9439,f
9440,f
9441,t
9442,f
9443,f
9444,f
9445,f
9446,f
