,rese√±as_por_mes
0,1.01
1,0.01
2,1.68
3,3.31
4,1.17
5,0.07
6,1.2
7,2.16
8,1.57
9,0.02
10,0.41
11,1.02
12,3.15
13,0.61
14,0.89
15,--
16,1.11
17,1.41
18,0.55
19,0.24
20,4.12
21,1.66
22,0.18
23,1.65
24,2.36
25,1.84
26,1.77
27,0.57
28,0.39
29,0.38
30,1.6
31,0.19
32,2.77
33,0.86
34,0.47
35,0.32
36,1.45
37,3.16
38,2.98
39,1.78
40,0.53
41,1.16
42,0.32
43,2.23
44,2.87
45,6.02
46,0.49
47,0.55
48,0.62
49,0.93
50,0.26
51,2.3
52,1.35
53,1.27
54,2.3
55,2.98
56,2.26
57,0.16
58,0.9
59,2.59
60,0.36
61,0.88
62,1.71
63,--
64,2.34
65,2.93
66,0.75
67,0.25
68,0.1
69,0.1
70,1.08
71,0.07
72,2.09
73,2.26
74,0.37
75,5.83
76,1.15
77,2.38
78,3.3
79,0.25
80,1.97
81,1.03
82,0.85
83,0.05
84,0.71
85,0.95
86,1.07
87,1.72
88,1.91
89,1.55
90,0.41
91,1.17
92,0.36
93,1.07
94,3.07
95,2.07
96,1.36
97,2.68
98,0.42
99,1.47
100,0.1
101,4.2
102,1.68
103,0.36
104,1.91
105,0.62
106,1.25
107,0.86
108,0.9
109,0.19
110,1.23
111,0.39
112,0.44
113,2.28
114,2.28
115,2.18
116,0.48
117,1.01
118,0.66
119,1.16
120,--
121,0.4
122,2.83
123,0.54
124,0.49
125,2.2
126,0.11
127,1.43
128,5.43
129,4.02
130,0.77
131,0.45
132,2.16
133,0.25
134,1.09
135,1.72
136,1.43
137,1.06
138,1.81
139,0.85
140,2.1
141,2.04
142,0.31
143,0.4
144,1.19
145,0.67
146,1.63
147,2.42
148,2.45
149,0.06
150,3.5
151,0.54
152,1.26
153,1.42
154,0.03
155,0.59
156,1.61
157,0.29
158,1.21
159,3.22
160,2.37
161,--
162,--
163,0.03
164,0.82
165,1.0
166,2.68
167,0.81
168,0.84
169,4.43
170,1.82
171,2.39
172,0.23
173,3.79
174,--
175,1.45
176,3.56
177,0.63
178,0.98
179,2.55
180,1.62
181,0.07
182,0.03
183,1.45
184,1.61
185,0.37
186,2.32
187,1.7
188,2.18
189,1.18
190,0.44
191,0.04
192,2.25
193,0.62
194,5.91
195,2.21
196,3.24
197,1.39
198,2.3
199,1.58
200,1.77
201,0.74
202,0.2
203,4.86
204,0.89
205,2.24
206,--
207,0.23
208,1.38
209,1.31
210,5.21
211,0.13
212,2.71
213,1.55
214,0.24
215,2.34
216,1.3
217,1.57
218,2.91
219,3.6
220,0.21
221,0.45
222,0.48
223,1.85
224,1.08
225,1.8
226,2.13
227,1.59
228,1.99
229,3.12
230,3.21
231,1.77
232,1.14
233,0.65
234,1.18
235,0.58
236,2.39
237,0.41
238,0.27
239,0.29
240,0.37
241,0.19
242,0.74
243,0.42
244,0.25
245,0.26
246,0.2
247,1.58
248,2.82
249,0.63
250,1.61
251,1.91
252,0.96
253,3.56
254,1.1
255,0.52
256,2.93
257,0.64
258,1.56
259,1.18
260,0.55
261,1.41
262,0.66
263,0.43
264,2.21
265,1.42
266,4.23
267,1.89
268,0.11
269,1.1
270,2.55
271,0.76
272,--
273,3.82
274,1.38
275,0.23
276,2.29
277,0.16
278,0.63
279,2.36
280,--
281,3.49
282,4.57
283,--
284,1.14
285,0.09
286,3.57
287,1.2
288,3.04
289,1.69
290,0.02
291,1.56
292,2.5
293,2.58
294,--
295,1.06
296,1.72
297,1.1
298,0.72
299,3.94
300,1.51
301,--
302,0.43
303,0.63
304,2.76
305,0.9
306,4.12
307,0.13
308,0.41
309,1.55
310,1.26
311,0.69
312,0.02
313,0.03
314,2.48
315,0.16
316,5.11
317,1.16
318,2.19
319,2.12
320,0.67
321,0.82
322,0.79
323,0.68
324,0.69
325,0.59
326,2.86
327,4.23
328,2.85
329,1.61
330,2.76
331,0.12
332,1.64
333,2.89
334,0.48
335,0.76
336,2.47
337,0.34
338,0.42
339,0.21
340,0.52
341,0.53
342,3.48
343,2.74
344,0.01
345,2.5
346,0.85
347,0.7
348,0.04
349,2.77
350,1.84
351,1.75
352,2.64
353,3.18
354,0.07
355,0.09
356,0.93
357,1.64
358,0.91
359,3.07
360,1.93
361,0.05
362,2.65
363,0.75
364,5.46
365,0.49
366,2.67
367,0.1
368,0.75
369,0.2
370,2.11
371,1.37
372,2.56
373,2.24
374,2.81
375,0.62
376,0.15
377,1.16
378,3.29
379,0.47
380,0.86
381,4.23
382,3.18
383,0.78
384,1.12
385,1.03
386,0.32
387,0.2
388,2.31
389,0.51
390,0.53
391,3.72
392,3.24
393,1.49
394,2.02
395,0.65
396,1.84
397,0.64
398,1.13
399,0.19
400,1.76
401,0.5
402,4.18
403,1.93
404,2.74
405,2.18
406,2.98
407,2.63
408,4.19
409,4.44
410,0.7
411,2.13
412,1.94
413,2.38
414,0.89
415,3.35
416,0.81
417,2.38
418,0.54
419,0.04
420,1.27
421,1.09
422,4.66
423,1.57
424,1.76
425,1.71
426,3.51
427,1.83
428,0.69
429,0.23
430,3.1
431,2.08
432,0.12
433,0.05
434,1.65
435,2.73
436,3.66
437,3.99
438,2.43
439,0.72
440,1.88
441,1.82
442,0.22
443,4.02
444,0.06
445,0.15
446,1.06
447,1.03
448,2.59
449,1.34
450,2.68
451,3.76
452,3.68
453,3.15
454,1.42
455,1.9
456,3.5
457,3.15
458,0.02
459,0.9
460,0.98
461,0.47
462,2.85
463,0.21
464,0.33
465,0.06
466,2.23
467,0.53
468,2.03
469,2.7
470,2.95
471,0.53
472,--
473,2.27
474,3.22
475,1.81
476,0.62
477,5.71
478,2.13
479,0.94
480,1.49
481,1.55
482,1.85
483,1.06
484,0.48
485,2.12
486,1.17
487,1.82
488,1.4
489,0.39
490,0.58
491,0.14
492,0.52
493,2.03
494,2.82
495,1.14
496,1.13
497,2.85
498,1.22
499,0.8
500,1.81
501,3.84
502,0.36
503,2.91
504,1.11
505,3.83
506,1.17
507,2.2
508,1.12
509,3.11
510,1.09
511,2.12
512,4.23
513,2.34
514,1.46
515,0.81
516,0.93
517,2.33
518,0.01
519,0.54
520,2.47
521,3.47
522,3.5
523,0.79
524,4.11
525,0.46
526,1.26
527,4.21
528,0.37
529,1.49
530,--
531,1.05
532,0.89
533,0.14
534,0.43
535,0.46
536,1.72
537,1.26
538,0.7
539,3.45
540,3.76
541,1.39
542,1.12
543,0.35
544,3.15
545,0.04
546,1.2
547,0.98
548,1.39
549,0.53
550,0.84
551,0.84
552,3.71
553,0.27
554,0.22
555,0.55
556,0.06
557,0.06
558,0.17
559,0.55
560,0.2
561,0.08
562,0.38
563,0.42
564,3.52
565,0.7
566,0.87
567,1.2
568,2.9
569,0.99
570,3.64
571,0.03
572,3.26
573,3.49
574,1.49
575,0.08
576,1.64
577,--
578,0.45
579,0.06
580,0.04
581,1.67
582,0.3
583,1.94
584,0.39
585,2.3
586,0.76
587,0.64
588,0.65
589,0.26
590,0.65
591,0.9
592,7.62
593,3.58
594,0.97
595,0.19
596,4.74
597,6.08
598,1.36
599,2.29
600,0.87
601,0.6
602,1.53
603,1.29
604,2.97
605,1.1
606,1.36
607,1.44
608,1.27
609,1.38
610,1.95
611,1.56
612,0.62
613,2.63
614,2.14
615,0.56
616,1.8
617,0.75
618,0.95
619,0.87
620,0.09
621,0.04
622,0.12
623,0.25
624,0.15
625,0.55
626,0.05
627,0.28
628,2.2
629,3.24
630,2.6
631,3.09
632,3.74
633,0.82
634,0.6
635,0.75
636,2.72
637,1.6
638,1.55
639,2.34
640,0.32
641,2.28
642,1.66
643,1.91
644,1.96
645,0.66
646,1.18
647,0.52
648,1.36
649,0.3
650,3.73
651,0.45
652,0.52
653,0.86
654,0.03
655,0.01
656,4.47
657,3.54
658,2.13
659,0.89
660,0.26
661,2.54
662,0.22
663,3.22
664,0.02
665,0.77
666,1.81
667,1.71
668,2.03
669,1.85
670,0.96
671,1.39
672,0.97
673,0.18
674,0.32
675,0.31
676,0.27
677,0.19
678,0.28
679,0.38
680,0.11
681,3.32
682,1.05
683,3.33
684,1.08
685,1.2
686,1.45
687,1.08
688,4.87
689,1.73
690,2.56
691,2.3
692,2.03
693,3.14
694,0.5
695,0.47
696,1.47
697,0.9
698,0.49
699,0.51
700,2.85
701,3.62
702,3.16
703,3.01
704,3.43
705,3.52
706,0.64
707,0.35
708,0.69
709,0.87
710,--
711,0.18
712,0.07
713,0.29
714,0.45
715,1.89
716,0.6
717,1.21
718,--
719,1.5
720,2.86
721,2.31
722,0.77
723,2.62
724,2.93
725,1.16
726,0.65
727,3.0
728,0.03
729,1.93
730,0.49
731,2.9
732,0.18
733,2.59
734,1.27
735,1.64
736,0.18
737,0.72
738,5.77
739,3.2
740,0.19
741,2.57
742,2.7
743,0.72
744,2.1
745,1.17
746,0.89
747,0.07
748,1.23
749,1.82
750,0.9
751,0.54
752,1.48
753,0.16
754,0.05
755,0.02
756,0.14
757,0.11
758,7.85
759,6.18
760,4.58
761,1.18
762,3.42
763,1.89
764,2.04
765,0.33
766,1.7
767,0.17
768,2.86
769,0.16
770,2.04
771,0.88
772,1.33
773,1.37
774,1.74
775,4.42
776,3.65
777,0.06
778,0.13
779,0.04
780,2.1
781,1.77
782,--
783,2.66
784,3.3
785,3.26
786,1.71
787,1.83
788,1.04
789,0.04
790,4.68
791,0.54
792,3.04
793,0.18
794,0.07
795,4.0
796,2.07
797,0.96
798,3.29
799,0.4
800,2.94
801,0.45
802,1.36
803,0.08
804,3.18
805,0.25
806,0.01
807,1.68
808,0.07
809,0.37
810,0.75
811,0.36
812,3.45
813,1.62
814,2.29
815,2.53
816,3.8
817,0.72
818,0.05
819,0.53
820,--
821,1.11
822,3.63
823,0.04
824,0.25
825,1.43
826,1.19
827,2.41
828,4.64
829,0.08
830,0.6
831,1.45
832,3.4
833,0.12
834,0.75
835,0.02
836,0.09
837,3.19
838,1.47
839,1.65
840,--
841,3.26
842,0.43
843,0.62
844,0.4
845,0.61
846,1.34
847,0.99
848,3.98
849,0.94
850,1.62
851,1.81
852,1.76
853,1.91
854,0.82
855,0.54
856,1.73
857,0.31
858,4.55
859,0.07
860,1.41
861,0.3
862,1.39
863,3.39
864,2.1
865,1.65
866,0.72
867,1.73
868,1.79
869,0.1
870,0.3
871,--
872,2.16
873,1.08
874,1.3
875,2.69
876,0.4
877,--
878,0.99
879,3.48
880,2.02
881,1.41
882,0.17
883,0.36
884,0.08
885,0.14
886,0.43
887,--
888,0.15
889,0.34
890,0.41
891,0.87
892,2.31
893,1.93
894,0.95
895,0.59
896,0.99
897,0.47
898,0.14
899,1.1
900,5.4
901,0.9
902,0.42
903,0.34
904,1.05
905,0.51
906,0.4
907,1.15
908,0.37
909,0.37
910,0.82
911,1.04
912,0.57
913,0.53
914,0.44
915,0.29
916,1.29
917,2.32
918,2.13
919,1.21
920,0.2
921,0.07
922,2.37
923,1.07
924,2.42
925,1.21
926,2.81
927,3.07
928,0.59
929,1.11
930,0.47
931,0.43
932,0.99
933,2.34
934,3.03
935,1.67
936,4.52
937,0.71
938,1.69
939,--
940,0.16
941,1.29
942,2.8
943,0.75
944,1.0
945,3.56
946,3.46
947,0.55
948,1.04
949,0.32
950,1.91
951,2.3
952,2.36
953,3.26
954,0.77
955,1.37
956,1.52
957,0.54
958,0.13
959,0.8
960,0.13
961,3.96
962,0.1
963,1.02
964,0.94
965,1.44
966,0.31
967,2.31
968,3.25
969,0.88
970,1.4
971,3.88
972,1.63
973,1.43
974,1.34
975,0.74
976,--
977,0.21
978,2.13
979,2.18
980,0.82
981,1.03
982,2.58
983,3.76
984,0.07
985,1.0
986,2.58
987,1.61
988,0.07
989,0.89
990,1.88
991,4.56
992,2.47
993,6.84
994,2.79
995,3.06
996,5.24
997,1.45
998,1.17
999,0.1
1000,0.63
1001,1.93
1002,3.41
1003,6.11
1004,2.79
1005,0.45
1006,3.23
1007,1.94
1008,5.25
1009,2.14
1010,6.78
1011,1.35
1012,1.75
1013,2.78
1014,1.09
1015,0.58
1016,4.05
1017,1.24
1018,0.16
1019,0.06
1020,1.69
1021,4.36
1022,3.69
1023,3.6
1024,1.04
1025,1.56
1026,2.94
1027,2.02
1028,0.84
1029,4.43
1030,2.28
1031,2.61
1032,1.05
1033,2.72
1034,2.19
1035,0.2
1036,2.97
1037,1.32
1038,0.79
1039,1.93
1040,0.92
1041,2.79
1042,2.63
1043,2.83
1044,2.61
1045,2.02
1046,0.36
1047,1.57
1048,3.46
1049,0.65
1050,0.17
1051,2.99
1052,0.46
1053,2.13
1054,0.5
1055,--
1056,3.14
1057,2.73
1058,1.09
1059,3.72
1060,0.94
1061,0.95
1062,1.31
1063,1.35
1064,2.11
1065,3.72
1066,4.1
1067,3.43
1068,3.27
1069,0.25
1070,1.3
1071,3.81
1072,1.05
1073,0.7
1074,0.44
1075,1.87
1076,0.07
1077,0.6
1078,0.62
1079,1.09
1080,0.12
1081,2.85
1082,0.98
1083,3.44
1084,0.87
1085,--
1086,0.71
1087,1.1
1088,1.4
1089,2.41
1090,0.79
1091,2.11
1092,1.15
1093,0.62
1094,0.85
1095,0.8
1096,1.99
1097,0.14
1098,0.23
1099,0.03
1100,0.09
1101,1.37
1102,1.97
1103,1.24
1104,3.59
1105,1.46
1106,1.52
1107,1.67
1108,3.6
1109,0.64
1110,3.0
1111,0.29
1112,3.94
1113,4.34
1114,1.41
1115,0.85
1116,0.96
1117,3.23
1118,2.57
1119,0.52
1120,2.1
1121,0.23
1122,6.15
1123,0.05
1124,1.14
1125,0.16
1126,2.91
1127,0.71
1128,0.48
1129,1.73
1130,1.85
1131,1.2
1132,1.89
1133,3.57
1134,2.17
1135,0.25
1136,2.02
1137,2.05
1138,1.47
1139,4.04
1140,0.59
1141,1.55
1142,4.96
1143,1.35
1144,5.26
1145,2.34
1146,0.4
1147,0.24
1148,0.34
1149,3.61
1150,2.3
1151,3.59
1152,0.06
1153,3.96
1154,0.7
1155,1.11
1156,3.16
1157,1.29
1158,1.85
1159,3.52
1160,1.3
1161,0.24
1162,0.04
1163,0.04
1164,0.09
1165,0.1
1166,0.12
1167,0.05
1168,0.04
1169,2.31
1170,0.29
1171,2.52
1172,1.74
1173,1.66
1174,1.45
1175,2.58
1176,4.5
1177,0.2
1178,1.9
1179,0.31
1180,0.33
1181,0.58
1182,1.29
1183,0.78
1184,2.49
1185,0.26
1186,2.57
1187,0.15
1188,1.63
1189,1.33
1190,0.97
1191,2.22
1192,--
1193,1.0
1194,1.14
1195,5.21
1196,0.92
1197,0.59
1198,0.48
1199,0.03
1200,5.18
1201,0.81
1202,2.44
1203,0.6
1204,3.34
1205,0.23
1206,3.8
1207,0.09
1208,0.45
1209,0.44
1210,1.38
1211,0.63
1212,1.4
1213,1.76
1214,0.91
1215,3.28
1216,1.81
1217,0.83
1218,1.55
1219,0.16
1220,1.68
1221,1.32
1222,5.05
1223,3.55
1224,0.41
1225,1.12
1226,0.14
1227,1.58
1228,0.38
1229,0.24
1230,0.76
1231,8.04
1232,0.84
1233,--
1234,0.66
1235,0.56
1236,1.93
1237,5.33
1238,3.23
1239,0.25
1240,0.61
1241,1.67
1242,0.86
1243,0.97
1244,0.62
1245,1.75
1246,2.79
1247,0.58
1248,0.04
1249,0.71
1250,0.59
1251,0.37
1252,0.62
1253,2.41
1254,0.92
1255,0.69
1256,0.13
1257,4.07
1258,0.35
1259,1.04
1260,0.43
1261,0.25
1262,0.71
1263,0.35
1264,0.68
1265,2.45
1266,1.41
1267,3.21
1268,1.64
1269,0.25
1270,3.09
1271,2.44
1272,0.04
1273,5.5
1274,0.04
1275,1.84
1276,1.89
1277,0.1
1278,1.95
1279,3.2
1280,2.96
1281,2.76
1282,2.79
1283,0.6
1284,0.64
1285,2.95
1286,2.65
1287,2.03
1288,0.31
1289,2.22
1290,3.75
1291,1.04
1292,1.19
1293,0.34
1294,1.33
1295,1.25
1296,5.24
1297,0.12
1298,0.31
1299,1.12
1300,1.97
1301,0.8
1302,0.11
1303,1.49
1304,0.33
1305,0.43
1306,0.23
1307,0.17
1308,0.23
1309,--
1310,0.62
1311,2.29
1312,0.3
1313,0.49
1314,0.81
1315,0.14
1316,2.56
1317,3.47
1318,0.78
1319,0.95
1320,0.19
1321,2.25
1322,1.03
1323,0.76
1324,2.41
1325,2.39
1326,3.49
1327,4.32
1328,1.86
1329,--
1330,0.12
1331,3.36
1332,1.83
1333,0.44
1334,0.93
1335,2.97
1336,0.54
1337,2.98
1338,0.64
1339,2.55
1340,2.66
1341,1.82
1342,4.2
1343,0.57
1344,3.1
1345,2.48
1346,0.4
1347,0.86
1348,0.44
1349,0.12
1350,0.34
1351,1.51
1352,1.03
1353,1.92
1354,0.04
1355,0.24
1356,2.49
1357,0.88
1358,1.22
1359,1.62
1360,1.9
1361,1.01
1362,1.53
1363,0.99
1364,2.25
1365,1.73
1366,1.29
1367,0.41
1368,0.26
1369,0.74
1370,1.31
1371,0.23
1372,0.14
1373,1.26
1374,0.41
1375,0.75
1376,0.22
1377,1.28
1378,1.38
1379,1.62
1380,2.33
1381,2.54
1382,1.17
1383,4.1
1384,2.25
1385,2.49
1386,3.22
1387,4.0
1388,3.77
1389,0.75
1390,2.66
1391,0.7
1392,1.8
1393,1.68
1394,1.73
1395,0.27
1396,0.45
1397,1.0
1398,2.19
1399,1.29
1400,2.23
1401,0.7
1402,0.07
1403,2.2
1404,2.42
1405,1.1
1406,4.77
1407,2.34
1408,2.08
1409,2.21
1410,3.84
1411,0.82
1412,2.65
1413,0.14
1414,0.08
1415,2.3
1416,0.88
1417,2.24
1418,0.32
1419,0.39
1420,0.79
1421,0.95
1422,1.41
1423,0.25
1424,2.77
1425,3.27
1426,0.38
1427,5.55
1428,1.33
1429,0.66
1430,0.68
1431,1.54
1432,0.76
1433,2.98
1434,0.94
1435,2.18
1436,0.35
1437,1.46
1438,1.81
1439,0.38
1440,0.39
1441,1.55
1442,0.12
1443,0.5
1444,0.32
1445,0.55
1446,0.13
1447,0.03
1448,2.87
1449,0.67
1450,0.74
1451,0.8
1452,2.0
1453,1.31
1454,0.92
1455,1.06
1456,0.32
1457,1.27
1458,0.13
1459,0.7
1460,1.65
1461,0.55
1462,1.33
1463,0.13
1464,0.93
1465,0.82
1466,0.91
1467,0.56
1468,1.94
1469,2.49
1470,0.13
1471,0.1
1472,0.04
1473,0.08
1474,0.1
1475,1.57
1476,3.05
1477,0.29
1478,0.17
1479,1.42
1480,1.86
1481,0.16
1482,1.66
1483,0.73
1484,0.9
1485,2.67
1486,0.45
1487,0.51
1488,0.32
1489,0.38
1490,0.56
1491,2.01
1492,0.27
1493,1.97
1494,0.54
1495,0.96
1496,2.3
1497,0.15
1498,0.03
1499,1.87
1500,0.79
1501,2.12
1502,0.15
1503,0.21
1504,0.08
1505,2.74
1506,3.04
1507,0.77
1508,3.4
1509,4.05
1510,3.08
1511,0.32
1512,2.5
1513,4.46
1514,0.35
1515,0.33
1516,1.44
1517,6.47
1518,0.96
1519,0.79
1520,0.49
1521,1.17
1522,2.16
1523,0.37
1524,0.21
1525,3.85
1526,0.82
1527,0.51
1528,2.22
1529,0.55
1530,--
1531,2.86
1532,0.03
1533,0.24
1534,0.11
1535,0.37
1536,0.09
1537,0.22
1538,0.09
1539,0.08
1540,0.09
1541,0.24
1542,0.09
1543,0.33
1544,0.1
1545,0.08
1546,0.06
1547,0.16
1548,--
1549,0.05
1550,0.12
1551,0.07
1552,5.55
1553,--
1554,5.54
1555,0.15
1556,4.97
1557,5.69
1558,4.92
1559,5.04
1560,4.24
1561,4.45
1562,4.09
1563,6.14
1564,5.73
1565,6.69
1566,0.11
1567,5.64
1568,4.34
1569,5.52
1570,4.34
1571,1.17
1572,0.45
1573,2.63
1574,1.17
1575,3.7
1576,0.66
1577,0.13
1578,--
1579,0.35
1580,1.31
1581,2.27
1582,1.07
1583,3.48
1584,3.54
1585,4.14
1586,0.41
1587,1.67
1588,0.08
1589,5.28
1590,1.8
1591,0.46
1592,0.25
1593,2.2
1594,3.3
1595,0.03
1596,0.45
1597,0.23
1598,2.17
1599,--
1600,0.38
1601,0.26
1602,3.01
1603,1.67
1604,1.55
1605,0.3
1606,0.32
1607,0.35
1608,2.35
1609,2.91
1610,0.5
1611,2.1
1612,0.89
1613,3.28
1614,1.47
1615,5.05
1616,3.5
1617,3.55
1618,3.56
1619,4.11
1620,0.53
1621,0.1
1622,1.7
1623,3.25
1624,0.22
1625,0.17
1626,--
1627,2.6
1628,5.17
1629,0.59
1630,2.12
1631,2.32
1632,2.25
1633,0.06
1634,0.55
1635,0.74
1636,1.71
1637,0.22
1638,0.77
1639,0.32
1640,0.41
1641,4.04
1642,0.36
1643,2.09
1644,1.55
1645,2.62
1646,0.7
1647,0.58
1648,3.52
1649,0.21
1650,0.84
1651,0.12
1652,1.9
1653,0.08
1654,0.25
1655,1.44
1656,1.86
1657,3.25
1658,0.3
1659,0.34
1660,3.39
1661,0.22
1662,0.18
1663,0.32
1664,0.18
1665,0.32
1666,1.7
1667,2.14
1668,0.75
1669,0.01
1670,0.42
1671,1.17
1672,0.01
1673,0.02
1674,0.88
1675,0.44
1676,0.33
1677,2.54
1678,1.68
1679,0.72
1680,0.51
1681,0.89
1682,0.34
1683,0.53
1684,0.27
1685,1.52
1686,2.77
1687,2.05
1688,2.95
1689,2.78
1690,3.09
1691,3.11
1692,3.37
1693,1.01
1694,2.61
1695,0.48
1696,--
1697,0.41
1698,1.81
1699,0.57
1700,2.04
1701,0.37
1702,3.13
1703,1.48
1704,1.86
1705,2.62
1706,2.9
1707,2.62
1708,0.4
1709,1.06
1710,2.19
1711,1.58
1712,2.43
1713,--
1714,--
1715,0.85
1716,2.9
1717,1.66
1718,1.75
1719,2.29
1720,0.55
1721,2.52
1722,0.92
1723,0.28
1724,0.37
1725,0.26
1726,2.98
1727,1.73
1728,0.03
1729,1.39
1730,1.05
1731,3.28
1732,0.26
1733,0.35
1734,0.4
1735,0.32
1736,0.18
1737,0.46
1738,1.1
1739,4.75
1740,2.49
1741,0.55
1742,0.02
1743,0.44
1744,0.1
1745,0.21
1746,1.65
1747,0.21
1748,0.21
1749,1.7
1750,2.61
1751,3.4
1752,0.94
1753,0.76
1754,0.55
1755,0.52
1756,0.14
1757,1.77
1758,1.55
1759,2.29
1760,1.59
1761,2.87
1762,2.12
1763,2.06
1764,0.45
1765,0.78
1766,1.69
1767,3.28
1768,3.86
1769,0.25
1770,3.04
1771,0.78
1772,3.4
1773,1.86
1774,1.14
1775,0.15
1776,1.8
1777,0.06
1778,1.58
1779,1.36
1780,1.28
1781,3.11
1782,3.31
1783,0.37
1784,3.0
1785,0.84
1786,0.81
1787,0.39
1788,0.56
1789,2.53
1790,2.06
1791,1.86
1792,1.03
1793,3.13
1794,0.17
1795,2.71
1796,0.48
1797,0.49
1798,0.8
1799,0.34
1800,2.07
1801,1.27
1802,3.58
1803,0.63
1804,1.13
1805,3.32
1806,2.71
1807,0.83
1808,0.79
1809,1.39
1810,0.34
1811,2.92
1812,3.33
1813,1.28
1814,2.01
1815,0.66
1816,2.15
1817,3.14
1818,--
1819,0.27
1820,2.67
1821,--
1822,2.06
1823,3.63
1824,0.76
1825,4.59
1826,1.75
1827,1.79
1828,1.46
1829,1.75
1830,3.72
1831,1.92
1832,0.95
1833,1.3
1834,3.42
1835,1.24
1836,0.93
1837,2.81
1838,0.22
1839,4.04
1840,0.95
1841,0.61
1842,1.54
1843,0.19
1844,0.17
1845,2.07
1846,1.08
1847,1.53
1848,1.84
1849,1.77
1850,0.88
1851,0.55
1852,0.8
1853,1.74
1854,0.44
1855,0.34
1856,0.24
1857,--
1858,2.55
1859,1.64
1860,0.84
1861,2.02
1862,0.02
1863,2.09
1864,0.49
1865,0.54
1866,0.27
1867,0.98
1868,--
1869,1.25
1870,1.9
1871,0.89
1872,0.95
1873,1.47
1874,1.12
1875,1.2
1876,1.74
1877,1.92
1878,0.83
1879,0.46
1880,0.36
1881,1.56
1882,2.57
1883,4.02
1884,1.44
1885,2.62
1886,0.23
1887,0.52
1888,0.51
1889,--
1890,1.81
1891,1.99
1892,2.73
1893,1.72
1894,0.6
1895,0.76
1896,1.96
1897,0.69
1898,0.55
1899,1.75
1900,0.02
1901,0.23
1902,2.54
1903,1.9
1904,1.91
1905,2.28
1906,1.69
1907,0.37
1908,1.75
1909,1.41
1910,0.11
1911,0.7
1912,5.84
1913,4.67
1914,2.55
1915,0.11
1916,0.21
1917,0.98
1918,6.13
1919,2.17
1920,0.61
1921,0.61
1922,0.47
1923,0.67
1924,2.58
1925,0.58
1926,--
1927,0.44
1928,0.26
1929,0.62
1930,5.39
1931,0.28
1932,0.77
1933,2.49
1934,0.86
1935,0.73
1936,0.37
1937,0.38
1938,0.52
1939,0.06
1940,0.84
1941,0.48
1942,0.25
1943,1.88
1944,0.66
1945,2.09
1946,1.44
1947,0.16
1948,2.58
1949,1.35
1950,0.13
1951,1.06
1952,2.42
1953,0.35
1954,0.57
1955,0.84
1956,0.51
1957,0.31
1958,1.94
1959,1.55
1960,0.35
1961,1.77
1962,0.66
1963,0.41
1964,5.9
1965,2.21
1966,0.06
1967,--
1968,--
1969,0.04
1970,0.29
1971,--
1972,--
1973,--
1974,--
1975,--
1976,--
1977,0.02
1978,1.19
1979,3.98
1980,0.17
1981,2.74
1982,3.37
1983,1.09
1984,0.5
1985,0.43
1986,0.52
1987,3.48
1988,2.26
1989,0.48
1990,1.33
1991,0.85
1992,0.25
1993,2.33
1994,1.43
1995,0.43
1996,0.13
1997,0.79
1998,1.29
1999,0.11
2000,0.53
2001,0.15
2002,0.07
2003,0.08
2004,1.52
2005,1.47
2006,0.51
2007,0.1
2008,1.37
2009,2.4
2010,2.97
2011,0.27
2012,3.2
2013,1.83
2014,0.15
2015,0.51
2016,0.45
2017,0.5
2018,0.48
2019,0.57
2020,0.22
2021,1.61
2022,1.57
2023,1.41
2024,2.16
2025,0.05
2026,0.84
2027,2.17
2028,0.42
2029,1.15
2030,0.56
2031,0.06
2032,0.1
2033,0.04
2034,0.65
2035,0.58
2036,0.78
2037,0.6
2038,0.59
2039,1.5
2040,2.89
2041,1.22
2042,0.15
2043,0.19
2044,0.07
2045,9.16
2046,--
2047,2.26
2048,0.47
2049,0.68
2050,1.96
2051,3.74
2052,0.82
2053,2.85
2054,0.28
2055,0.45
2056,0.05
2057,0.34
2058,0.5
2059,3.45
2060,0.09
2061,0.07
2062,0.7
2063,2.67
2064,0.48
2065,3.13
2066,2.32
2067,0.02
2068,1.03
2069,0.98
2070,0.82
2071,0.59
2072,0.4
2073,4.15
2074,2.18
2075,--
2076,--
2077,3.02
2078,0.98
2079,4.16
2080,0.11
2081,2.06
2082,0.12
2083,0.32
2084,0.49
2085,0.78
2086,0.7
2087,0.41
2088,1.84
2089,0.09
2090,0.08
2091,--
2092,--
2093,0.44
2094,--
2095,0.54
2096,0.52
2097,2.91
2098,0.49
2099,1.62
2100,0.48
2101,0.12
2102,0.36
2103,0.52
2104,0.17
2105,0.34
2106,1.48
2107,1.87
2108,0.26
2109,0.7
2110,2.11
2111,0.8
2112,0.15
2113,1.49
2114,0.2
2115,0.2
2116,0.34
2117,3.54
2118,1.34
2119,1.38
2120,0.69
2121,0.39
2122,2.53
2123,1.71
2124,0.83
2125,1.31
2126,0.46
2127,2.16
2128,2.47
2129,--
2130,1.17
2131,2.36
2132,--
2133,2.58
2134,1.5
2135,2.15
2136,0.33
2137,1.67
2138,0.17
2139,0.63
2140,1.06
2141,0.04
2142,5.12
2143,2.84
2144,0.98
2145,0.54
2146,2.25
2147,0.55
2148,3.21
2149,0.35
2150,0.5
2151,0.12
2152,0.72
2153,1.47
2154,1.23
2155,2.44
2156,3.81
2157,4.9
2158,1.48
2159,0.35
2160,0.52
2161,--
2162,3.81
2163,2.33
2164,1.74
2165,0.74
2166,2.82
2167,2.21
2168,0.16
2169,2.39
2170,1.67
2171,0.04
2172,1.58
2173,--
2174,0.88
2175,2.24
2176,0.39
2177,0.2
2178,0.04
2179,0.11
2180,--
2181,4.58
2182,5.6
2183,0.78
2184,0.27
2185,0.75
2186,0.68
2187,0.63
2188,2.25
2189,0.65
2190,0.53
2191,0.82
2192,0.08
2193,0.12
2194,0.19
2195,0.2
2196,--
2197,0.18
2198,1.16
2199,0.42
2200,0.11
2201,3.14
2202,0.86
2203,0.62
2204,1.58
2205,0.29
2206,1.56
2207,0.07
2208,3.17
2209,0.16
2210,4.46
2211,0.99
2212,0.58
2213,0.09
2214,1.44
2215,2.51
2216,0.42
2217,2.36
2218,3.82
2219,0.31
2220,2.12
2221,1.38
2222,--
2223,0.13
2224,2.01
2225,0.29
2226,0.47
2227,3.02
2228,4.34
2229,2.15
2230,0.28
2231,2.34
2232,0.16
2233,--
2234,1.0
2235,0.78
2236,1.57
2237,1.38
2238,2.33
2239,4.09
2240,1.39
2241,3.51
2242,1.08
2243,3.9
2244,0.21
2245,0.79
2246,0.25
2247,1.16
2248,1.15
2249,2.41
2250,4.58
2251,3.05
2252,0.37
2253,0.86
2254,0.48
2255,3.08
2256,3.01
2257,3.41
2258,2.03
2259,0.58
2260,0.63
2261,0.13
2262,3.77
2263,0.28
2264,2.55
2265,0.32
2266,1.21
2267,7.0
2268,0.45
2269,6.68
2270,4.83
2271,0.78
2272,0.56
2273,0.3
2274,2.47
2275,--
2276,--
2277,0.03
2278,0.72
2279,2.85
2280,1.17
2281,0.1
2282,0.56
2283,2.11
2284,4.32
2285,4.35
2286,1.1
2287,0.67
2288,0.31
2289,0.37
2290,1.18
2291,0.29
2292,1.86
2293,0.57
2294,0.6
2295,0.56
2296,0.72
2297,0.68
2298,0.36
2299,--
2300,0.03
2301,0.32
2302,0.58
2303,2.59
2304,0.95
2305,1.31
2306,0.3
2307,2.87
2308,1.85
2309,0.12
2310,1.67
2311,0.08
2312,0.94
2313,0.93
2314,1.33
2315,2.2
2316,0.1
2317,0.44
2318,0.02
2319,1.2
2320,0.07
2321,1.64
2322,0.59
2323,0.94
2324,1.13
2325,0.36
2326,3.07
2327,4.15
2328,--
2329,2.61
2330,0.39
2331,0.29
2332,4.42
2333,--
2334,0.73
2335,0.08
2336,1.3
2337,0.76
2338,0.54
2339,1.91
2340,2.5
2341,2.09
2342,3.48
2343,0.69
2344,0.92
2345,0.85
2346,0.36
2347,0.31
2348,0.87
2349,0.08
2350,0.23
2351,0.38
2352,0.2
2353,0.23
2354,2.57
2355,3.21
2356,3.48
2357,3.27
2358,2.36
2359,1.09
2360,0.66
2361,1.12
2362,0.26
2363,2.51
2364,1.57
2365,0.33
2366,0.19
2367,1.48
2368,4.19
2369,3.09
2370,0.22
2371,0.83
2372,0.22
2373,0.71
2374,--
2375,--
2376,1.88
2377,0.1
2378,0.42
2379,0.72
2380,0.91
2381,0.7
2382,0.62
2383,0.32
2384,4.31
2385,1.24
2386,3.09
2387,0.41
2388,0.16
2389,0.4
2390,0.71
2391,1.12
2392,0.83
2393,1.48
2394,0.82
2395,0.68
2396,0.13
2397,0.98
2398,0.04
2399,0.13
2400,0.23
2401,0.16
2402,0.75
2403,0.32
2404,0.15
2405,0.71
2406,4.62
2407,2.02
2408,0.38
2409,0.15
2410,0.72
2411,0.46
2412,0.48
2413,3.64
2414,0.11
2415,0.66
2416,0.56
2417,0.06
2418,1.32
2419,0.78
2420,0.7
2421,--
2422,0.06
2423,0.22
2424,0.1
2425,0.35
2426,0.05
2427,0.4
2428,2.61
2429,0.3
2430,0.41
2431,2.49
2432,1.24
2433,3.3
2434,2.72
2435,2.46
2436,5.5
2437,1.61
2438,2.46
2439,4.36
2440,2.61
2441,1.48
2442,0.37
2443,0.09
2444,3.39
2445,3.61
2446,0.95
2447,0.02
2448,0.24
2449,0.02
2450,1.67
2451,0.64
2452,0.83
2453,1.19
2454,1.39
2455,2.44
2456,3.55
2457,1.83
2458,4.18
2459,0.25
2460,0.51
2461,1.9
2462,0.65
2463,0.26
2464,0.22
2465,1.21
2466,2.28
2467,5.78
2468,6.0
2469,2.5
2470,1.4
2471,0.35
2472,0.62
2473,2.49
2474,1.22
2475,0.38
2476,0.84
2477,4.68
2478,0.24
2479,1.81
2480,0.51
2481,5.07
2482,0.94
2483,6.8
2484,1.38
2485,1.17
2486,0.09
2487,0.05
2488,0.21
2489,6.75
2490,--
2491,0.94
2492,0.72
2493,--
2494,1.91
2495,0.82
2496,0.43
2497,4.63
2498,0.5
2499,0.24
2500,2.78
2501,3.32
2502,3.44
2503,2.06
2504,0.13
2505,0.13
2506,0.38
2507,1.56
2508,3.23
2509,0.23
2510,3.87
2511,0.37
2512,3.19
2513,0.31
2514,2.92
2515,0.78
2516,0.13
2517,2.11
2518,1.18
2519,3.58
2520,1.59
2521,2.0
2522,2.85
2523,0.58
2524,1.31
2525,2.15
2526,0.59
2527,0.41
2528,1.15
2529,1.78
2530,1.67
2531,4.14
2532,3.63
2533,0.47
2534,2.51
2535,0.85
2536,2.65
2537,--
2538,1.94
2539,0.43
2540,0.64
2541,0.53
2542,0.03
2543,0.1
2544,0.04
2545,0.37
2546,0.72
2547,0.3
2548,0.44
2549,0.81
2550,0.52
2551,0.16
2552,0.33
2553,4.3
2554,3.29
2555,1.2
2556,4.16
2557,5.94
2558,0.02
2559,0.33
2560,3.2
2561,1.54
2562,0.97
2563,1.31
2564,0.56
2565,1.82
2566,0.91
2567,2.12
2568,0.08
2569,0.68
2570,2.48
2571,1.92
2572,1.45
2573,1.77
2574,1.61
2575,1.8
2576,1.89
2577,0.64
2578,2.63
2579,2.56
2580,1.11
2581,0.2
2582,2.24
2583,0.4
2584,0.41
2585,0.54
2586,0.34
2587,0.28
2588,0.04
2589,4.25
2590,1.06
2591,0.53
2592,1.52
2593,0.08
2594,1.3
2595,0.57
2596,0.68
2597,0.97
2598,2.19
2599,2.34
2600,4.3
2601,0.07
2602,1.6
2603,0.16
2604,1.17
2605,0.93
2606,0.21
2607,0.92
2608,1.14
2609,2.28
2610,4.14
2611,1.09
2612,0.13
2613,1.71
2614,2.23
2615,0.99
2616,0.15
2617,2.52
2618,0.69
2619,3.86
2620,1.13
2621,0.54
2622,0.78
2623,4.41
2624,0.3
2625,3.37
2626,1.85
2627,1.68
2628,1.0
2629,1.04
2630,0.37
2631,3.59
2632,1.19
2633,0.26
2634,1.95
2635,2.53
2636,0.24
2637,0.13
2638,0.14
2639,0.32
2640,1.02
2641,1.85
2642,2.39
2643,0.17
2644,0.51
2645,0.71
2646,1.28
2647,1.69
2648,1.89
2649,3.59
2650,3.88
2651,0.1
2652,0.87
2653,1.64
2654,0.15
2655,0.46
2656,0.98
2657,1.01
2658,0.65
2659,1.83
2660,0.16
2661,1.58
2662,0.28
2663,0.33
2664,0.15
2665,1.79
2666,0.83
2667,1.36
2668,0.58
2669,1.35
2670,0.39
2671,0.54
2672,3.69
2673,0.41
2674,2.18
2675,0.28
2676,2.3
2677,0.42
2678,0.16
2679,0.13
2680,--
2681,0.41
2682,0.25
2683,0.43
2684,0.23
2685,0.61
2686,0.3
2687,1.8
2688,2.15
2689,3.67
2690,2.2
2691,1.15
2692,0.76
2693,2.03
2694,0.08
2695,--
2696,0.18
2697,0.94
2698,0.46
2699,0.46
2700,0.18
2701,4.96
2702,0.47
2703,3.2
2704,0.11
2705,0.33
2706,0.33
2707,2.01
2708,0.47
2709,3.25
2710,0.5
2711,1.26
2712,1.55
2713,0.57
2714,0.69
2715,0.23
2716,1.42
2717,4.01
2718,1.98
2719,3.78
2720,1.85
2721,2.16
2722,4.19
2723,0.28
2724,1.32
2725,1.16
2726,0.16
2727,0.42
2728,0.31
2729,0.98
2730,5.24
2731,2.79
2732,1.75
2733,0.08
2734,0.37
2735,2.19
2736,0.88
2737,1.14
2738,0.57
2739,4.48
2740,1.54
2741,1.49
2742,1.26
2743,1.32
2744,0.33
2745,1.94
2746,0.18
2747,--
2748,4.98
2749,7.15
2750,3.21
2751,4.7
2752,3.32
2753,2.8
2754,1.27
2755,1.96
2756,5.64
2757,0.22
2758,0.99
2759,0.99
2760,0.41
2761,0.06
2762,0.49
2763,2.66
2764,0.11
2765,1.78
2766,0.11
2767,0.1
2768,0.55
2769,1.66
2770,3.6
2771,3.65
2772,3.34
2773,0.07
2774,2.63
2775,0.19
2776,0.26
2777,1.96
2778,4.93
2779,0.77
2780,1.16
2781,--
2782,--
2783,2.07
2784,0.23
2785,1.74
2786,4.03
2787,7.69
2788,3.18
2789,1.63
2790,0.06
2791,1.94
2792,0.14
2793,0.99
2794,1.97
2795,2.09
2796,8.16
2797,2.05
2798,4.14
2799,1.07
2800,1.56
2801,1.21
2802,0.41
2803,0.43
2804,2.12
2805,0.62
2806,0.05
2807,1.33
2808,2.34
2809,2.9
2810,0.08
2811,1.81
2812,2.71
2813,4.09
2814,4.09
2815,1.46
2816,0.92
2817,2.61
2818,0.42
2819,2.9
2820,2.0
2821,1.29
2822,4.16
2823,3.61
2824,3.76
2825,3.13
2826,4.3
2827,2.3
2828,0.67
2829,0.25
2830,--
2831,0.1
2832,2.05
2833,4.22
2834,3.9
2835,3.88
2836,1.92
2837,2.23
2838,4.28
2839,3.91
2840,3.86
2841,3.89
2842,6.05
2843,3.62
2844,3.13
2845,0.68
2846,0.12
2847,0.69
2848,0.97
2849,1.16
2850,0.08
2851,0.56
2852,0.52
2853,3.18
2854,3.82
2855,1.96
2856,0.07
2857,0.06
2858,0.11
2859,0.22
2860,1.17
2861,1.0
2862,0.19
2863,0.73
2864,0.13
2865,3.31
2866,2.11
2867,0.52
2868,2.82
2869,0.08
2870,1.93
2871,0.5
2872,1.7
2873,0.52
2874,0.65
2875,0.82
2876,2.09
2877,1.01
2878,4.75
2879,1.15
2880,3.0
2881,1.29
2882,1.33
2883,0.88
2884,1.21
2885,1.94
2886,0.91
2887,0.49
2888,0.57
2889,0.81
2890,0.28
2891,0.32
2892,0.41
2893,0.96
2894,3.25
2895,0.37
2896,3.03
2897,4.61
2898,0.58
2899,1.57
2900,2.77
2901,2.88
2902,0.86
2903,2.5
2904,4.86
2905,0.9
2906,0.2
2907,0.67
2908,3.09
2909,0.17
2910,0.42
2911,2.11
2912,3.96
2913,0.7
2914,0.14
2915,0.92
2916,0.22
2917,0.22
2918,0.31
2919,0.36
2920,0.37
2921,1.27
2922,1.9
2923,3.42
2924,3.01
2925,2.09
2926,2.28
2927,0.31
2928,4.25
2929,0.92
2930,3.91
2931,0.62
2932,1.26
2933,2.39
2934,--
2935,2.48
2936,0.8
2937,0.34
2938,0.86
2939,4.37
2940,2.9
2941,2.19
2942,2.18
2943,0.75
2944,2.48
2945,0.21
2946,0.4
2947,2.55
2948,4.91
2949,0.38
2950,2.13
2951,0.84
2952,1.58
2953,4.0
2954,4.36
2955,0.51
2956,0.29
2957,0.6
2958,0.11
2959,1.68
2960,0.08
2961,3.21
2962,1.66
2963,5.08
2964,4.66
2965,5.35
2966,0.38
2967,0.35
2968,0.2
2969,0.08
2970,0.68
2971,0.45
2972,--
2973,--
2974,3.24
2975,0.92
2976,0.86
2977,3.23
2978,2.66
2979,3.72
2980,0.88
2981,3.78
2982,1.42
2983,2.78
2984,1.53
2985,0.3
2986,3.01
2987,0.37
2988,1.53
2989,3.16
2990,1.24
2991,2.81
2992,0.62
2993,--
2994,2.81
2995,1.29
2996,0.38
2997,0.16
2998,0.67
2999,0.35
3000,0.39
3001,0.27
3002,0.76
3003,4.7
3004,4.5
3005,0.73
3006,0.39
3007,0.79
3008,0.39
3009,2.39
3010,3.18
3011,0.03
3012,3.27
3013,2.41
3014,1.56
3015,0.31
3016,0.64
3017,4.24
3018,0.77
3019,3.11
3020,0.69
3021,2.38
3022,0.58
3023,0.6
3024,--
3025,1.77
3026,4.19
3027,0.45
3028,1.95
3029,1.68
3030,4.35
3031,2.32
3032,1.28
3033,0.93
3034,0.69
3035,3.68
3036,7.33
3037,0.25
3038,2.35
3039,--
3040,1.35
3041,1.78
3042,0.56
3043,0.41
3044,--
3045,0.16
3046,0.53
3047,0.71
3048,0.42
3049,1.42
3050,--
3051,0.22
3052,0.07
3053,3.16
3054,0.1
3055,0.13
3056,0.39
3057,4.19
3058,0.39
3059,0.39
3060,0.77
3061,3.06
3062,2.83
3063,2.24
3064,0.66
3065,3.76
3066,0.59
3067,1.14
3068,3.79
3069,0.29
3070,0.46
3071,0.35
3072,0.98
3073,0.13
3074,0.19
3075,0.24
3076,0.56
3077,0.13
3078,2.07
3079,4.27
3080,0.53
3081,0.34
3082,1.16
3083,0.55
3084,0.62
3085,2.4
3086,2.26
3087,0.22
3088,1.31
3089,--
3090,0.85
3091,2.07
3092,1.16
3093,3.28
3094,0.33
3095,1.19
3096,4.24
3097,3.83
3098,0.58
3099,2.98
3100,1.39
3101,0.96
3102,1.55
3103,3.28
3104,4.2
3105,1.48
3106,--
3107,--
3108,3.82
3109,2.46
3110,2.34
3111,2.92
3112,0.42
3113,0.49
3114,1.23
3115,3.3
3116,2.0
3117,5.82
3118,1.39
3119,1.55
3120,1.58
3121,1.94
3122,1.41
3123,1.18
3124,0.74
3125,1.58
3126,1.15
3127,0.35
3128,4.69
3129,0.08
3130,1.85
3131,6.09
3132,1.02
3133,3.22
3134,0.69
3135,0.79
3136,0.24
3137,1.97
3138,1.26
3139,1.08
3140,6.31
3141,2.65
3142,5.07
3143,1.78
3144,2.09
3145,6.82
3146,0.53
3147,0.75
3148,2.96
3149,2.57
3150,3.56
3151,0.73
3152,0.77
3153,1.44
3154,1.94
3155,0.46
3156,0.19
3157,0.37
3158,1.77
3159,4.92
3160,0.46
3161,0.09
3162,0.48
3163,4.41
3164,5.14
3165,6.14
3166,2.11
3167,5.2
3168,0.68
3169,1.02
3170,0.07
3171,0.06
3172,0.11
3173,0.24
3174,1.19
3175,0.46
3176,--
3177,0.36
3178,0.2
3179,1.52
3180,1.11
3181,0.21
3182,3.74
3183,0.13
3184,0.94
3185,1.97
3186,1.96
3187,0.89
3188,1.31
3189,3.91
3190,2.88
3191,0.38
3192,5.13
3193,2.35
3194,3.5
3195,0.55
3196,0.32
3197,2.53
3198,2.76
3199,0.99
3200,0.11
3201,2.79
3202,0.63
3203,0.95
3204,6.2
3205,4.86
3206,3.93
3207,0.27
3208,0.92
3209,2.84
3210,4.04
3211,--
3212,--
3213,0.22
3214,0.31
3215,2.55
3216,0.68
3217,0.21
3218,0.2
3219,0.36
3220,0.24
3221,0.2
3222,0.26
3223,0.26
3224,0.27
3225,0.37
3226,1.48
3227,3.66
3228,4.82
3229,4.3
3230,3.12
3231,--
3232,0.71
3233,0.19
3234,0.17
3235,0.3
3236,0.8
3237,2.6
3238,0.98
3239,2.44
3240,0.58
3241,0.39
3242,2.32
3243,0.27
3244,1.55
3245,2.62
3246,1.65
3247,1.09
3248,0.24
3249,3.14
3250,0.09
3251,0.07
3252,0.38
3253,0.3
3254,--
3255,--
3256,0.08
3257,1.07
3258,6.19
3259,2.14
3260,2.01
3261,0.48
3262,0.41
3263,0.38
3264,2.31
3265,0.25
3266,0.04
3267,0.08
3268,0.04
3269,0.13
3270,0.3
3271,--
3272,0.41
3273,0.05
3274,0.23
3275,0.15
3276,0.04
3277,--
3278,0.13
3279,0.09
3280,0.08
3281,0.04
3282,0.28
3283,0.39
3284,0.13
3285,0.29
3286,0.13
3287,--
3288,0.07
3289,0.55
3290,0.84
3291,0.06
3292,0.09
3293,0.42
3294,0.21
3295,--
3296,0.08
3297,0.09
3298,0.17
3299,0.41
3300,0.46
3301,0.09
3302,0.06
3303,0.36
3304,0.06
3305,0.38
3306,0.08
3307,0.4
3308,0.05
3309,0.15
3310,0.08
3311,--
3312,--
3313,0.09
3314,0.13
3315,0.43
3316,--
3317,--
3318,0.88
3319,0.12
3320,--
3321,--
3322,0.43
3323,0.27
3324,0.21
3325,0.18
3326,0.06
3327,--
3328,--
3329,0.04
3330,--
3331,0.09
3332,--
3333,2.11
3334,1.04
3335,--
3336,2.05
3337,0.3
3338,2.06
3339,1.35
3340,--
3341,1.26
3342,4.91
3343,1.87
3344,0.75
3345,0.25
3346,5.8
3347,4.07
3348,0.47
3349,2.99
3350,1.04
3351,0.56
3352,0.46
3353,0.85
3354,0.43
3355,0.36
3356,1.66
3357,0.63
3358,0.25
3359,3.62
3360,3.0
3361,1.67
3362,3.69
3363,2.33
3364,4.55
3365,0.57
3366,3.48
3367,3.66
3368,3.19
3369,3.22
3370,4.65
3371,3.4
3372,2.27
3373,0.44
3374,0.66
3375,4.06
3376,0.61
3377,3.8
3378,3.82
3379,2.42
3380,4.16
3381,4.3
3382,1.67
3383,1.36
3384,1.66
3385,6.88
3386,--
3387,1.16
3388,0.43
3389,0.76
3390,--
3391,0.72
3392,2.38
3393,1.74
3394,4.63
3395,0.46
3396,4.52
3397,4.69
3398,2.38
3399,1.83
3400,2.97
3401,2.39
3402,--
3403,0.36
3404,0.84
3405,3.53
3406,0.57
3407,0.4
3408,0.28
3409,0.07
3410,0.91
3411,0.49
3412,0.18
3413,0.52
3414,0.52
3415,1.0
3416,0.24
3417,0.42
3418,0.49
3419,9.05
3420,3.36
3421,3.12
3422,1.17
3423,1.16
3424,3.54
3425,2.39
3426,2.35
3427,2.24
3428,0.36
3429,0.36
3430,0.36
3431,--
3432,3.03
3433,4.51
3434,4.52
3435,1.91
3436,0.83
3437,2.06
3438,0.93
3439,1.42
3440,0.92
3441,0.96
3442,1.17
3443,0.9
3444,1.04
3445,4.01
3446,2.24
3447,0.83
3448,0.8
3449,1.85
3450,0.25
3451,0.37
3452,3.22
3453,1.91
3454,0.23
3455,1.34
3456,1.45
3457,--
3458,--
3459,0.97
3460,1.0
3461,2.56
3462,1.16
3463,--
3464,--
3465,--
3466,0.3
3467,--
3468,0.56
3469,0.35
3470,1.26
3471,--
3472,1.97
3473,0.23
3474,0.4
3475,0.18
3476,0.9
3477,0.24
3478,3.69
3479,0.69
3480,2.71
3481,0.83
3482,2.94
3483,0.07
3484,5.34
3485,0.32
3486,0.2
3487,--
3488,--
3489,10.77
3490,0.28
3491,1.85
3492,0.22
3493,1.37
3494,0.47
3495,0.04
3496,1.74
3497,1.38
3498,0.41
3499,--
3500,--
3501,0.04
3502,0.11
3503,1.22
3504,0.76
3505,2.64
3506,0.7
3507,0.41
3508,4.41
3509,2.73
3510,0.86
3511,0.79
3512,--
3513,0.51
3514,1.41
3515,1.29
3516,0.05
3517,0.84
3518,2.19
3519,0.19
3520,0.11
3521,0.04
3522,0.08
3523,2.13
3524,3.7
3525,0.34
3526,1.34
3527,2.58
3528,2.68
3529,1.03
3530,0.36
3531,3.87
3532,4.64
3533,0.55
3534,2.1
3535,0.6
3536,0.96
3537,1.68
3538,1.75
3539,0.55
3540,0.41
3541,0.62
3542,0.7
3543,0.69
3544,3.43
3545,2.3
3546,2.1
3547,0.8
3548,2.69
3549,1.49
3550,3.46
3551,0.8
3552,1.93
3553,4.76
3554,4.96
3555,0.27
3556,2.54
3557,1.81
3558,1.7
3559,3.06
3560,0.48
3561,0.22
3562,--
3563,2.58
3564,0.12
3565,0.76
3566,2.25
3567,0.83
3568,0.43
3569,--
3570,--
3571,3.28
3572,8.09
3573,0.26
3574,1.78
3575,0.46
3576,0.41
3577,1.38
3578,1.76
3579,0.23
3580,0.24
3581,0.63
3582,0.86
3583,2.93
3584,1.91
3585,1.91
3586,0.33
3587,2.41
3588,0.57
3589,3.28
3590,2.53
3591,4.01
3592,3.52
3593,3.29
3594,1.05
3595,--
3596,0.79
3597,2.3
3598,0.99
3599,0.27
3600,0.34
3601,3.43
3602,0.52
3603,3.93
3604,0.05
3605,0.5
3606,0.17
3607,0.16
3608,0.12
3609,0.15
3610,0.15
3611,0.38
3612,0.31
3613,0.37
3614,2.7
3615,0.9
3616,1.35
3617,2.98
3618,2.09
3619,1.83
3620,1.38
3621,2.16
3622,0.27
3623,4.23
3624,3.89
3625,2.06
3626,2.73
3627,0.57
3628,5.45
3629,2.55
3630,1.94
3631,0.08
3632,4.82
3633,0.43
3634,4.36
3635,1.03
3636,1.41
3637,0.45
3638,0.76
3639,3.15
3640,2.49
3641,1.06
3642,0.19
3643,0.85
3644,1.95
3645,9.49
3646,2.45
3647,1.92
3648,2.53
3649,0.68
3650,0.71
3651,0.09
3652,1.7
3653,0.47
3654,2.25
3655,2.4
3656,1.43
3657,1.36
3658,1.21
3659,0.9
3660,3.9
3661,0.3
3662,0.92
3663,0.86
3664,1.17
3665,3.53
3666,0.52
3667,0.32
3668,0.08
3669,0.23
3670,3.17
3671,0.85
3672,0.04
3673,0.75
3674,0.24
3675,2.15
3676,0.14
3677,0.09
3678,0.16
3679,0.1
3680,3.8
3681,0.35
3682,4.13
3683,3.21
3684,0.17
3685,2.17
3686,1.26
3687,3.3
3688,1.75
3689,3.47
3690,0.07
3691,1.53
3692,0.35
3693,--
3694,0.39
3695,3.4
3696,0.28
3697,0.09
3698,--
3699,0.27
3700,0.44
3701,0.51
3702,0.46
3703,0.83
3704,4.38
3705,0.69
3706,0.04
3707,1.2
3708,0.38
3709,7.14
3710,1.37
3711,1.01
3712,--
3713,0.04
3714,0.81
3715,0.68
3716,1.04
3717,0.2
3718,2.02
3719,1.27
3720,0.45
3721,1.69
3722,0.31
3723,0.89
3724,0.16
3725,0.47
3726,2.55
3727,0.38
3728,0.97
3729,3.17
3730,1.01
3731,4.3
3732,--
3733,--
3734,--
3735,0.05
3736,--
3737,--
3738,--
3739,1.24
3740,2.26
3741,0.12
3742,0.97
3743,0.16
3744,--
3745,2.13
3746,2.7
3747,0.28
3748,3.44
3749,0.15
3750,0.04
3751,5.21
3752,1.88
3753,0.46
3754,0.08
3755,1.36
3756,0.53
3757,1.11
3758,1.25
3759,1.99
3760,0.12
3761,0.43
3762,1.28
3763,0.75
3764,0.7
3765,3.36
3766,--
3767,2.52
3768,2.17
3769,2.39
3770,2.87
3771,1.18
3772,1.29
3773,0.83
3774,3.84
3775,--
3776,0.28
3777,0.55
3778,0.17
3779,0.41
3780,2.13
3781,0.17
3782,2.09
3783,0.35
3784,0.66
3785,0.27
3786,2.79
3787,2.52
3788,0.11
3789,0.26
3790,1.26
3791,1.65
3792,0.88
3793,3.46
3794,4.11
3795,4.62
3796,4.29
3797,4.58
3798,3.24
3799,0.66
3800,--
3801,0.48
3802,2.66
3803,1.33
3804,1.41
3805,2.17
3806,0.72
3807,5.3
3808,1.54
3809,0.92
3810,0.88
3811,1.4
3812,0.65
3813,2.62
3814,3.11
3815,2.16
3816,2.2
3817,3.55
3818,1.32
3819,1.95
3820,3.11
3821,0.66
3822,1.11
3823,0.16
3824,0.91
3825,0.32
3826,0.53
3827,2.53
3828,0.12
3829,3.41
3830,0.13
3831,0.65
3832,5.59
3833,2.18
3834,0.37
3835,0.21
3836,--
3837,0.2
3838,2.03
3839,4.0
3840,0.69
3841,0.14
3842,1.55
3843,2.13
3844,0.17
3845,3.0
3846,1.19
3847,2.14
3848,0.08
3849,2.53
3850,4.9
3851,0.54
3852,0.86
3853,--
3854,1.11
3855,2.92
3856,0.92
3857,0.31
3858,5.89
3859,1.09
3860,3.36
3861,1.44
3862,0.94
3863,0.53
3864,1.95
3865,0.13
3866,0.13
3867,0.55
3868,0.65
3869,4.52
3870,3.79
3871,0.16
3872,3.59
3873,0.12
3874,0.08
3875,0.75
3876,0.5
3877,0.55
3878,0.17
3879,1.14
3880,0.68
3881,0.33
3882,0.18
3883,0.28
3884,0.41
3885,2.9
3886,0.66
3887,0.87
3888,0.77
3889,2.86
3890,0.42
3891,0.44
3892,0.46
3893,0.29
3894,0.34
3895,0.26
3896,0.39
3897,0.69
3898,0.79
3899,0.52
3900,2.97
3901,0.55
3902,0.67
3903,3.35
3904,2.04
3905,3.04
3906,0.05
3907,0.05
3908,2.62
3909,5.66
3910,2.29
3911,1.38
3912,0.09
3913,1.86
3914,0.32
3915,1.13
3916,4.99
3917,0.49
3918,0.3
3919,3.95
3920,3.85
3921,0.74
3922,6.06
3923,4.09
3924,3.73
3925,1.91
3926,0.25
3927,--
3928,0.18
3929,2.38
3930,2.24
3931,2.15
3932,1.28
3933,2.11
3934,4.35
3935,0.33
3936,5.86
3937,2.9
3938,--
3939,1.75
3940,6.43
3941,1.81
3942,6.39
3943,1.44
3944,0.38
3945,0.85
3946,--
3947,--
3948,1.42
3949,0.53
3950,2.07
3951,1.64
3952,0.66
3953,4.31
3954,0.07
3955,2.97
3956,0.38
3957,6.09
3958,1.42
3959,2.32
3960,0.34
3961,1.1
3962,4.98
3963,5.98
3964,2.42
3965,1.25
3966,2.06
3967,2.75
3968,3.38
3969,0.27
3970,0.13
3971,0.18
3972,0.14
3973,1.18
3974,1.01
3975,1.3
3976,1.11
3977,1.98
3978,4.29
3979,4.61
3980,5.7
3981,2.8
3982,3.87
3983,0.57
3984,1.49
3985,6.21
3986,1.49
3987,4.52
3988,2.19
3989,--
3990,1.61
3991,4.96
3992,0.22
3993,0.22
3994,0.05
3995,0.79
3996,0.1
3997,3.37
3998,--
3999,0.19
4000,1.61
4001,1.52
4002,2.62
4003,0.38
4004,3.77
4005,4.64
4006,0.71
4007,7.73
4008,0.09
4009,2.33
4010,1.37
4011,1.5
4012,0.48
4013,0.53
4014,1.02
4015,--
4016,0.13
4017,0.48
4018,1.97
4019,1.6
4020,0.6
4021,3.26
4022,0.34
4023,0.56
4024,5.67
4025,0.37
4026,1.45
4027,0.84
4028,0.56
4029,0.34
4030,3.25
4031,1.45
4032,0.29
4033,2.72
4034,1.57
4035,7.54
4036,0.1
4037,3.38
4038,0.7
4039,0.37
4040,0.7
4041,0.53
4042,0.13
4043,0.82
4044,1.02
4045,0.65
4046,0.25
4047,3.7
4048,0.09
4049,0.81
4050,--
4051,2.39
4052,1.25
4053,4.35
4054,3.89
4055,1.33
4056,0.14
4057,1.79
4058,2.48
4059,3.48
4060,0.35
4061,0.28
4062,0.85
4063,--
4064,0.05
4065,2.93
4066,0.16
4067,0.17
4068,0.44
4069,0.14
4070,3.43
4071,1.86
4072,5.44
4073,1.51
4074,0.05
4075,0.81
4076,0.2
4077,--
4078,0.07
4079,2.94
4080,--
4081,1.05
4082,3.69
4083,0.09
4084,0.6
4085,2.52
4086,1.85
4087,1.1
4088,0.38
4089,0.4
4090,1.5
4091,0.68
4092,0.07
4093,--
4094,0.49
4095,0.13
4096,1.45
4097,3.01
4098,1.62
4099,2.09
4100,0.67
4101,0.13
4102,--
4103,0.07
4104,6.62
4105,1.31
4106,1.1
4107,1.29
4108,--
4109,1.48
4110,0.14
4111,0.92
4112,0.68
4113,--
4114,2.05
4115,0.07
4116,5.49
4117,2.8
4118,0.54
4119,5.06
4120,2.86
4121,1.27
4122,2.42
4123,1.7
4124,0.62
4125,1.49
4126,0.53
4127,3.47
4128,0.37
4129,0.29
4130,4.12
4131,1.81
4132,4.75
4133,5.98
4134,--
4135,1.98
4136,2.43
4137,0.11
4138,0.06
4139,0.13
4140,--
4141,--
4142,0.55
4143,0.16
4144,8.61
4145,--
4146,3.53
4147,0.39
4148,0.48
4149,0.62
4150,--
4151,--
4152,--
4153,2.01
4154,1.74
4155,0.88
4156,3.62
4157,2.86
4158,0.47
4159,0.1
4160,0.48
4161,0.36
4162,3.06
4163,4.65
4164,0.29
4165,6.51
4166,0.84
4167,6.82
4168,0.52
4169,3.67
4170,0.62
4171,0.95
4172,0.1
4173,1.21
4174,4.64
4175,0.67
4176,1.79
4177,1.44
4178,0.1
4179,2.78
4180,3.79
4181,1.06
4182,3.97
4183,3.4
4184,--
4185,5.16
4186,3.84
4187,3.92
4188,0.49
4189,5.89
4190,0.55
4191,0.81
4192,3.2
4193,3.52
4194,4.27
4195,4.74
4196,3.78
4197,2.2
4198,3.94
4199,2.03
4200,0.56
4201,2.79
4202,1.89
4203,1.1
4204,3.91
4205,4.46
4206,4.86
4207,--
4208,0.79
4209,2.45
4210,6.42
4211,4.82
4212,5.47
4213,2.13
4214,5.45
4215,4.54
4216,5.11
4217,0.71
4218,0.55
4219,1.68
4220,0.39
4221,0.55
4222,2.68
4223,2.01
4224,1.91
4225,7.29
4226,0.78
4227,0.58
4228,3.02
4229,3.57
4230,5.42
4231,2.29
4232,1.07
4233,--
4234,0.05
4235,0.08
4236,3.29
4237,5.89
4238,2.99
4239,2.36
4240,0.15
4241,2.0
4242,1.11
4243,--
4244,1.4
4245,1.05
4246,2.33
4247,2.6
4248,0.6
4249,0.5
4250,0.48
4251,5.18
4252,0.63
4253,--
4254,5.36
4255,--
4256,0.61
4257,0.86
4258,3.15
4259,4.78
4260,0.06
4261,0.32
4262,1.04
4263,0.44
4264,0.44
4265,1.61
4266,2.0
4267,3.41
4268,--
4269,3.06
4270,1.98
4271,0.24
4272,0.28
4273,4.66
4274,0.6
4275,0.74
4276,0.48
4277,4.37
4278,2.4
4279,0.33
4280,3.3
4281,1.5
4282,1.43
4283,0.11
4284,1.18
4285,0.26
4286,--
4287,1.95
4288,4.72
4289,1.75
4290,1.26
4291,1.62
4292,6.35
4293,--
4294,0.11
4295,2.64
4296,3.0
4297,2.95
4298,4.57
4299,2.93
4300,4.78
4301,0.43
4302,0.05
4303,1.64
4304,0.25
4305,3.74
4306,5.13
4307,2.6
4308,1.39
4309,1.46
4310,0.24
4311,--
4312,2.77
4313,3.12
4314,3.53
4315,1.03
4316,0.82
4317,0.51
4318,1.36
4319,3.96
4320,0.62
4321,1.85
4322,0.07
4323,0.43
4324,--
4325,3.44
4326,3.1
4327,0.5
4328,1.94
4329,2.65
4330,3.66
4331,0.28
4332,3.33
4333,2.64
4334,1.18
4335,4.21
4336,2.95
4337,0.06
4338,2.62
4339,0.41
4340,--
4341,0.37
4342,--
4343,0.46
4344,0.06
4345,0.1
4346,0.11
4347,1.22
4348,7.08
4349,0.72
4350,0.34
4351,1.26
4352,1.31
4353,2.02
4354,1.79
4355,2.35
4356,0.98
4357,0.75
4358,1.87
4359,--
4360,3.49
4361,0.22
4362,2.15
4363,2.59
4364,1.78
4365,1.53
4366,4.55
4367,0.51
4368,2.6
4369,0.53
4370,1.38
4371,2.29
4372,1.64
4373,3.15
4374,0.81
4375,2.05
4376,3.09
4377,1.39
4378,7.65
4379,2.65
4380,1.42
4381,2.02
4382,--
4383,2.35
4384,2.8
4385,0.15
4386,1.86
4387,2.37
4388,6.3
4389,0.4
4390,0.08
4391,--
4392,0.1
4393,--
4394,3.02
4395,0.98
4396,1.22
4397,1.17
4398,1.09
4399,5.85
4400,0.14
4401,0.55
4402,0.42
4403,3.49
4404,1.57
4405,1.4
4406,1.3
4407,0.13
4408,--
4409,0.55
4410,4.37
4411,0.16
4412,5.56
4413,3.82
4414,--
4415,0.05
4416,0.27
4417,0.92
4418,0.43
4419,1.69
4420,0.43
4421,0.82
4422,0.14
4423,1.86
4424,--
4425,0.06
4426,0.54
4427,0.95
4428,3.08
4429,0.91
4430,1.53
4431,6.07
4432,1.91
4433,2.21
4434,2.83
4435,0.77
4436,3.6
4437,2.72
4438,4.53
4439,4.09
4440,1.22
4441,4.96
4442,0.87
4443,0.11
4444,0.86
4445,1.48
4446,2.59
4447,3.4
4448,--
4449,--
4450,2.34
4451,0.13
4452,0.23
4453,8.56
4454,4.49
4455,2.64
4456,3.55
4457,0.44
4458,1.54
4459,0.38
4460,--
4461,3.26
4462,0.06
4463,2.61
4464,0.84
4465,0.42
4466,6.67
4467,1.13
4468,1.16
4469,1.24
4470,0.79
4471,1.48
4472,3.27
4473,1.05
4474,0.33
4475,--
4476,1.91
4477,--
4478,1.15
4479,0.35
4480,5.06
4481,2.15
4482,1.66
4483,2.46
4484,0.98
4485,1.73
4486,0.87
4487,3.44
4488,9.21
4489,1.3
4490,4.07
4491,1.49
4492,2.62
4493,8.15
4494,0.66
4495,0.16
4496,0.29
4497,0.35
4498,0.4
4499,0.83
4500,0.36
4501,--
4502,0.25
4503,--
4504,0.75
4505,0.16
4506,--
4507,0.14
4508,--
4509,0.44
4510,0.11
4511,1.04
4512,--
4513,--
4514,--
4515,1.58
4516,3.87
4517,3.0
4518,1.42
4519,0.67
4520,0.65
4521,4.07
4522,0.9
4523,3.72
4524,0.9
4525,0.87
4526,0.05
4527,0.47
4528,2.78
4529,3.93
4530,2.93
4531,2.29
4532,2.94
4533,2.52
4534,1.08
4535,0.23
4536,--
4537,0.32
4538,0.08
4539,0.48
4540,0.37
4541,--
4542,0.16
4543,3.71
4544,4.36
4545,0.22
4546,0.11
4547,2.14
4548,0.11
4549,0.86
4550,1.13
4551,0.53
4552,1.01
4553,3.86
4554,1.0
4555,0.59
4556,1.38
4557,1.01
4558,2.43
4559,1.18
4560,0.73
4561,0.54
4562,0.69
4563,2.61
4564,2.87
4565,--
4566,1.55
4567,2.01
4568,0.21
4569,1.66
4570,0.41
4571,4.09
4572,5.21
4573,0.41
4574,3.02
4575,1.18
4576,0.29
4577,3.22
4578,3.37
4579,2.22
4580,2.27
4581,0.34
4582,5.08
4583,0.34
4584,0.96
4585,3.46
4586,0.68
4587,3.45
4588,1.48
4589,0.11
4590,0.69
4591,2.26
4592,--
4593,2.46
4594,0.06
4595,0.55
4596,--
4597,2.72
4598,0.18
4599,0.27
4600,0.12
4601,2.11
4602,1.5
4603,--
4604,0.17
4605,3.23
4606,--
4607,0.36
4608,2.25
4609,3.29
4610,1.06
4611,0.88
4612,--
4613,0.75
4614,--
4615,1.92
4616,0.43
4617,3.28
4618,3.06
4619,0.18
4620,1.76
4621,--
4622,0.8
4623,1.57
4624,3.84
4625,12.32
4626,4.1
4627,1.14
4628,0.73
4629,0.85
4630,--
4631,3.6
4632,0.45
4633,3.05
4634,1.47
4635,1.83
4636,1.19
4637,0.53
4638,1.08
4639,2.22
4640,1.14
4641,--
4642,1.73
4643,0.93
4644,0.81
4645,0.85
4646,2.38
4647,1.19
4648,0.74
4649,0.51
4650,1.26
4651,1.93
4652,3.4
4653,2.85
4654,--
4655,4.57
4656,3.02
4657,3.66
4658,3.21
4659,0.85
4660,3.55
4661,--
4662,0.72
4663,0.35
4664,--
4665,0.7
4666,2.8
4667,3.94
4668,0.43
4669,0.36
4670,2.01
4671,3.85
4672,0.2
4673,0.28
4674,0.34
4675,0.07
4676,0.62
4677,0.17
4678,0.45
4679,0.43
4680,0.47
4681,0.38
4682,0.3
4683,1.9
4684,0.53
4685,1.89
4686,0.36
4687,2.53
4688,0.53
4689,4.11
4690,0.15
4691,3.25
4692,0.5
4693,2.25
4694,0.96
4695,0.76
4696,--
4697,--
4698,1.01
4699,0.65
4700,1.2
4701,0.82
4702,2.6
4703,0.16
4704,0.32
4705,0.19
4706,1.28
4707,0.29
4708,4.55
4709,--
4710,1.11
4711,4.4
4712,0.42
4713,0.37
4714,0.64
4715,1.06
4716,0.07
4717,4.24
4718,3.95
4719,2.39
4720,0.82
4721,1.42
4722,2.99
4723,2.95
4724,0.92
4725,1.07
4726,5.39
4727,0.07
4728,--
4729,--
4730,0.77
4731,0.83
4732,0.42
4733,--
4734,1.21
4735,2.82
4736,0.19
4737,3.09
4738,3.41
4739,1.62
4740,0.14
4741,2.55
4742,1.11
4743,0.35
4744,0.16
4745,0.72
4746,0.32
4747,0.11
4748,0.12
4749,0.12
4750,0.18
4751,0.06
4752,1.37
4753,1.4
4754,0.15
4755,--
4756,0.95
4757,0.28
4758,2.85
4759,5.44
4760,0.97
4761,0.8
4762,0.07
4763,0.98
4764,6.43
4765,4.08
4766,5.7
4767,4.14
4768,3.39
4769,4.79
4770,1.19
4771,--
4772,0.53
4773,4.37
4774,2.3
4775,1.56
4776,1.08
4777,2.75
4778,3.36
4779,1.78
4780,0.18
4781,1.58
4782,--
4783,4.93
4784,0.8
4785,0.96
4786,--
4787,--
4788,2.74
4789,0.44
4790,3.45
4791,2.81
4792,0.78
4793,1.19
4794,--
4795,5.0
4796,2.32
4797,--
4798,0.12
4799,4.58
4800,--
4801,0.32
4802,1.57
4803,2.28
4804,--
4805,2.53
4806,--
4807,0.31
4808,--
4809,6.77
4810,1.9
4811,2.28
4812,4.13
4813,0.5
4814,0.61
4815,--
4816,0.53
4817,0.69
4818,3.84
4819,2.08
4820,0.4
4821,4.25
4822,0.18
4823,0.63
4824,0.16
4825,0.73
4826,0.49
4827,0.15
4828,1.58
4829,1.85
4830,1.66
4831,7.22
4832,0.51
4833,0.29
4834,--
4835,1.9
4836,1.13
4837,0.39
4838,1.61
4839,0.49
4840,3.44
4841,3.83
4842,0.51
4843,6.86
4844,3.91
4845,1.03
4846,2.25
4847,1.69
4848,0.15
4849,1.55
4850,0.14
4851,--
4852,1.0
4853,0.86
4854,4.5
4855,0.07
4856,3.1
4857,4.5
4858,1.28
4859,1.48
4860,2.73
4861,0.37
4862,0.07
4863,3.4
4864,0.26
4865,1.31
4866,2.09
4867,0.36
4868,0.62
4869,0.56
4870,2.2
4871,3.08
4872,0.11
4873,--
4874,0.62
4875,0.13
4876,--
4877,1.82
4878,2.59
4879,2.89
4880,0.89
4881,1.11
4882,2.35
4883,0.82
4884,1.07
4885,4.03
4886,--
4887,1.9
4888,2.28
4889,0.19
4890,0.36
4891,0.6
4892,1.87
4893,1.04
4894,--
4895,0.08
4896,1.39
4897,5.64
4898,0.63
4899,0.12
4900,5.15
4901,5.76
4902,0.88
4903,5.24
4904,1.61
4905,3.36
4906,3.08
4907,1.96
4908,0.29
4909,1.14
4910,2.99
4911,4.83
4912,2.79
4913,1.22
4914,0.81
4915,2.52
4916,0.63
4917,0.69
4918,1.08
4919,0.82
4920,0.52
4921,0.24
4922,0.88
4923,1.96
4924,2.0
4925,0.71
4926,0.71
4927,1.52
4928,0.91
4929,1.34
4930,1.84
4931,0.79
4932,0.24
4933,1.33
4934,0.29
4935,0.44
4936,--
4937,3.98
4938,1.3
4939,0.36
4940,0.23
4941,0.51
4942,4.3
4943,1.02
4944,4.25
4945,2.88
4946,1.79
4947,1.87
4948,2.31
4949,1.55
4950,2.19
4951,0.22
4952,1.21
4953,0.62
4954,0.44
4955,4.19
4956,2.18
4957,2.38
4958,--
4959,0.2
4960,2.87
4961,0.36
4962,2.47
4963,0.32
4964,3.0
4965,3.73
4966,0.6
4967,0.71
4968,0.17
4969,1.35
4970,--
4971,0.36
4972,1.16
4973,1.24
4974,2.54
4975,1.16
4976,0.23
4977,0.21
4978,5.36
4979,1.71
4980,0.46
4981,1.5
4982,4.97
4983,1.27
4984,0.4
4985,1.28
4986,1.69
4987,2.62
4988,0.78
4989,0.77
4990,1.93
4991,0.79
4992,1.08
4993,--
4994,1.21
4995,3.61
4996,1.13
4997,3.33
4998,2.42
4999,3.19
5000,0.71
5001,0.72
5002,0.42
5003,0.18
5004,1.54
5005,3.61
5006,1.35
5007,0.48
5008,5.52
5009,0.42
5010,0.07
5011,1.99
5012,0.66
5013,0.77
5014,0.4
5015,1.25
5016,1.68
5017,0.43
5018,2.02
5019,0.74
5020,2.41
5021,--
5022,3.29
5023,0.74
5024,0.8
5025,0.28
5026,0.58
5027,2.46
5028,0.92
5029,1.84
5030,1.18
5031,3.34
5032,0.49
5033,2.58
5034,3.12
5035,2.18
5036,1.13
5037,0.26
5038,3.41
5039,0.67
5040,0.91
5041,0.29
5042,0.28
5043,0.42
5044,2.89
5045,2.63
5046,--
5047,0.52
5048,0.66
5049,2.09
5050,2.39
5051,0.38
5052,1.0
5053,3.03
5054,4.69
5055,0.84
5056,1.68
5057,3.63
5058,0.74
5059,5.74
5060,4.35
5061,--
5062,--
5063,--
5064,0.24
5065,--
5066,--
5067,2.32
5068,4.13
5069,0.48
5070,0.46
5071,1.11
5072,2.33
5073,--
5074,1.74
5075,0.34
5076,2.09
5077,--
5078,0.08
5079,1.58
5080,2.75
5081,0.42
5082,2.46
5083,0.9
5084,0.54
5085,0.66
5086,0.07
5087,0.35
5088,5.49
5089,1.99
5090,1.66
5091,--
5092,0.4
5093,0.98
5094,--
5095,2.58
5096,2.1
5097,0.56
5098,0.08
5099,1.33
5100,6.38
5101,--
5102,0.15
5103,0.92
5104,0.88
5105,2.92
5106,0.14
5107,8.09
5108,0.34
5109,0.31
5110,0.15
5111,6.37
5112,0.29
5113,5.5
5114,1.2
5115,0.2
5116,0.54
5117,0.14
5118,6.33
5119,1.0
5120,2.2
5121,--
5122,--
5123,--
5124,--
5125,0.88
5126,0.33
5127,--
5128,0.61
5129,--
5130,2.07
5131,0.94
5132,0.71
5133,0.44
5134,--
5135,--
5136,4.31
5137,1.31
5138,0.35
5139,1.47
5140,2.07
5141,0.28
5142,0.4
5143,4.02
5144,3.64
5145,3.03
5146,3.74
5147,0.67
5148,1.04
5149,0.08
5150,1.04
5151,4.25
5152,0.27
5153,1.32
5154,2.22
5155,--
5156,1.14
5157,2.18
5158,3.58
5159,2.93
5160,0.22
5161,3.39
5162,--
5163,2.42
5164,0.34
5165,2.83
5166,0.15
5167,0.91
5168,0.68
5169,0.43
5170,2.73
5171,0.23
5172,--
5173,0.61
5174,0.61
5175,1.14
5176,0.52
5177,--
5178,0.54
5179,0.8
5180,0.8
5181,0.22
5182,--
5183,0.21
5184,0.35
5185,0.11
5186,--
5187,4.2
5188,--
5189,--
5190,0.24
5191,2.7
5192,0.29
5193,0.9
5194,1.81
5195,0.93
5196,2.72
5197,2.4
5198,2.09
5199,0.07
5200,0.16
5201,0.16
5202,2.68
5203,0.07
5204,3.44
5205,2.25
5206,1.87
5207,0.21
5208,1.88
5209,0.51
5210,0.61
5211,0.59
5212,3.93
5213,4.26
5214,4.79
5215,1.05
5216,1.73
5217,0.46
5218,1.21
5219,0.42
5220,0.43
5221,--
5222,8.87
5223,8.52
5224,0.44
5225,1.61
5226,--
5227,--
5228,1.26
5229,1.54
5230,0.93
5231,0.82
5232,0.38
5233,6.22
5234,1.16
5235,2.23
5236,3.34
5237,3.9
5238,--
5239,--
5240,--
5241,3.24
5242,--
5243,2.05
5244,0.37
5245,3.63
5246,0.21
5247,2.09
5248,3.52
5249,0.45
5250,3.21
5251,5.97
5252,--
5253,--
5254,0.27
5255,0.69
5256,1.25
5257,0.28
5258,0.65
5259,0.62
5260,0.37
5261,0.14
5262,1.33
5263,0.31
5264,1.25
5265,0.66
5266,2.28
5267,--
5268,1.73
5269,3.36
5270,2.87
5271,0.83
5272,0.81
5273,2.63
5274,0.15
5275,2.38
5276,2.11
5277,3.6
5278,--
5279,0.29
5280,--
5281,0.28
5282,0.67
5283,0.77
5284,0.14
5285,3.22
5286,--
5287,--
5288,--
5289,0.83
5290,0.57
5291,0.6
5292,0.7
5293,0.89
5294,0.38
5295,0.27
5296,0.45
5297,2.46
5298,4.47
5299,0.86
5300,2.94
5301,1.52
5302,1.62
5303,--
5304,0.57
5305,0.28
5306,1.04
5307,1.6
5308,1.25
5309,--
5310,0.72
5311,0.59
5312,2.32
5313,1.0
5314,2.95
5315,--
5316,0.64
5317,0.94
5318,0.6
5319,0.33
5320,--
5321,0.55
5322,0.15
5323,1.67
5324,2.71
5325,0.21
5326,0.83
5327,0.07
5328,--
5329,6.06
5330,4.17
5331,0.28
5332,1.27
5333,0.31
5334,4.47
5335,--
5336,0.5
5337,0.98
5338,1.74
5339,3.87
5340,--
5341,0.37
5342,--
5343,--
5344,0.85
5345,0.24
5346,0.15
5347,0.11
5348,0.29
5349,0.2
5350,4.53
5351,0.23
5352,0.08
5353,0.37
5354,--
5355,0.56
5356,0.29
5357,--
5358,3.71
5359,3.71
5360,2.86
5361,2.23
5362,1.6
5363,2.86
5364,0.37
5365,2.09
5366,0.98
5367,0.07
5368,2.61
5369,3.23
5370,1.43
5371,0.77
5372,--
5373,3.07
5374,3.5
5375,5.1
5376,4.25
5377,0.53
5378,0.25
5379,1.79
5380,2.73
5381,2.43
5382,0.47
5383,--
5384,0.46
5385,1.88
5386,1.0
5387,1.24
5388,1.57
5389,1.06
5390,4.64
5391,0.63
5392,1.08
5393,--
5394,1.55
5395,0.85
5396,1.0
5397,0.63
5398,1.4
5399,0.29
5400,2.73
5401,1.22
5402,1.53
5403,0.21
5404,1.2
5405,6.79
5406,--
5407,2.71
5408,0.98
5409,3.46
5410,1.13
5411,0.14
5412,2.08
5413,0.08
5414,3.44
5415,0.77
5416,0.5
5417,0.16
5418,4.54
5419,--
5420,1.29
5421,0.22
5422,3.47
5423,0.3
5424,4.1
5425,1.47
5426,0.15
5427,2.61
5428,0.07
5429,2.48
5430,3.05
5431,0.17
5432,2.94
5433,0.96
5434,0.81
5435,0.37
5436,0.56
5437,0.55
5438,0.81
5439,0.67
5440,0.85
5441,2.67
5442,1.36
5443,2.46
5444,0.38
5445,1.73
5446,0.63
5447,2.15
5448,1.43
5449,0.15
5450,--
5451,--
5452,--
5453,1.07
5454,0.82
5455,0.51
5456,--
5457,--
5458,2.57
5459,2.98
5460,0.15
5461,1.78
5462,0.66
5463,0.5
5464,2.69
5465,0.57
5466,0.22
5467,--
5468,0.54
5469,2.13
5470,2.55
5471,0.43
5472,--
5473,0.15
5474,1.34
5475,4.32
5476,0.38
5477,1.0
5478,0.89
5479,2.85
5480,1.23
5481,1.87
5482,0.07
5483,0.07
5484,1.52
5485,10.07
5486,0.35
5487,--
5488,1.46
5489,0.58
5490,0.72
5491,0.2
5492,0.6
5493,0.62
5494,1.31
5495,0.92
5496,1.34
5497,2.55
5498,1.66
5499,2.37
5500,1.4
5501,--
5502,4.21
5503,2.86
5504,0.15
5505,3.68
5506,0.29
5507,--
5508,1.21
5509,0.22
5510,0.07
5511,0.89
5512,5.15
5513,1.63
5514,5.43
5515,4.02
5516,2.19
5517,4.59
5518,5.78
5519,4.63
5520,6.02
5521,0.12
5522,3.61
5523,5.93
5524,2.44
5525,0.65
5526,4.3
5527,2.32
5528,0.88
5529,0.37
5530,0.83
5531,0.08
5532,3.64
5533,--
5534,0.86
5535,3.09
5536,0.22
5537,0.64
5538,0.59
5539,0.4
5540,0.76
5541,2.64
5542,2.11
5543,0.32
5544,0.47
5545,0.8
5546,3.93
5547,0.37
5548,3.9
5549,1.55
5550,3.32
5551,1.76
5552,2.2
5553,1.39
5554,5.57
5555,0.17
5556,3.87
5557,3.95
5558,1.34
5559,2.31
5560,0.4
5561,3.99
5562,--
5563,--
5564,3.46
5565,0.16
5566,0.69
5567,0.6
5568,1.56
5569,3.26
5570,3.55
5571,0.08
5572,--
5573,4.68
5574,1.72
5575,--
5576,2.51
5577,3.15
5578,1.36
5579,2.39
5580,2.67
5581,0.98
5582,0.15
5583,1.34
5584,1.05
5585,1.02
5586,1.87
5587,0.38
5588,2.93
5589,2.56
5590,2.16
5591,--
5592,--
5593,0.28
5594,0.29
5595,0.47
5596,2.87
5597,0.36
5598,1.93
5599,3.49
5600,2.13
5601,2.24
5602,2.82
5603,--
5604,0.46
5605,8.03
5606,0.1
5607,1.27
5608,0.46
5609,0.64
5610,0.45
5611,3.95
5612,0.08
5613,0.51
5614,4.1
5615,2.19
5616,3.92
5617,0.21
5618,1.91
5619,--
5620,0.15
5621,2.57
5622,3.38
5623,0.93
5624,--
5625,2.17
5626,1.48
5627,0.78
5628,3.54
5629,1.15
5630,2.94
5631,0.83
5632,0.68
5633,1.59
5634,0.99
5635,2.8
5636,1.9
5637,1.67
5638,1.98
5639,0.16
5640,1.73
5641,4.3
5642,1.9
5643,--
5644,4.16
5645,0.23
5646,7.05
5647,1.37
5648,0.63
5649,--
5650,--
5651,4.86
5652,3.02
5653,2.26
5654,2.4
5655,5.6
5656,0.09
5657,4.52
5658,5.87
5659,2.56
5660,1.36
5661,0.66
5662,5.55
5663,5.03
5664,3.02
5665,3.92
5666,2.48
5667,--
5668,1.8
5669,1.85
5670,1.41
5671,1.81
5672,0.24
5673,3.26
5674,2.61
5675,0.15
5676,1.06
5677,3.51
5678,3.0
5679,7.54
5680,1.55
5681,2.32
5682,1.29
5683,1.33
5684,0.2
5685,1.94
5686,3.04
5687,--
5688,3.85
5689,2.34
5690,0.9
5691,2.82
5692,3.32
5693,2.02
5694,0.09
5695,1.31
5696,0.27
5697,5.86
5698,0.33
5699,0.43
5700,2.36
5701,1.22
5702,1.75
5703,1.21
5704,1.85
5705,--
5706,--
5707,0.3
5708,0.48
5709,0.95
5710,0.72
5711,2.52
5712,2.08
5713,0.86
5714,3.26
5715,2.39
5716,3.47
5717,1.04
5718,0.27
5719,0.25
5720,2.88
5721,0.79
5722,2.33
5723,5.63
5724,1.38
5725,1.76
5726,3.49
5727,4.99
5728,4.03
5729,0.93
5730,3.18
5731,1.6
5732,0.1
5733,2.05
5734,3.6
5735,1.04
5736,0.35
5737,0.9
5738,0.34
5739,1.89
5740,1.18
5741,0.21
5742,1.84
5743,0.17
5744,--
5745,1.74
5746,0.98
5747,3.05
5748,0.55
5749,1.31
5750,0.83
5751,1.92
5752,0.17
5753,--
5754,2.69
5755,0.65
5756,0.91
5757,6.55
5758,4.29
5759,1.38
5760,0.08
5761,1.97
5762,0.88
5763,3.71
5764,3.87
5765,0.18
5766,2.98
5767,1.7
5768,3.65
5769,0.37
5770,0.59
5771,0.81
5772,0.53
5773,0.47
5774,1.39
5775,--
5776,0.43
5777,0.67
5778,3.5
5779,2.49
5780,2.51
5781,1.88
5782,--
5783,4.01
5784,0.19
5785,1.02
5786,--
5787,2.42
5788,1.0
5789,--
5790,2.0
5791,1.3
5792,--
5793,2.24
5794,0.3
5795,0.53
5796,4.76
5797,4.07
5798,0.5
5799,0.34
5800,2.33
5801,3.86
5802,0.3
5803,--
5804,0.51
5805,--
5806,5.34
5807,2.8
5808,3.62
5809,1.83
5810,0.25
5811,0.11
5812,0.61
5813,1.07
5814,4.73
5815,4.67
5816,1.36
5817,0.29
5818,--
5819,0.3
5820,0.87
5821,0.59
5822,0.09
5823,4.58
5824,0.36
5825,--
5826,0.2
5827,1.02
5828,1.36
5829,--
5830,2.7
5831,4.67
5832,4.25
5833,5.18
5834,2.82
5835,0.42
5836,4.53
5837,5.16
5838,0.87
5839,0.79
5840,5.74
5841,1.54
5842,2.35
5843,0.38
5844,1.31
5845,3.14
5846,1.63
5847,0.63
5848,1.82
5849,0.3
5850,1.37
5851,1.21
5852,0.91
5853,0.17
5854,2.85
5855,0.18
5856,1.74
5857,3.77
5858,3.42
5859,--
5860,--
5861,4.88
5862,1.2
5863,2.32
5864,0.3
5865,4.81
5866,--
5867,3.99
5868,--
5869,0.88
5870,2.35
5871,0.71
5872,0.72
5873,1.97
5874,3.26
5875,2.59
5876,0.35
5877,2.06
5878,0.2
5879,0.44
5880,2.63
5881,2.97
5882,0.99
5883,1.66
5884,1.24
5885,2.69
5886,0.63
5887,0.46
5888,0.89
5889,--
5890,1.66
5891,7.48
5892,6.3
5893,6.8
5894,5.97
5895,3.62
5896,--
5897,--
5898,2.27
5899,3.6
5900,--
5901,7.85
5902,4.07
5903,--
5904,0.72
5905,2.03
5906,3.42
5907,1.07
5908,0.86
5909,3.26
5910,1.95
5911,1.76
5912,0.16
5913,0.09
5914,0.31
5915,0.19
5916,0.34
5917,0.27
5918,3.74
5919,0.59
5920,2.01
5921,2.81
5922,1.06
5923,--
5924,0.1
5925,--
5926,1.08
5927,2.26
5928,3.58
5929,3.06
5930,1.0
5931,3.56
5932,5.08
5933,1.08
5934,1.69
5935,2.23
5936,0.89
5937,--
5938,0.3
5939,--
5940,--
5941,1.1
5942,0.1
5943,2.66
5944,6.29
5945,1.34
5946,0.81
5947,3.21
5948,1.44
5949,1.7
5950,0.58
5951,0.23
5952,0.58
5953,0.77
5954,1.98
5955,2.36
5956,0.18
5957,0.2
5958,1.67
5959,0.81
5960,0.27
5961,3.83
5962,1.55
5963,0.67
5964,2.17
5965,2.1
5966,--
5967,4.81
5968,8.64
5969,0.4
5970,5.6
5971,3.06
5972,5.36
5973,4.77
5974,3.13
5975,1.12
5976,1.44
5977,0.29
5978,0.8
5979,0.73
5980,4.03
5981,--
5982,1.86
5983,1.14
5984,2.84
5985,0.15
5986,0.1
5987,0.09
5988,4.12
5989,3.52
5990,1.97
5991,3.1
5992,2.26
5993,1.48
5994,5.9
5995,2.62
5996,2.01
5997,0.8
5998,1.38
5999,3.11
6000,2.76
6001,0.16
6002,3.7
6003,5.21
6004,1.73
6005,0.62
6006,3.39
6007,0.5
6008,0.31
6009,4.82
6010,1.45
6011,0.31
6012,7.31
6013,1.81
6014,2.56
6015,--
6016,2.24
6017,0.2
6018,3.62
6019,1.38
6020,1.3
6021,1.89
6022,0.52
6023,3.13
6024,2.55
6025,--
6026,0.85
6027,0.4
6028,4.43
6029,0.77
6030,--
6031,0.6
6032,2.59
6033,0.45
6034,1.42
6035,0.48
6036,--
6037,--
6038,0.62
6039,--
6040,0.32
6041,5.65
6042,3.46
6043,3.38
6044,0.31
6045,0.1
6046,0.2
6047,0.2
6048,3.04
6049,--
6050,2.86
6051,1.66
6052,1.97
6053,2.14
6054,1.73
6055,0.58
6056,0.12
6057,3.62
6058,4.01
6059,3.04
6060,0.91
6061,--
6062,2.84
6063,0.1
6064,0.27
6065,0.56
6066,--
6067,0.34
6068,2.25
6069,0.1
6070,0.91
6071,1.71
6072,4.23
6073,--
6074,1.16
6075,4.9
6076,3.31
6077,0.42
6078,1.48
6079,6.27
6080,3.48
6081,0.24
6082,4.45
6083,0.2
6084,0.3
6085,--
6086,0.67
6087,0.95
6088,1.72
6089,0.59
6090,--
6091,1.38
6092,0.16
6093,--
6094,4.46
6095,--
6096,--
6097,1.21
6098,0.44
6099,--
6100,3.72
6101,2.06
6102,0.1
6103,2.63
6104,0.48
6105,0.2
6106,0.62
6107,3.22
6108,3.42
6109,--
6110,--
6111,0.1
6112,--
6113,--
6114,--
6115,--
6116,--
6117,0.6
6118,0.11
6119,3.06
6120,2.91
6121,0.41
6122,0.25
6123,--
6124,0.3
6125,1.61
6126,3.93
6127,3.55
6128,0.88
6129,--
6130,--
6131,3.6
6132,3.31
6133,3.02
6134,0.86
6135,0.39
6136,--
6137,--
6138,4.03
6139,1.19
6140,0.53
6141,1.26
6142,1.03
6143,0.32
6144,2.07
6145,0.24
6146,--
6147,1.84
6148,3.2
6149,1.43
6150,0.4
6151,3.71
6152,0.12
6153,2.21
6154,1.51
6155,1.74
6156,0.46
6157,6.58
6158,2.08
6159,0.48
6160,0.1
6161,0.81
6162,5.31
6163,2.58
6164,0.49
6165,--
6166,--
6167,1.31
6168,1.96
6169,2.01
6170,--
6171,0.5
6172,0.41
6173,0.41
6174,5.05
6175,2.7
6176,3.99
6177,2.94
6178,1.2
6179,3.2
6180,2.72
6181,--
6182,1.69
6183,0.72
6184,--
6185,3.77
6186,2.26
6187,0.72
6188,3.24
6189,0.3
6190,3.02
6191,1.91
6192,1.41
6193,0.3
6194,0.91
6195,0.45
6196,6.06
6197,3.98
6198,1.69
6199,3.99
6200,0.7
6201,--
6202,0.1
6203,1.68
6204,2.53
6205,0.1
6206,2.54
6207,0.92
6208,2.16
6209,2.47
6210,0.72
6211,6.85
6212,4.51
6213,0.41
6214,0.92
6215,0.41
6216,1.79
6217,--
6218,0.2
6219,0.72
6220,4.21
6221,0.45
6222,--
6223,0.1
6224,3.75
6225,0.49
6226,7.91
6227,0.11
6228,3.49
6229,0.53
6230,0.31
6231,1.28
6232,3.57
6233,0.31
6234,3.31
6235,0.21
6236,2.51
6237,0.76
6238,2.99
6239,0.64
6240,1.55
6241,1.28
6242,0.6
6243,--
6244,--
6245,0.38
6246,--
6247,9.29
6248,--
6249,0.81
6250,0.44
6251,4.44
6252,5.49
6253,1.98
6254,--
6255,0.85
6256,--
6257,3.91
6258,3.88
6259,--
6260,1.69
6261,0.22
6262,1.19
6263,1.72
6264,0.81
6265,0.16
6266,3.82
6267,0.54
6268,0.21
6269,2.1
6270,--
6271,7.24
6272,7.5
6273,6.86
6274,--
6275,--
6276,0.74
6277,0.88
6278,0.6
6279,5.28
6280,5.13
6281,7.23
6282,--
6283,4.11
6284,6.5
6285,5.33
6286,3.66
6287,2.08
6288,3.03
6289,--
6290,4.07
6291,3.26
6292,3.87
6293,0.5
6294,0.88
6295,8.42
6296,0.43
6297,0.16
6298,--
6299,2.82
6300,0.89
6301,--
6302,4.32
6303,--
6304,1.13
6305,0.34
6306,--
6307,0.33
6308,8.54
6309,0.16
6310,0.46
6311,0.88
6312,3.7
6313,2.43
6314,1.33
6315,1.0
6316,0.11
6317,5.77
6318,2.24
6319,--
6320,--
6321,1.23
6322,1.96
6323,5.7
6324,1.71
6325,0.23
6326,6.93
6327,1.7
6328,5.91
6329,0.31
6330,0.77
6331,1.58
6332,--
6333,1.96
6334,--
6335,2.38
6336,5.5
6337,5.33
6338,5.38
6339,1.1
6340,1.3
6341,3.45
6342,0.34
6343,2.26
6344,0.16
6345,6.81
6346,0.93
6347,3.45
6348,1.98
6349,2.06
6350,0.25
6351,1.02
6352,0.57
6353,6.46
6354,0.92
6355,3.14
6356,7.81
6357,1.17
6358,2.19
6359,4.56
6360,4.21
6361,--
6362,1.15
6363,0.35
6364,0.47
6365,3.23
6366,3.51
6367,4.11
6368,2.19
6369,0.53
6370,2.31
6371,0.21
6372,0.5
6373,0.24
6374,1.0
6375,--
6376,--
6377,--
6378,2.06
6379,--
6380,--
6381,0.35
6382,--
6383,--
6384,0.27
6385,0.43
6386,2.29
6387,0.66
6388,1.68
6389,0.33
6390,--
6391,0.98
6392,0.42
6393,0.65
6394,0.24
6395,4.24
6396,1.12
6397,6.05
6398,5.31
6399,0.36
6400,0.41
6401,--
6402,0.14
6403,1.65
6404,0.35
6405,0.64
6406,--
6407,0.76
6408,0.41
6409,--
6410,--
6411,0.84
6412,--
6413,1.8
6414,0.22
6415,0.95
6416,--
6417,--
6418,2.63
6419,1.05
6420,0.52
6421,0.14
6422,0.14
6423,0.42
6424,3.99
6425,--
6426,--
6427,1.53
6428,--
6429,6.22
6430,0.27
6431,0.48
6432,0.51
6433,1.13
6434,3.73
6435,0.57
6436,1.03
6437,1.0
6438,1.94
6439,4.04
6440,0.83
6441,1.74
6442,--
6443,0.72
6444,0.24
6445,--
6446,--
6447,0.32
6448,2.98
6449,2.59
6450,4.58
6451,1.41
6452,3.77
6453,0.67
6454,0.35
6455,3.93
6456,--
6457,3.86
6458,3.7
6459,2.5
6460,0.33
6461,1.24
6462,3.32
6463,5.6
6464,3.94
6465,2.65
6466,0.41
6467,--
6468,2.4
6469,0.43
6470,--
6471,0.3
6472,0.34
6473,4.75
6474,1.04
6475,4.64
6476,2.91
6477,4.95
6478,4.64
6479,2.85
6480,2.17
6481,2.49
6482,5.33
6483,0.3
6484,1.9
6485,--
6486,--
6487,--
6488,--
6489,2.1
6490,6.34
6491,5.0
6492,7.31
6493,3.33
6494,2.85
6495,1.09
6496,5.88
6497,6.1
6498,3.83
6499,0.48
6500,3.73
6501,--
6502,0.62
6503,0.97
6504,4.29
6505,5.85
6506,5.57
6507,2.06
6508,1.16
6509,0.15
6510,1.23
6511,2.9
6512,3.29
6513,4.47
6514,3.19
6515,0.36
6516,0.52
6517,0.4
6518,4.87
6519,3.62
6520,--
6521,1.0
6522,--
6523,0.49
6524,3.06
6525,1.69
6526,0.63
6527,1.05
6528,1.33
6529,0.31
6530,--
6531,0.94
6532,3.43
6533,2.0
6534,0.8
6535,0.52
6536,0.38
6537,2.68
6538,2.24
6539,--
6540,4.02
6541,--
6542,--
6543,--
6544,4.05
6545,0.98
6546,0.16
6547,0.82
6548,3.88
6549,4.21
6550,5.54
6551,1.23
6552,1.96
6553,3.17
6554,1.76
6555,0.57
6556,--
6557,1.16
6558,2.54
6559,0.86
6560,1.13
6561,0.48
6562,0.17
6563,3.38
6564,4.47
6565,0.28
6566,3.84
6567,--
6568,1.34
6569,6.84
6570,0.96
6571,3.2
6572,3.3
6573,3.65
6574,--
6575,1.24
6576,--
6577,0.91
6578,--
6579,0.93
6580,3.26
6581,3.1
6582,0.7
6583,0.29
6584,4.18
6585,2.75
6586,--
6587,0.38
6588,--
6589,4.44
6590,1.31
6591,3.8
6592,0.95
6593,0.28
6594,2.71
6595,2.74
6596,0.66
6597,1.4
6598,1.87
6599,0.13
6600,3.58
6601,0.38
6602,2.33
6603,1.96
6604,4.66
6605,--
6606,--
6607,--
6608,0.61
6609,0.43
6610,0.28
6611,1.0
6612,2.26
6613,1.96
6614,3.96
6615,2.17
6616,3.19
6617,0.84
6618,--
6619,0.6
6620,--
6621,3.88
6622,0.77
6623,4.25
6624,0.32
6625,4.03
6626,4.43
6627,4.91
6628,0.51
6629,0.4
6630,1.78
6631,4.36
6632,--
6633,--
6634,0.7
6635,1.12
6636,0.42
6637,0.26
6638,2.0
6639,--
6640,0.15
6641,0.43
6642,--
6643,--
6644,4.05
6645,--
6646,1.79
6647,5.16
6648,0.57
6649,2.66
6650,1.89
6651,--
6652,0.15
6653,1.29
6654,0.2
6655,--
6656,--
6657,1.21
6658,2.3
6659,0.36
6660,--
6661,0.47
6662,2.11
6663,0.75
6664,3.19
6665,3.18
6666,0.71
6667,0.9
6668,1.06
6669,4.01
6670,4.37
6671,6.5
6672,--
6673,0.28
6674,0.29
6675,3.51
6676,0.29
6677,0.45
6678,1.17
6679,0.91
6680,1.68
6681,3.02
6682,0.87
6683,0.48
6684,0.48
6685,4.95
6686,7.57
6687,0.79
6688,3.0
6689,0.13
6690,2.47
6691,1.82
6692,1.0
6693,--
6694,0.97
6695,1.24
6696,0.96
6697,1.41
6698,--
6699,5.05
6700,2.1
6701,--
6702,0.81
6703,4.19
6704,2.38
6705,2.33
6706,4.21
6707,3.13
6708,0.96
6709,--
6710,--
6711,--
6712,1.46
6713,3.13
6714,5.76
6715,1.0
6716,6.41
6717,0.55
6718,3.18
6719,4.49
6720,6.16
6721,3.3
6722,1.55
6723,--
6724,0.42
6725,0.34
6726,0.69
6727,0.72
6728,0.24
6729,--
6730,1.5
6731,2.66
6732,5.29
6733,3.91
6734,--
6735,0.16
6736,0.45
6737,1.01
6738,--
6739,0.27
6740,0.83
6741,0.72
6742,2.67
6743,0.94
6744,1.75
6745,4.89
6746,0.61
6747,--
6748,--
6749,--
6750,--
6751,--
6752,--
6753,--
6754,--
6755,--
6756,--
6757,--
6758,--
6759,--
6760,--
6761,--
6762,--
6763,--
6764,--
6765,--
6766,--
6767,--
6768,--
6769,--
6770,--
6771,--
6772,--
6773,--
6774,--
6775,--
6776,--
6777,0.5
6778,0.16
6779,1.54
6780,0.37
6781,2.4
6782,0.33
6783,0.62
6784,--
6785,--
6786,--
6787,--
6788,--
6789,--
6790,--
6791,--
6792,--
6793,--
6794,--
6795,--
6796,--
6797,--
6798,--
6799,--
6800,--
6801,--
6802,--
6803,--
6804,--
6805,--
6806,--
6807,--
6808,--
6809,--
6810,--
6811,--
6812,--
6813,2.52
6814,0.17
6815,--
6816,0.18
6817,0.92
6818,--
6819,--
6820,--
6821,--
6822,--
6823,--
6824,--
6825,--
6826,--
6827,--
6828,--
6829,--
6830,--
6831,--
6832,--
6833,--
6834,--
6835,--
6836,--
6837,--
6838,--
6839,--
6840,--
6841,--
6842,--
6843,--
6844,--
6845,--
6846,--
6847,--
6848,2.24
6849,1.73
6850,1.59
6851,0.9
6852,5.32
6853,0.18
6854,0.8
6855,0.64
6856,2.36
6857,1.35
6858,4.04
6859,1.9
6860,4.88
6861,1.16
6862,1.2
6863,3.64
6864,3.88
6865,1.76
6866,1.88
6867,--
6868,--
6869,--
6870,--
6871,--
6872,--
6873,--
6874,--
6875,--
6876,--
6877,--
6878,--
6879,--
6880,--
6881,--
6882,--
6883,--
6884,--
6885,0.88
6886,--
6887,1.89
6888,--
6889,--
6890,--
6891,--
6892,--
6893,--
6894,--
6895,--
6896,--
6897,--
6898,--
6899,--
6900,--
6901,--
6902,--
6903,--
6904,--
6905,--
6906,6.46
6907,2.75
6908,0.21
6909,0.64
6910,0.78
6911,0.21
6912,2.8
6913,2.78
6914,1.01
6915,0.58
6916,0.24
6917,0.65
6918,--
6919,--
6920,--
6921,--
6922,--
6923,--
6924,--
6925,--
6926,--
6927,--
6928,--
6929,--
6930,--
6931,--
6932,--
6933,--
6934,--
6935,--
6936,--
6937,--
6938,--
6939,--
6940,0.45
6941,--
6942,--
6943,--
6944,--
6945,--
6946,--
6947,--
6948,--
6949,--
6950,--
6951,--
6952,--
6953,--
6954,--
6955,--
6956,--
6957,--
6958,--
6959,--
6960,--
6961,--
6962,--
6963,--
6964,--
6965,--
6966,--
6967,--
6968,--
6969,--
6970,--
6971,--
6972,--
6973,--
6974,--
6975,--
6976,--
6977,--
6978,--
6979,--
6980,--
6981,--
6982,--
6983,--
6984,--
6985,--
6986,--
6987,--
6988,--
6989,--
6990,--
6991,--
6992,--
6993,--
6994,--
6995,--
6996,--
6997,--
6998,--
6999,--
7000,--
7001,--
7002,--
7003,--
7004,--
7005,--
7006,--
7007,--
7008,--
7009,--
7010,--
7011,--
7012,--
7013,--
7014,--
7015,--
7016,--
7017,--
7018,--
7019,--
7020,--
7021,--
7022,--
7023,--
7024,--
7025,--
7026,--
7027,--
7028,--
7029,--
7030,0.94
7031,1.13
7032,0.16
7033,1.05
7034,--
7035,3.54
7036,2.46
7037,0.49
7038,--
7039,4.59
7040,--
7041,1.82
7042,2.95
7043,--
7044,--
7045,4.55
7046,0.81
7047,2.78
7048,1.55
7049,0.35
7050,0.65
7051,--
7052,6.09
7053,1.15
7054,1.02
7055,0.33
7056,0.32
7057,0.87
7058,5.94
7059,0.4
7060,0.91
7061,0.49
7062,1.45
7063,0.72
7064,4.02
7065,1.49
7066,0.45
7067,2.92
7068,2.1
7069,--
7070,--
7071,1.16
7072,--
7073,--
7074,0.64
7075,--
7076,2.24
7077,0.16
7078,0.66
7079,7.03
7080,1.86
7081,--
7082,3.42
7083,6.45
7084,0.7
7085,7.38
7086,1.2
7087,4.51
7088,--
7089,0.87
7090,0.82
7091,4.04
7092,1.05
7093,0.83
7094,--
7095,--
7096,6.23
7097,0.3
7098,3.45
7099,4.03
7100,--
7101,4.19
7102,--
7103,2.09
7104,2.74
7105,2.12
7106,1.9
7107,1.48
7108,3.49
7109,3.59
7110,--
7111,0.88
7112,4.62
7113,--
7114,1.94
7115,4.16
7116,0.62
7117,6.24
7118,1.36
7119,1.58
7120,5.75
7121,0.97
7122,2.97
7123,2.4
7124,3.9
7125,2.78
7126,4.53
7127,0.81
7128,3.75
7129,3.49
7130,1.89
7131,5.13
7132,1.69
7133,3.12
7134,0.97
7135,1.95
7136,4.68
7137,2.02
7138,0.82
7139,0.81
7140,2.74
7141,1.93
7142,0.78
7143,6.72
7144,0.65
7145,0.32
7146,3.75
7147,1.28
7148,4.05
7149,5.62
7150,1.77
7151,0.81
7152,2.4
7153,2.46
7154,--
7155,0.51
7156,--
7157,0.91
7158,0.16
7159,0.59
7160,--
7161,0.37
7162,4.35
7163,4.39
7164,5.7
7165,--
7166,2.4
7167,2.36
7168,1.35
7169,0.98
7170,6.27
7171,4.04
7172,--
7173,3.39
7174,4.21
7175,5.13
7176,2.66
7177,5.41
7178,1.61
7179,2.15
7180,0.91
7181,5.31
7182,--
7183,--
7184,--
7185,--
7186,6.18
7187,4.05
7188,3.23
7189,0.81
7190,--
7191,2.42
7192,4.48
7193,4.35
7194,4.31
7195,--
7196,--
7197,1.13
7198,0.28
7199,0.87
7200,2.54
7201,4.35
7202,0.16
7203,3.71
7204,2.25
7205,5.67
7206,3.69
7207,2.27
7208,2.67
7209,2.77
7210,1.94
7211,0.71
7212,0.23
7213,0.73
7214,3.06
7215,--
7216,5.96
7217,2.13
7218,1.26
7219,2.37
7220,1.0
7221,2.42
7222,2.01
7223,0.32
7224,1.24
7225,0.99
7226,1.99
7227,--
7228,--
7229,0.2
7230,0.49
7231,0.35
7232,3.49
7233,3.17
7234,3.87
7235,0.65
7236,0.97
7237,6.13
7238,0.43
7239,1.62
7240,6.1
7241,--
7242,0.77
7243,1.52
7244,--
7245,--
7246,4.1
7247,4.79
7248,--
7249,4.35
7250,2.76
7251,1.32
7252,1.13
7253,--
7254,5.26
7255,0.43
7256,1.64
7257,--
7258,0.65
7259,3.02
7260,0.65
7261,3.59
7262,0.43
7263,--
7264,0.98
7265,2.69
7266,2.88
7267,2.84
7268,5.25
7269,0.38
7270,3.61
7271,1.97
7272,3.71
7273,7.54
7274,--
7275,2.79
7276,3.57
7277,4.65
7278,3.23
7279,8.66
7280,2.45
7281,4.26
7282,9.19
7283,0.16
7284,1.0
7285,4.59
7286,0.94
7287,0.16
7288,2.42
7289,2.42
7290,1.89
7291,5.43
7292,--
7293,3.87
7294,6.77
7295,0.32
7296,--
7297,--
7298,10.38
7299,5.74
7300,--
7301,1.14
7302,4.1
7303,1.91
7304,2.01
7305,0.7
7306,0.32
7307,0.2
7308,0.2
7309,5.0
7310,3.23
7311,4.84
7312,--
7313,2.5
7314,0.27
7315,--
7316,3.41
7317,1.21
7318,4.29
7319,0.46
7320,0.6
7321,2.09
7322,0.16
7323,1.3
7324,2.1
7325,4.72
7326,0.65
7327,0.16
7328,5.47
7329,4.52
7330,--
7331,0.4
7332,3.7
7333,1.63
7334,3.09
7335,--
7336,0.52
7337,1.14
7338,--
7339,1.31
7340,--
7341,--
7342,4.36
7343,2.06
7344,1.59
7345,--
7346,2.87
7347,2.86
7348,2.57
7349,1.4
7350,3.39
7351,6.61
7352,2.25
7353,0.73
7354,--
7355,4.19
7356,--
7357,--
7358,--
7359,2.01
7360,4.19
7361,--
7362,5.48
7363,3.87
7364,4.26
7365,4.21
7366,1.14
7367,1.85
7368,0.17
7369,3.68
7370,4.04
7371,3.2
7372,3.61
7373,0.17
7374,--
7375,0.73
7376,--
7377,3.78
7378,0.5
7379,0.17
7380,0.26
7381,0.16
7382,7.38
7383,--
7384,0.86
7385,4.35
7386,1.56
7387,2.59
7388,--
7389,--
7390,0.97
7391,3.07
7392,2.12
7393,1.41
7394,0.56
7395,--
7396,--
7397,--
7398,1.45
7399,4.51
7400,3.7
7401,1.57
7402,3.02
7403,0.54
7404,0.17
7405,0.22
7406,3.95
7407,--
7408,1.63
7409,1.23
7410,0.75
7411,--
7412,0.5
7413,--
7414,--
7415,0.68
7416,0.5
7417,1.29
7418,--
7419,1.55
7420,--
7421,2.98
7422,0.7
7423,0.29
7424,--
7425,3.09
7426,4.83
7427,2.09
7428,--
7429,3.53
7430,4.0
7431,--
7432,--
7433,1.74
7434,3.38
7435,0.66
7436,1.0
7437,4.11
7438,1.62
7439,4.16
7440,4.88
7441,1.64
7442,0.68
7443,3.12
7444,--
7445,--
7446,2.05
7447,0.42
7448,0.47
7449,1.38
7450,1.2
7451,2.14
7452,3.49
7453,4.91
7454,5.41
7455,1.34
7456,1.76
7457,1.64
7458,5.06
7459,0.6
7460,0.37
7461,--
7462,4.36
7463,1.1
7464,--
7465,4.36
7466,--
7467,0.17
7468,3.97
7469,0.35
7470,3.09
7471,1.46
7472,4.62
7473,--
7474,5.68
7475,1.84
7476,1.03
7477,1.36
7478,0.79
7479,--
7480,0.96
7481,--
7482,3.47
7483,2.76
7484,0.96
7485,0.52
7486,0.78
7487,1.73
7488,2.27
7489,0.66
7490,2.98
7491,4.56
7492,1.57
7493,1.46
7494,--
7495,3.04
7496,0.88
7497,0.9
7498,1.57
7499,6.98
7500,--
7501,--
7502,0.57
7503,1.8
7504,2.02
7505,1.47
7506,2.0
7507,1.5
7508,0.91
7509,--
7510,0.83
7511,4.94
7512,1.17
7513,1.55
7514,0.74
7515,--
7516,--
7517,2.89
7518,2.44
7519,1.72
7520,8.12
7521,2.65
7522,0.95
7523,--
7524,1.75
7525,2.35
7526,0.23
7527,6.26
7528,6.67
7529,0.92
7530,1.59
7531,1.19
7532,5.65
7533,3.82
7534,4.75
7535,5.2
7536,0.72
7537,0.48
7538,0.45
7539,--
7540,4.44
7541,4.18
7542,5.09
7543,1.44
7544,1.24
7545,2.87
7546,0.22
7547,--
7548,0.26
7549,--
7550,--
7551,--
7552,0.22
7553,--
7554,0.21
7555,--
7556,0.2
7557,--
7558,--
7559,0.43
7560,--
7561,0.2
7562,--
7563,0.43
7564,0.2
7565,--
7566,0.2
7567,--
7568,--
7569,--
7570,--
7571,0.4
7572,0.22
7573,1.62
7574,0.22
7575,0.43
7576,--
7577,0.4
7578,0.22
7579,0.2
7580,--
7581,0.4
7582,--
7583,--
7584,--
7585,1.71
7586,0.9
7587,2.0
7588,--
7589,--
7590,0.2
7591,1.79
7592,8.35
7593,0.55
7594,2.47
7595,--
7596,1.76
7597,2.61
7598,4.45
7599,1.58
7600,--
7601,2.24
7602,6.11
7603,6.69
7604,6.19
7605,5.61
7606,0.29
7607,1.55
7608,2.2
7609,2.35
7610,0.97
7611,1.78
7612,0.86
7613,0.35
7614,0.5
7615,0.18
7616,2.45
7617,0.77
7618,0.4
7619,2.54
7620,0.57
7621,1.99
7622,1.5
7623,6.08
7624,0.9
7625,--
7626,--
7627,0.19
7628,2.61
7629,--
7630,1.29
7631,3.28
7632,3.58
7633,4.44
7634,3.33
7635,3.75
7636,5.11
7637,6.36
7638,4.19
7639,--
7640,1.0
7641,4.29
7642,1.13
7643,1.88
7644,3.5
7645,2.0
7646,2.29
7647,0.2
7648,0.4
7649,2.45
7650,4.55
7651,4.04
7652,1.13
7653,--
7654,--
7655,2.86
7656,--
7657,0.44
7658,--
7659,--
7660,3.08
7661,1.63
7662,1.05
7663,--
7664,--
7665,--
7666,--
7667,0.88
7668,0.8
7669,0.31
7670,--
7671,3.75
7672,2.07
7673,1.45
7674,0.23
7675,1.97
7676,2.57
7677,4.77
7678,1.29
7679,3.08
7680,--
7681,--
7682,4.85
7683,1.13
7684,1.0
7685,--
7686,5.78
7687,0.2
7688,2.94
7689,2.0
7690,--
7691,1.51
7692,1.85
7693,1.08
7694,1.0
7695,1.0
7696,0.6
7697,--
7698,6.43
7699,0.6
7700,--
7701,--
7702,1.79
7703,1.09
7704,6.69
7705,0.25
7706,4.77
7707,1.76
7708,0.28
7709,2.01
7710,3.07
7711,1.96
7712,2.78
7713,--
7714,4.14
7715,3.04
7716,0.54
7717,--
7718,--
7719,0.85
7720,5.42
7721,5.05
7722,--
7723,2.16
7724,1.09
7725,2.07
7726,1.53
7727,6.82
7728,1.22
7729,0.35
7730,2.34
7731,5.88
7732,3.86
7733,1.0
7734,0.87
7735,2.41
7736,2.71
7737,0.69
7738,--
7739,2.94
7740,3.07
7741,3.5
7742,2.94
7743,--
7744,--
7745,0.63
7746,3.57
7747,4.08
7748,2.66
7749,5.74
7750,--
7751,2.59
7752,--
7753,--
7754,3.71
7755,5.66
7756,3.54
7757,3.54
7758,2.71
7759,4.07
7760,2.71
7761,6.44
7762,--
7763,2.73
7764,1.46
7765,2.37
7766,1.96
7767,3.36
7768,--
7769,0.83
7770,1.38
7771,2.75
7772,0.22
7773,2.06
7774,--
7775,3.86
7776,--
7777,2.83
7778,1.94
7779,0.65
7780,2.42
7781,1.14
7782,1.94
7783,3.52
7784,2.59
7785,--
7786,5.87
7787,--
7788,6.92
7789,--
7790,--
7791,3.64
7792,2.5
7793,--
7794,1.69
7795,1.89
7796,1.97
7797,4.0
7798,4.01
7799,3.62
7800,0.73
7801,1.32
7802,0.46
7803,3.5
7804,3.8
7805,0.29
7806,0.23
7807,0.7
7808,3.3
7809,2.11
7810,--
7811,0.55
7812,--
7813,0.73
7814,3.44
7815,2.77
7816,1.37
7817,1.4
7818,3.36
7819,4.95
7820,3.2
7821,3.82
7822,2.8
7823,4.59
7824,4.76
7825,4.07
7826,3.03
7827,1.94
7828,2.41
7829,3.11
7830,0.73
7831,3.11
7832,2.65
7833,1.75
7834,1.46
7835,--
7836,3.16
7837,1.0
7838,4.65
7839,0.71
7840,--
7841,4.07
7842,--
7843,1.92
7844,2.75
7845,1.18
7846,1.74
7847,2.41
7848,5.39
7849,1.68
7850,3.36
7851,4.49
7852,8.62
7853,--
7854,1.0
7855,--
7856,2.93
7857,--
7858,--
7859,2.5
7860,3.89
7861,1.15
7862,--
7863,3.96
7864,1.15
7865,2.7
7866,1.64
7867,2.48
7868,5.9
7869,--
7870,0.92
7871,3.69
7872,2.61
7873,--
7874,0.92
7875,--
7876,0.75
7877,1.27
7878,1.62
7879,4.0
7880,0.56
7881,2.63
7882,--
7883,2.87
7884,0.45
7885,0.45
7886,0.29
7887,--
7888,0.76
7889,1.38
7890,0.94
7891,2.54
7892,1.55
7893,1.62
7894,0.73
7895,0.24
7896,1.79
7897,3.08
7898,3.72
7899,--
7900,1.28
7901,2.44
7902,1.96
7903,1.0
7904,2.25
7905,3.93
7906,3.54
7907,1.4
7908,1.94
7909,2.67
7910,3.03
7911,0.28
7912,2.93
7913,--
7914,4.93
7915,0.69
7916,2.38
7917,--
7918,3.69
7919,2.67
7920,3.98
7921,5.09
7922,5.24
7923,6.15
7924,3.33
7925,0.92
7926,4.67
7927,--
7928,3.0
7929,--
7930,--
7931,2.36
7932,0.67
7933,1.17
7934,--
7935,0.64
7936,0.73
7937,4.18
7938,--
7939,3.49
7940,0.83
7941,0.98
7942,4.62
7943,0.71
7944,2.87
7945,--
7946,2.67
7947,3.66
7948,5.61
7949,5.1
7950,2.46
7951,3.36
7952,3.5
7953,2.79
7954,3.55
7955,--
7956,2.61
7957,0.94
7958,0.24
7959,1.01
7960,1.3
7961,1.35
7962,1.94
7963,1.39
7964,1.16
7965,2.42
7966,7.32
7967,1.92
7968,1.0
7969,--
7970,3.27
7971,6.28
7972,2.44
7973,0.68
7974,3.93
7975,4.77
7976,4.58
7977,1.36
7978,1.33
7979,0.83
7980,1.29
7981,--
7982,--
7983,1.44
7984,--
7985,0.7
7986,0.91
7987,--
7988,0.83
7989,--
7990,2.0
7991,1.6
7992,1.8
7993,2.54
7994,0.85
7995,6.67
7996,4.14
7997,2.21
7998,0.28
7999,4.11
8000,1.32
8001,--
8002,0.4
8003,2.22
8004,0.57
8005,3.64
8006,6.17
8007,0.28
8008,4.8
8009,4.79
8010,2.2
8011,0.59
8012,1.79
8013,0.98
8014,2.59
8015,5.12
8016,--
8017,4.35
8018,6.34
8019,--
8020,6.24
8021,1.26
8022,--
8023,5.12
8024,4.41
8025,5.59
8026,--
8027,0.88
8028,1.0
8029,--
8030,--
8031,0.3
8032,0.29
8033,1.03
8034,2.0
8035,--
8036,5.0
8037,2.18
8038,0.62
8039,5.0
8040,1.58
8041,2.03
8042,10.91
8043,--
8044,--
8045,--
8046,6.86
8047,4.83
8048,4.82
8049,6.39
8050,1.32
8051,1.97
8052,2.97
8053,--
8054,0.69
8055,0.79
8056,2.54
8057,1.11
8058,2.07
8059,0.63
8060,--
8061,--
8062,1.78
8063,--
8064,1.36
8065,1.0
8066,3.36
8067,3.3
8068,2.07
8069,0.93
8070,--
8071,3.24
8072,4.12
8073,--
8074,3.53
8075,0.58
8076,1.69
8077,2.82
8078,2.0
8079,3.3
8080,0.29
8081,1.0
8082,--
8083,0.32
8084,1.0
8085,0.28
8086,5.54
8087,4.46
8088,0.59
8089,--
8090,0.55
8091,1.4
8092,1.65
8093,0.63
8094,1.25
8095,1.38
8096,--
8097,3.08
8098,1.09
8099,--
8100,0.58
8101,1.0
8102,3.1
8103,2.65
8104,0.56
8105,0.28
8106,2.25
8107,2.41
8108,4.08
8109,1.98
8110,1.46
8111,5.58
8112,2.48
8113,1.46
8114,0.58
8115,4.16
8116,4.03
8117,--
8118,--
8119,--
8120,--
8121,1.81
8122,2.61
8123,--
8124,5.74
8125,--
8126,0.37
8127,--
8128,1.58
8129,0.83
8130,0.87
8131,1.0
8132,--
8133,7.58
8134,2.0
8135,--
8136,1.82
8137,2.61
8138,--
8139,--
8140,2.96
8141,2.11
8142,0.34
8143,5.0
8144,2.53
8145,1.75
8146,--
8147,0.82
8148,1.0
8149,3.27
8150,6.37
8151,0.29
8152,--
8153,1.67
8154,--
8155,0.28
8156,0.46
8157,1.88
8158,3.75
8159,4.4
8160,4.33
8161,3.64
8162,1.22
8163,1.96
8164,3.53
8165,4.36
8166,4.14
8167,0.36
8168,--
8169,0.86
8170,2.75
8171,1.1
8172,--
8173,--
8174,1.86
8175,--
8176,1.06
8177,4.09
8178,4.43
8179,3.45
8180,7.42
8181,2.23
8182,3.58
8183,2.67
8184,2.94
8185,0.9
8186,1.7
8187,1.85
8188,0.42
8189,3.58
8190,1.1
8191,3.71
8192,2.06
8193,6.18
8194,0.92
8195,3.71
8196,--
8197,--
8198,2.23
8199,3.61
8200,1.83
8201,0.28
8202,1.67
8203,1.0
8204,2.65
8205,5.09
8206,2.65
8207,0.8
8208,5.35
8209,0.83
8210,3.79
8211,3.75
8212,6.25
8213,1.88
8214,2.94
8215,4.29
8216,0.65
8217,5.64
8218,2.84
8219,6.25
8220,--
8221,5.29
8222,2.84
8223,3.03
8224,0.95
8225,1.25
8226,4.08
8227,--
8228,2.91
8229,0.9
8230,3.55
8231,--
8232,2.94
8233,1.56
8234,0.59
8235,5.0
8236,0.9
8237,--
8238,4.12
8239,0.48
8240,--
8241,2.25
8242,--
8243,--
8244,3.41
8245,3.86
8246,--
8247,5.74
8248,--
8249,0.81
8250,0.75
8251,2.33
8252,4.23
8253,--
8254,4.29
8255,0.91
8256,3.43
8257,2.21
8258,--
8259,4.0
8260,2.08
8261,2.93
8262,2.62
8263,6.37
8264,1.67
8265,--
8266,6.55
8267,0.81
8268,0.29
8269,4.43
8270,--
8271,--
8272,1.0
8273,--
8274,2.59
8275,2.65
8276,1.0
8277,4.11
8278,1.2
8279,--
8280,0.29
8281,--
8282,--
8283,0.36
8284,1.27
8285,4.95
8286,3.98
8287,5.05
8288,--
8289,2.0
8290,1.06
8291,--
8292,6.28
8293,7.5
8294,2.0
8295,3.07
8296,--
8297,--
8298,3.29
8299,0.65
8300,1.43
8301,1.0
8302,2.4
8303,1.9
8304,2.67
8305,--
8306,--
8307,1.6
8308,--
8309,4.46
8310,--
8311,2.59
8312,--
8313,3.64
8314,1.03
8315,2.16
8316,--
8317,2.53
8318,--
8319,0.67
8320,3.79
8321,2.21
8322,--
8323,1.0
8324,2.39
8325,5.51
8326,--
8327,1.58
8328,0.82
8329,2.21
8330,--
8331,--
8332,5.2
8333,1.0
8334,--
8335,1.52
8336,--
8337,3.1
8338,1.0
8339,--
8340,1.0
8341,1.0
8342,1.22
8343,--
8344,0.5
8345,1.5
8346,4.43
8347,1.0
8348,--
8349,2.55
8350,5.79
8351,1.3
8352,--
8353,0.7
8354,1.36
8355,--
8356,1.0
8357,3.6
8358,0.36
8359,2.9
8360,1.64
8361,2.0
8362,3.6
8363,1.15
8364,2.88
8365,1.43
8366,--
8367,1.0
8368,--
8369,--
8370,1.0
8371,3.16
8372,0.35
8373,--
8374,4.44
8375,2.56
8376,--
8377,0.95
8378,0.57
8379,3.48
8380,0.97
8381,2.73
8382,2.84
8383,1.7
8384,--
8385,7.5
8386,1.58
8387,0.36
8388,1.26
8389,--
8390,--
8391,0.54
8392,0.37
8393,0.95
8394,0.33
8395,0.95
8396,0.91
8397,2.73
8398,1.0
8399,--
8400,2.26
8401,0.97
8402,1.07
8403,--
8404,0.69
8405,--
8406,1.7
8407,2.54
8408,--
8409,--
8410,--
8411,1.02
8412,6.0
8413,1.06
8414,--
8415,2.12
8416,1.76
8417,1.76
8418,0.74
8419,2.47
8420,--
8421,1.0
8422,2.73
8423,2.03
8424,4.24
8425,1.53
8426,0.34
8427,4.35
8428,--
8429,0.6
8430,7.31
8431,1.17
8432,1.11
8433,4.53
8434,3.5
8435,3.98
8436,--
8437,2.07
8438,2.92
8439,2.73
8440,1.11
8441,1.33
8442,3.27
8443,2.22
8444,2.73
8445,3.75
8446,5.53
8447,3.41
8448,0.81
8449,4.29
8450,2.76
8451,3.49
8452,--
8453,2.43
8454,--
8455,0.45
8456,--
8457,1.03
8458,5.42
8459,0.67
8460,0.49
8461,0.71
8462,5.83
8463,--
8464,--
8465,2.67
8466,2.96
8467,--
8468,6.09
8469,6.71
8470,--
8471,1.85
8472,0.77
8473,0.51
8474,0.9
8475,1.6
8476,0.9
8477,--
8478,7.06
8479,0.88
8480,--
8481,5.86
8482,3.33
8483,1.11
8484,--
8485,0.87
8486,--
8487,1.67
8488,2.59
8489,2.0
8490,--
8491,1.22
8492,1.76
8493,--
8494,0.91
8495,0.86
8496,1.58
8497,1.67
8498,5.56
8499,1.0
8500,--
8501,0.51
8502,3.05
8503,--
8504,--
8505,--
8506,--
8507,--
8508,--
8509,--
8510,1.34
8511,0.74
8512,--
8513,9.42
8514,--
8515,--
8516,--
8517,2.25
8518,--
8519,10.37
8520,1.76
8521,0.45
8522,2.0
8523,1.97
8524,--
8525,--
8526,--
8527,0.7
8528,--
8529,--
8530,2.84
8531,--
8532,1.58
8533,--
8534,--
8535,3.0
8536,1.54
8537,--
8538,3.33
8539,7.18
8540,1.83
8541,6.3
8542,7.06
8543,1.85
8544,2.25
8545,--
8546,4.86
8547,1.96
8548,1.41
8549,--
8550,1.82
8551,1.91
8552,1.09
8553,2.92
8554,5.6
8555,3.89
8556,1.74
8557,6.58
8558,--
8559,0.38
8560,2.17
8561,8.92
8562,3.48
8563,1.25
8564,2.0
8565,--
8566,3.87
8567,--
8568,--
8569,--
8570,2.9
8571,2.47
8572,4.0
8573,2.83
8574,2.26
8575,--
8576,3.75
8577,4.05
8578,2.81
8579,3.91
8580,2.5
8581,--
8582,1.0
8583,1.09
8584,1.34
8585,2.0
8586,--
8587,5.13
8588,--
8589,--
8590,4.58
8591,--
8592,--
8593,--
8594,2.0
8595,3.2
8596,--
8597,0.88
8598,2.46
8599,2.22
8600,3.08
8601,--
8602,2.0
8603,--
8604,--
8605,--
8606,--
8607,5.33
8608,1.38
8609,--
8610,1.0
8611,--
8612,1.0
8613,--
8614,3.33
8615,1.54
8616,--
8617,2.55
8618,3.24
8619,--
8620,2.43
8621,--
8622,3.24
8623,1.0
8624,0.88
8625,2.31
8626,0.88
8627,5.71
8628,0.94
8629,5.54
8630,2.84
8631,4.93
8632,4.85
8633,--
8634,4.58
8635,1.5
8636,5.4
8637,0.73
8638,5.37
8639,0.51
8640,--
8641,1.97
8642,--
8643,--
8644,0.75
8645,4.09
8646,2.35
8647,3.67
8648,4.62
8649,4.03
8650,4.23
8651,2.73
8652,2.5
8653,--
8654,1.0
8655,1.61
8656,--
8657,0.57
8658,2.86
8659,--
8660,1.0
8661,0.9
8662,6.67
8663,4.44
8664,3.0
8665,3.13
8666,4.69
8667,5.16
8668,4.22
8669,5.91
8670,1.96
8671,--
8672,1.34
8673,1.3
8674,1.0
8675,2.47
8676,0.44
8677,4.09
8678,3.49
8679,1.0
8680,4.41
8681,1.0
8682,1.64
8683,5.37
8684,1.0
8685,2.0
8686,--
8687,--
8688,1.36
8689,0.51
8690,3.82
8691,0.81
8692,--
8693,10.0
8694,--
8695,1.96
8696,2.26
8697,2.31
8698,3.18
8699,1.96
8700,1.32
8701,1.03
8702,1.7
8703,--
8704,--
8705,2.09
8706,2.09
8707,--
8708,0.56
8709,1.0
8710,2.0
8711,1.0
8712,--
8713,1.73
8714,2.35
8715,4.29
8716,1.13
8717,5.41
8718,1.67
8719,1.82
8720,7.24
8721,1.5
8722,6.0
8723,5.0
8724,0.45
8725,--
8726,2.67
8727,3.09
8728,1.0
8729,--
8730,--
8731,1.0
8732,4.62
8733,1.09
8734,4.5
8735,2.25
8736,--
8737,--
8738,2.95
8739,5.38
8740,--
8741,2.54
8742,--
8743,2.0
8744,--
8745,--
8746,2.09
8747,1.0
8748,1.0
8749,--
8750,0.88
8751,--
8752,--
8753,--
8754,--
8755,1.33
8756,1.18
8757,1.0
8758,2.03
8759,--
8760,--
8761,5.0
8762,2.61
8763,4.0
8764,--
8765,1.0
8766,--
8767,1.25
8768,0.56
8769,3.5
8770,9.11
8771,11.02
8772,1.0
8773,--
8774,1.5
8775,0.94
8776,4.53
8777,--
8778,--
8779,5.5
8780,2.61
8781,3.0
8782,2.14
8783,--
8784,1.13
8785,5.81
8786,--
8787,4.29
8788,6.29
8789,4.91
8790,--
8791,--
8792,0.94
8793,2.63
8794,--
8795,3.33
8796,2.25
8797,1.5
8798,--
8799,3.66
8800,--
8801,5.59
8802,2.78
8803,--
8804,--
8805,--
8806,--
8807,1.0
8808,2.07
8809,1.33
8810,--
8811,5.5
8812,--
8813,--
8814,--
8815,8.18
8816,4.36
8817,--
8818,--
8819,0.94
8820,1.0
8821,1.0
8822,0.94
8823,1.0
8824,4.29
8825,3.06
8826,1.0
8827,4.0
8828,7.92
8829,1.0
8830,3.4
8831,--
8832,--
8833,--
8834,0.56
8835,2.86
8836,2.0
8837,5.71
8838,1.28
8839,4.0
8840,3.75
8841,1.11
8842,2.25
8843,2.26
8844,--
8845,5.0
8846,6.23
8847,2.25
8848,1.02
8849,1.0
8850,1.0
8851,2.0
8852,2.0
8853,2.0
8854,5.09
8855,4.0
8856,--
8857,5.88
8858,4.04
8859,2.26
8860,3.0
8861,0.77
8862,--
8863,2.37
8864,6.79
8865,1.46
8866,--
8867,12.86
8868,3.33
8869,0.94
8870,2.0
8871,6.36
8872,1.0
8873,--
8874,1.0
8875,--
8876,3.66
8877,1.96
8878,0.77
8879,1.0
8880,1.0
8881,1.0
8882,1.33
8883,1.15
8884,1.7
8885,--
8886,3.0
8887,--
8888,1.0
8889,1.0
8890,--
8891,--
8892,4.2
8893,3.75
8894,5.29
8895,8.0
8896,0.77
8897,3.57
8898,--
8899,1.87
8900,--
8901,--
8902,2.0
8903,3.95
8904,--
8905,1.0
8906,2.0
8907,2.5
8908,--
8909,3.91
8910,3.24
8911,--
8912,--
8913,--
8914,3.64
8915,--
8916,1.82
8917,1.36
8918,1.28
8919,6.82
8920,--
8921,3.4
8922,5.19
8923,1.43
8924,0.91
8925,--
8926,2.61
8927,1.0
8928,1.0
8929,1.0
8930,2.73
8931,--
8932,0.65
8933,1.46
8934,--
8935,5.14
8936,--
8937,1.33
8938,2.67
8939,--
8940,0.65
8941,1.54
8942,1.0
8943,--
8944,2.0
8945,--
8946,--
8947,--
8948,--
8949,0.71
8950,1.36
8951,1.0
8952,--
8953,0.83
8954,1.0
8955,5.0
8956,1.0
8957,1.0
8958,3.26
8959,1.96
8960,3.91
8961,--
8962,2.0
8963,3.66
8964,--
8965,--
8966,--
8967,--
8968,0.64
8969,2.61
8970,--
8971,1.87
8972,--
8973,6.52
8974,2.14
8975,--
8976,4.74
8977,6.18
8978,2.81
8979,1.0
8980,--
8981,1.0
8982,1.0
8983,1.0
8984,1.96
8985,7.32
8986,4.0
8987,--
8988,1.0
8989,1.0
8990,--
8991,2.0
8992,1.0
8993,1.0
8994,1.0
8995,1.0
8996,2.37
8997,2.05
8998,2.0
8999,3.57
9000,3.95
9001,--
9002,--
9003,2.0
9004,1.0
9005,1.76
9006,1.0
9007,1.36
9008,--
9009,0.75
9010,1.0
9011,10.0
9012,1.62
9013,1.5
9014,1.0
9015,8.46
9016,--
9017,1.0
9018,1.43
9019,7.33
9020,4.17
9021,--
9022,1.46
9023,1.43
9024,1.67
9025,5.62
9026,3.16
9027,1.4
9028,3.08
9029,1.46
9030,6.98
9031,0.7
9032,6.98
9033,3.08
9034,--
9035,3.53
9036,2.31
9037,--
9038,4.5
9039,--
9040,8.05
9041,3.0
9042,--
9043,--
9044,3.16
9045,--
9046,--
9047,--
9048,0.86
9049,--
9050,--
9051,--
9052,--
9053,--
9054,5.0
9055,--
9056,--
9057,2.0
9058,--
9059,1.0
9060,--
9061,1.76
9062,3.0
9063,0.81
9064,1.0
9065,--
9066,--
9067,2.0
9068,--
9069,--
9070,1.0
9071,--
9072,3.33
9073,--
9074,--
9075,2.0
9076,--
9077,1.0
9078,1.0
9079,1.0
9080,--
9081,1.0
9082,4.62
9083,2.65
9084,10.5
9085,--
9086,--
9087,1.87
9088,--
9089,3.43
9090,--
9091,--
9092,--
9093,--
9094,7.0
9095,1.87
9096,--
9097,--
9098,1.87
9099,1.67
9100,--
9101,1.0
9102,1.0
9103,6.32
9104,1.0
9105,1.0
9106,1.87
9107,--
9108,--
9109,--
9110,2.73
9111,--
9112,1.0
9113,--
9114,4.0
9115,--
9116,1.0
9117,--
9118,2.37
9119,--
9120,1.82
9121,--
9122,3.53
9123,5.83
9124,1.87
9125,--
9126,--
9127,--
9128,3.24
9129,4.69
9130,--
9131,1.0
9132,--
9133,2.0
9134,1.0
9135,--
9136,2.73
9137,1.0
9138,1.0
9139,5.0
9140,--
9141,--
9142,0.86
9143,--
9144,3.64
9145,1.82
9146,0.88
9147,--
9148,1.0
9149,1.0
9150,1.0
9151,--
9152,0.94
9153,5.29
9154,8.0
9155,3.64
9156,--
9157,--
9158,--
9159,2.0
9160,--
9161,4.0
9162,5.0
9163,2.0
9164,2.0
9165,--
9166,1.0
9167,--
9168,--
9169,3.0
9170,--
9171,--
9172,--
9173,--
9174,--
9175,5.0
9176,--
9177,1.0
9178,--
9179,--
9180,3.0
9181,--
9182,1.0
9183,4.0
9184,--
9185,--
9186,--
9187,--
9188,1.0
9189,--
9190,1.0
9191,--
9192,1.0
9193,--
9194,--
9195,2.0
9196,--
9197,1.0
9198,--
9199,--
9200,--
9201,1.0
9202,4.0
9203,--
9204,--
9205,--
9206,--
9207,--
9208,2.0
9209,--
9210,2.0
9211,3.0
9212,2.0
9213,1.0
9214,2.0
9215,1.0
9216,3.0
9217,--
9218,--
9219,--
9220,4.0
9221,--
9222,--
9223,--
9224,--
9225,--
9226,1.0
9227,--
9228,--
9229,2.0
9230,4.0
9231,4.0
9232,--
9233,2.0
9234,--
9235,1.0
9236,--
9237,--
9238,--
9239,1.0
9240,1.0
9241,1.0
9242,2.0
9243,--
9244,--
9245,--
9246,--
9247,--
9248,--
9249,--
9250,1.0
9251,--
9252,--
9253,1.0
9254,1.0
9255,--
9256,--
9257,5.0
9258,--
9259,--
9260,--
9261,--
9262,--
9263,--
9264,1.0
9265,--
9266,3.0
9267,--
9268,--
9269,1.0
9270,--
9271,1.0
9272,--
9273,--
9274,--
9275,2.0
9276,--
9277,--
9278,4.0
9279,--
9280,1.0
9281,--
9282,--
9283,--
9284,--
9285,1.0
9286,--
9287,--
9288,--
9289,5.0
9290,--
9291,3.0
9292,--
9293,--
9294,--
9295,2.0
9296,1.0
9297,--
9298,--
9299,--
9300,--
9301,--
9302,--
9303,--
9304,2.0
9305,--
9306,--
9307,--
9308,1.0
9309,1.0
9310,1.0
9311,--
9312,--
9313,1.0
9314,1.0
9315,--
9316,--
9317,--
9318,--
9319,--
9320,--
9321,--
9322,--
9323,--
9324,1.0
9325,1.0
9326,--
9327,--
9328,1.0
9329,--
9330,--
9331,--
9332,--
9333,--
9334,--
9335,--
9336,1.0
9337,--
9338,--
9339,--
9340,1.0
9341,--
9342,--
9343,4.0
9344,--
9345,--
9346,1.0
9347,--
9348,--
9349,--
9350,--
9351,--
9352,--
9353,--
9354,--
9355,--
9356,1.0
9357,--
9358,--
9359,--
9360,--
9361,--
9362,--
9363,--
9364,--
9365,1.0
9366,--
9367,1.0
9368,--
9369,--
9370,--
9371,--
9372,--
9373,--
9374,--
9375,--
9376,--
9377,--
9378,--
9379,--
9380,--
9381,--
9382,--
9383,1.0
9384,1.0
9385,1.0
9386,--
9387,--
9388,--
9389,--
9390,--
9391,--
9392,--
9393,--
9394,1.0
9395,--
9396,--
9397,--
9398,--
9399,--
9400,--
9401,--
9402,--
9403,--
9404,--
9405,--
9406,1.0
9407,--
9408,--
9409,--
9410,--
9411,--
9412,--
9413,--
9414,--
9415,--
9416,--
9417,--
9418,--
9419,--
9420,--
9421,1.0
9422,--
9423,--
9424,--
9425,--
9426,--
9427,--
9428,--
9429,--
9430,--
9431,--
9432,--
9433,--
9434,1.0
9435,--
9436,1.0
9437,--
9438,--
9439,--
9440,--
9441,--
9442,--
9443,--
9444,--
9445,--
9446,--
