,review_scores_value
0,4.52
1,4.0
2,4.63
3,4.85
4,4.41
5,4.38
6,4.78
7,4.8
8,4.78
9,4.33
10,4.35
11,4.67
12,4.68
13,4.74
14,4.33
15,0.0
16,4.64
17,4.82
18,4.76
19,4.09
20,4.85
21,4.63
22,4.67
23,4.61
24,4.82
25,4.69
26,4.53
27,4.49
28,4.79
29,4.79
30,4.9
31,4.56
32,4.8
33,4.73
34,4.54
35,4.72
36,4.9
37,4.63
38,4.87
39,4.8
40,4.72
41,4.61
42,4.79
43,4.76
44,4.55
45,4.8
46,4.48
47,4.7
48,4.91
49,4.64
50,4.64
51,4.44
52,4.52
53,4.85
54,4.89
55,4.74
56,4.85
57,4.83
58,4.63
59,4.27
60,4.84
61,4.78
62,4.61
63,0.0
64,4.58
65,4.88
66,4.79
67,4.53
68,4.36
69,4.71
70,4.81
71,4.56
72,4.87
73,4.59
74,4.61
75,4.79
76,4.49
77,4.64
78,4.77
79,4.67
80,4.78
81,4.68
82,4.77
83,4.14
84,4.72
85,4.36
86,4.35
87,4.87
88,4.67
89,4.55
90,4.61
91,4.75
92,4.58
93,4.63
94,4.77
95,4.47
96,4.7
97,4.69
98,4.72
99,4.88
100,4.92
101,4.91
102,4.78
103,4.55
104,4.87
105,4.85
106,4.45
107,4.71
108,4.42
109,4.63
110,4.57
111,4.47
112,4.7
113,4.42
114,4.71
115,4.85
116,4.53
117,4.83
118,4.07
119,4.75
120,0.0
121,4.77
122,4.69
123,4.62
124,4.79
125,4.75
126,4.3
127,4.52
128,4.66
129,4.79
130,4.43
131,4.77
132,4.72
133,4.78
134,4.72
135,4.78
136,4.46
137,4.5
138,4.61
139,4.82
140,4.86
141,4.56
142,4.66
143,4.76
144,4.7
145,4.66
146,4.72
147,4.64
148,4.77
149,4.75
150,4.87
151,4.63
152,4.86
153,4.73
154,4.67
155,4.84
156,4.54
157,4.59
158,4.6
159,4.56
160,4.49
161,0.0
162,0.0
163,4.67
164,4.64
165,4.73
166,4.65
167,4.8
168,4.88
169,4.87
170,4.63
171,4.79
172,4.71
173,4.82
174,0.0
175,4.83
176,4.56
177,4.6
178,4.76
179,4.7
180,4.67
181,4.5
182,4.25
183,4.73
184,4.71
185,4.94
186,4.59
187,4.75
188,4.73
189,4.6
190,4.73
191,5.0
192,4.67
193,4.79
194,4.83
195,4.68
196,4.84
197,4.64
198,4.69
199,4.83
200,4.55
201,4.77
202,4.91
203,4.88
204,4.33
205,4.75
206,0.0
207,4.62
208,4.53
209,4.62
210,4.89
211,4.2
212,4.91
213,4.88
214,4.5
215,4.96
216,4.77
217,4.81
218,4.87
219,4.58
220,4.48
221,4.76
222,4.33
223,4.69
224,4.85
225,4.54
226,4.61
227,4.78
228,4.4
229,4.89
230,4.85
231,4.67
232,4.43
233,4.88
234,4.63
235,4.86
236,4.87
237,4.65
238,4.6
239,4.5
240,4.67
241,4.35
242,4.41
243,4.28
244,4.33
245,4.26
246,4.75
247,4.59
248,4.66
249,4.8
250,4.76
251,4.48
252,4.55
253,4.47
254,4.79
255,4.66
256,4.89
257,4.72
258,4.84
259,4.69
260,4.0
261,4.93
262,4.8
263,4.67
264,4.57
265,4.71
266,4.69
267,4.7
268,4.25
269,4.76
270,4.78
271,4.74
272,0.0
273,4.56
274,4.84
275,4.35
276,4.57
277,4.5
278,4.07
279,4.78
280,0.0
281,4.94
282,4.83
283,0.0
284,4.63
285,4.44
286,4.7
287,4.88
288,4.76
289,4.62
290,5.0
291,4.8
292,4.68
293,4.57
294,0.0
295,4.84
296,4.73
297,4.85
298,4.59
299,4.75
300,4.83
301,0.0
302,4.66
303,4.72
304,4.75
305,4.83
306,4.82
307,4.69
308,4.4
309,4.63
310,4.83
311,4.28
312,5.0
313,4.33
314,4.54
315,4.33
316,4.89
317,4.59
318,4.76
319,4.45
320,4.79
321,4.61
322,4.0
323,4.38
324,4.83
325,4.83
326,4.61
327,4.84
328,4.81
329,4.57
330,4.7
331,4.3
332,4.35
333,4.82
334,4.6
335,4.81
336,4.78
337,4.48
338,4.56
339,4.0
340,4.45
341,4.41
342,4.65
343,4.71
344,5.0
345,4.7
346,4.92
347,4.63
348,4.5
349,4.85
350,4.68
351,4.75
352,4.66
353,4.84
354,4.86
355,5.0
356,4.29
357,4.45
358,4.79
359,4.78
360,4.84
361,5.0
362,4.69
363,4.94
364,4.67
365,4.64
366,4.86
367,4.2
368,4.73
369,4.57
370,4.68
371,4.79
372,4.62
373,4.77
374,4.47
375,4.8
376,4.53
377,4.48
378,4.77
379,4.28
380,4.89
381,4.73
382,4.65
383,4.6
384,4.72
385,4.68
386,4.76
387,4.47
388,4.72
389,4.51
390,4.8
391,4.64
392,4.84
393,4.8
394,4.79
395,4.52
396,4.85
397,4.72
398,4.83
399,4.4
400,4.68
401,4.56
402,4.89
403,4.71
404,4.74
405,4.74
406,4.65
407,4.68
408,4.9
409,4.64
410,4.81
411,4.93
412,4.73
413,4.73
414,4.65
415,4.88
416,4.62
417,4.58
418,4.83
419,4.75
420,4.6
421,4.4
422,4.8
423,4.62
424,4.64
425,4.7
426,4.74
427,4.76
428,4.85
429,4.75
430,4.66
431,4.77
432,4.58
433,2.0
434,4.73
435,4.77
436,4.85
437,4.66
438,4.72
439,4.47
440,4.54
441,4.82
442,4.18
443,4.89
444,3.33
445,4.8
446,4.67
447,4.68
448,4.73
449,4.64
450,4.91
451,4.83
452,4.79
453,4.94
454,4.41
455,4.39
456,4.77
457,4.76
458,4.0
459,4.98
460,4.76
461,4.94
462,4.62
463,4.67
464,4.78
465,4.0
466,4.78
467,4.26
468,4.57
469,4.81
470,4.44
471,4.75
472,0.0
473,4.65
474,4.85
475,4.86
476,4.92
477,4.61
478,4.92
479,4.54
480,4.55
481,4.86
482,4.72
483,4.61
484,4.19
485,4.85
486,4.46
487,4.53
488,4.7
489,4.58
490,4.65
491,4.36
492,4.57
493,4.66
494,4.66
495,4.78
496,4.69
497,4.84
498,4.72
499,4.54
500,4.25
501,4.65
502,4.69
503,4.93
504,4.21
505,4.92
506,4.44
507,4.73
508,4.62
509,4.81
510,4.76
511,4.98
512,4.78
513,4.61
514,4.68
515,4.75
516,4.75
517,4.76
518,3.0
519,4.77
520,4.68
521,4.94
522,4.86
523,4.9
524,4.9
525,4.91
526,4.56
527,4.7
528,4.56
529,4.75
530,0.0
531,4.54
532,4.84
533,4.56
534,4.72
535,4.91
536,4.72
537,4.66
538,4.84
539,4.89
540,4.66
541,4.6
542,4.71
543,4.74
544,4.73
545,4.67
546,4.95
547,4.42
548,4.7
549,4.31
550,4.3
551,4.8
552,4.9
553,4.62
554,4.2
555,4.42
556,3.8
557,4.6
558,4.38
559,4.57
560,4.6
561,4.43
562,4.55
563,4.31
564,4.61
565,4.76
566,4.59
567,4.56
568,4.4
569,4.61
570,4.68
571,4.67
572,4.67
573,4.56
574,4.56
575,3.57
576,4.52
577,0.0
578,4.55
579,3.67
580,3.67
581,4.78
582,4.46
583,4.59
584,4.59
585,4.42
586,4.67
587,4.68
588,4.58
589,4.35
590,4.63
591,4.65
592,4.86
593,4.88
594,4.72
595,4.83
596,4.97
597,4.69
598,4.78
599,4.81
600,4.7
601,4.12
602,4.73
603,4.75
604,4.71
605,4.73
606,4.71
607,4.86
608,4.9
609,4.89
610,4.76
611,4.83
612,4.81
613,4.71
614,4.85
615,4.57
616,4.64
617,4.59
618,4.62
619,4.73
620,4.0
621,4.67
622,4.17
623,4.29
624,4.71
625,4.21
626,5.0
627,4.25
628,4.77
629,4.64
630,4.86
631,4.76
632,4.79
633,4.54
634,4.65
635,4.4
636,4.69
637,4.78
638,4.77
639,4.72
640,4.17
641,4.39
642,4.74
643,4.89
644,4.84
645,4.41
646,4.97
647,3.79
648,4.84
649,4.35
650,4.77
651,4.77
652,4.48
653,4.46
654,4.33
655,3.0
656,4.73
657,4.77
658,4.76
659,4.62
660,4.38
661,4.32
662,4.81
663,4.88
664,5.0
665,4.35
666,4.85
667,4.69
668,4.77
669,4.88
670,4.71
671,4.74
672,4.68
673,4.88
674,4.53
675,4.93
676,4.68
677,4.88
678,4.73
679,4.75
680,4.3
681,4.69
682,4.74
683,4.75
684,4.85
685,4.75
686,4.76
687,4.64
688,4.84
689,4.75
690,4.87
691,4.33
692,4.84
693,4.84
694,4.28
695,4.64
696,4.75
697,4.45
698,4.44
699,4.7
700,4.61
701,4.7
702,4.62
703,4.67
704,4.64
705,4.62
706,4.19
707,4.68
708,4.7
709,4.65
710,0.0
711,4.86
712,4.67
713,4.74
714,4.56
715,4.76
716,4.67
717,4.51
718,0.0
719,4.65
720,4.6
721,4.45
722,4.9
723,4.81
724,4.93
725,4.58
726,4.6
727,4.65
728,4.67
729,4.78
730,4.52
731,4.9
732,5.0
733,4.79
734,4.49
735,4.89
736,3.44
737,4.8
738,4.85
739,4.71
740,4.88
741,4.75
742,4.87
743,4.72
744,4.82
745,4.8
746,4.83
747,4.67
748,4.89
749,4.89
750,4.81
751,4.06
752,4.58
753,4.86
754,4.67
755,5.0
756,4.45
757,4.5
758,4.54
759,4.5
760,4.68
761,4.6
762,4.87
763,4.78
764,4.84
765,4.41
766,4.65
767,4.8
768,4.87
769,4.8
770,4.35
771,4.53
772,4.4
773,4.6
774,4.71
775,4.67
776,4.75
777,3.8
778,3.9
779,4.75
780,4.81
781,4.48
782,0.0
783,4.57
784,4.71
785,4.68
786,4.25
787,4.53
788,4.89
789,2.0
790,4.79
791,4.54
792,4.8
793,4.88
794,5.0
795,4.83
796,4.66
797,4.76
798,4.82
799,4.29
800,4.59
801,4.21
802,4.66
803,3.67
804,4.55
805,4.8
806,5.0
807,4.63
808,5.0
809,4.69
810,4.67
811,4.54
812,4.91
813,4.54
814,4.83
815,4.86
816,4.35
817,4.19
818,4.0
819,4.73
820,0.0
821,4.53
822,4.67
823,5.0
824,4.27
825,4.54
826,4.51
827,4.92
828,4.89
829,4.83
830,4.62
831,4.89
832,4.67
833,4.8
834,4.58
835,5.0
836,4.5
837,4.81
838,4.94
839,4.9
840,0.0
841,4.92
842,4.37
843,4.51
844,4.74
845,4.5
846,4.32
847,4.71
848,4.68
849,4.45
850,4.75
851,4.76
852,4.91
853,4.72
854,4.7
855,4.78
856,4.55
857,4.89
858,4.85
859,4.67
860,4.89
861,4.56
862,4.73
863,4.91
864,4.75
865,4.68
866,4.73
867,4.8
868,4.9
869,4.75
870,4.17
871,0.0
872,4.64
873,4.57
874,4.75
875,4.73
876,4.83
877,0.0
878,4.76
879,4.55
880,4.78
881,4.79
882,4.55
883,4.5
884,4.5
885,4.0
886,4.5
887,0.0
888,4.5
889,4.3
890,4.34
891,4.49
892,4.7
893,4.78
894,4.68
895,4.72
896,4.8
897,4.68
898,4.6
899,4.49
900,4.84
901,4.3
902,4.26
903,4.53
904,4.4
905,4.24
906,4.41
907,4.57
908,3.83
909,4.55
910,4.7
911,4.54
912,4.78
913,4.6
914,4.53
915,4.64
916,4.15
917,4.86
918,4.83
919,4.61
920,5.0
921,4.0
922,4.8
923,4.75
924,4.9
925,4.43
926,4.19
927,4.86
928,4.61
929,4.61
930,4.66
931,4.74
932,4.51
933,4.71
934,4.72
935,4.79
936,4.82
937,4.77
938,4.77
939,0.0
940,4.85
941,4.75
942,4.87
943,4.83
944,4.65
945,4.75
946,4.67
947,4.13
948,4.75
949,4.78
950,4.58
951,4.83
952,4.87
953,4.83
954,4.73
955,4.71
956,4.58
957,4.8
958,4.73
959,4.79
960,4.36
961,4.85
962,4.63
963,4.82
964,4.51
965,4.52
966,4.3
967,4.69
968,4.92
969,4.77
970,4.55
971,4.87
972,4.65
973,4.72
974,4.4
975,4.67
976,0.0
977,4.56
978,4.43
979,4.51
980,4.59
981,4.73
982,4.68
983,4.62
984,3.83
985,4.76
986,4.73
987,4.34
988,4.17
989,5.0
990,4.81
991,4.58
992,4.45
993,4.94
994,4.88
995,4.62
996,4.85
997,4.58
998,4.42
999,4.33
1000,4.56
1001,4.45
1002,4.76
1003,4.82
1004,4.58
1005,4.71
1006,4.65
1007,4.72
1008,4.29
1009,4.45
1010,4.5
1011,4.62
1012,4.72
1013,4.76
1014,4.66
1015,4.78
1016,4.72
1017,4.62
1018,5.0
1019,3.8
1020,4.33
1021,4.84
1022,4.79
1023,4.71
1024,4.69
1025,4.69
1026,4.52
1027,4.54
1028,4.71
1029,4.93
1030,4.95
1031,4.85
1032,4.72
1033,4.67
1034,4.73
1035,4.59
1036,4.84
1037,4.56
1038,4.31
1039,4.77
1040,4.76
1041,4.69
1042,4.41
1043,4.4
1044,4.42
1045,4.76
1046,4.43
1047,4.61
1048,4.42
1049,4.17
1050,4.43
1051,4.65
1052,4.92
1053,4.81
1054,4.76
1055,0.0
1056,4.78
1057,4.78
1058,4.55
1059,4.43
1060,4.32
1061,4.67
1062,4.6
1063,4.51
1064,4.32
1065,4.74
1066,4.71
1067,4.68
1068,4.73
1069,4.21
1070,4.81
1071,4.94
1072,4.37
1073,4.75
1074,4.77
1075,4.28
1076,4.4
1077,4.7
1078,4.37
1079,4.85
1080,4.11
1081,4.85
1082,4.76
1083,4.82
1084,4.75
1085,0.0
1086,4.91
1087,4.59
1088,4.57
1089,4.79
1090,4.88
1091,4.82
1092,4.84
1093,4.47
1094,4.75
1095,4.79
1096,4.29
1097,4.8
1098,4.3
1099,4.0
1100,5.0
1101,4.63
1102,4.65
1103,4.76
1104,4.71
1105,4.36
1106,4.42
1107,4.82
1108,4.72
1109,4.71
1110,4.78
1111,4.7
1112,4.77
1113,4.8
1114,4.65
1115,4.74
1116,4.81
1117,4.81
1118,4.67
1119,4.46
1120,4.72
1121,4.78
1122,4.78
1123,4.25
1124,4.7
1125,4.6
1126,4.67
1127,4.61
1128,4.84
1129,4.41
1130,4.66
1131,4.35
1132,4.8
1133,4.74
1134,4.52
1135,4.1
1136,4.81
1137,4.79
1138,4.82
1139,4.86
1140,4.7
1141,4.52
1142,4.86
1143,4.79
1144,4.72
1145,4.76
1146,4.84
1147,4.17
1148,4.52
1149,4.93
1150,4.73
1151,4.73
1152,3.75
1153,4.8
1154,4.72
1155,4.25
1156,4.84
1157,4.34
1158,4.59
1159,4.76
1160,4.92
1161,4.79
1162,3.5
1163,3.33
1164,4.4
1165,4.75
1166,4.0
1167,4.0
1168,4.33
1169,4.61
1170,4.86
1171,4.75
1172,4.8
1173,4.62
1174,4.62
1175,4.71
1176,4.71
1177,4.82
1178,4.47
1179,4.61
1180,4.58
1181,4.7
1182,4.58
1183,4.77
1184,4.53
1185,4.3
1186,4.47
1187,4.36
1188,4.75
1189,4.61
1190,4.42
1191,4.79
1192,0.0
1193,4.71
1194,4.82
1195,4.78
1196,4.91
1197,4.57
1198,4.79
1199,5.0
1200,4.67
1201,4.86
1202,4.57
1203,4.63
1204,4.84
1205,4.67
1206,4.66
1207,4.17
1208,4.88
1209,4.69
1210,4.5
1211,4.4
1212,4.75
1213,4.9
1214,4.73
1215,4.7
1216,4.85
1217,4.94
1218,4.63
1219,4.77
1220,4.49
1221,4.78
1222,4.88
1223,4.79
1224,4.8
1225,4.71
1226,4.73
1227,4.41
1228,4.6
1229,4.44
1230,4.83
1231,4.73
1232,4.57
1233,0.0
1234,4.37
1235,4.47
1236,4.92
1237,4.9
1238,4.87
1239,4.85
1240,4.73
1241,4.58
1242,4.65
1243,4.71
1244,4.55
1245,4.83
1246,4.75
1247,4.54
1248,4.33
1249,4.78
1250,4.42
1251,4.23
1252,4.52
1253,4.73
1254,4.43
1255,4.69
1256,4.67
1257,4.59
1258,4.65
1259,4.37
1260,4.67
1261,4.5
1262,4.56
1263,4.37
1264,4.38
1265,4.77
1266,4.58
1267,4.9
1268,4.59
1269,4.75
1270,4.77
1271,4.91
1272,4.67
1273,4.86
1274,4.67
1275,4.64
1276,4.56
1277,3.83
1278,4.69
1279,4.85
1280,4.8
1281,4.8
1282,4.7
1283,4.49
1284,4.68
1285,4.7
1286,4.53
1287,4.43
1288,4.58
1289,4.59
1290,4.7
1291,4.65
1292,4.3
1293,4.73
1294,4.38
1295,4.71
1296,4.91
1297,4.33
1298,4.95
1299,4.84
1300,4.55
1301,4.63
1302,4.44
1303,4.81
1304,4.81
1305,4.9
1306,4.78
1307,4.33
1308,4.22
1309,0.0
1310,4.9
1311,4.79
1312,4.65
1313,4.66
1314,4.34
1315,4.55
1316,4.66
1317,4.85
1318,4.66
1319,4.57
1320,4.8
1321,4.77
1322,4.77
1323,4.56
1324,4.87
1325,4.4
1326,4.84
1327,4.68
1328,4.77
1329,0.0
1330,4.0
1331,4.76
1332,4.76
1333,4.6
1334,4.41
1335,4.72
1336,4.8
1337,4.78
1338,4.6
1339,4.84
1340,4.76
1341,4.73
1342,4.83
1343,4.95
1344,4.93
1345,4.48
1346,4.16
1347,4.64
1348,4.18
1349,4.56
1350,3.88
1351,4.11
1352,4.75
1353,4.59
1354,5.0
1355,4.73
1356,4.63
1357,4.48
1358,4.68
1359,4.7
1360,4.78
1361,4.7
1362,4.81
1363,4.4
1364,4.61
1365,4.69
1366,4.64
1367,4.32
1368,4.05
1369,3.87
1370,4.67
1371,4.94
1372,4.91
1373,4.56
1374,4.59
1375,4.28
1376,4.57
1377,4.6
1378,4.82
1379,4.85
1380,4.77
1381,4.75
1382,4.79
1383,4.58
1384,4.91
1385,4.7
1386,4.51
1387,4.92
1388,4.86
1389,4.74
1390,4.83
1391,4.75
1392,4.8
1393,4.79
1394,4.5
1395,4.82
1396,5.0
1397,5.0
1398,4.45
1399,4.42
1400,4.61
1401,4.79
1402,4.2
1403,4.66
1404,4.58
1405,4.28
1406,4.87
1407,4.7
1408,4.69
1409,4.69
1410,4.85
1411,4.87
1412,4.89
1413,4.1
1414,5.0
1415,4.73
1416,4.7
1417,4.73
1418,4.43
1419,4.1
1420,4.33
1421,4.28
1422,4.78
1423,4.37
1424,4.63
1425,4.76
1426,4.61
1427,4.92
1428,4.41
1429,4.52
1430,4.46
1431,4.83
1432,4.67
1433,4.84
1434,4.85
1435,4.79
1436,4.36
1437,4.72
1438,4.78
1439,4.66
1440,4.41
1441,4.47
1442,4.56
1443,4.71
1444,4.42
1445,4.48
1446,5.0
1447,2.0
1448,4.81
1449,4.65
1450,4.52
1451,4.38
1452,4.61
1453,4.66
1454,4.59
1455,4.58
1456,4.04
1457,4.64
1458,4.2
1459,4.58
1460,4.62
1461,4.41
1462,4.79
1463,3.0
1464,4.43
1465,4.63
1466,4.7
1467,4.62
1468,4.72
1469,4.83
1470,4.25
1471,4.4
1472,4.5
1473,4.33
1474,4.5
1475,4.87
1476,4.63
1477,4.7
1478,3.92
1479,4.66
1480,4.77
1481,4.25
1482,4.22
1483,4.53
1484,4.58
1485,4.45
1486,4.7
1487,4.64
1488,4.33
1489,4.52
1490,4.7
1491,4.88
1492,4.6
1493,4.89
1494,4.24
1495,4.81
1496,4.67
1497,4.64
1498,5.0
1499,4.65
1500,4.71
1501,4.64
1502,3.0
1503,4.63
1504,5.0
1505,4.72
1506,4.86
1507,4.59
1508,4.72
1509,4.76
1510,4.68
1511,4.7
1512,4.84
1513,4.67
1514,4.58
1515,4.84
1516,4.81
1517,4.76
1518,4.7
1519,4.78
1520,4.41
1521,4.56
1522,4.71
1523,4.0
1524,4.0
1525,4.89
1526,4.7
1527,4.58
1528,4.68
1529,4.56
1530,0.0
1531,4.86
1532,1.0
1533,4.27
1534,4.0
1535,4.68
1536,4.0
1537,4.56
1538,4.5
1539,4.67
1540,5.0
1541,4.67
1542,4.67
1543,4.65
1544,4.57
1545,4.33
1546,4.0
1547,4.91
1548,0.0
1549,4.33
1550,3.67
1551,4.0
1552,4.85
1553,0.0
1554,4.78
1555,4.5
1556,4.72
1557,4.59
1558,4.65
1559,4.65
1560,4.68
1561,4.59
1562,4.64
1563,4.61
1564,4.64
1565,4.66
1566,4.13
1567,4.83
1568,4.79
1569,4.78
1570,4.64
1571,4.34
1572,4.39
1573,4.59
1574,4.66
1575,4.87
1576,4.44
1577,4.6
1578,0.0
1579,4.65
1580,4.33
1581,4.75
1582,4.62
1583,4.78
1584,4.84
1585,4.91
1586,4.7
1587,4.44
1588,3.33
1589,4.79
1590,4.73
1591,4.11
1592,4.94
1593,4.63
1594,4.78
1595,4.5
1596,4.61
1597,4.59
1598,5.0
1599,0.0
1600,4.08
1601,4.32
1602,4.73
1603,4.65
1604,4.71
1605,3.95
1606,4.32
1607,4.36
1608,4.68
1609,4.63
1610,4.63
1611,4.42
1612,4.62
1613,4.88
1614,4.55
1615,4.74
1616,4.26
1617,4.52
1618,4.5
1619,4.51
1620,4.79
1621,4.25
1622,4.42
1623,4.66
1624,4.63
1625,4.91
1626,0.0
1627,4.72
1628,4.9
1629,4.86
1630,4.72
1631,4.46
1632,4.69
1633,5.0
1634,4.75
1635,4.76
1636,4.27
1637,4.56
1638,5.0
1639,4.87
1640,5.0
1641,4.71
1642,4.65
1643,4.41
1644,4.8
1645,4.63
1646,4.6
1647,4.81
1648,4.82
1649,4.6
1650,4.88
1651,4.86
1652,4.94
1653,3.83
1654,4.83
1655,4.64
1656,4.45
1657,4.81
1658,4.9
1659,4.95
1660,4.46
1661,4.6
1662,4.33
1663,4.78
1664,4.15
1665,4.52
1666,4.58
1667,4.54
1668,4.5
1669,5.0
1670,4.64
1671,4.77
1672,3.0
1673,5.0
1674,4.6
1675,4.81
1676,4.73
1677,4.47
1678,4.73
1679,4.73
1680,4.23
1681,4.35
1682,4.57
1683,4.31
1684,4.27
1685,4.82
1686,4.88
1687,4.89
1688,4.65
1689,4.62
1690,4.72
1691,4.65
1692,4.79
1693,4.76
1694,4.63
1695,4.59
1696,0.0
1697,4.08
1698,4.75
1699,4.83
1700,4.68
1701,4.65
1702,4.55
1703,4.68
1704,4.32
1705,4.69
1706,4.71
1707,4.61
1708,4.63
1709,4.41
1710,4.68
1711,4.97
1712,4.81
1713,0.0
1714,0.0
1715,4.75
1716,4.69
1717,4.42
1718,4.74
1719,4.82
1720,4.95
1721,4.72
1722,4.82
1723,4.95
1724,4.48
1725,4.63
1726,4.88
1727,4.54
1728,5.0
1729,4.84
1730,4.57
1731,4.79
1732,4.35
1733,4.42
1734,4.59
1735,4.59
1736,4.25
1737,4.5
1738,4.51
1739,4.77
1740,4.88
1741,4.6
1742,5.0
1743,4.69
1744,4.43
1745,4.5
1746,4.82
1747,4.79
1748,4.31
1749,4.47
1750,4.85
1751,4.45
1752,4.62
1753,4.82
1754,4.55
1755,4.85
1756,4.25
1757,4.39
1758,4.26
1759,4.47
1760,4.36
1761,4.73
1762,4.42
1763,4.29
1764,4.27
1765,4.51
1766,4.39
1767,4.74
1768,4.9
1769,4.29
1770,4.63
1771,4.65
1772,4.75
1773,4.74
1774,4.75
1775,4.4
1776,4.44
1777,5.0
1778,4.78
1779,4.78
1780,4.88
1781,4.59
1782,4.93
1783,4.64
1784,4.8
1785,4.82
1786,4.84
1787,4.58
1788,4.82
1789,4.55
1790,4.65
1791,4.45
1792,4.56
1793,4.9
1794,4.4
1795,4.78
1796,4.78
1797,4.3
1798,4.51
1799,4.37
1800,4.61
1801,4.45
1802,4.31
1803,4.8
1804,4.78
1805,4.68
1806,4.69
1807,4.58
1808,4.34
1809,4.78
1810,4.96
1811,4.79
1812,4.87
1813,4.92
1814,4.65
1815,4.55
1816,4.59
1817,4.87
1818,0.0
1819,4.72
1820,4.37
1821,0.0
1822,4.52
1823,4.5
1824,4.57
1825,4.72
1826,4.33
1827,4.77
1828,4.79
1829,4.81
1830,4.71
1831,4.71
1832,4.57
1833,4.9
1834,4.7
1835,4.86
1836,4.47
1837,4.84
1838,4.21
1839,4.69
1840,4.49
1841,4.69
1842,4.42
1843,4.83
1844,5.0
1845,4.8
1846,4.73
1847,4.85
1848,4.75
1849,4.7
1850,4.21
1851,4.66
1852,4.51
1853,4.66
1854,4.34
1855,4.68
1856,4.56
1857,0.0
1858,4.48
1859,4.61
1860,4.5
1861,4.64
1862,5.0
1863,4.49
1864,4.58
1865,4.31
1866,3.33
1867,4.89
1868,0.0
1869,4.72
1870,4.77
1871,4.62
1872,4.74
1873,4.52
1874,4.29
1875,4.52
1876,4.44
1877,4.79
1878,4.38
1879,4.59
1880,4.57
1881,4.79
1882,4.75
1883,4.75
1884,4.42
1885,4.76
1886,4.67
1887,4.4
1888,4.41
1889,0.0
1890,4.62
1891,4.61
1892,4.77
1893,4.61
1894,4.33
1895,4.53
1896,4.6
1897,4.57
1898,4.43
1899,4.69
1900,5.0
1901,4.87
1902,4.82
1903,4.63
1904,4.77
1905,4.72
1906,4.72
1907,4.42
1908,4.83
1909,4.87
1910,4.33
1911,4.76
1912,4.41
1913,4.85
1914,4.74
1915,4.14
1916,4.54
1917,4.73
1918,4.8
1919,4.91
1920,4.15
1921,4.82
1922,4.67
1923,4.67
1924,4.69
1925,4.57
1926,0.0
1927,4.61
1928,4.67
1929,4.83
1930,4.58
1931,4.6
1932,4.31
1933,4.64
1934,4.64
1935,4.62
1936,4.05
1937,4.79
1938,4.79
1939,4.75
1940,4.51
1941,4.73
1942,4.69
1943,4.66
1944,4.79
1945,4.85
1946,4.55
1947,4.6
1948,4.67
1949,4.79
1950,4.38
1951,4.36
1952,4.81
1953,4.86
1954,4.44
1955,4.6
1956,4.54
1957,4.63
1958,4.88
1959,4.44
1960,4.5
1961,4.6
1962,4.63
1963,4.71
1964,4.86
1965,4.33
1966,4.0
1967,0.0
1968,0.0
1969,5.0
1970,4.9
1971,0.0
1972,0.0
1973,0.0
1974,0.0
1975,0.0
1976,0.0
1977,5.0
1978,4.45
1979,4.77
1980,4.9
1981,4.45
1982,4.3
1983,4.69
1984,4.5
1985,4.81
1986,4.79
1987,4.84
1988,4.4
1989,4.47
1990,4.42
1991,4.47
1992,4.27
1993,4.61
1994,4.87
1995,4.81
1996,3.75
1997,4.59
1998,4.73
1999,4.14
2000,4.94
2001,4.56
2002,5.0
2003,4.6
2004,4.45
2005,4.8
2006,4.55
2007,5.0
2008,4.6
2009,4.74
2010,4.66
2011,3.7
2012,4.77
2013,4.5
2014,4.78
2015,4.56
2016,4.07
2017,4.29
2018,4.87
2019,4.69
2020,4.86
2021,4.76
2022,4.79
2023,4.7
2024,4.35
2025,5.0
2026,4.87
2027,4.52
2028,4.08
2029,4.81
2030,4.71
2031,4.0
2032,4.8
2033,5.0
2034,4.92
2035,4.97
2036,4.71
2037,4.57
2038,4.81
2039,4.33
2040,4.41
2041,4.91
2042,4.71
2043,4.83
2044,5.0
2045,4.84
2046,0.0
2047,4.75
2048,4.71
2049,4.56
2050,4.51
2051,4.95
2052,4.8
2053,4.77
2054,4.47
2055,4.67
2056,3.0
2057,4.5
2058,4.38
2059,4.66
2060,4.33
2061,4.5
2062,4.1
2063,4.65
2064,4.72
2065,4.88
2066,4.74
2067,5.0
2068,4.65
2069,4.78
2070,4.63
2071,4.37
2072,4.83
2073,4.67
2074,4.65
2075,0.0
2076,0.0
2077,4.49
2078,4.33
2079,4.73
2080,5.0
2081,4.57
2082,4.57
2083,4.38
2084,4.59
2085,4.7
2086,3.93
2087,4.55
2088,4.82
2089,4.33
2090,4.5
2091,0.0
2092,0.0
2093,4.73
2094,0.0
2095,4.19
2096,4.67
2097,4.88
2098,4.67
2099,4.52
2100,4.14
2101,4.5
2102,4.5
2103,4.53
2104,3.0
2105,4.95
2106,4.42
2107,4.42
2108,4.8
2109,4.71
2110,4.86
2111,4.78
2112,4.78
2113,4.47
2114,4.18
2115,4.0
2116,4.37
2117,4.72
2118,4.51
2119,4.77
2120,4.77
2121,4.5
2122,4.7
2123,4.42
2124,4.33
2125,4.48
2126,4.06
2127,4.72
2128,4.58
2129,0.0
2130,4.58
2131,4.76
2132,0.0
2133,4.84
2134,4.79
2135,4.6
2136,4.45
2137,4.68
2138,4.67
2139,4.89
2140,4.8
2141,5.0
2142,4.69
2143,4.84
2144,4.41
2145,4.6
2146,4.81
2147,4.84
2148,4.9
2149,4.4
2150,4.67
2151,5.0
2152,4.24
2153,4.53
2154,4.38
2155,4.92
2156,4.8
2157,4.41
2158,4.58
2159,4.67
2160,4.69
2161,0.0
2162,4.88
2163,4.75
2164,4.28
2165,4.51
2166,4.66
2167,4.86
2168,5.0
2169,4.63
2170,4.61
2171,3.5
2172,4.77
2173,0.0
2174,4.69
2175,4.56
2176,4.27
2177,3.73
2178,5.0
2179,3.75
2180,0.0
2181,4.85
2182,4.91
2183,4.9
2184,4.93
2185,4.64
2186,4.74
2187,3.9
2188,4.4
2189,4.69
2190,4.67
2191,4.76
2192,3.67
2193,5.0
2194,4.0
2195,5.0
2196,0.0
2197,4.78
2198,4.54
2199,4.5
2200,4.75
2201,4.84
2202,4.56
2203,5.0
2204,4.66
2205,4.94
2206,4.85
2207,4.75
2208,4.21
2209,4.71
2210,4.55
2211,4.44
2212,4.7
2213,5.0
2214,4.41
2215,4.59
2216,4.47
2217,4.67
2218,4.64
2219,4.75
2220,4.59
2221,4.63
2222,0.0
2223,4.6
2224,4.7
2225,3.56
2226,4.26
2227,4.81
2228,4.66
2229,4.52
2230,4.07
2231,4.68
2232,3.88
2233,0.0
2234,4.31
2235,4.32
2236,4.46
2237,4.88
2238,4.65
2239,4.87
2240,4.61
2241,4.77
2242,4.47
2243,4.84
2244,4.63
2245,4.87
2246,4.44
2247,4.92
2248,4.48
2249,4.47
2250,4.62
2251,4.52
2252,4.26
2253,4.41
2254,4.5
2255,4.64
2256,4.67
2257,4.9
2258,4.82
2259,4.58
2260,4.74
2261,4.71
2262,4.87
2263,4.5
2264,4.69
2265,4.47
2266,4.56
2267,4.75
2268,4.47
2269,4.76
2270,4.91
2271,4.82
2272,4.75
2273,4.55
2274,4.83
2275,0.0
2276,0.0
2277,3.0
2278,5.0
2279,4.92
2280,4.7
2281,4.75
2282,4.48
2283,4.67
2284,4.96
2285,4.93
2286,4.55
2287,4.67
2288,4.81
2289,4.87
2290,4.66
2291,4.6
2292,4.72
2293,4.76
2294,4.78
2295,4.64
2296,4.61
2297,4.62
2298,2.8
2299,0.0
2300,5.0
2301,4.75
2302,4.76
2303,4.7
2304,4.65
2305,4.8
2306,4.7
2307,4.9
2308,4.88
2309,4.83
2310,4.08
2311,4.0
2312,5.0
2313,4.6
2314,4.79
2315,4.56
2316,5.0
2317,4.09
2318,5.0
2319,4.43
2320,5.0
2321,4.17
2322,4.8
2323,4.88
2324,4.53
2325,4.72
2326,4.83
2327,4.83
2328,0.0
2329,4.7
2330,4.45
2331,4.73
2332,4.76
2333,0.0
2334,4.78
2335,4.75
2336,4.63
2337,4.77
2338,3.67
2339,4.68
2340,4.6
2341,4.76
2342,4.81
2343,4.26
2344,4.53
2345,4.44
2346,4.39
2347,4.88
2348,4.82
2349,5.0
2350,4.89
2351,4.21
2352,5.0
2353,4.67
2354,4.75
2355,4.69
2356,4.75
2357,4.67
2358,4.77
2359,4.12
2360,4.27
2361,4.09
2362,4.46
2363,4.64
2364,4.51
2365,4.44
2366,4.0
2367,4.11
2368,4.89
2369,4.84
2370,5.0
2371,4.33
2372,3.0
2373,3.82
2374,0.0
2375,0.0
2376,4.47
2377,4.5
2378,4.62
2379,4.64
2380,4.89
2381,3.64
2382,4.75
2383,4.25
2384,4.81
2385,4.77
2386,4.67
2387,4.25
2388,4.13
2389,4.57
2390,4.38
2391,4.56
2392,5.0
2393,4.43
2394,4.65
2395,4.0
2396,4.4
2397,4.4
2398,4.5
2399,3.17
2400,4.27
2401,4.0
2402,4.25
2403,4.2
2404,4.43
2405,4.96
2406,4.69
2407,4.75
2408,4.72
2409,4.25
2410,4.64
2411,4.78
2412,4.28
2413,4.82
2414,4.25
2415,4.35
2416,4.0
2417,4.0
2418,4.46
2419,4.64
2420,4.24
2421,0.0
2422,4.5
2423,4.0
2424,4.0
2425,4.31
2426,5.0
2427,4.17
2428,4.94
2429,4.29
2430,4.17
2431,4.44
2432,4.68
2433,4.68
2434,4.6
2435,4.65
2436,4.65
2437,4.11
2438,4.73
2439,4.48
2440,4.36
2441,4.03
2442,4.69
2443,3.5
2444,4.44
2445,4.39
2446,4.56
2447,4.0
2448,4.67
2449,4.0
2450,4.54
2451,4.76
2452,4.84
2453,4.55
2454,4.64
2455,4.49
2456,4.7
2457,4.25
2458,4.79
2459,4.4
2460,3.65
2461,4.93
2462,3.88
2463,4.0
2464,3.63
2465,4.31
2466,4.26
2467,4.79
2468,4.78
2469,4.45
2470,4.05
2471,4.44
2472,4.31
2473,4.17
2474,4.21
2475,3.25
2476,4.5
2477,4.67
2478,3.11
2479,4.62
2480,4.55
2481,4.89
2482,4.38
2483,4.87
2484,4.64
2485,4.55
2486,3.5
2487,4.0
2488,5.0
2489,4.78
2490,0.0
2491,4.0
2492,4.58
2493,0.0
2494,4.62
2495,4.28
2496,4.39
2497,4.95
2498,4.95
2499,4.0
2500,4.62
2501,4.84
2502,4.83
2503,4.63
2504,4.67
2505,5.0
2506,4.87
2507,4.84
2508,4.77
2509,4.56
2510,4.47
2511,4.69
2512,4.6
2513,4.33
2514,4.5
2515,4.87
2516,3.6
2517,4.58
2518,4.52
2519,4.55
2520,4.75
2521,4.64
2522,4.62
2523,4.22
2524,4.19
2525,4.82
2526,3.92
2527,4.07
2528,4.68
2529,4.29
2530,4.25
2531,4.36
2532,4.39
2533,4.68
2534,4.79
2535,4.44
2536,4.7
2537,0.0
2538,4.81
2539,4.64
2540,4.2
2541,4.52
2542,4.0
2543,4.75
2544,5.0
2545,4.07
2546,4.72
2547,4.17
2548,4.41
2549,4.44
2550,4.63
2551,3.83
2552,4.46
2553,4.73
2554,4.83
2555,4.49
2556,4.83
2557,4.7
2558,5.0
2559,4.67
2560,4.67
2561,4.56
2562,4.61
2563,4.74
2564,4.57
2565,4.69
2566,4.43
2567,4.88
2568,4.67
2569,4.93
2570,4.73
2571,4.71
2572,4.68
2573,4.86
2574,4.71
2575,4.66
2576,4.91
2577,4.76
2578,4.74
2579,4.57
2580,4.37
2581,3.63
2582,4.75
2583,4.67
2584,5.0
2585,3.89
2586,4.69
2587,4.82
2588,4.0
2589,4.94
2590,4.54
2591,5.0
2592,4.62
2593,4.67
2594,4.44
2595,4.7
2596,4.65
2597,4.38
2598,4.52
2599,4.64
2600,4.67
2601,5.0
2602,4.29
2603,4.5
2604,4.21
2605,4.72
2606,4.75
2607,4.41
2608,4.43
2609,4.77
2610,4.48
2611,4.61
2612,4.6
2613,4.59
2614,4.48
2615,4.73
2616,5.0
2617,4.79
2618,4.26
2619,4.54
2620,4.66
2621,4.48
2622,4.26
2623,4.45
2624,4.9
2625,4.56
2626,4.89
2627,4.73
2628,4.49
2629,4.56
2630,4.8
2631,4.81
2632,4.85
2633,4.4
2634,4.8
2635,4.74
2636,4.67
2637,3.67
2638,4.33
2639,4.5
2640,4.24
2641,4.59
2642,4.45
2643,4.0
2644,4.4
2645,4.57
2646,4.56
2647,4.56
2648,4.54
2649,4.31
2650,4.47
2651,2.25
2652,4.74
2653,4.77
2654,4.17
2655,4.59
2656,4.26
2657,4.42
2658,4.58
2659,4.71
2660,5.0
2661,4.73
2662,4.45
2663,4.46
2664,5.0
2665,4.35
2666,4.63
2667,4.54
2668,4.57
2669,4.64
2670,4.43
2671,3.76
2672,4.12
2673,4.31
2674,4.68
2675,5.0
2676,4.67
2677,3.69
2678,4.83
2679,4.4
2680,0.0
2681,4.5
2682,4.3
2683,4.47
2684,3.78
2685,4.25
2686,4.33
2687,4.77
2688,4.8
2689,4.59
2690,4.9
2691,4.58
2692,4.41
2693,4.49
2694,5.0
2695,0.0
2696,4.57
2697,4.56
2698,4.67
2699,4.28
2700,4.86
2701,4.69
2702,4.5
2703,4.68
2704,4.0
2705,4.31
2706,4.62
2707,4.48
2708,4.56
2709,4.3
2710,4.74
2711,4.25
2712,4.38
2713,4.5
2714,4.73
2715,4.33
2716,4.7
2717,4.57
2718,4.23
2719,4.34
2720,4.37
2721,4.44
2722,4.81
2723,4.27
2724,4.35
2725,4.43
2726,4.67
2727,4.63
2728,4.83
2729,4.58
2730,4.84
2731,4.65
2732,4.72
2733,4.67
2734,4.78
2735,4.47
2736,4.85
2737,4.57
2738,4.09
2739,4.85
2740,4.3
2741,4.63
2742,4.2
2743,4.8
2744,4.38
2745,4.66
2746,4.43
2747,0.0
2748,4.73
2749,4.88
2750,4.77
2751,4.74
2752,4.79
2753,4.79
2754,4.63
2755,4.79
2756,4.65
2757,4.75
2758,4.73
2759,4.33
2760,4.73
2761,4.5
2762,4.36
2763,4.83
2764,3.67
2765,4.31
2766,4.0
2767,5.0
2768,4.81
2769,4.48
2770,4.72
2771,4.39
2772,4.34
2773,4.0
2774,4.76
2775,4.4
2776,5.0
2777,4.68
2778,4.31
2779,4.72
2780,4.42
2781,0.0
2782,0.0
2783,4.1
2784,4.67
2785,4.39
2786,4.8
2787,4.36
2788,4.8
2789,4.73
2790,3.5
2791,4.46
2792,2.75
2793,4.38
2794,4.62
2795,4.71
2796,4.49
2797,4.82
2798,4.64
2799,4.7
2800,4.73
2801,4.67
2802,4.47
2803,4.08
2804,4.56
2805,4.75
2806,1.5
2807,4.83
2808,4.68
2809,4.69
2810,4.0
2811,4.58
2812,4.72
2813,4.49
2814,4.72
2815,4.72
2816,4.21
2817,4.56
2818,4.55
2819,4.82
2820,4.75
2821,5.0
2822,4.68
2823,4.51
2824,4.59
2825,4.59
2826,4.51
2827,4.32
2828,4.44
2829,4.14
2830,0.0
2831,4.33
2832,4.69
2833,4.82
2834,4.76
2835,4.79
2836,4.41
2837,4.67
2838,4.75
2839,4.71
2840,4.67
2841,4.81
2842,4.75
2843,4.78
2844,4.65
2845,4.64
2846,5.0
2847,4.5
2848,4.11
2849,4.3
2850,5.0
2851,3.71
2852,4.39
2853,4.67
2854,4.64
2855,4.49
2856,4.0
2857,4.0
2858,4.0
2859,4.5
2860,4.7
2861,5.0
2862,3.6
2863,5.0
2864,5.0
2865,4.91
2866,4.59
2867,4.94
2868,4.42
2869,5.0
2870,4.34
2871,4.12
2872,4.43
2873,4.67
2874,4.63
2875,4.93
2876,4.43
2877,4.5
2878,4.5
2879,4.29
2880,4.9
2881,4.09
2882,4.59
2883,4.07
2884,4.4
2885,4.59
2886,4.88
2887,4.23
2888,4.05
2889,4.85
2890,4.5
2891,3.89
2892,3.67
2893,4.29
2894,4.75
2895,4.0
2896,5.0
2897,4.82
2898,5.0
2899,4.58
2900,4.83
2901,4.25
2902,4.65
2903,4.88
2904,4.68
2905,4.38
2906,3.57
2907,4.83
2908,5.0
2909,5.0
2910,4.73
2911,4.59
2912,4.4
2913,4.36
2914,4.8
2915,4.73
2916,4.5
2917,4.63
2918,4.73
2919,4.46
2920,4.85
2921,4.51
2922,4.76
2923,4.81
2924,4.74
2925,4.81
2926,4.67
2927,4.27
2928,4.74
2929,4.59
2930,4.76
2931,4.5
2932,4.7
2933,4.75
2934,0.0
2935,4.67
2936,4.86
2937,4.58
2938,4.68
2939,4.79
2940,4.73
2941,4.29
2942,4.49
2943,4.96
2944,4.97
2945,4.71
2946,4.31
2947,4.33
2948,4.91
2949,4.11
2950,4.29
2951,4.62
2952,4.85
2953,4.38
2954,4.48
2955,4.61
2956,4.2
2957,4.62
2958,5.0
2959,4.64
2960,5.0
2961,4.59
2962,4.88
2963,4.78
2964,4.58
2965,5.0
2966,4.33
2967,3.0
2968,4.4
2969,5.0
2970,4.74
2971,4.93
2972,0.0
2973,0.0
2974,4.82
2975,4.29
2976,4.76
2977,4.53
2978,4.31
2979,4.58
2980,4.93
2981,4.59
2982,4.42
2983,4.64
2984,4.58
2985,4.56
2986,4.88
2987,3.91
2988,4.42
2989,4.85
2990,4.33
2991,4.43
2992,4.93
2993,0.0
2994,4.56
2995,4.19
2996,4.1
2997,5.0
2998,4.27
2999,4.18
3000,4.54
3001,4.67
3002,4.68
3003,4.55
3004,4.56
3005,4.33
3006,4.62
3007,4.65
3008,4.85
3009,4.56
3010,4.68
3011,5.0
3012,4.67
3013,4.86
3014,4.8
3015,5.0
3016,4.76
3017,4.7
3018,4.67
3019,4.71
3020,4.5
3021,4.78
3022,4.56
3023,4.56
3024,0.0
3025,4.93
3026,4.79
3027,4.64
3028,4.85
3029,4.78
3030,4.59
3031,4.72
3032,4.13
3033,4.55
3034,4.9
3035,4.7
3036,4.73
3037,4.17
3038,4.67
3039,0.0
3040,4.28
3041,4.76
3042,4.56
3043,4.64
3044,0.0
3045,4.8
3046,4.83
3047,4.46
3048,4.64
3049,4.35
3050,0.0
3051,4.57
3052,2.5
3053,4.72
3054,4.67
3055,5.0
3056,4.45
3057,4.4
3058,4.25
3059,4.83
3060,4.46
3061,4.25
3062,4.39
3063,4.6
3064,4.67
3065,4.87
3066,4.68
3067,4.42
3068,4.68
3069,4.0
3070,4.36
3071,4.55
3072,4.67
3073,4.0
3074,4.83
3075,4.43
3076,4.75
3077,4.25
3078,4.67
3079,4.81
3080,4.81
3081,4.22
3082,4.41
3083,4.56
3084,4.93
3085,4.85
3086,4.81
3087,4.75
3088,4.63
3089,0.0
3090,4.58
3091,4.77
3092,4.39
3093,4.28
3094,4.4
3095,4.03
3096,4.67
3097,4.76
3098,4.35
3099,4.75
3100,4.33
3101,4.67
3102,4.79
3103,4.57
3104,4.6
3105,4.93
3106,0.0
3107,0.0
3108,4.77
3109,4.8
3110,4.77
3111,4.68
3112,4.73
3113,4.8
3114,4.71
3115,4.88
3116,4.3
3117,4.85
3118,4.37
3119,4.21
3120,4.34
3121,4.15
3122,4.0
3123,4.06
3124,4.0
3125,4.69
3126,4.71
3127,4.67
3128,4.67
3129,5.0
3130,4.7
3131,4.8
3132,4.13
3133,4.53
3134,4.69
3135,4.58
3136,4.29
3137,4.93
3138,4.34
3139,4.85
3140,4.75
3141,4.41
3142,4.84
3143,4.58
3144,4.94
3145,4.63
3146,4.33
3147,4.61
3148,4.82
3149,4.84
3150,4.25
3151,4.64
3152,4.48
3153,4.59
3154,4.6
3155,4.93
3156,4.0
3157,4.6
3158,4.83
3159,4.61
3160,4.31
3161,5.0
3162,4.67
3163,4.9
3164,4.63
3165,4.81
3166,4.67
3167,4.62
3168,4.86
3169,4.52
3170,4.0
3171,4.0
3172,4.0
3173,4.71
3174,4.23
3175,4.25
3176,0.0
3177,5.0
3178,4.17
3179,4.83
3180,5.0
3181,4.0
3182,4.48
3183,5.0
3184,4.54
3185,4.57
3186,4.65
3187,4.22
3188,4.4
3189,4.48
3190,4.86
3191,3.82
3192,4.72
3193,4.76
3194,4.72
3195,4.81
3196,3.78
3197,4.93
3198,4.62
3199,4.63
3200,2.33
3201,4.53
3202,4.11
3203,4.86
3204,4.72
3205,4.88
3206,4.76
3207,4.88
3208,4.21
3209,4.57
3210,4.45
3211,0.0
3212,0.0
3213,4.67
3214,4.78
3215,4.69
3216,4.53
3217,4.67
3218,4.0
3219,4.3
3220,4.71
3221,4.17
3222,4.38
3223,4.0
3224,4.86
3225,4.44
3226,4.74
3227,4.68
3228,4.97
3229,4.43
3230,4.48
3231,0.0
3232,4.95
3233,3.4
3234,4.8
3235,3.5
3236,4.5
3237,4.85
3238,4.83
3239,4.86
3240,4.13
3241,4.8
3242,4.61
3243,2.63
3244,4.66
3245,4.59
3246,4.57
3247,4.38
3248,4.29
3249,4.12
3250,3.5
3251,3.5
3252,4.7
3253,4.13
3254,0.0
3255,0.0
3256,5.0
3257,4.42
3258,4.83
3259,4.47
3260,4.57
3261,4.43
3262,4.0
3263,4.33
3264,4.6
3265,3.5
3266,1.0
3267,4.0
3268,4.0
3269,3.5
3270,3.5
3271,0.0
3272,4.29
3273,3.0
3274,4.0
3275,4.5
3276,1.0
3277,0.0
3278,4.0
3279,1.0
3280,4.0
3281,5.0
3282,5.0
3283,4.56
3284,4.33
3285,4.29
3286,5.0
3287,0.0
3288,5.0
3289,4.08
3290,3.9
3291,3.0
3292,4.5
3293,4.3
3294,4.0
3295,0.0
3296,4.0
3297,1.5
3298,3.75
3299,4.2
3300,4.91
3301,4.5
3302,3.0
3303,3.78
3304,5.0
3305,4.56
3306,4.5
3307,4.33
3308,5.0
3309,4.67
3310,3.5
3311,0.0
3312,0.0
3313,5.0
3314,4.0
3315,3.4
3316,0.0
3317,0.0
3318,4.24
3319,2.5
3320,0.0
3321,0.0
3322,4.17
3323,3.2
3324,4.6
3325,3.5
3326,5.0
3327,0.0
3328,0.0
3329,4.0
3330,0.0
3331,4.0
3332,0.0
3333,4.75
3334,4.93
3335,0.0
3336,4.72
3337,4.89
3338,4.64
3339,4.63
3340,0.0
3341,4.56
3342,4.81
3343,4.86
3344,4.18
3345,4.71
3346,4.81
3347,4.83
3348,4.79
3349,4.88
3350,4.52
3351,5.0
3352,4.46
3353,4.64
3354,4.45
3355,4.78
3356,4.77
3357,4.11
3358,3.43
3359,4.88
3360,4.77
3361,4.57
3362,4.43
3363,4.56
3364,4.64
3365,4.25
3366,4.79
3367,4.6
3368,4.79
3369,4.53
3370,4.57
3371,4.4
3372,4.7
3373,3.83
3374,4.87
3375,4.59
3376,4.81
3377,4.52
3378,4.65
3379,4.66
3380,4.38
3381,4.64
3382,4.43
3383,4.79
3384,4.67
3385,4.8
3386,0.0
3387,4.73
3388,4.92
3389,4.36
3390,0.0
3391,4.68
3392,4.47
3393,4.66
3394,4.58
3395,4.71
3396,4.43
3397,4.87
3398,4.57
3399,4.63
3400,4.86
3401,4.38
3402,0.0
3403,4.1
3404,4.58
3405,4.71
3406,4.73
3407,4.36
3408,4.5
3409,4.0
3410,4.35
3411,4.07
3412,3.2
3413,4.13
3414,4.27
3415,4.64
3416,4.71
3417,3.92
3418,4.43
3419,4.87
3420,4.93
3421,4.76
3422,4.73
3423,4.55
3424,4.48
3425,4.57
3426,4.38
3427,4.54
3428,4.2
3429,4.7
3430,4.4
3431,0.0
3432,4.55
3433,4.66
3434,4.6
3435,4.08
3436,4.88
3437,4.53
3438,4.12
3439,4.65
3440,4.62
3441,4.44
3442,4.48
3443,4.52
3444,4.32
3445,4.7
3446,4.41
3447,4.82
3448,4.81
3449,4.45
3450,4.86
3451,4.5
3452,4.54
3453,4.06
3454,4.33
3455,4.61
3456,4.41
3457,0.0
3458,0.0
3459,4.81
3460,4.57
3461,4.66
3462,4.65
3463,0.0
3464,0.0
3465,0.0
3466,4.88
3467,0.0
3468,4.13
3469,4.44
3470,4.88
3471,0.0
3472,4.49
3473,4.33
3474,4.45
3475,4.8
3476,4.58
3477,4.83
3478,4.1
3479,4.58
3480,4.85
3481,4.05
3482,4.62
3483,5.0
3484,4.7
3485,4.5
3486,4.4
3487,0.0
3488,0.0
3489,4.76
3490,4.83
3491,4.92
3492,4.0
3493,4.69
3494,4.92
3495,4.0
3496,4.28
3497,4.54
3498,4.67
3499,0.0
3500,0.0
3501,4.0
3502,5.0
3503,4.59
3504,4.62
3505,4.58
3506,4.42
3507,4.91
3508,4.58
3509,4.79
3510,4.65
3511,4.48
3512,0.0
3513,4.71
3514,4.26
3515,4.74
3516,5.0
3517,4.7
3518,4.37
3519,5.0
3520,4.67
3521,5.0
3522,4.5
3523,4.28
3524,4.7
3525,4.67
3526,4.75
3527,4.62
3528,4.51
3529,4.39
3530,3.9
3531,4.64
3532,4.5
3533,5.0
3534,4.75
3535,5.0
3536,4.65
3537,4.38
3538,4.4
3539,4.47
3540,4.18
3541,4.76
3542,4.06
3543,4.79
3544,4.43
3545,4.63
3546,4.3
3547,4.93
3548,4.79
3549,4.73
3550,4.73
3551,4.67
3552,4.51
3553,4.68
3554,4.6
3555,4.43
3556,4.6
3557,4.51
3558,4.74
3559,4.7
3560,4.45
3561,4.0
3562,0.0
3563,4.57
3564,5.0
3565,4.55
3566,4.18
3567,4.68
3568,5.0
3569,0.0
3570,0.0
3571,4.67
3572,4.7
3573,4.43
3574,4.83
3575,4.5
3576,3.27
3577,4.86
3578,4.91
3579,4.8
3580,4.5
3581,4.87
3582,4.87
3583,4.82
3584,4.26
3585,4.49
3586,3.56
3587,4.83
3588,4.33
3589,4.53
3590,4.49
3591,4.31
3592,4.63
3593,4.61
3594,4.61
3595,0.0
3596,4.78
3597,4.66
3598,5.0
3599,4.71
3600,4.33
3601,4.59
3602,4.5
3603,4.69
3604,5.0
3605,5.0
3606,3.33
3607,4.25
3608,3.5
3609,3.33
3610,4.67
3611,4.1
3612,4.63
3613,4.6
3614,4.42
3615,4.67
3616,4.62
3617,4.94
3618,4.55
3619,4.67
3620,4.72
3621,4.86
3622,4.0
3623,4.85
3624,4.83
3625,4.35
3626,4.36
3627,4.8
3628,4.95
3629,4.49
3630,4.61
3631,4.5
3632,4.73
3633,5.0
3634,4.88
3635,4.59
3636,4.24
3637,4.08
3638,4.55
3639,4.7
3640,4.8
3641,4.25
3642,4.8
3643,3.91
3644,4.81
3645,4.8
3646,4.78
3647,4.35
3648,4.58
3649,4.44
3650,4.53
3651,4.0
3652,4.74
3653,4.63
3654,4.75
3655,4.78
3656,4.74
3657,4.72
3658,4.41
3659,4.38
3660,4.44
3661,4.5
3662,4.54
3663,4.23
3664,4.48
3665,4.76
3666,4.23
3667,3.75
3668,3.5
3669,2.8
3670,4.82
3671,4.73
3672,5.0
3673,4.89
3674,4.6
3675,4.49
3676,4.33
3677,3.0
3678,3.0
3679,3.0
3680,4.77
3681,4.11
3682,4.75
3683,4.69
3684,4.0
3685,4.56
3686,4.52
3687,4.78
3688,4.82
3689,4.75
3690,5.0
3691,4.38
3692,4.67
3693,0.0
3694,4.2
3695,4.96
3696,3.43
3697,3.5
3698,0.0
3699,3.29
3700,4.82
3701,4.83
3702,4.75
3703,4.9
3704,4.57
3705,4.11
3706,1.0
3707,4.68
3708,4.8
3709,4.85
3710,4.84
3711,4.62
3712,0.0
3713,2.0
3714,4.5
3715,4.94
3716,4.7
3717,5.0
3718,4.77
3719,4.59
3720,4.27
3721,4.51
3722,5.0
3723,4.17
3724,5.0
3725,4.75
3726,4.91
3727,3.7
3728,4.72
3729,4.49
3730,4.19
3731,4.69
3732,0.0
3733,0.0
3734,0.0
3735,4.0
3736,0.0
3737,0.0
3738,0.0
3739,4.22
3740,4.69
3741,5.0
3742,4.32
3743,4.25
3744,0.0
3745,4.84
3746,4.74
3747,3.43
3748,4.44
3749,4.0
3750,5.0
3751,4.66
3752,4.67
3753,4.27
3754,4.0
3755,4.6
3756,4.85
3757,4.32
3758,4.19
3759,4.71
3760,4.33
3761,5.0
3762,3.91
3763,4.21
3764,4.72
3765,4.78
3766,0.0
3767,4.58
3768,4.55
3769,4.57
3770,4.54
3771,4.38
3772,4.8
3773,4.65
3774,4.79
3775,0.0
3776,4.14
3777,4.93
3778,3.25
3779,4.2
3780,4.39
3781,5.0
3782,4.44
3783,4.33
3784,3.86
3785,4.57
3786,4.51
3787,4.83
3788,3.0
3789,4.33
3790,5.0
3791,4.48
3792,4.9
3793,4.88
3794,4.62
3795,4.66
3796,4.66
3797,4.52
3798,4.72
3799,4.5
3800,0.0
3801,3.82
3802,4.75
3803,4.58
3804,4.76
3805,4.71
3806,4.8
3807,4.59
3808,4.84
3809,4.87
3810,5.0
3811,4.88
3812,4.81
3813,4.9
3814,4.41
3815,4.31
3816,4.6
3817,4.57
3818,4.59
3819,4.54
3820,4.55
3821,4.5
3822,4.5
3823,4.67
3824,4.09
3825,4.75
3826,4.08
3827,4.53
3828,4.33
3829,4.95
3830,5.0
3831,4.25
3832,4.63
3833,4.67
3834,4.44
3835,4.5
3836,0.0
3837,4.4
3838,4.82
3839,5.0
3840,4.47
3841,4.67
3842,4.61
3843,4.6
3844,4.75
3845,4.38
3846,4.52
3847,4.69
3848,5.0
3849,4.78
3850,4.76
3851,4.77
3852,4.78
3853,0.0
3854,4.31
3855,4.94
3856,3.95
3857,5.0
3858,4.82
3859,4.76
3860,4.87
3861,4.54
3862,4.73
3863,4.5
3864,4.89
3865,4.67
3866,4.0
3867,4.54
3868,4.75
3869,4.61
3870,4.73
3871,2.0
3872,4.66
3873,4.67
3874,4.0
3875,4.39
3876,4.42
3877,4.69
3878,3.75
3879,4.56
3880,4.5
3881,4.6
3882,4.5
3883,4.0
3884,3.6
3885,4.65
3886,4.38
3887,4.24
3888,3.67
3889,4.62
3890,5.0
3891,4.6
3892,3.45
3893,3.6
3894,4.38
3895,4.4
3896,3.78
3897,4.64
3898,4.8
3899,3.75
3900,4.65
3901,4.08
3902,4.19
3903,4.44
3904,4.8
3905,4.68
3906,5.0
3907,4.0
3908,4.75
3909,4.91
3910,4.72
3911,4.27
3912,5.0
3913,4.26
3914,4.0
3915,4.63
3916,4.78
3917,4.9
3918,4.4
3919,4.55
3920,4.62
3921,4.94
3922,4.8
3923,4.6
3924,4.71
3925,4.52
3926,4.4
3927,0.0
3928,3.0
3929,4.54
3930,4.28
3931,4.53
3932,3.87
3933,4.44
3934,4.7
3935,4.5
3936,4.81
3937,4.68
3938,0.0
3939,4.78
3940,4.88
3941,4.64
3942,4.82
3943,4.27
3944,4.67
3945,4.94
3946,0.0
3947,0.0
3948,4.88
3949,4.22
3950,4.5
3951,4.58
3952,4.8
3953,4.75
3954,5.0
3955,4.68
3956,3.88
3957,4.69
3958,4.3
3959,4.81
3960,4.83
3961,4.68
3962,4.88
3963,4.86
3964,4.93
3965,4.64
3966,4.44
3967,4.43
3968,4.89
3969,4.67
3970,4.0
3971,4.5
3972,3.67
3973,4.42
3974,4.83
3975,4.63
3976,4.33
3977,4.76
3978,4.57
3979,4.73
3980,4.92
3981,4.69
3982,4.96
3983,4.92
3984,4.59
3985,4.86
3986,4.59
3987,4.45
3988,4.28
3989,0.0
3990,4.11
3991,4.87
3992,4.0
3993,3.8
3994,5.0
3995,4.0
3996,5.0
3997,4.63
3998,0.0
3999,5.0
4000,4.35
4001,4.35
4002,4.77
4003,4.63
4004,4.6
4005,4.71
4006,4.69
4007,4.68
4008,5.0
4009,4.83
4010,4.87
4011,4.5
4012,4.9
4013,4.91
4014,4.7
4015,0.0
4016,4.0
4017,5.0
4018,4.83
4019,3.92
4020,4.46
4021,4.68
4022,4.67
4023,4.33
4024,4.92
4025,4.43
4026,3.91
4027,4.47
4028,4.89
4029,4.0
4030,4.71
4031,4.34
4032,2.0
4033,4.71
4034,4.74
4035,4.84
4036,5.0
4037,4.82
4038,4.79
4039,3.88
4040,4.8
4041,4.3
4042,5.0
4043,4.56
4044,4.28
4045,3.5
4046,4.0
4047,4.8
4048,4.5
4049,5.0
4050,0.0
4051,4.85
4052,4.58
4053,4.32
4054,4.15
4055,4.79
4056,5.0
4057,4.77
4058,4.89
4059,4.41
4060,4.14
4061,3.83
4062,4.39
4063,0.0
4064,4.0
4065,4.83
4066,4.67
4067,5.0
4068,4.44
4069,3.33
4070,4.8
4071,4.71
4072,4.45
4073,4.67
4074,4.0
4075,4.41
4076,1.0
4077,0.0
4078,5.0
4079,4.75
4080,0.0
4081,4.1
4082,4.93
4083,4.5
4084,4.36
4085,4.55
4086,4.47
4087,4.33
4088,3.83
4089,4.17
4090,4.32
4091,4.1
4092,5.0
4093,0.0
4094,4.71
4095,4.5
4096,4.14
4097,4.44
4098,4.52
4099,4.22
4100,4.1
4101,4.0
4102,0.0
4103,5.0
4104,4.47
4105,4.29
4106,4.7
4107,4.6
4108,0.0
4109,4.87
4110,4.33
4111,4.38
4112,4.77
4113,0.0
4114,4.52
4115,5.0
4116,4.97
4117,4.83
4118,4.18
4119,4.48
4120,4.47
4121,4.58
4122,4.38
4123,4.73
4124,4.92
4125,4.68
4126,5.0
4127,4.71
4128,4.4
4129,4.75
4130,4.71
4131,4.73
4132,4.96
4133,4.76
4134,0.0
4135,4.76
4136,4.76
4137,5.0
4138,5.0
4139,4.5
4140,0.0
4141,0.0
4142,4.91
4143,4.67
4144,4.79
4145,0.0
4146,4.89
4147,4.33
4148,4.7
4149,4.78
4150,0.0
4151,0.0
4152,0.0
4153,4.45
4154,4.56
4155,4.89
4156,4.72
4157,4.74
4158,4.56
4159,5.0
4160,4.0
4161,4.67
4162,4.65
4163,4.29
4164,4.17
4165,4.65
4166,4.47
4167,4.83
4168,4.67
4169,4.71
4170,4.78
4171,4.89
4172,4.0
4173,4.64
4174,4.77
4175,4.89
4176,4.38
4177,4.5
4178,5.0
4179,4.58
4180,4.71
4181,4.91
4182,4.88
4183,4.77
4184,0.0
4185,4.74
4186,4.79
4187,4.79
4188,5.0
4189,4.6
4190,4.73
4191,4.69
4192,4.39
4193,4.86
4194,4.7
4195,4.66
4196,4.64
4197,4.82
4198,4.16
4199,4.75
4200,4.5
4201,4.47
4202,4.7
4203,4.67
4204,4.79
4205,4.89
4206,4.73
4207,0.0
4208,4.73
4209,4.74
4210,4.7
4211,4.56
4212,4.81
4213,4.63
4214,4.53
4215,4.66
4216,4.69
4217,4.77
4218,4.91
4219,4.59
4220,4.43
4221,4.1
4222,4.65
4223,4.83
4224,4.97
4225,4.55
4226,5.0
4227,4.55
4228,4.43
4229,4.74
4230,4.77
4231,4.88
4232,4.14
4233,0.0
4234,5.0
4235,3.0
4236,4.74
4237,4.76
4238,4.96
4239,4.76
4240,2.0
4241,4.53
4242,4.56
4243,0.0
4244,4.68
4245,4.86
4246,4.88
4247,4.65
4248,4.73
4249,4.56
4250,4.78
4251,4.75
4252,4.67
4253,0.0
4254,4.59
4255,0.0
4256,3.0
4257,4.24
4258,4.65
4259,4.71
4260,5.0
4261,4.0
4262,4.53
4263,4.63
4264,5.0
4265,4.6
4266,4.45
4267,4.75
4268,0.0
4269,4.33
4270,4.91
4271,4.25
4272,5.0
4273,4.75
4274,4.7
4275,4.77
4276,4.86
4277,4.71
4278,4.75
4279,4.83
4280,4.78
4281,4.25
4282,4.48
4283,4.0
4284,4.73
4285,4.2
4286,0.0
4287,4.41
4288,4.9
4289,4.55
4290,4.38
4291,4.6
4292,4.73
4293,0.0
4294,5.0
4295,4.73
4296,4.87
4297,4.54
4298,4.7
4299,4.53
4300,4.53
4301,4.13
4302,5.0
4303,4.14
4304,3.0
4305,4.71
4306,4.84
4307,4.82
4308,4.52
4309,4.68
4310,4.25
4311,0.0
4312,4.46
4313,4.63
4314,4.36
4315,4.4
4316,5.0
4317,5.0
4318,4.25
4319,4.82
4320,4.63
4321,5.0
4322,5.0
4323,4.63
4324,0.0
4325,4.52
4326,4.59
4327,4.29
4328,4.75
4329,4.85
4330,4.71
4331,3.8
4332,4.46
4333,4.7
4334,4.53
4335,4.86
4336,4.74
4337,5.0
4338,4.71
4339,5.0
4340,0.0
4341,4.17
4342,0.0
4343,4.5
4344,5.0
4345,4.0
4346,3.0
4347,4.74
4348,4.95
4349,4.69
4350,4.67
4351,4.58
4352,4.72
4353,4.3
4354,4.52
4355,4.51
4356,4.72
4357,4.55
4358,4.82
4359,0.0
4360,4.78
4361,4.75
4362,4.63
4363,4.49
4364,4.72
4365,4.59
4366,4.77
4367,3.86
4368,4.63
4369,3.9
4370,4.48
4371,4.58
4372,4.54
4373,4.65
4374,4.8
4375,4.32
4376,4.84
4377,4.77
4378,4.9
4379,4.94
4380,4.52
4381,4.68
4382,0.0
4383,4.53
4384,4.6
4385,4.5
4386,4.77
4387,4.48
4388,4.72
4389,5.0
4390,5.0
4391,0.0
4392,5.0
4393,0.0
4394,4.88
4395,4.89
4396,4.7
4397,4.45
4398,4.25
4399,4.81
4400,1.0
4401,3.7
4402,4.5
4403,4.75
4404,4.68
4405,4.77
4406,4.17
4407,5.0
4408,0.0
4409,4.6
4410,4.52
4411,4.67
4412,4.66
4413,4.77
4414,0.0
4415,2.0
4416,5.0
4417,4.64
4418,4.13
4419,4.9
4420,4.63
4421,4.53
4422,5.0
4423,4.76
4424,0.0
4425,3.0
4426,4.0
4427,4.19
4428,4.71
4429,4.93
4430,4.52
4431,4.9
4432,4.46
4433,4.68
4434,4.55
4435,5.0
4436,4.73
4437,4.9
4438,4.84
4439,4.71
4440,4.67
4441,4.71
4442,4.94
4443,5.0
4444,4.31
4445,4.73
4446,4.08
4447,4.65
4448,0.0
4449,0.0
4450,4.95
4451,4.5
4452,4.75
4453,4.58
4454,4.78
4455,4.76
4456,4.8
4457,4.38
4458,4.68
4459,3.86
4460,0.0
4461,4.16
4462,5.0
4463,4.58
4464,4.08
4465,3.57
4466,4.68
4467,4.45
4468,4.81
4469,4.95
4470,4.6
4471,4.56
4472,4.8
4473,4.37
4474,5.0
4475,0.0
4476,4.83
4477,0.0
4478,4.71
4479,5.0
4480,4.68
4481,4.66
4482,4.14
4483,4.47
4484,4.56
4485,4.84
4486,4.75
4487,4.78
4488,4.6
4489,4.55
4490,4.86
4491,4.88
4492,4.79
4493,4.56
4494,3.92
4495,4.0
4496,4.75
4497,3.5
4498,5.0
4499,5.0
4500,5.0
4501,0.0
4502,5.0
4503,0.0
4504,4.77
4505,5.0
4506,0.0
4507,5.0
4508,0.0
4509,4.88
4510,5.0
4511,4.95
4512,0.0
4513,0.0
4514,0.0
4515,4.75
4516,4.61
4517,4.64
4518,4.64
4519,4.82
4520,4.42
4521,4.82
4522,4.31
4523,4.59
4524,4.69
4525,4.44
4526,4.0
4527,4.25
4528,4.84
4529,4.49
4530,4.45
4531,4.69
4532,4.6
4533,4.46
4534,4.11
4535,4.33
4536,0.0
4537,4.0
4538,1.0
4539,5.0
4540,5.0
4541,0.0
4542,5.0
4543,4.83
4544,4.75
4545,4.25
4546,3.5
4547,4.53
4548,3.0
4549,4.79
4550,4.65
4551,5.0
4552,4.7
4553,4.84
4554,5.0
4555,4.75
4556,4.56
4557,4.82
4558,4.88
4559,4.61
4560,5.0
4561,4.89
4562,4.67
4563,4.48
4564,4.75
4565,0.0
4566,4.52
4567,3.89
4568,5.0
4569,4.38
4570,4.8
4571,4.75
4572,4.84
4573,4.17
4574,4.67
4575,4.21
4576,4.8
4577,4.57
4578,4.66
4579,4.17
4580,4.63
4581,4.33
4582,4.48
4583,4.67
4584,4.47
4585,4.8
4586,4.83
4587,4.72
4588,4.8
4589,3.0
4590,4.44
4591,4.95
4592,0.0
4593,4.77
4594,5.0
4595,4.38
4596,0.0
4597,4.48
4598,4.33
4599,4.0
4600,4.0
4601,4.44
4602,4.56
4603,0.0
4604,4.33
4605,4.67
4606,0.0
4607,4.5
4608,4.89
4609,4.36
4610,4.94
4611,5.0
4612,0.0
4613,4.42
4614,0.0
4615,4.91
4616,4.0
4617,4.85
4618,4.89
4619,4.0
4620,4.45
4621,0.0
4622,4.69
4623,4.58
4624,4.81
4625,4.73
4626,4.61
4627,4.67
4628,4.4
4629,4.82
4630,0.0
4631,4.86
4632,4.33
4633,4.22
4634,4.38
4635,4.16
4636,4.0
4637,4.89
4638,3.71
4639,4.54
4640,4.53
4641,0.0
4642,5.0
4643,4.14
4644,3.75
4645,4.17
4646,4.14
4647,3.5
4648,4.42
4649,4.57
4650,4.68
4651,4.68
4652,4.78
4653,4.6
4654,0.0
4655,4.68
4656,4.94
4657,4.22
4658,4.92
4659,4.0
4660,4.7
4661,0.0
4662,4.73
4663,4.0
4664,0.0
4665,4.89
4666,4.8
4667,4.91
4668,4.71
4669,4.83
4670,4.56
4671,4.53
4672,5.0
4673,4.25
4674,3.4
4675,4.0
4676,4.67
4677,5.0
4678,4.43
4679,4.5
4680,4.14
4681,4.83
4682,5.0
4683,4.33
4684,4.89
4685,4.85
4686,4.17
4687,4.88
4688,4.56
4689,4.89
4690,5.0
4691,4.91
4692,4.38
4693,4.68
4694,4.86
4695,4.45
4696,0.0
4697,0.0
4698,4.88
4699,4.6
4700,4.56
4701,4.93
4702,4.87
4703,3.0
4704,4.6
4705,5.0
4706,4.82
4707,5.0
4708,4.74
4709,0.0
4710,4.32
4711,4.68
4712,3.29
4713,4.0
4714,3.91
4715,4.58
4716,5.0
4717,4.72
4718,4.79
4719,4.71
4720,3.89
4721,4.79
4722,4.32
4723,4.68
4724,4.69
4725,4.61
4726,4.36
4727,4.0
4728,0.0
4729,0.0
4730,4.23
4731,3.86
4732,4.57
4733,0.0
4734,4.42
4735,4.52
4736,4.0
4737,4.73
4738,4.5
4739,4.5
4740,4.5
4741,4.47
4742,4.83
4743,5.0
4744,4.0
4745,4.75
4746,4.5
4747,5.0
4748,4.0
4749,4.5
4750,4.33
4751,5.0
4752,4.59
4753,4.86
4754,4.5
4755,0.0
4756,4.13
4757,5.0
4758,4.1
4759,4.68
4760,4.53
4761,4.23
4762,5.0
4763,4.73
4764,4.79
4765,4.67
4766,4.84
4767,4.81
4768,4.8
4769,4.76
4770,4.63
4771,0.0
4772,4.43
4773,4.85
4774,4.09
4775,4.62
4776,4.67
4777,4.8
4778,4.88
4779,4.62
4780,4.33
4781,4.65
4782,0.0
4783,4.87
4784,4.69
4785,4.56
4786,0.0
4787,0.0
4788,4.4
4789,4.4
4790,4.72
4791,4.62
4792,4.42
4793,4.56
4794,0.0
4795,4.58
4796,4.24
4797,0.0
4798,5.0
4799,4.73
4800,0.0
4801,4.4
4802,4.57
4803,4.54
4804,0.0
4805,4.34
4806,0.0
4807,4.4
4808,0.0
4809,4.55
4810,4.56
4811,4.76
4812,4.86
4813,4.8
4814,5.0
4815,0.0
4816,4.0
4817,4.33
4818,4.92
4819,4.56
4820,4.2
4821,4.74
4822,4.67
4823,4.25
4824,4.0
4825,4.8
4826,4.0
4827,4.5
4828,4.32
4829,4.3
4830,4.44
4831,4.61
4832,4.57
4833,4.75
4834,0.0
4835,4.25
4836,4.61
4837,4.8
4838,4.67
4839,4.5
4840,4.61
4841,4.38
4842,5.0
4843,4.81
4844,4.83
4845,5.0
4846,4.86
4847,4.63
4848,5.0
4849,4.88
4850,4.5
4851,0.0
4852,4.0
4853,4.0
4854,4.85
4855,5.0
4856,4.47
4857,4.76
4858,4.76
4859,4.63
4860,4.58
4861,4.17
4862,3.0
4863,4.75
4864,5.0
4865,4.29
4866,4.85
4867,4.8
4868,4.56
4869,4.56
4870,4.29
4871,4.69
4872,2.0
4873,0.0
4874,4.5
4875,3.5
4876,0.0
4877,4.91
4878,4.9
4879,4.8
4880,4.43
4881,4.88
4882,4.62
4883,4.31
4884,4.88
4885,4.66
4886,0.0
4887,4.86
4888,4.34
4889,3.0
4890,4.4
4891,5.0
4892,4.87
4893,4.69
4894,0.0
4895,4.0
4896,4.1
4897,4.61
4898,5.0
4899,5.0
4900,4.58
4901,4.58
4902,4.69
4903,4.73
4904,4.42
4905,4.12
4906,4.12
4907,4.71
4908,4.25
4909,5.0
4910,4.79
4911,4.79
4912,4.37
4913,4.63
4914,5.0
4915,4.67
4916,5.0
4917,4.8
4918,4.31
4919,4.5
4920,3.88
4921,3.0
4922,4.5
4923,4.57
4924,4.48
4925,4.18
4926,4.63
4927,4.54
4928,4.38
4929,4.45
4930,4.28
4931,4.5
4932,1.0
4933,4.52
4934,4.25
4935,4.71
4936,0.0
4937,4.65
4938,4.75
4939,3.8
4940,4.33
4941,4.75
4942,4.59
4943,4.58
4944,4.85
4945,4.53
4946,4.82
4947,4.81
4948,4.86
4949,4.75
4950,4.91
4951,5.0
4952,4.41
4953,4.67
4954,4.5
4955,4.68
4956,4.82
4957,4.84
4958,0.0
4959,4.33
4960,4.7
4961,4.4
4962,4.77
4963,4.2
4964,4.77
4965,4.79
4966,4.67
4967,4.36
4968,5.0
4969,4.71
4970,0.0
4971,3.6
4972,4.78
4973,4.71
4974,4.78
4975,4.81
4976,3.67
4977,4.0
4978,4.69
4979,4.74
4980,4.0
4981,4.55
4982,4.83
4983,4.63
4984,4.67
4985,4.37
4986,4.2
4987,4.76
4988,4.7
4989,4.17
4990,4.3
4991,4.92
4992,4.88
4993,0.0
4994,4.53
4995,4.73
4996,5.0
4997,4.85
4998,4.84
4999,4.83
5000,4.55
5001,4.18
5002,3.5
5003,5.0
5004,4.26
5005,4.16
5006,4.78
5007,4.67
5008,4.9
5009,4.0
5010,1.0
5011,4.93
5012,4.6
5013,4.42
5014,4.33
5015,4.0
5016,4.62
5017,4.17
5018,4.39
5019,4.82
5020,4.33
5021,0.0
5022,4.63
5023,4.6
5024,4.83
5025,5.0
5026,4.78
5027,4.54
5028,4.29
5029,4.85
5030,5.0
5031,4.41
5032,4.86
5033,4.43
5034,4.77
5035,4.96
5036,4.2
5037,3.0
5038,4.78
5039,4.5
5040,5.0
5041,4.5
5042,5.0
5043,3.83
5044,4.81
5045,4.57
5046,0.0
5047,4.13
5048,5.0
5049,4.28
5050,4.5
5051,4.25
5052,2.0
5053,4.35
5054,4.75
5055,4.17
5056,4.71
5057,4.68
5058,4.67
5059,4.69
5060,4.69
5061,0.0
5062,0.0
5063,0.0
5064,4.0
5065,0.0
5066,0.0
5067,4.6
5068,4.62
5069,4.71
5070,4.57
5071,4.82
5072,4.51
5073,0.0
5074,4.88
5075,3.75
5076,4.44
5077,0.0
5078,5.0
5079,4.3
5080,4.67
5081,3.67
5082,4.69
5083,4.4
5084,4.71
5085,4.9
5086,5.0
5087,4.2
5088,4.84
5089,4.07
5090,4.92
5091,0.0
5092,4.0
5093,4.73
5094,0.0
5095,4.43
5096,4.53
5097,5.0
5098,4.0
5099,4.0
5100,4.88
5101,0.0
5102,3.0
5103,4.93
5104,4.69
5105,4.45
5106,5.0
5107,4.71
5108,3.4
5109,4.67
5110,4.5
5111,4.71
5112,5.0
5113,4.69
5114,4.61
5115,5.0
5116,4.75
5117,5.0
5118,4.76
5119,5.0
5120,4.42
5121,0.0
5122,0.0
5123,0.0
5124,0.0
5125,4.92
5126,5.0
5127,0.0
5128,4.44
5129,0.0
5130,4.27
5131,5.0
5132,4.63
5133,4.8
5134,0.0
5135,0.0
5136,4.83
5137,4.63
5138,4.6
5139,4.57
5140,4.65
5141,3.5
5142,5.0
5143,4.87
5144,4.74
5145,4.69
5146,4.72
5147,4.67
5148,5.0
5149,5.0
5150,4.71
5151,4.79
5152,4.75
5153,4.68
5154,4.45
5155,0.0
5156,4.71
5157,4.39
5158,4.54
5159,4.64
5160,3.5
5161,4.76
5162,0.0
5163,4.76
5164,4.2
5165,4.78
5166,5.0
5167,5.0
5168,4.1
5169,5.0
5170,4.26
5171,4.33
5172,0.0
5173,4.0
5174,4.5
5175,4.55
5176,4.86
5177,0.0
5178,4.75
5179,4.67
5180,4.58
5181,3.33
5182,0.0
5183,5.0
5184,3.8
5185,3.0
5186,0.0
5187,4.61
5188,0.0
5189,0.0
5190,4.0
5191,4.48
5192,4.5
5193,4.77
5194,4.7
5195,4.85
5196,4.45
5197,4.66
5198,4.65
5199,5.0
5200,4.0
5201,1.0
5202,4.63
5203,2.0
5204,4.69
5205,4.69
5206,4.58
5207,4.67
5208,4.37
5209,4.57
5210,4.38
5211,4.5
5212,4.71
5213,4.82
5214,4.82
5215,4.43
5216,4.75
5217,4.33
5218,4.61
5219,5.0
5220,4.67
5221,0.0
5222,4.83
5223,4.83
5224,5.0
5225,4.95
5226,0.0
5227,0.0
5228,4.4
5229,4.1
5230,4.23
5231,3.83
5232,4.6
5233,4.3
5234,5.0
5235,4.77
5236,4.46
5237,4.96
5238,0.0
5239,0.0
5240,0.0
5241,4.56
5242,0.0
5243,4.8
5244,4.6
5245,4.79
5246,2.67
5247,4.31
5248,4.16
5249,4.0
5250,4.83
5251,4.54
5252,0.0
5253,0.0
5254,5.0
5255,4.8
5256,4.5
5257,4.0
5258,4.38
5259,4.89
5260,3.6
5261,4.0
5262,4.5
5263,5.0
5264,4.33
5265,4.44
5266,4.7
5267,0.0
5268,4.76
5269,4.57
5270,4.83
5271,3.55
5272,4.25
5273,4.68
5274,4.5
5275,4.34
5276,4.31
5277,4.72
5278,0.0
5279,4.0
5280,0.0
5281,4.75
5282,4.88
5283,4.64
5284,3.5
5285,4.75
5286,0.0
5287,0.0
5288,0.0
5289,4.75
5290,4.13
5291,4.0
5292,4.3
5293,4.08
5294,3.8
5295,4.25
5296,5.0
5297,4.86
5298,4.5
5299,4.08
5300,4.84
5301,4.36
5302,4.04
5303,0.0
5304,3.88
5305,4.25
5306,4.29
5307,4.91
5308,4.61
5309,0.0
5310,4.7
5311,5.0
5312,4.64
5313,4.14
5314,4.81
5315,0.0
5316,4.67
5317,5.0
5318,4.38
5319,4.25
5320,0.0
5321,4.14
5322,4.5
5323,4.83
5324,4.44
5325,4.67
5326,4.92
5327,5.0
5328,0.0
5329,4.75
5330,4.78
5331,4.75
5332,4.06
5333,4.0
5334,4.72
5335,0.0
5336,4.14
5337,4.93
5338,4.75
5339,4.78
5340,0.0
5341,4.0
5342,0.0
5343,0.0
5344,4.5
5345,5.0
5346,4.5
5347,5.0
5348,4.0
5349,5.0
5350,4.45
5351,4.67
5352,5.0
5353,5.0
5354,0.0
5355,5.0
5356,5.0
5357,0.0
5358,4.69
5359,4.57
5360,4.53
5361,4.19
5362,4.39
5363,4.68
5364,3.2
5365,4.67
5366,4.69
5367,2.0
5368,4.73
5369,4.2
5370,4.7
5371,3.0
5372,0.0
5373,4.63
5374,4.77
5375,4.91
5376,4.57
5377,3.57
5378,4.67
5379,4.88
5380,4.84
5381,4.91
5382,4.67
5383,0.0
5384,4.4
5385,4.38
5386,4.71
5387,4.71
5388,4.63
5389,4.8
5390,4.72
5391,4.63
5392,4.75
5393,0.0
5394,4.77
5395,3.92
5396,5.0
5397,4.89
5398,4.42
5399,3.75
5400,4.61
5401,5.0
5402,5.0
5403,4.67
5404,4.75
5405,4.81
5406,0.0
5407,4.59
5408,5.0
5409,4.38
5410,4.44
5411,5.0
5412,4.3
5413,4.0
5414,4.56
5415,4.4
5416,5.0
5417,5.0
5418,4.55
5419,0.0
5420,4.17
5421,4.67
5422,4.82
5423,5.0
5424,4.67
5425,4.75
5426,3.5
5427,4.69
5428,5.0
5429,4.65
5430,4.24
5431,5.0
5432,4.17
5433,4.0
5434,4.18
5435,4.0
5436,4.83
5437,4.5
5438,4.36
5439,4.67
5440,4.5
5441,4.39
5442,4.53
5443,3.94
5444,4.6
5445,4.5
5446,4.33
5447,4.55
5448,4.67
5449,3.5
5450,0.0
5451,0.0
5452,0.0
5453,4.23
5454,4.91
5455,4.14
5456,0.0
5457,0.0
5458,4.94
5459,4.48
5460,5.0
5461,4.5
5462,4.56
5463,4.83
5464,4.89
5465,5.0
5466,3.67
5467,0.0
5468,4.71
5469,4.34
5470,4.57
5471,4.8
5472,0.0
5473,5.0
5474,4.78
5475,4.62
5476,5.0
5477,4.46
5478,4.58
5479,4.94
5480,4.88
5481,4.43
5482,5.0
5483,5.0
5484,4.43
5485,4.83
5486,2.5
5487,0.0
5488,4.24
5489,4.43
5490,4.6
5491,5.0
5492,4.63
5493,4.5
5494,4.88
5495,4.5
5496,4.88
5497,4.29
5498,4.35
5499,4.84
5500,4.05
5501,0.0
5502,4.79
5503,4.69
5504,4.0
5505,4.78
5506,4.75
5507,0.0
5508,4.83
5509,3.67
5510,3.0
5511,4.83
5512,4.87
5513,3.75
5514,4.8
5515,4.84
5516,4.75
5517,4.72
5518,4.77
5519,4.8
5520,4.69
5521,5.0
5522,4.56
5523,4.94
5524,4.93
5525,4.71
5526,4.95
5527,4.43
5528,3.91
5529,4.8
5530,4.27
5531,5.0
5532,4.75
5533,0.0
5534,4.73
5535,4.83
5536,5.0
5537,3.88
5538,4.86
5539,4.2
5540,4.88
5541,4.81
5542,4.61
5543,4.25
5544,4.0
5545,4.18
5546,4.44
5547,4.4
5548,4.6
5549,4.62
5550,4.48
5551,4.0
5552,4.7
5553,4.47
5554,4.78
5555,5.0
5556,4.28
5557,4.46
5558,4.67
5559,4.9
5560,4.5
5561,4.54
5562,0.0
5563,0.0
5564,4.74
5565,5.0
5566,4.11
5567,4.0
5568,4.57
5569,4.82
5570,4.43
5571,1.0
5572,0.0
5573,4.69
5574,4.71
5575,0.0
5576,4.41
5577,4.56
5578,4.83
5579,4.81
5580,4.4
5581,4.75
5582,3.5
5583,4.56
5584,4.14
5585,4.46
5586,4.71
5587,4.4
5588,4.79
5589,4.72
5590,4.64
5591,0.0
5592,0.0
5593,5.0
5594,4.5
5595,5.0
5596,4.2
5597,4.75
5598,4.42
5599,4.57
5600,4.21
5601,4.61
5602,4.47
5603,0.0
5604,4.83
5605,4.53
5606,2.0
5607,3.87
5608,4.33
5609,4.25
5610,4.5
5611,4.58
5612,5.0
5613,4.75
5614,4.02
5615,3.86
5616,4.71
5617,5.0
5618,4.89
5619,0.0
5620,5.0
5621,3.91
5622,4.94
5623,4.56
5624,0.0
5625,4.89
5626,4.74
5627,4.78
5628,4.79
5629,4.73
5630,4.68
5631,4.45
5632,4.13
5633,4.33
5634,3.92
5635,4.54
5636,4.48
5637,4.36
5638,4.46
5639,5.0
5640,4.59
5641,4.64
5642,4.86
5643,0.0
5644,4.81
5645,4.0
5646,4.77
5647,5.0
5648,4.88
5649,0.0
5650,0.0
5651,4.68
5652,4.68
5653,4.56
5654,4.47
5655,4.88
5656,5.0
5657,4.76
5658,4.8
5659,4.59
5660,4.24
5661,4.2
5662,4.88
5663,4.47
5664,4.38
5665,4.49
5666,4.78
5667,0.0
5668,4.25
5669,4.95
5670,4.17
5671,4.39
5672,5.0
5673,4.83
5674,4.97
5675,4.0
5676,4.23
5677,4.5
5678,4.67
5679,4.58
5680,4.14
5681,4.27
5682,5.0
5683,4.82
5684,4.0
5685,4.72
5686,3.88
5687,0.0
5688,4.86
5689,4.73
5690,5.0
5691,4.67
5692,4.67
5693,4.2
5694,4.0
5695,4.53
5696,5.0
5697,4.66
5698,4.0
5699,4.75
5700,4.67
5701,4.69
5702,4.45
5703,4.6
5704,4.77
5705,0.0
5706,0.0
5707,4.67
5708,3.0
5709,4.13
5710,4.0
5711,5.0
5712,4.77
5713,4.89
5714,4.56
5715,5.0
5716,4.81
5717,4.69
5718,5.0
5719,5.0
5720,4.5
5721,3.78
5722,4.81
5723,4.9
5724,4.71
5725,4.59
5726,4.76
5727,4.67
5728,4.71
5729,4.91
5730,4.92
5731,4.8
5732,5.0
5733,4.71
5734,4.67
5735,4.54
5736,5.0
5737,4.45
5738,4.25
5739,4.81
5740,4.86
5741,1.0
5742,4.74
5743,4.0
5744,0.0
5745,4.81
5746,4.75
5747,4.54
5748,4.8
5749,3.8
5750,4.1
5751,4.73
5752,3.0
5753,0.0
5754,4.64
5755,4.63
5756,3.73
5757,4.36
5758,4.38
5759,4.89
5760,5.0
5761,4.61
5762,4.0
5763,4.82
5764,4.73
5765,5.0
5766,4.67
5767,4.69
5768,4.66
5769,5.0
5770,4.43
5771,4.0
5772,3.8
5773,4.8
5774,4.53
5775,0.0
5776,3.5
5777,5.0
5778,4.84
5779,4.8
5780,4.23
5781,4.44
5782,0.0
5783,4.7
5784,5.0
5785,4.75
5786,0.0
5787,4.0
5788,5.0
5789,0.0
5790,4.5
5791,4.5
5792,0.0
5793,4.69
5794,5.0
5795,5.0
5796,4.63
5797,4.58
5798,4.67
5799,3.75
5800,4.14
5801,4.98
5802,4.33
5803,0.0
5804,4.83
5805,0.0
5806,4.76
5807,4.83
5808,4.86
5809,4.62
5810,4.67
5811,5.0
5812,3.67
5813,4.83
5814,4.89
5815,4.89
5816,4.69
5817,5.0
5818,0.0
5819,4.0
5820,3.8
5821,4.86
5822,3.0
5823,4.7
5824,4.75
5825,0.0
5826,5.0
5827,5.0
5828,4.56
5829,0.0
5830,4.73
5831,4.76
5832,4.74
5833,4.86
5834,4.66
5835,4.4
5836,4.77
5837,4.82
5838,4.8
5839,4.44
5840,4.92
5841,5.0
5842,4.81
5843,5.0
5844,4.6
5845,4.46
5846,4.11
5847,5.0
5848,3.62
5849,2.0
5850,4.0
5851,4.83
5852,4.89
5853,5.0
5854,4.64
5855,4.0
5856,4.9
5857,4.93
5858,4.77
5859,0.0
5860,0.0
5861,4.63
5862,5.0
5863,4.48
5864,5.0
5865,4.9
5866,0.0
5867,4.24
5868,0.0
5869,4.6
5870,5.0
5871,4.75
5872,3.8
5873,4.58
5874,4.83
5875,4.22
5876,4.0
5877,4.23
5878,5.0
5879,4.6
5880,4.21
5881,4.79
5882,4.0
5883,4.75
5884,4.64
5885,4.81
5886,3.75
5887,5.0
5888,4.4
5889,0.0
5890,4.56
5891,4.54
5892,4.59
5893,4.43
5894,4.44
5895,4.23
5896,0.0
5897,0.0
5898,4.81
5899,4.85
5900,0.0
5901,4.9
5902,4.8
5903,0.0
5904,4.75
5905,5.0
5906,4.76
5907,4.75
5908,4.67
5909,4.19
5910,4.32
5911,4.67
5912,5.0
5913,5.0
5914,4.67
5915,5.0
5916,3.67
5917,2.67
5918,4.65
5919,4.8
5920,4.0
5921,4.9
5922,4.42
5923,0.0
5924,5.0
5925,0.0
5926,4.5
5927,4.44
5928,4.17
5929,4.33
5930,5.0
5931,4.65
5932,4.66
5933,4.73
5934,4.83
5935,3.96
5936,4.11
5937,0.0
5938,4.5
5939,0.0
5940,0.0
5941,4.5
5942,4.0
5943,4.68
5944,4.79
5945,4.27
5946,4.78
5947,4.46
5948,4.81
5949,4.6
5950,4.83
5951,4.0
5952,4.0
5953,5.0
5954,4.05
5955,4.32
5956,4.5
5957,4.0
5958,4.18
5959,4.63
5960,4.33
5961,4.92
5962,4.0
5963,4.5
5964,4.27
5965,4.09
5966,0.0
5967,4.78
5968,4.77
5969,4.0
5970,4.82
5971,4.79
5972,4.86
5973,4.89
5974,4.55
5975,4.75
5976,4.8
5977,5.0
5978,4.88
5979,5.0
5980,4.53
5981,0.0
5982,4.11
5983,4.73
5984,4.79
5985,5.0
5986,5.0
5987,5.0
5988,4.5
5989,4.53
5990,4.2
5991,4.94
5992,4.57
5993,4.78
5994,4.75
5995,4.69
5996,4.4
5997,5.0
5998,4.8
5999,4.71
6000,4.77
6001,4.0
6002,4.8
6003,4.98
6004,3.44
6005,4.67
6006,4.75
6007,4.8
6008,5.0
6009,4.88
6010,4.79
6011,5.0
6012,4.78
6013,4.39
6014,4.73
6015,0.0
6016,4.6
6017,3.5
6018,4.71
6019,4.5
6020,4.77
6021,4.42
6022,4.2
6023,4.87
6024,4.39
6025,0.0
6026,4.29
6027,5.0
6028,4.62
6029,4.63
6030,0.0
6031,4.67
6032,4.65
6033,4.67
6034,4.85
6035,5.0
6036,0.0
6037,0.0
6038,4.83
6039,0.0
6040,4.33
6041,4.73
6042,4.53
6043,4.49
6044,5.0
6045,4.0
6046,5.0
6047,3.5
6048,4.71
6049,0.0
6050,4.33
6051,4.38
6052,4.85
6053,4.73
6054,4.17
6055,5.0
6056,5.0
6057,4.69
6058,4.73
6059,4.65
6060,4.33
6061,0.0
6062,4.56
6063,2.0
6064,4.5
6065,4.25
6066,0.0
6067,4.5
6068,4.23
6069,5.0
6070,3.78
6071,4.43
6072,4.61
6073,0.0
6074,4.83
6075,4.73
6076,4.66
6077,5.0
6078,4.33
6079,4.82
6080,4.76
6081,4.0
6082,4.98
6083,5.0
6084,5.0
6085,0.0
6086,4.33
6087,5.0
6088,4.31
6089,4.33
6090,0.0
6091,4.21
6092,5.0
6093,0.0
6094,4.68
6095,0.0
6096,0.0
6097,4.75
6098,5.0
6099,0.0
6100,4.64
6101,4.29
6102,3.0
6103,4.28
6104,5.0
6105,5.0
6106,4.83
6107,3.96
6108,4.5
6109,0.0
6110,0.0
6111,3.0
6112,0.0
6113,0.0
6114,0.0
6115,0.0
6116,0.0
6117,5.0
6118,3.0
6119,4.05
6120,4.76
6121,5.0
6122,4.0
6123,0.0
6124,5.0
6125,4.44
6126,4.55
6127,4.36
6128,4.13
6129,0.0
6130,0.0
6131,4.54
6132,4.37
6133,4.9
6134,3.43
6135,3.25
6136,0.0
6137,0.0
6138,4.6
6139,4.73
6140,4.2
6141,4.75
6142,4.4
6143,4.5
6144,4.71
6145,5.0
6146,0.0
6147,4.44
6148,4.81
6149,4.36
6150,4.75
6151,4.76
6152,3.0
6153,5.0
6154,4.53
6155,4.42
6156,4.5
6157,4.81
6158,4.78
6159,4.5
6160,5.0
6161,4.6
6162,4.65
6163,4.89
6164,5.0
6165,0.0
6166,0.0
6167,4.69
6168,4.95
6169,4.8
6170,0.0
6171,4.2
6172,4.75
6173,5.0
6174,4.61
6175,4.72
6176,4.71
6177,4.55
6178,5.0
6179,4.84
6180,4.85
6181,0.0
6182,4.69
6183,4.29
6184,0.0
6185,4.39
6186,4.27
6187,4.86
6188,4.74
6189,5.0
6190,4.6
6191,4.68
6192,4.64
6193,4.67
6194,4.43
6195,4.67
6196,4.66
6197,4.53
6198,4.69
6199,4.74
6200,4.71
6201,0.0
6202,5.0
6203,4.75
6204,4.84
6205,5.0
6206,4.92
6207,4.25
6208,4.67
6209,4.56
6210,4.14
6211,4.75
6212,4.42
6213,4.5
6214,4.78
6215,4.5
6216,4.71
6217,0.0
6218,4.5
6219,4.86
6220,4.59
6221,4.0
6222,0.0
6223,5.0
6224,4.57
6225,5.0
6226,4.68
6227,5.0
6228,4.52
6229,5.0
6230,4.33
6231,4.8
6232,4.32
6233,5.0
6234,4.66
6235,5.0
6236,4.54
6237,4.83
6238,4.97
6239,3.5
6240,4.8
6241,4.38
6242,4.33
6243,0.0
6244,0.0
6245,4.5
6246,0.0
6247,4.76
6248,0.0
6249,4.67
6250,4.5
6251,4.76
6252,4.46
6253,4.57
6254,0.0
6255,4.67
6256,0.0
6257,4.65
6258,4.86
6259,0.0
6260,4.69
6261,5.0
6262,4.82
6263,5.0
6264,4.8
6265,3.0
6266,4.64
6267,4.6
6268,4.0
6269,4.9
6270,0.0
6271,4.8
6272,4.65
6273,4.88
6274,0.0
6275,0.0
6276,4.71
6277,5.0
6278,5.0
6279,4.86
6280,4.58
6281,4.68
6282,0.0
6283,4.74
6284,4.74
6285,4.88
6286,4.63
6287,4.33
6288,4.3
6289,0.0
6290,4.52
6291,4.87
6292,4.57
6293,5.0
6294,4.75
6295,4.59
6296,5.0
6297,5.0
6298,0.0
6299,4.71
6300,3.33
6301,0.0
6302,4.21
6303,0.0
6304,4.86
6305,4.33
6306,0.0
6307,3.5
6308,4.54
6309,4.0
6310,4.25
6311,5.0
6312,4.48
6313,4.79
6314,4.64
6315,5.0
6316,5.0
6317,4.84
6318,4.76
6319,0.0
6320,0.0
6321,4.75
6322,4.24
6323,4.47
6324,4.75
6325,4.5
6326,4.28
6327,4.5
6328,4.3
6329,3.0
6330,4.6
6331,4.86
6332,0.0
6333,4.42
6334,0.0
6335,4.52
6336,4.63
6337,4.93
6338,4.79
6339,4.67
6340,4.5
6341,4.45
6342,3.67
6343,4.7
6344,5.0
6345,4.78
6346,3.75
6347,4.82
6348,4.69
6349,4.72
6350,5.0
6351,4.67
6352,5.0
6353,4.5
6354,4.38
6355,4.88
6356,4.96
6357,4.88
6358,4.4
6359,4.8
6360,4.26
6361,0.0
6362,4.7
6363,4.33
6364,4.75
6365,3.86
6366,4.28
6367,4.56
6368,4.74
6369,4.0
6370,4.75
6371,5.0
6372,4.75
6373,4.0
6374,5.0
6375,0.0
6376,0.0
6377,0.0
6378,4.5
6379,0.0
6380,0.0
6381,2.5
6382,0.0
6383,0.0
6384,5.0
6385,4.33
6386,4.33
6387,4.75
6388,4.83
6389,4.5
6390,0.0
6391,4.5
6392,4.33
6393,4.67
6394,3.0
6395,4.96
6396,4.33
6397,4.69
6398,4.63
6399,2.67
6400,3.0
6401,0.0
6402,3.0
6403,4.86
6404,3.5
6405,5.0
6406,0.0
6407,4.5
6408,4.0
6409,0.0
6410,0.0
6411,4.0
6412,0.0
6413,4.23
6414,5.0
6415,3.71
6416,0.0
6417,0.0
6418,4.25
6419,1.0
6420,2.5
6421,5.0
6422,3.0
6423,5.0
6424,4.64
6425,0.0
6426,0.0
6427,5.0
6428,0.0
6429,4.92
6430,4.5
6431,4.67
6432,3.5
6433,5.0
6434,4.27
6435,4.75
6436,4.86
6437,5.0
6438,5.0
6439,4.22
6440,5.0
6441,4.42
6442,0.0
6443,5.0
6444,4.0
6445,0.0
6446,0.0
6447,5.0
6448,4.54
6449,4.95
6450,4.74
6451,4.7
6452,4.77
6453,5.0
6454,4.0
6455,4.71
6456,0.0
6457,4.66
6458,4.07
6459,4.68
6460,5.0
6461,5.0
6462,4.77
6463,4.92
6464,4.77
6465,4.5
6466,5.0
6467,0.0
6468,4.72
6469,5.0
6470,0.0
6471,3.0
6472,4.5
6473,4.8
6474,4.0
6475,4.69
6476,4.35
6477,4.56
6478,4.65
6479,4.52
6480,4.67
6481,4.69
6482,4.86
6483,4.5
6484,4.62
6485,0.0
6486,0.0
6487,0.0
6488,0.0
6489,4.8
6490,4.69
6491,4.21
6492,4.7
6493,4.26
6494,5.0
6495,5.0
6496,4.73
6497,4.91
6498,4.69
6499,4.33
6500,4.2
6501,0.0
6502,5.0
6503,3.83
6504,4.79
6505,4.83
6506,4.66
6507,4.43
6508,4.75
6509,5.0
6510,4.6
6511,4.6
6512,4.48
6513,4.94
6514,4.25
6515,3.5
6516,4.33
6517,4.5
6518,4.66
6519,4.64
6520,0.0
6521,5.0
6522,0.0
6523,4.33
6524,4.54
6525,4.58
6526,5.0
6527,4.83
6528,4.67
6529,4.5
6530,0.0
6531,5.0
6532,4.32
6533,3.0
6534,4.4
6535,4.0
6536,5.0
6537,4.47
6538,4.4
6539,0.0
6540,4.75
6541,0.0
6542,0.0
6543,0.0
6544,4.5
6545,4.5
6546,3.0
6547,5.0
6548,4.69
6549,4.88
6550,4.76
6551,5.0
6552,4.5
6553,4.83
6554,4.23
6555,4.0
6556,0.0
6557,5.0
6558,4.83
6559,4.0
6560,4.57
6561,5.0
6562,4.0
6563,4.76
6564,4.79
6565,5.0
6566,4.69
6567,0.0
6568,4.67
6569,4.27
6570,5.0
6571,4.83
6572,4.96
6573,4.86
6574,0.0
6575,4.89
6576,0.0
6577,4.0
6578,0.0
6579,5.0
6580,4.86
6581,4.82
6582,4.0
6583,1.0
6584,4.76
6585,4.79
6586,0.0
6587,4.5
6588,0.0
6589,4.79
6590,4.75
6591,4.52
6592,3.57
6593,5.0
6594,4.9
6595,4.71
6596,4.5
6597,4.88
6598,4.46
6599,5.0
6600,4.92
6601,4.67
6602,4.65
6603,4.33
6604,4.75
6605,0.0
6606,0.0
6607,0.0
6608,5.0
6609,3.5
6610,5.0
6611,5.0
6612,4.63
6613,4.62
6614,4.71
6615,5.0
6616,4.55
6617,4.17
6618,0.0
6619,3.67
6620,0.0
6621,4.46
6622,5.0
6623,4.74
6624,4.5
6625,4.74
6626,4.65
6627,4.59
6628,4.33
6629,4.5
6630,4.55
6631,4.82
6632,0.0
6633,0.0
6634,4.2
6635,3.63
6636,5.0
6637,5.0
6638,5.0
6639,0.0
6640,4.0
6641,4.5
6642,0.0
6643,0.0
6644,4.8
6645,0.0
6646,4.42
6647,4.61
6648,3.25
6649,4.47
6650,4.64
6651,0.0
6652,5.0
6653,4.88
6654,5.0
6655,0.0
6656,0.0
6657,4.63
6658,3.69
6659,4.0
6660,0.0
6661,5.0
6662,4.4
6663,5.0
6664,4.75
6665,4.75
6666,4.6
6667,4.0
6668,4.0
6669,4.62
6670,4.69
6671,4.41
6672,0.0
6673,5.0
6674,5.0
6675,4.35
6676,5.0
6677,5.0
6678,4.88
6679,4.0
6680,4.83
6681,4.85
6682,4.4
6683,2.67
6684,5.0
6685,4.76
6686,4.18
6687,5.0
6688,4.78
6689,5.0
6690,4.81
6691,4.0
6692,4.0
6693,0.0
6694,4.8
6695,4.33
6696,3.71
6697,4.33
6698,0.0
6699,4.5
6700,4.2
6701,0.0
6702,4.4
6703,4.92
6704,4.35
6705,4.67
6706,4.32
6707,5.0
6708,5.0
6709,0.0
6710,0.0
6711,0.0
6712,4.57
6713,4.5
6714,4.79
6715,5.0
6716,4.51
6717,4.5
6718,4.91
6719,4.22
6720,4.83
6721,4.42
6722,4.82
6723,0.0
6724,5.0
6725,2.0
6726,3.6
6727,4.25
6728,1.0
6729,0.0
6730,4.4
6731,4.58
6732,4.67
6733,4.48
6734,0.0
6735,1.0
6736,5.0
6737,4.71
6738,0.0
6739,4.0
6740,5.0
6741,4.4
6742,4.19
6743,3.33
6744,4.75
6745,4.92
6746,5.0
6747,0.0
6748,0.0
6749,0.0
6750,0.0
6751,0.0
6752,0.0
6753,0.0
6754,0.0
6755,0.0
6756,0.0
6757,0.0
6758,0.0
6759,0.0
6760,0.0
6761,0.0
6762,0.0
6763,0.0
6764,0.0
6765,0.0
6766,0.0
6767,0.0
6768,0.0
6769,0.0
6770,0.0
6771,0.0
6772,0.0
6773,0.0
6774,0.0
6775,0.0
6776,0.0
6777,3.5
6778,5.0
6779,4.56
6780,5.0
6781,4.17
6782,2.0
6783,5.0
6784,0.0
6785,0.0
6786,0.0
6787,0.0
6788,0.0
6789,0.0
6790,0.0
6791,0.0
6792,0.0
6793,0.0
6794,0.0
6795,0.0
6796,0.0
6797,0.0
6798,0.0
6799,0.0
6800,0.0
6801,0.0
6802,0.0
6803,0.0
6804,0.0
6805,0.0
6806,0.0
6807,0.0
6808,0.0
6809,0.0
6810,0.0
6811,0.0
6812,0.0
6813,4.41
6814,2.0
6815,0.0
6816,5.0
6817,4.5
6818,0.0
6819,0.0
6820,0.0
6821,0.0
6822,0.0
6823,0.0
6824,0.0
6825,0.0
6826,0.0
6827,0.0
6828,0.0
6829,0.0
6830,0.0
6831,0.0
6832,0.0
6833,0.0
6834,0.0
6835,0.0
6836,0.0
6837,0.0
6838,0.0
6839,0.0
6840,0.0
6841,0.0
6842,0.0
6843,0.0
6844,0.0
6845,0.0
6846,0.0
6847,0.0
6848,4.47
6849,4.67
6850,4.78
6851,5.0
6852,4.97
6853,5.0
6854,5.0
6855,3.0
6856,4.87
6857,4.33
6858,4.46
6859,4.5
6860,4.37
6861,4.88
6862,4.88
6863,4.23
6864,4.77
6865,4.67
6866,4.46
6867,0.0
6868,0.0
6869,0.0
6870,0.0
6871,0.0
6872,0.0
6873,0.0
6874,0.0
6875,0.0
6876,0.0
6877,0.0
6878,0.0
6879,0.0
6880,0.0
6881,0.0
6882,0.0
6883,0.0
6884,0.0
6885,4.2
6886,0.0
6887,4.83
6888,0.0
6889,0.0
6890,0.0
6891,0.0
6892,0.0
6893,0.0
6894,0.0
6895,0.0
6896,0.0
6897,0.0
6898,0.0
6899,0.0
6900,0.0
6901,0.0
6902,0.0
6903,0.0
6904,0.0
6905,0.0
6906,4.79
6907,4.68
6908,4.0
6909,4.33
6910,2.0
6911,5.0
6912,4.47
6913,4.74
6914,4.86
6915,4.25
6916,5.0
6917,5.0
6918,0.0
6919,0.0
6920,0.0
6921,0.0
6922,0.0
6923,0.0
6924,0.0
6925,0.0
6926,0.0
6927,0.0
6928,0.0
6929,0.0
6930,0.0
6931,0.0
6932,0.0
6933,0.0
6934,0.0
6935,0.0
6936,0.0
6937,0.0
6938,0.0
6939,0.0
6940,5.0
6941,0.0
6942,0.0
6943,0.0
6944,0.0
6945,0.0
6946,0.0
6947,0.0
6948,0.0
6949,0.0
6950,0.0
6951,0.0
6952,0.0
6953,0.0
6954,0.0
6955,0.0
6956,0.0
6957,0.0
6958,0.0
6959,0.0
6960,0.0
6961,0.0
6962,0.0
6963,0.0
6964,0.0
6965,0.0
6966,0.0
6967,0.0
6968,0.0
6969,0.0
6970,0.0
6971,0.0
6972,0.0
6973,0.0
6974,0.0
6975,0.0
6976,0.0
6977,0.0
6978,0.0
6979,0.0
6980,0.0
6981,0.0
6982,0.0
6983,0.0
6984,0.0
6985,0.0
6986,0.0
6987,0.0
6988,0.0
6989,0.0
6990,0.0
6991,0.0
6992,0.0
6993,0.0
6994,0.0
6995,0.0
6996,0.0
6997,0.0
6998,0.0
6999,0.0
7000,0.0
7001,0.0
7002,0.0
7003,0.0
7004,0.0
7005,0.0
7006,0.0
7007,0.0
7008,0.0
7009,0.0
7010,0.0
7011,0.0
7012,0.0
7013,0.0
7014,0.0
7015,0.0
7016,0.0
7017,0.0
7018,0.0
7019,0.0
7020,0.0
7021,0.0
7022,0.0
7023,0.0
7024,0.0
7025,0.0
7026,0.0
7027,0.0
7028,0.0
7029,0.0
7030,4.67
7031,4.86
7032,5.0
7033,4.71
7034,0.0
7035,4.88
7036,4.6
7037,4.33
7038,0.0
7039,4.6
7040,0.0
7041,4.27
7042,4.84
7043,0.0
7044,0.0
7045,4.53
7046,4.4
7047,4.58
7048,4.56
7049,4.0
7050,5.0
7051,0.0
7052,4.67
7053,4.8
7054,5.0
7055,4.5
7056,4.5
7057,4.83
7058,4.46
7059,4.5
7060,4.33
7061,4.33
7062,4.8
7063,4.6
7064,4.63
7065,4.4
7066,5.0
7067,4.94
7068,4.29
7069,0.0
7070,0.0
7071,4.63
7072,0.0
7073,0.0
7074,4.67
7075,0.0
7076,4.27
7077,5.0
7078,5.0
7079,4.78
7080,4.75
7081,0.0
7082,4.73
7083,5.0
7084,4.75
7085,4.49
7086,4.5
7087,4.71
7088,0.0
7089,4.0
7090,3.33
7091,4.46
7092,4.5
7093,5.0
7094,0.0
7095,0.0
7096,4.43
7097,5.0
7098,4.7
7099,3.8
7100,0.0
7101,4.44
7102,0.0
7103,4.69
7104,4.65
7105,4.86
7106,4.7
7107,4.67
7108,4.3
7109,4.74
7110,0.0
7111,4.8
7112,4.67
7113,0.0
7114,5.0
7115,4.96
7116,5.0
7117,4.73
7118,4.5
7119,4.22
7120,4.57
7121,4.83
7122,4.53
7123,4.5
7124,4.88
7125,4.5
7126,4.85
7127,5.0
7128,4.92
7129,4.8
7130,4.1
7131,4.85
7132,4.73
7133,4.5
7134,4.5
7135,4.77
7136,4.72
7137,4.85
7138,4.0
7139,4.0
7140,4.47
7141,4.92
7142,4.5
7143,4.47
7144,5.0
7145,5.0
7146,4.56
7147,5.0
7148,4.59
7149,4.76
7150,4.18
7151,4.8
7152,4.94
7153,4.86
7154,0.0
7155,4.33
7156,0.0
7157,4.25
7158,5.0
7159,5.0
7160,0.0
7161,2.0
7162,4.52
7163,4.66
7164,4.71
7165,0.0
7166,4.56
7167,3.77
7168,4.25
7169,4.33
7170,4.35
7171,4.38
7172,0.0
7173,4.76
7174,4.83
7175,4.82
7176,4.43
7177,4.86
7178,4.7
7179,4.71
7180,4.0
7181,4.68
7182,0.0
7183,0.0
7184,0.0
7185,0.0
7186,4.86
7187,4.85
7188,4.7
7189,5.0
7190,0.0
7191,4.53
7192,4.43
7193,4.74
7194,4.81
7195,0.0
7196,0.0
7197,4.86
7198,5.0
7199,4.75
7200,4.67
7201,4.57
7202,4.0
7203,4.61
7204,4.86
7205,4.35
7206,4.75
7207,4.23
7208,4.88
7209,4.56
7210,4.83
7211,5.0
7212,5.0
7213,4.0
7214,5.0
7215,0.0
7216,4.85
7217,4.46
7218,4.75
7219,4.67
7220,5.0
7221,4.6
7222,4.78
7223,4.0
7224,4.25
7225,5.0
7226,4.56
7227,0.0
7228,0.0
7229,4.0
7230,5.0
7231,4.5
7232,4.9
7233,4.95
7234,4.79
7235,5.0
7236,4.5
7237,4.71
7238,4.5
7239,4.5
7240,4.82
7241,0.0
7242,3.0
7243,4.2
7244,0.0
7245,0.0
7246,4.68
7247,4.52
7248,0.0
7249,4.7
7250,4.47
7251,4.71
7252,4.86
7253,0.0
7254,4.21
7255,5.0
7256,4.33
7257,0.0
7258,5.0
7259,5.0
7260,4.0
7261,3.9
7262,4.5
7263,0.0
7264,4.5
7265,3.83
7266,4.41
7267,4.63
7268,4.41
7269,2.5
7270,4.3
7271,4.7
7272,4.78
7273,4.49
7274,0.0
7275,4.38
7276,4.27
7277,4.14
7278,4.05
7279,4.85
7280,4.53
7281,4.65
7282,4.68
7283,4.0
7284,3.8
7285,4.14
7286,5.0
7287,5.0
7288,4.67
7289,4.67
7290,4.5
7291,4.82
7292,0.0
7293,4.65
7294,4.71
7295,2.0
7296,0.0
7297,0.0
7298,4.83
7299,4.81
7300,0.0
7301,4.57
7302,4.56
7303,4.73
7304,4.58
7305,4.0
7306,5.0
7307,5.0
7308,5.0
7309,4.84
7310,4.67
7311,4.77
7312,0.0
7313,4.15
7314,5.0
7315,0.0
7316,4.57
7317,4.86
7318,4.91
7319,5.0
7320,3.67
7321,4.67
7322,4.0
7323,4.83
7324,4.62
7325,4.48
7326,4.0
7327,5.0
7328,4.87
7329,4.64
7330,0.0
7331,3.5
7332,4.7
7333,4.8
7334,4.53
7335,0.0
7336,5.0
7337,4.57
7338,0.0
7339,4.88
7340,0.0
7341,0.0
7342,4.63
7343,4.38
7344,4.78
7345,0.0
7346,4.47
7347,4.56
7348,4.5
7349,4.25
7350,4.62
7351,4.73
7352,4.57
7353,4.67
7354,0.0
7355,4.77
7356,0.0
7357,0.0
7358,0.0
7359,4.09
7360,4.88
7361,0.0
7362,4.59
7363,4.63
7364,4.75
7365,4.84
7366,4.14
7367,4.91
7368,5.0
7369,4.76
7370,4.74
7371,4.75
7372,4.73
7373,5.0
7374,0.0
7375,5.0
7376,0.0
7377,4.78
7378,3.33
7379,5.0
7380,1.0
7381,5.0
7382,4.48
7383,0.0
7384,5.0
7385,4.59
7386,4.78
7387,4.87
7388,0.0
7389,0.0
7390,4.5
7391,4.44
7392,4.69
7393,4.57
7394,5.0
7395,0.0
7396,0.0
7397,0.0
7398,4.75
7399,4.92
7400,4.79
7401,4.56
7402,4.76
7403,2.67
7404,1.0
7405,5.0
7406,4.09
7407,0.0
7408,4.89
7409,4.86
7410,5.0
7411,0.0
7412,5.0
7413,0.0
7414,0.0
7415,5.0
7416,4.33
7417,5.0
7418,0.0
7419,4.67
7420,0.0
7421,4.35
7422,4.75
7423,5.0
7424,0.0
7425,4.29
7426,4.64
7427,4.67
7428,0.0
7429,4.65
7430,4.45
7431,0.0
7432,0.0
7433,4.89
7434,4.63
7435,4.67
7436,1.0
7437,4.79
7438,4.38
7439,4.42
7440,4.43
7441,3.67
7442,4.0
7443,4.25
7444,0.0
7445,0.0
7446,2.33
7447,5.0
7448,2.0
7449,4.0
7450,3.0
7451,4.6
7452,4.0
7453,4.21
7454,4.94
7455,3.33
7456,3.33
7457,4.75
7458,4.55
7459,4.0
7460,5.0
7461,0.0
7462,4.88
7463,4.0
7464,0.0
7465,4.56
7466,0.0
7467,5.0
7468,4.78
7469,4.5
7470,4.65
7471,5.0
7472,4.77
7473,0.0
7474,4.07
7475,4.86
7476,4.8
7477,4.0
7478,5.0
7479,0.0
7480,5.0
7481,0.0
7482,4.8
7483,4.64
7484,5.0
7485,4.0
7486,4.33
7487,4.4
7488,4.31
7489,4.33
7490,4.88
7491,4.79
7492,4.67
7493,4.6
7494,0.0
7495,4.69
7496,4.5
7497,4.67
7498,4.78
7499,4.55
7500,0.0
7501,0.0
7502,4.67
7503,4.67
7504,4.29
7505,4.8
7506,4.5
7507,3.33
7508,4.0
7509,0.0
7510,5.0
7511,4.86
7512,4.33
7513,4.67
7514,4.0
7515,0.0
7516,0.0
7517,4.56
7518,4.93
7519,5.0
7520,4.74
7521,4.5
7522,4.0
7523,0.0
7524,5.0
7525,4.85
7526,4.0
7527,4.76
7528,4.89
7529,4.75
7530,5.0
7531,4.6
7532,4.78
7533,4.9
7534,4.2
7535,4.85
7536,4.75
7537,5.0
7538,5.0
7539,0.0
7540,4.81
7541,4.39
7542,4.06
7543,4.71
7544,4.17
7545,4.27
7546,5.0
7547,0.0
7548,4.0
7549,0.0
7550,0.0
7551,0.0
7552,4.0
7553,0.0
7554,5.0
7555,0.0
7556,4.0
7557,0.0
7558,0.0
7559,4.0
7560,0.0
7561,3.0
7562,0.0
7563,3.5
7564,4.0
7565,0.0
7566,4.0
7567,0.0
7568,0.0
7569,0.0
7570,0.0
7571,4.0
7572,5.0
7573,4.5
7574,3.0
7575,3.5
7576,0.0
7577,5.0
7578,4.0
7579,3.0
7580,0.0
7581,4.5
7582,0.0
7583,0.0
7584,0.0
7585,2.5
7586,4.6
7587,4.4
7588,0.0
7589,0.0
7590,5.0
7591,5.0
7592,4.73
7593,5.0
7594,4.92
7595,0.0
7596,4.44
7597,4.75
7598,4.57
7599,4.5
7600,0.0
7601,4.7
7602,4.88
7603,4.77
7604,4.7
7605,4.83
7606,5.0
7607,4.0
7608,4.64
7609,4.75
7610,3.6
7611,4.33
7612,3.0
7613,5.0
7614,5.0
7615,5.0
7616,3.89
7617,4.0
7618,5.0
7619,4.0
7620,5.0
7621,4.5
7622,4.67
7623,4.91
7624,5.0
7625,0.0
7626,0.0
7627,5.0
7628,5.0
7629,0.0
7630,4.25
7631,4.73
7632,4.67
7633,4.69
7634,4.6
7635,4.59
7636,4.65
7637,4.61
7638,4.95
7639,0.0
7640,5.0
7641,4.81
7642,5.0
7643,4.75
7644,4.86
7645,4.5
7646,4.67
7647,2.0
7648,3.5
7649,4.92
7650,4.8
7651,4.38
7652,4.67
7653,0.0
7654,0.0
7655,4.3
7656,0.0
7657,4.0
7658,0.0
7659,0.0
7660,4.56
7661,4.5
7662,4.8
7663,0.0
7664,0.0
7665,0.0
7666,0.0
7667,4.5
7668,4.33
7669,5.0
7670,0.0
7671,4.92
7672,4.88
7673,4.33
7674,1.0
7675,5.0
7676,4.33
7677,5.0
7678,4.33
7679,4.6
7680,0.0
7681,0.0
7682,4.77
7683,3.67
7684,4.0
7685,0.0
7686,3.95
7687,4.0
7688,4.64
7689,4.8
7690,0.0
7691,4.57
7692,4.33
7693,4.0
7694,5.0
7695,5.0
7696,4.0
7697,0.0
7698,4.67
7699,4.0
7700,0.0
7701,0.0
7702,4.38
7703,4.8
7704,4.74
7705,4.0
7706,4.38
7707,4.5
7708,4.0
7709,4.0
7710,4.93
7711,4.86
7712,4.64
7713,0.0
7714,4.35
7715,4.86
7716,4.0
7717,0.0
7718,0.0
7719,5.0
7720,4.85
7721,4.82
7722,0.0
7723,4.86
7724,4.25
7725,4.0
7726,4.14
7727,4.56
7728,4.0
7729,4.0
7730,5.0
7731,4.52
7732,4.28
7733,5.0
7734,5.0
7735,5.0
7736,4.62
7737,5.0
7738,0.0
7739,4.5
7740,4.57
7741,4.64
7742,4.5
7743,0.0
7744,0.0
7745,4.33
7746,4.53
7747,4.94
7748,4.18
7749,4.88
7750,0.0
7751,4.9
7752,0.0
7753,0.0
7754,4.83
7755,4.85
7756,4.82
7757,4.76
7758,4.85
7759,4.37
7760,4.46
7761,4.76
7762,0.0
7763,4.25
7764,4.0
7765,4.82
7766,4.57
7767,4.67
7768,0.0
7769,5.0
7770,4.5
7771,4.92
7772,5.0
7773,4.14
7774,0.0
7775,4.71
7776,0.0
7777,4.4
7778,4.43
7779,5.0
7780,4.5
7781,5.0
7782,4.86
7783,4.53
7784,4.75
7785,0.0
7786,4.86
7787,0.0
7788,4.7
7789,0.0
7790,0.0
7791,4.77
7792,4.4
7793,0.0
7794,4.29
7795,4.63
7796,4.5
7797,4.44
7798,4.26
7799,4.35
7800,2.67
7801,4.0
7802,2.5
7803,5.0
7804,4.9
7805,5.0
7806,5.0
7807,3.67
7808,4.45
7809,4.44
7810,0.0
7811,3.0
7812,0.0
7813,5.0
7814,4.57
7815,4.58
7816,3.0
7817,4.6
7818,4.83
7819,4.71
7820,4.77
7821,4.77
7822,4.6
7823,4.71
7824,4.38
7825,4.82
7826,4.45
7827,4.56
7828,4.91
7829,4.7
7830,4.0
7831,4.73
7832,4.83
7833,4.38
7834,2.83
7835,0.0
7836,4.9
7837,5.0
7838,4.9
7839,5.0
7840,0.0
7841,4.75
7842,0.0
7843,4.75
7844,4.8
7845,4.0
7846,5.0
7847,4.57
7848,4.26
7849,4.83
7850,4.75
7851,4.63
7852,4.44
7853,0.0
7854,4.0
7855,0.0
7856,4.31
7857,0.0
7858,0.0
7859,4.89
7860,4.57
7861,4.25
7862,0.0
7863,4.57
7864,5.0
7865,4.82
7866,2.5
7867,4.5
7868,4.71
7869,0.0
7870,4.0
7871,4.8
7872,4.67
7873,0.0
7874,4.75
7875,0.0
7876,5.0
7877,4.33
7878,4.0
7879,4.67
7880,4.5
7881,4.42
7882,0.0
7883,5.0
7884,5.0
7885,5.0
7886,5.0
7887,0.0
7888,5.0
7889,5.0
7890,4.0
7891,4.64
7892,4.33
7893,4.43
7894,5.0
7895,5.0
7896,4.75
7897,5.0
7898,4.87
7899,0.0
7900,4.5
7901,4.5
7902,4.86
7903,4.0
7904,4.22
7905,4.88
7906,5.0
7907,5.0
7908,4.43
7909,4.67
7910,4.8
7911,5.0
7912,4.92
7913,0.0
7914,4.77
7915,4.0
7916,4.63
7917,0.0
7918,4.69
7919,5.0
7920,4.94
7921,4.61
7922,4.86
7923,4.72
7924,4.92
7925,4.25
7926,4.84
7927,0.0
7928,4.85
7929,0.0
7930,0.0
7931,4.9
7932,5.0
7933,4.75
7934,0.0
7935,5.0
7936,4.0
7937,4.71
7938,0.0
7939,4.7
7940,3.67
7941,4.5
7942,4.75
7943,4.5
7944,4.75
7945,0.0
7946,4.25
7947,4.33
7948,4.74
7949,4.71
7950,5.0
7951,4.31
7952,4.86
7953,4.5
7954,4.38
7955,0.0
7956,4.1
7957,4.5
7958,5.0
7959,4.75
7960,4.5
7961,4.83
7962,3.75
7963,4.2
7964,4.8
7965,4.8
7966,4.93
7967,4.75
7968,5.0
7969,0.0
7970,4.83
7971,4.81
7972,4.3
7973,2.0
7974,4.81
7975,3.9
7976,4.25
7977,4.2
7978,3.8
7979,5.0
7980,4.6
7981,0.0
7982,0.0
7983,4.4
7984,0.0
7985,5.0
7986,5.0
7987,0.0
7988,3.33
7989,0.0
7990,4.5
7991,4.75
7992,4.5
7993,4.9
7994,4.67
7995,4.43
7996,4.63
7997,4.89
7998,5.0
7999,4.59
8000,4.4
8001,0.0
8002,5.0
8003,4.5
8004,4.0
8005,5.0
8006,4.82
8007,2.0
8008,4.8
8009,4.63
8010,4.44
8011,5.0
8012,4.43
8013,4.25
8014,4.5
8015,4.95
8016,0.0
8017,4.78
8018,4.85
8019,0.0
8020,4.67
8021,3.5
8022,0.0
8023,4.81
8024,5.0
8025,5.0
8026,0.0
8027,5.0
8028,5.0
8029,0.0
8030,0.0
8031,4.0
8032,5.0
8033,3.67
8034,4.0
8035,0.0
8036,4.35
8037,4.75
8038,5.0
8039,4.47
8040,4.83
8041,5.0
8042,4.95
8043,0.0
8044,0.0
8045,0.0
8046,4.63
8047,4.84
8048,4.94
8049,4.69
8050,5.0
8051,4.75
8052,4.7
8053,0.0
8054,2.5
8055,5.0
8056,4.2
8057,4.0
8058,4.88
8059,5.0
8060,0.0
8061,0.0
8062,4.29
8063,0.0
8064,5.0
8065,5.0
8066,4.38
8067,4.5
8068,4.33
8069,4.67
8070,0.0
8071,4.91
8072,4.07
8073,0.0
8074,4.9
8075,5.0
8076,4.5
8077,4.45
8078,4.0
8079,4.83
8080,5.0
8081,5.0
8082,0.0
8083,5.0
8084,5.0
8085,5.0
8086,4.76
8087,4.91
8088,4.5
8089,0.0
8090,5.0
8091,5.0
8092,4.17
8093,4.0
8094,4.0
8095,3.0
8096,0.0
8097,4.58
8098,5.0
8099,0.0
8100,5.0
8101,5.0
8102,4.33
8103,4.67
8104,4.5
8105,5.0
8106,4.83
8107,4.89
8108,4.79
8109,4.86
8110,5.0
8111,4.9
8112,4.44
8113,4.6
8114,3.0
8115,4.36
8116,4.56
8117,0.0
8118,0.0
8119,0.0
8120,0.0
8121,4.17
8122,4.7
8123,0.0
8124,4.59
8125,0.0
8126,5.0
8127,0.0
8128,4.5
8129,3.67
8130,4.33
8131,5.0
8132,0.0
8133,4.75
8134,4.67
8135,0.0
8136,3.5
8137,4.25
8138,0.0
8139,0.0
8140,4.88
8141,4.75
8142,5.0
8143,4.6
8144,4.88
8145,4.33
8146,0.0
8147,3.33
8148,4.0
8149,4.42
8150,4.83
8151,1.0
8152,0.0
8153,4.5
8154,0.0
8155,4.0
8156,5.0
8157,4.33
8158,4.2
8159,4.88
8160,4.87
8161,4.31
8162,3.33
8163,4.0
8164,4.83
8165,4.94
8166,4.92
8167,5.0
8168,0.0
8169,5.0
8170,4.78
8171,4.25
8172,0.0
8173,0.0
8174,4.67
8175,0.0
8176,4.67
8177,4.87
8178,4.92
8179,4.2
8180,4.52
8181,4.71
8182,4.85
8183,4.22
8184,4.7
8185,4.67
8186,4.4
8187,4.6
8188,5.0
8189,4.75
8190,4.25
8191,4.09
8192,4.86
8193,4.43
8194,4.5
8195,4.42
8196,0.0
8197,0.0
8198,5.0
8199,4.15
8200,4.8
8201,5.0
8202,3.83
8203,5.0
8204,4.56
8205,4.67
8206,4.67
8207,4.5
8208,4.78
8209,5.0
8210,4.67
8211,4.17
8212,4.85
8213,4.83
8214,4.2
8215,4.63
8216,5.0
8217,4.95
8218,3.89
8219,4.6
8220,0.0
8221,4.78
8222,3.86
8223,4.8
8224,5.0
8225,4.67
8226,4.57
8227,0.0
8228,4.2
8229,5.0
8230,4.73
8231,0.0
8232,4.7
8233,3.6
8234,3.0
8235,4.76
8236,5.0
8237,0.0
8238,4.86
8239,5.0
8240,0.0
8241,5.0
8242,0.0
8243,0.0
8244,4.2
8245,4.54
8246,0.0
8247,4.72
8248,0.0
8249,4.0
8250,5.0
8251,4.86
8252,4.82
8253,0.0
8254,4.29
8255,4.0
8256,4.42
8257,4.43
8258,0.0
8259,4.7
8260,4.4
8261,4.0
8262,4.56
8263,4.76
8264,4.67
8265,0.0
8266,4.32
8267,5.0
8268,5.0
8269,4.46
8270,0.0
8271,0.0
8272,3.0
8273,0.0
8274,4.14
8275,4.67
8276,4.0
8277,4.62
8278,5.0
8279,0.0
8280,5.0
8281,0.0
8282,0.0
8283,3.0
8284,5.0
8285,4.87
8286,4.73
8287,4.44
8288,0.0
8289,5.0
8290,4.33
8291,0.0
8292,4.72
8293,4.96
8294,4.75
8295,4.0
8296,0.0
8297,0.0
8298,5.0
8299,4.0
8300,3.0
8301,5.0
8302,4.67
8303,5.0
8304,4.13
8305,0.0
8306,0.0
8307,5.0
8308,0.0
8309,4.82
8310,0.0
8311,5.0
8312,0.0
8313,4.5
8314,4.5
8315,5.0
8316,0.0
8317,4.88
8318,0.0
8319,5.0
8320,4.58
8321,4.86
8322,0.0
8323,5.0
8324,4.43
8325,4.67
8326,0.0
8327,4.4
8328,4.5
8329,4.71
8330,0.0
8331,0.0
8332,5.0
8333,4.0
8334,0.0
8335,4.75
8336,0.0
8337,4.56
8338,4.0
8339,0.0
8340,5.0
8341,5.0
8342,4.67
8343,0.0
8344,5.0
8345,4.5
8346,4.33
8347,2.0
8348,0.0
8349,4.75
8350,4.09
8351,4.0
8352,0.0
8353,5.0
8354,5.0
8355,0.0
8356,5.0
8357,4.17
8358,5.0
8359,4.67
8360,4.5
8361,5.0
8362,4.56
8363,4.0
8364,3.0
8365,4.5
8366,0.0
8367,3.0
8368,0.0
8369,0.0
8370,4.0
8371,4.6
8372,4.0
8373,0.0
8374,4.33
8375,4.43
8376,0.0
8377,5.0
8378,5.0
8379,5.0
8380,3.0
8381,4.88
8382,4.57
8383,5.0
8384,0.0
8385,4.45
8386,4.67
8387,5.0
8388,5.0
8389,0.0
8390,0.0
8391,5.0
8392,5.0
8393,3.67
8394,4.0
8395,4.67
8396,5.0
8397,5.0
8398,5.0
8399,0.0
8400,4.0
8401,3.33
8402,3.33
8403,0.0
8404,1.0
8405,0.0
8406,4.8
8407,5.0
8408,0.0
8409,0.0
8410,0.0
8411,3.67
8412,4.46
8413,5.0
8414,0.0
8415,4.33
8416,4.8
8417,5.0
8418,5.0
8419,5.0
8420,0.0
8421,5.0
8422,4.5
8423,4.0
8424,4.38
8425,4.67
8426,4.0
8427,4.89
8428,0.0
8429,3.0
8430,5.0
8431,3.33
8432,5.0
8433,4.92
8434,4.86
8435,4.82
8436,0.0
8437,4.33
8438,3.29
8439,4.4
8440,4.33
8441,4.0
8442,4.83
8443,5.0
8444,4.5
8445,4.45
8446,4.79
8447,4.6
8448,5.0
8449,4.55
8450,4.88
8451,4.8
8452,0.0
8453,4.17
8454,0.0
8455,2.0
8456,0.0
8457,4.0
8458,4.53
8459,5.0
8460,5.0
8461,5.0
8462,4.71
8463,0.0
8464,0.0
8465,4.75
8466,4.63
8467,0.0
8468,4.86
8469,4.79
8470,0.0
8471,3.75
8472,4.0
8473,4.0
8474,4.5
8475,4.75
8476,4.0
8477,0.0
8478,4.88
8479,4.5
8480,0.0
8481,4.71
8482,5.0
8483,3.5
8484,0.0
8485,4.5
8486,0.0
8487,4.33
8488,4.43
8489,4.5
8490,0.0
8491,4.0
8492,4.5
8493,0.0
8494,5.0
8495,4.0
8496,4.5
8497,5.0
8498,4.73
8499,5.0
8500,0.0
8501,5.0
8502,4.67
8503,0.0
8504,0.0
8505,0.0
8506,0.0
8507,0.0
8508,0.0
8509,0.0
8510,4.0
8511,5.0
8512,0.0
8513,4.37
8514,0.0
8515,0.0
8516,0.0
8517,4.83
8518,0.0
8519,4.74
8520,4.5
8521,3.0
8522,4.5
8523,4.75
8524,0.0
8525,0.0
8526,0.0
8527,5.0
8528,0.0
8529,0.0
8530,3.71
8531,0.0
8532,5.0
8533,0.0
8534,0.0
8535,4.0
8536,4.25
8537,0.0
8538,4.63
8539,4.82
8540,4.75
8541,3.76
8542,4.81
8543,4.5
8544,4.67
8545,0.0
8546,4.75
8547,4.33
8548,4.0
8549,0.0
8550,4.75
8551,5.0
8552,5.0
8553,4.86
8554,4.92
8555,4.57
8556,4.5
8557,4.4
8558,0.0
8559,5.0
8560,4.8
8561,4.55
8562,4.38
8563,3.0
8564,4.0
8565,0.0
8566,4.88
8567,0.0
8568,0.0
8569,0.0
8570,4.67
8571,5.0
8572,5.0
8573,4.8
8574,4.75
8575,0.0
8576,4.67
8577,4.9
8578,3.83
8579,4.0
8580,5.0
8581,0.0
8582,3.0
8583,4.5
8584,3.33
8585,4.5
8586,0.0
8587,4.92
8588,0.0
8589,0.0
8590,4.89
8591,0.0
8592,0.0
8593,0.0
8594,5.0
8595,4.88
8596,0.0
8597,5.0
8598,5.0
8599,4.5
8600,5.0
8601,0.0
8602,5.0
8603,0.0
8604,0.0
8605,0.0
8606,0.0
8607,4.88
8608,4.67
8609,0.0
8610,5.0
8611,0.0
8612,4.0
8613,0.0
8614,4.71
8615,5.0
8616,0.0
8617,4.67
8618,4.38
8619,0.0
8620,4.17
8621,0.0
8622,4.38
8623,5.0
8624,5.0
8625,4.33
8626,4.5
8627,4.36
8628,5.0
8629,5.0
8630,5.0
8631,4.91
8632,4.82
8633,0.0
8634,4.44
8635,4.5
8636,5.0
8637,4.0
8638,4.92
8639,5.0
8640,0.0
8641,4.5
8642,0.0
8643,0.0
8644,4.0
8645,4.89
8646,3.0
8647,4.67
8648,4.3
8649,4.44
8650,5.0
8651,5.0
8652,4.33
8653,0.0
8654,4.0
8655,4.67
8656,0.0
8657,4.0
8658,3.75
8659,0.0
8660,5.0
8661,4.0
8662,5.0
8663,4.63
8664,4.57
8665,4.71
8666,4.3
8667,4.91
8668,5.0
8669,5.0
8670,5.0
8671,0.0
8672,5.0
8673,4.33
8674,5.0
8675,4.5
8676,5.0
8677,4.78
8678,4.6
8679,5.0
8680,4.7
8681,4.0
8682,4.67
8683,4.33
8684,5.0
8685,5.0
8686,0.0
8687,0.0
8688,4.5
8689,5.0
8690,4.86
8691,5.0
8692,0.0
8693,4.75
8694,0.0
8695,4.33
8696,3.75
8697,5.0
8698,4.57
8699,3.0
8700,4.0
8701,4.0
8702,4.33
8703,0.0
8704,0.0
8705,4.0
8706,4.0
8707,0.0
8708,3.0
8709,4.0
8710,5.0
8711,5.0
8712,0.0
8713,5.0
8714,4.5
8715,4.17
8716,5.0
8717,4.45
8718,4.67
8719,4.25
8720,4.86
8721,4.33
8722,4.67
8723,4.4
8724,5.0
8725,0.0
8726,4.75
8727,4.71
8728,5.0
8729,0.0
8730,0.0
8731,4.0
8732,4.83
8733,5.0
8734,4.44
8735,3.67
8736,0.0
8737,0.0
8738,5.0
8739,3.71
8740,0.0
8741,5.0
8742,0.0
8743,4.5
8744,0.0
8745,0.0
8746,4.67
8747,4.0
8748,5.0
8749,0.0
8750,4.0
8751,0.0
8752,0.0
8753,0.0
8754,0.0
8755,5.0
8756,5.0
8757,5.0
8758,5.0
8759,0.0
8760,0.0
8761,4.8
8762,5.0
8763,4.5
8764,0.0
8765,5.0
8766,0.0
8767,5.0
8768,5.0
8769,3.86
8770,4.65
8771,4.22
8772,5.0
8773,0.0
8774,5.0
8775,4.0
8776,3.88
8777,0.0
8778,0.0
8779,4.09
8780,5.0
8781,4.2
8782,4.5
8783,0.0
8784,5.0
8785,4.5
8786,0.0
8787,4.75
8788,4.15
8789,4.67
8790,0.0
8791,0.0
8792,5.0
8793,5.0
8794,0.0
8795,4.5
8796,4.67
8797,5.0
8798,0.0
8799,4.8
8800,0.0
8801,4.91
8802,4.4
8803,0.0
8804,0.0
8805,0.0
8806,0.0
8807,5.0
8808,4.5
8809,5.0
8810,0.0
8811,4.73
8812,0.0
8813,0.0
8814,0.0
8815,4.73
8816,4.63
8817,0.0
8818,0.0
8819,5.0
8820,5.0
8821,5.0
8822,5.0
8823,5.0
8824,5.0
8825,3.2
8826,5.0
8827,4.33
8828,4.71
8829,4.0
8830,5.0
8831,0.0
8832,0.0
8833,0.0
8834,5.0
8835,3.25
8836,2.5
8837,3.88
8838,2.5
8839,4.75
8840,4.0
8841,3.0
8842,4.33
8843,5.0
8844,0.0
8845,5.0
8846,4.73
8847,5.0
8848,4.0
8849,5.0
8850,4.0
8851,4.5
8852,5.0
8853,5.0
8854,4.78
8855,5.0
8856,0.0
8857,5.0
8858,4.86
8859,4.0
8860,5.0
8861,5.0
8862,0.0
8863,5.0
8864,4.92
8865,5.0
8866,0.0
8867,4.48
8868,4.8
8869,4.0
8870,5.0
8871,4.57
8872,5.0
8873,0.0
8874,5.0
8875,0.0
8876,3.6
8877,4.33
8878,5.0
8879,5.0
8880,5.0
8881,4.0
8882,5.0
8883,5.0
8884,4.0
8885,0.0
8886,4.67
8887,0.0
8888,5.0
8889,5.0
8890,0.0
8891,0.0
8892,4.71
8893,5.0
8894,4.38
8895,4.33
8896,5.0
8897,4.2
8898,0.0
8899,4.5
8900,0.0
8901,0.0
8902,4.5
8903,4.6
8904,0.0
8905,5.0
8906,3.0
8907,4.75
8908,0.0
8909,5.0
8910,4.75
8911,0.0
8912,0.0
8913,0.0
8914,4.25
8915,0.0
8916,5.0
8917,5.0
8918,4.5
8919,4.0
8920,0.0
8921,4.5
8922,5.0
8923,4.0
8924,5.0
8925,0.0
8926,4.25
8927,3.0
8928,5.0
8929,5.0
8930,5.0
8931,0.0
8932,5.0
8933,4.5
8934,0.0
8935,4.5
8936,0.0
8937,3.0
8938,5.0
8939,0.0
8940,5.0
8941,4.0
8942,5.0
8943,0.0
8944,5.0
8945,0.0
8946,0.0
8947,0.0
8948,0.0
8949,1.0
8950,5.0
8951,5.0
8952,0.0
8953,4.0
8954,5.0
8955,4.8
8956,5.0
8957,5.0
8958,4.6
8959,2.33
8960,4.0
8961,0.0
8962,4.5
8963,4.4
8964,0.0
8965,0.0
8966,0.0
8967,0.0
8968,5.0
8969,5.0
8970,0.0
8971,5.0
8972,0.0
8973,4.1
8974,3.67
8975,0.0
8976,4.83
8977,5.0
8978,5.0
8979,1.0
8980,0.0
8981,1.0
8982,5.0
8983,5.0
8984,4.67
8985,4.8
8986,5.0
8987,0.0
8988,5.0
8989,5.0
8990,0.0
8991,4.0
8992,4.0
8993,5.0
8994,3.0
8995,5.0
8996,5.0
8997,3.33
8998,5.0
8999,5.0
9000,5.0
9001,0.0
9002,0.0
9003,4.5
9004,5.0
9005,4.5
9006,5.0
9007,3.0
9008,0.0
9009,4.0
9010,5.0
9011,4.93
9012,5.0
9013,5.0
9014,5.0
9015,4.82
9016,0.0
9017,5.0
9018,5.0
9019,4.36
9020,4.4
9021,0.0
9022,5.0
9023,4.0
9024,5.0
9025,4.5
9026,4.25
9027,4.5
9028,4.75
9029,2.0
9030,4.3
9031,5.0
9032,4.8
9033,4.25
9034,0.0
9035,4.5
9036,4.67
9037,0.0
9038,4.5
9039,0.0
9040,4.45
9041,4.67
9042,0.0
9043,0.0
9044,4.75
9045,0.0
9046,0.0
9047,0.0
9048,5.0
9049,0.0
9050,0.0
9051,0.0
9052,0.0
9053,0.0
9054,3.4
9055,0.0
9056,0.0
9057,4.5
9058,0.0
9059,3.0
9060,0.0
9061,5.0
9062,5.0
9063,1.0
9064,5.0
9065,0.0
9066,0.0
9067,1.5
9068,0.0
9069,0.0
9070,2.0
9071,0.0
9072,4.5
9073,0.0
9074,0.0
9075,5.0
9076,0.0
9077,3.0
9078,1.0
9079,5.0
9080,0.0
9081,3.0
9082,4.4
9083,3.33
9084,4.79
9085,0.0
9086,0.0
9087,5.0
9088,0.0
9089,4.75
9090,0.0
9091,0.0
9092,0.0
9093,0.0
9094,5.0
9095,5.0
9096,0.0
9097,0.0
9098,4.5
9099,3.5
9100,0.0
9101,5.0
9102,4.0
9103,4.63
9104,5.0
9105,5.0
9106,4.5
9107,0.0
9108,0.0
9109,0.0
9110,5.0
9111,0.0
9112,5.0
9113,0.0
9114,4.75
9115,0.0
9116,4.0
9117,0.0
9118,5.0
9119,0.0
9120,5.0
9121,0.0
9122,5.0
9123,5.0
9124,5.0
9125,0.0
9126,0.0
9127,0.0
9128,5.0
9129,4.2
9130,0.0
9131,5.0
9132,0.0
9133,4.0
9134,5.0
9135,0.0
9136,4.33
9137,5.0
9138,5.0
9139,4.6
9140,0.0
9141,0.0
9142,5.0
9143,0.0
9144,4.75
9145,5.0
9146,4.0
9147,0.0
9148,5.0
9149,5.0
9150,5.0
9151,0.0
9152,3.0
9153,4.83
9154,4.88
9155,4.75
9156,0.0
9157,0.0
9158,0.0
9159,5.0
9160,0.0
9161,4.75
9162,4.6
9163,5.0
9164,5.0
9165,0.0
9166,3.0
9167,0.0
9168,0.0
9169,3.0
9170,0.0
9171,0.0
9172,0.0
9173,0.0
9174,0.0
9175,4.8
9176,0.0
9177,5.0
9178,0.0
9179,0.0
9180,5.0
9181,0.0
9182,5.0
9183,4.5
9184,0.0
9185,0.0
9186,0.0
9187,0.0
9188,5.0
9189,0.0
9190,4.0
9191,0.0
9192,5.0
9193,0.0
9194,0.0
9195,4.5
9196,0.0
9197,5.0
9198,0.0
9199,0.0
9200,0.0
9201,5.0
9202,4.75
9203,0.0
9204,0.0
9205,0.0
9206,0.0
9207,0.0
9208,5.0
9209,0.0
9210,4.5
9211,5.0
9212,5.0
9213,5.0
9214,5.0
9215,5.0
9216,5.0
9217,0.0
9218,0.0
9219,0.0
9220,5.0
9221,0.0
9222,0.0
9223,0.0
9224,0.0
9225,0.0
9226,5.0
9227,0.0
9228,0.0
9229,5.0
9230,4.0
9231,4.5
9232,0.0
9233,4.5
9234,0.0
9235,2.0
9236,0.0
9237,0.0
9238,0.0
9239,5.0
9240,5.0
9241,5.0
9242,4.0
9243,0.0
9244,0.0
9245,0.0
9246,0.0
9247,0.0
9248,0.0
9249,0.0
9250,5.0
9251,0.0
9252,0.0
9253,3.0
9254,5.0
9255,0.0
9256,0.0
9257,4.6
9258,0.0
9259,0.0
9260,0.0
9261,0.0
9262,0.0
9263,0.0
9264,5.0
9265,0.0
9266,5.0
9267,0.0
9268,0.0
9269,5.0
9270,0.0
9271,5.0
9272,0.0
9273,0.0
9274,0.0
9275,4.0
9276,0.0
9277,0.0
9278,4.75
9279,0.0
9280,4.0
9281,0.0
9282,0.0
9283,0.0
9284,0.0
9285,4.0
9286,0.0
9287,0.0
9288,0.0
9289,5.0
9290,0.0
9291,4.67
9292,0.0
9293,0.0
9294,0.0
9295,4.5
9296,5.0
9297,0.0
9298,0.0
9299,0.0
9300,0.0
9301,0.0
9302,0.0
9303,0.0
9304,5.0
9305,0.0
9306,0.0
9307,0.0
9308,3.0
9309,4.0
9310,5.0
9311,0.0
9312,0.0
9313,4.0
9314,5.0
9315,0.0
9316,0.0
9317,0.0
9318,0.0
9319,0.0
9320,0.0
9321,0.0
9322,0.0
9323,0.0
9324,5.0
9325,5.0
9326,0.0
9327,0.0
9328,5.0
9329,0.0
9330,0.0
9331,0.0
9332,0.0
9333,0.0
9334,0.0
9335,0.0
9336,5.0
9337,0.0
9338,0.0
9339,0.0
9340,5.0
9341,0.0
9342,0.0
9343,4.75
9344,0.0
9345,0.0
9346,5.0
9347,0.0
9348,0.0
9349,0.0
9350,0.0
9351,0.0
9352,0.0
9353,0.0
9354,0.0
9355,0.0
9356,5.0
9357,0.0
9358,0.0
9359,0.0
9360,0.0
9361,0.0
9362,0.0
9363,0.0
9364,0.0
9365,5.0
9366,0.0
9367,5.0
9368,0.0
9369,0.0
9370,0.0
9371,0.0
9372,0.0
9373,0.0
9374,0.0
9375,0.0
9376,0.0
9377,0.0
9378,0.0
9379,0.0
9380,0.0
9381,0.0
9382,0.0
9383,5.0
9384,5.0
9385,5.0
9386,0.0
9387,0.0
9388,0.0
9389,0.0
9390,0.0
9391,0.0
9392,0.0
9393,0.0
9394,5.0
9395,0.0
9396,0.0
9397,0.0
9398,0.0
9399,0.0
9400,0.0
9401,0.0
9402,0.0
9403,0.0
9404,0.0
9405,0.0
9406,5.0
9407,0.0
9408,0.0
9409,0.0
9410,0.0
9411,0.0
9412,0.0
9413,0.0
9414,0.0
9415,0.0
9416,0.0
9417,0.0
9418,0.0
9419,0.0
9420,0.0
9421,5.0
9422,0.0
9423,0.0
9424,0.0
9425,0.0
9426,0.0
9427,0.0
9428,0.0
9429,0.0
9430,0.0
9431,0.0
9432,0.0
9433,0.0
9434,3.0
9435,0.0
9436,5.0
9437,0.0
9438,0.0
9439,0.0
9440,0.0
9441,0.0
9442,0.0
9443,0.0
9444,0.0
9445,0.0
9446,0.0
