,review_scores_cleanliness
0,4.63
1,5.0
2,4.55
3,4.88
4,4.44
5,4.38
6,4.81
7,4.91
8,4.93
9,5.0
10,4.42
11,4.58
12,4.64
13,4.74
14,4.31
15,0.0
16,4.59
17,4.83
18,4.76
19,4.29
20,4.86
21,4.73
22,4.92
23,4.61
24,4.87
25,4.51
26,4.52
27,4.3
28,4.84
29,4.91
30,4.99
31,4.52
32,4.74
33,4.77
34,4.14
35,4.83
36,4.84
37,4.47
38,4.77
39,4.93
40,4.7
41,4.62
42,4.91
43,4.83
44,4.1
45,4.82
46,4.55
47,4.63
48,4.82
49,4.66
50,4.66
51,4.49
52,4.41
53,4.86
54,4.93
55,4.72
56,4.93
57,4.65
58,4.76
59,4.25
60,4.96
61,4.86
62,4.6
63,0.0
64,4.68
65,4.9
66,4.63
67,4.67
68,4.64
69,5.0
70,4.87
71,4.56
72,4.95
73,4.79
74,4.59
75,4.85
76,4.66
77,4.57
78,4.63
79,4.61
80,4.86
81,4.89
82,4.75
83,4.14
84,4.78
85,4.32
86,4.45
87,4.98
88,4.56
89,4.38
90,4.7
91,4.75
92,4.64
93,4.73
94,4.84
95,4.33
96,4.88
97,4.6
98,4.84
99,4.9
100,5.0
101,4.91
102,4.81
103,4.6
104,4.9
105,4.82
106,4.3
107,4.64
108,4.48
109,4.71
110,4.61
111,4.61
112,4.7
113,4.49
114,4.66
115,4.92
116,4.62
117,4.9
118,4.43
119,4.73
120,0.0
121,4.8
122,4.7
123,4.41
124,4.79
125,4.79
126,4.0
127,4.38
128,4.67
129,4.77
130,4.45
131,4.64
132,4.53
133,4.97
134,4.42
135,4.76
136,4.47
137,4.51
138,4.65
139,4.93
140,4.68
141,4.71
142,4.87
143,4.73
144,4.68
145,4.64
146,4.65
147,4.69
148,4.89
149,4.5
150,4.92
151,4.67
152,4.91
153,4.83
154,4.67
155,4.84
156,4.45
157,4.7
158,4.38
159,4.5
160,4.42
161,0.0
162,0.0
163,4.67
164,4.57
165,4.7
166,4.71
167,4.75
168,4.74
169,4.88
170,4.13
171,4.95
172,4.86
173,4.83
174,0.0
175,4.87
176,4.51
177,4.67
178,4.87
179,4.67
180,4.43
181,4.63
182,4.75
183,4.81
184,4.7
185,4.63
186,4.56
187,4.73
188,4.6
189,4.57
190,4.63
191,4.75
192,4.78
193,4.83
194,4.89
195,4.68
196,4.86
197,4.72
198,4.28
199,4.9
200,4.48
201,4.66
202,4.91
203,4.9
204,4.41
205,4.78
206,0.0
207,4.55
208,3.77
209,4.6
210,4.87
211,4.13
212,4.94
213,4.94
214,4.71
215,4.98
216,4.83
217,4.88
218,4.94
219,4.57
220,4.43
221,4.77
222,4.3
223,4.75
224,4.97
225,4.59
226,4.6
227,4.9
228,4.4
229,4.94
230,4.84
231,4.84
232,4.25
233,4.74
234,4.66
235,4.9
236,4.8
237,4.84
238,4.68
239,4.53
240,4.74
241,4.4
242,4.55
243,4.46
244,4.41
245,4.74
246,5.0
247,4.59
248,4.7
249,4.94
250,4.82
251,4.17
252,4.39
253,4.55
254,4.91
255,4.53
256,4.91
257,4.72
258,4.86
259,4.9
260,5.0
261,4.91
262,4.84
263,4.61
264,4.33
265,4.66
266,4.74
267,4.72
268,3.92
269,4.85
270,4.87
271,4.55
272,0.0
273,4.62
274,4.94
275,4.08
276,4.66
277,4.67
278,4.53
279,4.77
280,0.0
281,4.96
282,4.93
283,0.0
284,4.8
285,4.56
286,4.67
287,4.84
288,4.93
289,4.65
290,5.0
291,4.9
292,4.91
293,4.75
294,0.0
295,4.85
296,4.86
297,4.94
298,4.46
299,4.94
300,4.82
301,0.0
302,4.38
303,4.65
304,4.93
305,4.68
306,4.92
307,4.69
308,4.4
309,4.69
310,4.91
311,4.36
312,5.0
313,4.33
314,4.48
315,4.39
316,4.87
317,4.64
318,4.67
319,4.42
320,4.87
321,4.84
322,4.0
323,4.22
324,4.78
325,4.97
326,4.58
327,4.82
328,4.91
329,4.54
330,4.8
331,4.3
332,4.15
333,4.85
334,4.78
335,4.84
336,4.78
337,4.45
338,4.64
339,4.71
340,4.6
341,4.55
342,4.74
343,4.63
344,5.0
345,4.84
346,4.87
347,4.61
348,4.67
349,4.91
350,4.84
351,4.86
352,4.88
353,4.9
354,5.0
355,5.0
356,4.55
357,4.55
358,4.43
359,4.9
360,4.93
361,5.0
362,4.85
363,4.98
364,4.72
365,4.88
366,4.87
367,4.0
368,4.91
369,4.71
370,4.83
371,4.73
372,4.54
373,4.89
374,4.32
375,4.91
376,4.8
377,4.47
378,4.73
379,3.89
380,4.97
381,4.73
382,4.71
383,4.43
384,4.65
385,4.68
386,4.73
387,4.82
388,4.54
389,4.24
390,4.78
391,4.75
392,4.89
393,4.86
394,4.9
395,4.33
396,4.88
397,4.86
398,4.9
399,4.4
400,4.64
401,4.73
402,4.94
403,4.81
404,4.73
405,4.86
406,4.42
407,4.9
408,4.95
409,4.86
410,4.81
411,4.98
412,4.81
413,4.79
414,4.71
415,4.92
416,4.63
417,4.64
418,4.95
419,4.75
420,4.77
421,4.51
422,4.86
423,4.76
424,4.6
425,4.15
426,4.51
427,4.88
428,4.8
429,4.92
430,4.63
431,4.76
432,4.5
433,2.0
434,4.88
435,4.88
436,4.87
437,4.69
438,4.74
439,4.77
440,4.62
441,4.82
442,4.41
443,4.93
444,3.33
445,4.67
446,4.77
447,4.85
448,4.62
449,4.44
450,4.95
451,4.83
452,4.86
453,4.93
454,4.4
455,4.15
456,4.9
457,4.86
458,4.0
459,4.99
460,4.78
461,4.91
462,4.2
463,4.33
464,4.78
465,3.8
466,4.72
467,4.39
468,4.61
469,4.77
470,4.72
471,4.59
472,0.0
473,4.75
474,4.87
475,4.96
476,4.92
477,4.23
478,4.99
479,4.71
480,4.68
481,4.92
482,4.78
483,4.77
484,4.38
485,4.89
486,4.7
487,4.56
488,4.76
489,4.67
490,4.45
491,4.43
492,4.45
493,4.87
494,4.63
495,4.72
496,4.64
497,4.66
498,4.47
499,4.65
500,4.34
501,4.73
502,4.92
503,4.92
504,4.52
505,4.95
506,4.42
507,4.92
508,4.81
509,4.96
510,4.85
511,4.93
512,4.64
513,4.67
514,4.88
515,4.82
516,4.8
517,4.89
518,5.0
519,4.85
520,4.28
521,4.98
522,4.95
523,4.97
524,4.95
525,4.84
526,4.44
527,4.77
528,4.78
529,4.8
530,0.0
531,4.43
532,4.94
533,3.33
534,4.74
535,4.96
536,4.88
537,4.8
538,4.89
539,4.94
540,4.73
541,4.36
542,4.6
543,4.66
544,4.79
545,5.0
546,4.92
547,4.38
548,4.73
549,4.55
550,4.53
551,4.76
552,4.99
553,4.54
554,4.45
555,4.52
556,4.4
557,4.8
558,4.38
559,4.64
560,4.27
561,4.14
562,4.5
563,4.58
564,4.4
565,4.87
566,4.52
567,4.73
568,4.37
569,4.8
570,4.71
571,4.67
572,4.65
573,4.63
574,4.63
575,3.14
576,4.63
577,0.0
578,4.55
579,2.83
580,3.0
581,4.8
582,4.42
583,4.75
584,4.32
585,4.19
586,4.65
587,4.58
588,4.75
589,4.46
590,4.71
591,4.74
592,4.93
593,4.96
594,4.8
595,5.0
596,4.82
597,4.82
598,4.95
599,4.96
600,4.69
601,4.37
602,4.78
603,4.83
604,4.87
605,4.88
606,4.79
607,4.91
608,4.9
609,4.98
610,4.87
611,4.99
612,4.78
613,4.77
614,4.98
615,4.61
616,4.8
617,4.56
618,4.76
619,4.63
620,4.38
621,4.0
622,4.67
623,4.43
624,4.43
625,4.19
626,4.0
627,4.67
628,4.86
629,4.69
630,4.97
631,4.85
632,4.74
633,4.63
634,4.86
635,4.26
636,4.73
637,4.79
638,4.73
639,4.78
640,3.76
641,4.4
642,4.89
643,4.97
644,4.94
645,4.89
646,4.99
647,3.63
648,4.87
649,4.7
650,4.93
651,4.84
652,4.58
653,4.39
654,4.33
655,3.0
656,4.48
657,4.8
658,4.89
659,4.74
660,4.8
661,4.25
662,4.9
663,4.94
664,5.0
665,4.08
666,4.97
667,4.65
668,4.72
669,4.87
670,4.6
671,4.75
672,4.8
673,5.0
674,5.0
675,4.9
676,4.76
677,5.0
678,5.0
679,4.94
680,4.3
681,4.82
682,4.78
683,4.84
684,4.95
685,4.86
686,4.88
687,4.71
688,4.88
689,4.76
690,4.86
691,4.52
692,4.89
693,4.78
694,4.35
695,4.88
696,4.71
697,4.51
698,4.4
699,4.89
700,4.47
701,4.64
702,4.54
703,4.56
704,4.49
705,4.55
706,4.12
707,4.19
708,4.75
709,4.7
710,0.0
711,5.0
712,4.67
713,4.93
714,4.56
715,4.93
716,4.87
717,4.75
718,0.0
719,4.76
720,4.6
721,3.98
722,4.98
723,4.49
724,4.69
725,4.65
726,4.69
727,4.85
728,4.67
729,4.92
730,4.79
731,4.95
732,5.0
733,4.85
734,4.59
735,4.95
736,3.25
737,4.79
738,4.9
739,4.8
740,4.94
741,4.82
742,4.72
743,4.88
744,4.84
745,4.91
746,4.71
747,4.17
748,4.97
749,4.95
750,4.95
751,4.24
752,4.73
753,4.93
754,4.67
755,5.0
756,4.73
757,4.5
758,4.23
759,4.12
760,4.58
761,4.38
762,4.93
763,4.81
764,4.87
765,4.72
766,4.74
767,4.8
768,4.91
769,4.73
770,4.64
771,4.88
772,4.46
773,4.65
774,4.81
775,4.64
776,4.84
777,3.6
778,4.3
779,5.0
780,4.97
781,4.48
782,0.0
783,4.45
784,4.76
785,4.77
786,4.43
787,4.47
788,4.99
789,5.0
790,4.81
791,4.71
792,4.84
793,4.88
794,5.0
795,4.92
796,4.67
797,4.82
798,4.88
799,4.31
800,4.76
801,3.9
802,4.82
803,3.0
804,4.49
805,4.55
806,5.0
807,4.82
808,4.4
809,4.76
810,4.77
811,4.63
812,4.96
813,4.49
814,4.91
815,4.89
816,4.51
817,4.43
818,4.0
819,4.86
820,0.0
821,4.52
822,4.81
823,4.67
824,4.52
825,4.71
826,4.61
827,4.99
828,4.81
829,4.5
830,4.61
831,4.95
832,4.53
833,4.9
834,4.75
835,5.0
836,5.0
837,4.96
838,4.95
839,4.9
840,0.0
841,4.95
842,4.37
843,4.2
844,4.94
845,5.0
846,4.48
847,4.91
848,4.85
849,4.57
850,4.8
851,4.96
852,4.95
853,4.71
854,4.92
855,4.85
856,4.67
857,4.89
858,4.93
859,4.83
860,4.77
861,4.78
862,4.64
863,4.8
864,4.77
865,4.68
866,4.71
867,4.79
868,4.97
869,5.0
870,4.61
871,0.0
872,4.71
873,4.71
874,4.93
875,4.74
876,5.0
877,0.0
878,4.94
879,4.69
880,4.84
881,4.9
882,4.73
883,5.0
884,4.83
885,4.91
886,4.79
887,0.0
888,4.5
889,4.13
890,3.92
891,4.64
892,4.83
893,4.78
894,4.76
895,4.79
896,4.78
897,4.56
898,4.75
899,4.58
900,4.85
901,4.45
902,4.52
903,4.42
904,4.69
905,4.65
906,4.44
907,4.65
908,4.38
909,4.65
910,4.73
911,4.57
912,4.88
913,4.91
914,4.62
915,4.8
916,3.98
917,4.9
918,4.88
919,4.74
920,5.0
921,4.5
922,4.86
923,4.74
924,4.91
925,4.31
926,4.18
927,4.97
928,4.43
929,4.75
930,4.78
931,4.95
932,4.63
933,4.72
934,4.57
935,4.86
936,4.94
937,4.87
938,4.75
939,0.0
940,5.0
941,4.86
942,4.95
943,4.83
944,4.44
945,4.91
946,4.87
947,4.13
948,4.79
949,4.86
950,4.59
951,4.82
952,4.95
953,4.94
954,4.9
955,4.8
956,4.77
957,4.66
958,4.64
959,5.0
960,4.45
961,4.97
962,5.0
963,4.8
964,4.67
965,4.74
966,4.3
967,4.75
968,4.9
969,4.86
970,4.56
971,4.91
972,4.66
973,4.73
974,4.55
975,4.66
976,0.0
977,4.61
978,4.23
979,4.53
980,4.61
981,4.65
982,4.74
983,4.3
984,3.83
985,4.97
986,4.74
987,4.6
988,3.67
989,4.67
990,4.95
991,4.65
992,4.5
993,4.98
994,4.89
995,4.34
996,4.83
997,4.58
998,4.68
999,3.67
1000,4.72
1001,4.51
1002,4.69
1003,4.88
1004,4.47
1005,4.53
1006,4.61
1007,4.72
1008,4.29
1009,4.74
1010,4.36
1011,4.84
1012,4.79
1013,4.79
1014,4.59
1015,4.78
1016,4.74
1017,4.66
1018,5.0
1019,3.6
1020,4.32
1021,4.88
1022,4.81
1023,4.75
1024,4.67
1025,4.56
1026,4.28
1027,4.65
1028,4.7
1029,4.97
1030,4.96
1031,4.93
1032,4.69
1033,4.64
1034,4.81
1035,4.76
1036,4.92
1037,4.59
1038,4.43
1039,4.8
1040,4.74
1041,4.77
1042,4.37
1043,4.47
1044,4.52
1045,4.9
1046,4.17
1047,4.7
1048,4.3
1049,4.17
1050,4.36
1051,4.47
1052,4.97
1053,4.89
1054,4.95
1055,0.0
1056,4.75
1057,4.77
1058,4.5
1059,4.68
1060,3.79
1061,4.65
1062,4.57
1063,4.49
1064,4.47
1065,4.85
1066,4.83
1067,4.79
1068,4.82
1069,4.53
1070,4.81
1071,4.98
1072,4.34
1073,4.87
1074,4.83
1075,4.8
1076,5.0
1077,4.89
1078,4.25
1079,4.88
1080,4.0
1081,4.95
1082,4.69
1083,4.91
1084,4.9
1085,0.0
1086,4.91
1087,4.61
1088,4.81
1089,4.68
1090,4.88
1091,4.72
1092,4.72
1093,4.58
1094,4.87
1095,4.62
1096,4.62
1097,5.0
1098,4.8
1099,4.0
1100,5.0
1101,4.66
1102,4.64
1103,4.91
1104,4.76
1105,4.64
1106,4.4
1107,4.82
1108,4.85
1109,4.79
1110,4.86
1111,4.91
1112,4.85
1113,4.89
1114,4.55
1115,4.9
1116,4.94
1117,4.91
1118,4.58
1119,4.59
1120,4.81
1121,4.67
1122,4.52
1123,4.75
1124,4.77
1125,4.1
1126,4.78
1127,4.68
1128,4.87
1129,4.81
1130,4.66
1131,4.45
1132,4.9
1133,4.93
1134,4.55
1135,4.05
1136,4.76
1137,4.55
1138,4.98
1139,4.9
1140,4.74
1141,4.43
1142,4.76
1143,4.87
1144,4.48
1145,4.85
1146,4.97
1147,3.56
1148,4.74
1149,4.99
1150,4.91
1151,4.87
1152,4.5
1153,4.88
1154,4.7
1155,4.27
1156,4.91
1157,4.49
1158,4.81
1159,4.93
1160,4.87
1161,4.89
1162,4.5
1163,3.67
1164,4.2
1165,4.38
1166,4.5
1167,4.5
1168,4.33
1169,4.3
1170,4.5
1171,4.88
1172,4.88
1173,4.92
1174,4.65
1175,4.5
1176,4.67
1177,5.0
1178,4.51
1179,4.44
1180,4.81
1181,4.63
1182,4.77
1183,4.66
1184,4.6
1185,4.1
1186,4.63
1187,4.27
1188,4.78
1189,4.62
1190,4.51
1191,4.76
1192,0.0
1193,4.61
1194,4.9
1195,4.88
1196,4.97
1197,4.85
1198,4.76
1199,5.0
1200,4.89
1201,4.92
1202,4.33
1203,4.73
1204,4.94
1205,4.28
1206,4.75
1207,3.5
1208,5.0
1209,4.49
1210,4.57
1211,4.52
1212,4.65
1213,4.97
1214,4.69
1215,4.71
1216,4.78
1217,4.97
1218,4.79
1219,4.23
1220,4.71
1221,4.75
1222,4.91
1223,4.84
1224,4.95
1225,4.78
1226,4.27
1227,4.31
1228,4.33
1229,4.39
1230,4.72
1231,4.68
1232,4.54
1233,0.0
1234,4.18
1235,4.71
1236,4.99
1237,4.94
1238,4.89
1239,4.8
1240,4.94
1241,4.58
1242,4.65
1243,4.62
1244,4.76
1245,4.93
1246,4.69
1247,4.28
1248,4.33
1249,4.83
1250,4.23
1251,4.5
1252,4.77
1253,4.7
1254,4.37
1255,4.42
1256,4.56
1257,4.48
1258,4.58
1259,4.46
1260,4.67
1261,4.81
1262,4.44
1263,4.07
1264,4.36
1265,4.94
1266,4.82
1267,4.95
1268,4.52
1269,4.8
1270,4.89
1271,4.96
1272,4.67
1273,4.95
1274,5.0
1275,4.68
1276,4.65
1277,4.17
1278,4.86
1279,4.84
1280,4.95
1281,4.8
1282,4.86
1283,4.51
1284,4.74
1285,4.88
1286,4.74
1287,4.29
1288,4.21
1289,4.63
1290,4.74
1291,4.63
1292,4.6
1293,4.81
1294,4.59
1295,4.57
1296,4.97
1297,4.0
1298,4.95
1299,4.77
1300,4.78
1301,4.86
1302,4.78
1303,4.81
1304,4.81
1305,4.85
1306,4.89
1307,4.33
1308,4.44
1309,0.0
1310,4.94
1311,4.78
1312,4.96
1313,4.75
1314,4.86
1315,4.91
1316,4.69
1317,4.96
1318,4.54
1319,4.55
1320,4.8
1321,4.81
1322,4.89
1323,4.61
1324,4.92
1325,4.49
1326,4.72
1327,4.36
1328,4.67
1329,0.0
1330,4.5
1331,4.94
1332,4.86
1333,4.49
1334,4.7
1335,4.89
1336,4.93
1337,4.81
1338,4.88
1339,4.86
1340,4.91
1341,4.95
1342,4.72
1343,4.95
1344,4.99
1345,4.33
1346,4.12
1347,4.48
1348,4.21
1349,4.33
1350,3.72
1351,4.39
1352,4.74
1353,4.52
1354,4.67
1355,4.53
1356,4.7
1357,4.69
1358,4.89
1359,4.79
1360,4.86
1361,4.86
1362,4.88
1363,4.42
1364,4.54
1365,4.73
1366,4.76
1367,4.74
1368,4.65
1369,4.0
1370,4.76
1371,4.83
1372,4.91
1373,4.47
1374,4.72
1375,4.52
1376,4.64
1377,4.6
1378,4.79
1379,4.7
1380,4.78
1381,4.88
1382,4.77
1383,4.43
1384,4.97
1385,4.52
1386,4.67
1387,4.99
1388,4.92
1389,4.58
1390,4.95
1391,4.82
1392,4.93
1393,4.91
1394,4.63
1395,4.76
1396,4.0
1397,5.0
1398,4.48
1399,4.52
1400,4.65
1401,4.98
1402,4.2
1403,4.75
1404,4.63
1405,4.36
1406,4.84
1407,4.67
1408,4.53
1409,4.57
1410,4.85
1411,4.92
1412,4.99
1413,4.5
1414,4.4
1415,4.82
1416,4.55
1417,4.88
1418,4.26
1419,4.1
1420,4.32
1421,4.21
1422,4.84
1423,4.63
1424,4.82
1425,4.89
1426,4.64
1427,4.83
1428,4.61
1429,4.66
1430,4.48
1431,4.7
1432,4.7
1433,4.93
1434,4.83
1435,4.8
1436,4.77
1437,4.86
1438,4.72
1439,4.62
1440,4.34
1441,4.61
1442,4.44
1443,4.58
1444,4.29
1445,4.74
1446,5.0
1447,4.0
1448,4.82
1449,4.84
1450,4.36
1451,4.05
1452,4.24
1453,4.75
1454,4.61
1455,4.8
1456,4.04
1457,4.26
1458,4.7
1459,4.34
1460,4.65
1461,4.37
1462,4.88
1463,3.0
1464,4.75
1465,4.79
1466,4.25
1467,4.93
1468,4.9
1469,4.93
1470,3.75
1471,5.0
1472,5.0
1473,4.67
1474,4.75
1475,4.87
1476,4.86
1477,4.5
1478,4.17
1479,4.8
1480,4.9
1481,4.0
1482,4.39
1483,4.53
1484,4.69
1485,4.19
1486,4.82
1487,4.69
1488,4.71
1489,4.55
1490,4.7
1491,4.97
1492,4.45
1493,4.97
1494,4.49
1495,4.9
1496,4.81
1497,4.55
1498,5.0
1499,4.72
1500,4.88
1501,4.61
1502,4.5
1503,4.75
1504,4.83
1505,4.66
1506,4.73
1507,4.78
1508,4.7
1509,4.73
1510,4.61
1511,4.9
1512,4.92
1513,4.58
1514,4.65
1515,4.84
1516,4.92
1517,4.96
1518,4.85
1519,4.92
1520,4.51
1521,4.55
1522,4.87
1523,4.04
1524,4.31
1525,4.96
1526,4.82
1527,4.74
1528,4.7
1529,4.59
1530,0.0
1531,4.86
1532,1.0
1533,4.45
1534,4.25
1535,4.82
1536,4.25
1537,4.0
1538,4.25
1539,4.0
1540,5.0
1541,4.47
1542,4.0
1543,4.43
1544,4.29
1545,4.67
1546,3.5
1547,4.73
1548,0.0
1549,4.33
1550,4.67
1551,3.33
1552,4.82
1553,0.0
1554,4.71
1555,4.5
1556,4.62
1557,4.56
1558,4.88
1559,4.62
1560,4.63
1561,4.52
1562,4.53
1563,4.65
1564,4.57
1565,4.67
1566,4.25
1567,4.78
1568,4.77
1569,4.74
1570,4.85
1571,4.28
1572,4.33
1573,4.47
1574,4.68
1575,4.95
1576,4.5
1577,4.7
1578,0.0
1579,4.38
1580,4.33
1581,4.82
1582,4.77
1583,4.76
1584,4.96
1585,4.97
1586,4.61
1587,4.21
1588,4.33
1589,4.9
1590,4.44
1591,3.74
1592,4.82
1593,4.77
1594,4.7
1595,5.0
1596,4.85
1597,4.59
1598,4.92
1599,0.0
1600,4.56
1601,4.37
1602,4.68
1603,4.66
1604,4.92
1605,4.27
1606,4.77
1607,4.5
1608,4.77
1609,4.76
1610,4.53
1611,4.31
1612,4.5
1613,4.92
1614,4.51
1615,4.71
1616,4.4
1617,4.5
1618,4.5
1619,4.5
1620,4.87
1621,4.25
1622,4.54
1623,4.74
1624,4.25
1625,4.64
1626,0.0
1627,4.72
1628,4.96
1629,4.88
1630,4.7
1631,4.58
1632,4.75
1633,5.0
1634,4.68
1635,4.69
1636,4.51
1637,4.94
1638,5.0
1639,4.87
1640,4.5
1641,4.74
1642,4.88
1643,4.51
1644,4.84
1645,4.81
1646,4.36
1647,4.98
1648,4.6
1649,4.33
1650,4.97
1651,5.0
1652,4.99
1653,4.33
1654,5.0
1655,4.75
1656,4.39
1657,4.76
1658,4.95
1659,5.0
1660,4.58
1661,4.47
1662,4.67
1663,5.0
1664,4.38
1665,4.74
1666,4.77
1667,4.71
1668,4.38
1669,5.0
1670,4.93
1671,4.78
1672,5.0
1673,5.0
1674,4.68
1675,4.45
1676,4.86
1677,4.36
1678,4.74
1679,4.78
1680,4.69
1681,4.49
1682,4.86
1683,4.64
1684,4.53
1685,4.82
1686,4.79
1687,4.99
1688,4.71
1689,4.7
1690,4.78
1691,4.8
1692,4.72
1693,4.89
1694,4.68
1695,4.78
1696,0.0
1697,3.85
1698,4.94
1699,4.73
1700,4.88
1701,4.77
1702,4.63
1703,4.67
1704,4.46
1705,4.8
1706,4.84
1707,4.81
1708,4.67
1709,4.33
1710,4.8
1711,4.98
1712,4.45
1713,0.0
1714,0.0
1715,4.72
1716,4.86
1717,4.41
1718,4.64
1719,4.72
1720,4.84
1721,4.7
1722,4.92
1723,4.95
1724,4.64
1725,4.81
1726,4.88
1727,4.66
1728,4.0
1729,4.84
1730,4.61
1731,4.73
1732,4.41
1733,4.79
1734,4.56
1735,4.64
1736,4.75
1737,4.4
1738,4.49
1739,4.86
1740,4.99
1741,4.73
1742,5.0
1743,4.69
1744,4.14
1745,4.71
1746,4.64
1747,4.86
1748,4.23
1749,4.63
1750,4.95
1751,4.33
1752,4.71
1753,4.8
1754,4.55
1755,4.82
1756,4.5
1757,4.56
1758,4.4
1759,4.37
1760,4.31
1761,4.64
1762,4.43
1763,4.24
1764,4.03
1765,4.73
1766,4.27
1767,4.84
1768,4.97
1769,4.41
1770,4.67
1771,4.94
1772,4.84
1773,4.71
1774,4.83
1775,4.5
1776,4.28
1777,4.75
1778,4.92
1779,4.97
1780,4.76
1781,4.54
1782,4.98
1783,4.8
1784,4.93
1785,4.86
1786,4.93
1787,4.81
1788,4.95
1789,4.8
1790,4.86
1791,4.7
1792,4.49
1793,4.97
1794,4.8
1795,4.91
1796,4.88
1797,4.3
1798,4.51
1799,4.79
1800,4.66
1801,4.52
1802,4.32
1803,4.8
1804,4.98
1805,4.84
1806,4.69
1807,4.25
1808,4.45
1809,4.88
1810,5.0
1811,4.9
1812,4.91
1813,4.99
1814,4.69
1815,4.64
1816,4.6
1817,4.95
1818,0.0
1819,5.0
1820,4.2
1821,0.0
1822,4.58
1823,4.34
1824,4.73
1825,4.47
1826,4.6
1827,4.88
1828,4.88
1829,4.89
1830,4.61
1831,4.78
1832,4.7
1833,5.0
1834,4.7
1835,4.83
1836,4.66
1837,4.87
1838,4.07
1839,4.8
1840,4.51
1841,4.72
1842,4.45
1843,4.75
1844,4.9
1845,4.99
1846,4.87
1847,4.85
1848,4.88
1849,4.64
1850,4.21
1851,4.6
1852,4.55
1853,4.77
1854,4.66
1855,4.5
1856,4.38
1857,0.0
1858,4.17
1859,4.59
1860,4.67
1861,4.59
1862,5.0
1863,4.58
1864,4.16
1865,4.34
1866,3.61
1867,4.89
1868,0.0
1869,4.8
1870,4.77
1871,4.83
1872,4.74
1873,4.53
1874,4.29
1875,4.71
1876,4.74
1877,4.75
1878,4.72
1879,4.28
1880,4.87
1881,4.86
1882,4.74
1883,4.91
1884,4.44
1885,4.76
1886,4.6
1887,4.45
1888,4.22
1889,0.0
1890,4.72
1891,4.69
1892,4.85
1893,4.64
1894,4.54
1895,4.67
1896,4.67
1897,4.16
1898,4.57
1899,4.68
1900,5.0
1901,5.0
1902,4.92
1903,4.56
1904,4.87
1905,4.84
1906,4.9
1907,4.13
1908,4.88
1909,4.91
1910,4.33
1911,4.53
1912,4.57
1913,4.95
1914,4.8
1915,3.86
1916,4.15
1917,4.92
1918,4.82
1919,4.86
1920,4.64
1921,4.77
1922,4.63
1923,4.3
1924,4.53
1925,4.78
1926,0.0
1927,4.57
1928,4.5
1929,4.63
1930,4.85
1931,4.8
1932,4.39
1933,4.77
1934,4.55
1935,4.38
1936,3.95
1937,4.79
1938,5.0
1939,4.5
1940,4.7
1941,4.7
1942,4.63
1943,4.38
1944,4.67
1945,4.91
1946,4.84
1947,3.9
1948,4.64
1949,4.94
1950,4.25
1951,4.28
1952,4.83
1953,4.77
1954,4.69
1955,4.89
1956,4.64
1957,4.47
1958,4.84
1959,4.61
1960,4.68
1961,4.38
1962,4.7
1963,4.67
1964,4.9
1965,4.53
1966,4.5
1967,0.0
1968,0.0
1969,5.0
1970,4.8
1971,0.0
1972,0.0
1973,0.0
1974,0.0
1975,0.0
1976,0.0
1977,5.0
1978,4.19
1979,4.69
1980,4.5
1981,4.64
1982,4.39
1983,4.88
1984,4.67
1985,4.78
1986,4.73
1987,4.94
1988,4.28
1989,4.33
1990,4.58
1991,4.7
1992,4.4
1993,4.88
1994,4.88
1995,4.78
1996,3.88
1997,4.55
1998,4.6
1999,4.29
2000,4.91
2001,4.44
2002,5.0
2003,4.6
2004,4.54
2005,4.93
2006,4.75
2007,5.0
2008,4.93
2009,4.48
2010,4.58
2011,3.6
2012,4.84
2013,4.68
2014,4.78
2015,4.78
2016,4.18
2017,4.48
2018,4.97
2019,4.6
2020,5.0
2021,4.66
2022,4.77
2023,4.6
2024,4.48
2025,5.0
2026,4.96
2027,4.48
2028,4.35
2029,4.83
2030,4.94
2031,4.0
2032,5.0
2033,5.0
2034,4.95
2035,5.0
2036,4.87
2037,4.54
2038,4.83
2039,4.55
2040,4.76
2041,4.92
2042,4.29
2043,4.83
2044,5.0
2045,4.91
2046,0.0
2047,4.92
2048,4.71
2049,4.56
2050,4.33
2051,4.99
2052,4.8
2053,4.94
2054,4.82
2055,4.81
2056,4.0
2057,4.55
2058,4.5
2059,4.72
2060,4.33
2061,4.25
2062,4.55
2063,4.51
2064,4.48
2065,4.88
2066,4.91
2067,5.0
2068,4.92
2069,4.95
2070,4.9
2071,4.77
2072,4.83
2073,4.71
2074,4.55
2075,0.0
2076,0.0
2077,4.64
2078,4.36
2079,4.8
2080,5.0
2081,4.74
2082,5.0
2083,3.56
2084,4.45
2085,4.87
2086,3.85
2087,4.8
2088,4.88
2089,5.0
2090,4.75
2091,0.0
2092,0.0
2093,4.35
2094,0.0
2095,4.19
2096,4.33
2097,4.73
2098,5.0
2099,4.46
2100,4.11
2101,5.0
2102,4.83
2103,4.37
2104,2.7
2105,5.0
2106,4.66
2107,4.49
2108,4.73
2109,4.85
2110,4.98
2111,4.93
2112,4.56
2113,4.55
2114,4.45
2115,4.33
2116,4.47
2117,4.87
2118,4.73
2119,4.74
2120,4.69
2121,4.35
2122,4.86
2123,4.58
2124,4.5
2125,4.64
2126,4.0
2127,4.85
2128,4.75
2129,0.0
2130,4.88
2131,4.85
2132,0.0
2133,4.93
2134,4.6
2135,4.65
2136,4.45
2137,4.8
2138,4.56
2139,4.56
2140,4.9
2141,5.0
2142,4.52
2143,4.91
2144,4.19
2145,4.4
2146,4.78
2147,4.97
2148,4.95
2149,5.0
2150,4.92
2151,5.0
2152,4.55
2153,4.69
2154,4.42
2155,4.96
2156,4.67
2157,4.29
2158,4.56
2159,4.72
2160,4.54
2161,0.0
2162,4.88
2163,4.88
2164,4.01
2165,4.59
2166,4.78
2167,4.91
2168,5.0
2169,4.79
2170,4.67
2171,4.0
2172,4.92
2173,0.0
2174,4.94
2175,4.65
2176,4.41
2177,4.0
2178,5.0
2179,3.5
2180,0.0
2181,4.95
2182,4.96
2183,4.97
2184,4.93
2185,4.67
2186,4.71
2187,3.94
2188,4.44
2189,4.89
2190,4.7
2191,4.82
2192,5.0
2193,5.0
2194,4.0
2195,5.0
2196,0.0
2197,5.0
2198,4.78
2199,4.8
2200,4.75
2201,4.78
2202,4.85
2203,5.0
2204,4.8
2205,4.81
2206,4.9
2207,4.75
2208,4.45
2209,4.86
2210,4.61
2211,4.36
2212,4.47
2213,5.0
2214,4.51
2215,4.65
2216,4.68
2217,4.88
2218,4.74
2219,4.88
2220,4.63
2221,4.69
2222,0.0
2223,4.6
2224,4.86
2225,3.38
2226,4.48
2227,4.9
2228,4.57
2229,4.3
2230,4.21
2231,4.68
2232,4.0
2233,0.0
2234,4.53
2235,4.19
2236,4.59
2237,4.97
2238,4.69
2239,4.92
2240,4.87
2241,4.82
2242,4.47
2243,4.97
2244,4.88
2245,4.64
2246,4.44
2247,4.95
2248,4.45
2249,4.6
2250,4.68
2251,4.63
2252,4.47
2253,4.57
2254,4.54
2255,4.83
2256,4.88
2257,4.98
2258,4.88
2259,4.55
2260,4.61
2261,5.0
2262,4.98
2263,4.64
2264,4.71
2265,4.6
2266,4.5
2267,4.85
2268,4.41
2269,4.79
2270,4.95
2271,4.79
2272,4.75
2273,4.64
2274,4.88
2275,0.0
2276,0.0
2277,5.0
2278,4.97
2279,4.9
2280,4.77
2281,5.0
2282,4.45
2283,4.58
2284,4.91
2285,4.86
2286,4.51
2287,4.88
2288,4.56
2289,4.8
2290,4.93
2291,4.33
2292,4.94
2293,4.86
2294,4.87
2295,4.68
2296,4.67
2297,4.68
2298,2.6
2299,0.0
2300,5.0
2301,4.44
2302,4.76
2303,4.89
2304,4.53
2305,4.94
2306,4.6
2307,4.92
2308,4.97
2309,5.0
2310,4.12
2311,4.0
2312,4.0
2313,4.44
2314,4.76
2315,4.63
2316,4.67
2317,4.41
2318,4.0
2319,4.57
2320,4.5
2321,3.89
2322,4.87
2323,4.96
2324,4.18
2325,4.61
2326,4.93
2327,4.96
2328,0.0
2329,4.91
2330,4.45
2331,4.91
2332,4.63
2333,0.0
2334,4.84
2335,4.5
2336,4.69
2337,4.55
2338,4.67
2339,4.84
2340,4.66
2341,4.59
2342,4.76
2343,3.83
2344,4.94
2345,4.56
2346,4.61
2347,4.88
2348,4.91
2349,5.0
2350,4.89
2351,3.79
2352,5.0
2353,4.89
2354,4.78
2355,4.78
2356,4.77
2357,4.74
2358,4.62
2359,4.55
2360,4.52
2361,4.45
2362,3.92
2363,4.66
2364,4.67
2365,4.56
2366,4.0
2367,4.04
2368,4.94
2369,4.89
2370,4.89
2371,4.56
2372,4.0
2373,4.18
2374,0.0
2375,0.0
2376,4.62
2377,4.75
2378,5.0
2379,4.93
2380,4.84
2381,4.45
2382,4.92
2383,4.83
2384,4.96
2385,4.9
2386,4.74
2387,4.75
2388,3.88
2389,3.93
2390,4.07
2391,4.78
2392,4.95
2393,4.51
2394,4.77
2395,4.15
2396,4.6
2397,4.16
2398,5.0
2399,3.67
2400,4.09
2401,4.29
2402,4.31
2403,4.4
2404,4.29
2405,4.96
2406,4.88
2407,4.98
2408,4.72
2409,5.0
2410,4.95
2411,4.72
2412,4.22
2413,4.82
2414,4.5
2415,4.5
2416,4.41
2417,5.0
2418,4.67
2419,4.82
2420,4.69
2421,0.0
2422,5.0
2423,4.56
2424,4.0
2425,4.63
2426,5.0
2427,4.33
2428,4.91
2429,4.43
2430,4.5
2431,4.42
2432,4.95
2433,4.59
2434,4.57
2435,4.89
2436,4.86
2437,4.51
2438,4.8
2439,4.5
2440,4.35
2441,4.39
2442,4.69
2443,3.5
2444,4.45
2445,4.25
2446,4.54
2447,5.0
2448,4.67
2449,5.0
2450,4.18
2451,4.97
2452,5.0
2453,4.84
2454,4.22
2455,4.14
2456,4.78
2457,4.29
2458,4.84
2459,4.7
2460,4.17
2461,4.91
2462,3.88
2463,4.2
2464,3.25
2465,4.05
2466,4.57
2467,4.94
2468,4.91
2469,4.77
2470,3.97
2471,4.33
2472,4.12
2473,4.18
2474,4.23
2475,3.19
2476,4.71
2477,4.75
2478,3.56
2479,4.5
2480,4.41
2481,4.99
2482,4.5
2483,4.99
2484,4.91
2485,4.89
2486,3.0
2487,4.0
2488,5.0
2489,4.91
2490,0.0
2491,4.23
2492,4.1
2493,0.0
2494,4.21
2495,4.47
2496,4.89
2497,4.8
2498,4.95
2499,4.67
2500,4.71
2501,4.7
2502,4.97
2503,4.68
2504,5.0
2505,4.67
2506,4.93
2507,4.84
2508,4.83
2509,4.89
2510,4.53
2511,4.5
2512,4.29
2513,4.5
2514,4.57
2515,4.97
2516,3.4
2517,4.56
2518,4.39
2519,4.49
2520,4.65
2521,4.64
2522,4.9
2523,4.13
2524,4.15
2525,4.86
2526,4.2
2527,4.21
2528,4.64
2529,4.68
2530,4.45
2531,4.37
2532,4.43
2533,4.89
2534,4.77
2535,4.14
2536,4.77
2537,0.0
2538,4.83
2539,4.64
2540,4.2
2541,4.43
2542,5.0
2543,4.0
2544,5.0
2545,3.87
2546,4.62
2547,4.25
2548,4.35
2549,4.25
2550,4.58
2551,4.5
2552,4.69
2553,4.79
2554,4.89
2555,4.39
2556,4.86
2557,4.86
2558,5.0
2559,4.78
2560,4.85
2561,4.61
2562,4.87
2563,4.41
2564,4.81
2565,4.7
2566,4.43
2567,5.0
2568,4.33
2569,4.96
2570,4.52
2571,4.91
2572,4.86
2573,4.96
2574,4.95
2575,4.67
2576,4.97
2577,4.64
2578,4.84
2579,4.86
2580,4.4
2581,4.0
2582,4.89
2583,4.53
2584,5.0
2585,4.67
2586,5.0
2587,4.73
2588,5.0
2589,4.94
2590,4.54
2591,5.0
2592,4.73
2593,5.0
2594,4.69
2595,4.83
2596,4.74
2597,4.67
2598,4.64
2599,4.83
2600,4.66
2601,5.0
2602,4.71
2603,4.67
2604,4.38
2605,4.31
2606,4.88
2607,4.19
2608,4.26
2609,4.82
2610,4.59
2611,4.68
2612,5.0
2613,4.48
2614,4.43
2615,4.55
2616,5.0
2617,4.79
2618,4.44
2619,4.3
2620,4.75
2621,4.67
2622,4.61
2623,4.61
2624,4.9
2625,4.4
2626,4.93
2627,4.88
2628,4.32
2629,4.49
2630,4.87
2631,4.84
2632,4.85
2633,4.2
2634,4.92
2635,4.9
2636,4.5
2637,4.33
2638,5.0
2639,4.88
2640,4.24
2641,4.57
2642,4.57
2643,2.67
2644,4.65
2645,4.64
2646,4.81
2647,4.82
2648,4.66
2649,4.39
2650,4.43
2651,3.75
2652,4.88
2653,4.89
2654,4.0
2655,4.47
2656,4.44
2657,4.79
2658,4.73
2659,4.61
2660,5.0
2661,4.74
2662,4.73
2663,4.31
2664,5.0
2665,4.06
2666,4.78
2667,4.65
2668,4.65
2669,4.81
2670,4.43
2671,4.14
2672,4.12
2673,4.38
2674,4.71
2675,4.73
2676,4.66
2677,3.25
2678,4.67
2679,4.8
2680,0.0
2681,4.88
2682,4.0
2683,5.0
2684,4.11
2685,4.71
2686,4.58
2687,4.34
2688,4.94
2689,4.74
2690,4.9
2691,4.84
2692,4.93
2693,4.36
2694,5.0
2695,0.0
2696,5.0
2697,4.72
2698,4.56
2699,4.72
2700,4.14
2701,4.92
2702,4.83
2703,4.82
2704,4.5
2705,4.92
2706,4.85
2707,4.63
2708,5.0
2709,4.3
2710,4.68
2711,4.08
2712,4.35
2713,4.68
2714,4.81
2715,3.78
2716,4.76
2717,4.81
2718,4.54
2719,4.52
2720,4.51
2721,4.49
2722,4.96
2723,3.82
2724,4.69
2725,4.27
2726,4.33
2727,5.0
2728,5.0
2729,4.47
2730,4.91
2731,4.83
2732,4.93
2733,4.0
2734,5.0
2735,4.87
2736,4.67
2737,4.82
2738,4.23
2739,4.93
2740,4.63
2741,4.72
2742,4.35
2743,4.84
2744,4.92
2745,4.76
2746,4.86
2747,0.0
2748,4.38
2749,4.95
2750,4.59
2751,4.6
2752,4.69
2753,4.57
2754,4.63
2755,4.88
2756,4.55
2757,5.0
2758,4.76
2759,4.76
2760,4.8
2761,5.0
2762,4.5
2763,4.83
2764,4.33
2765,4.54
2766,5.0
2767,4.5
2768,4.9
2769,4.66
2770,4.85
2771,4.52
2772,4.55
2773,5.0
2774,4.79
2775,5.0
2776,5.0
2777,4.84
2778,4.47
2779,4.52
2780,4.72
2781,0.0
2782,0.0
2783,4.03
2784,4.78
2785,4.39
2786,4.77
2787,3.94
2788,4.95
2789,4.85
2790,3.0
2791,4.96
2792,3.75
2793,4.49
2794,4.94
2795,4.95
2796,4.05
2797,4.92
2798,4.33
2799,4.8
2800,4.63
2801,4.96
2802,4.73
2803,4.54
2804,4.68
2805,4.63
2806,2.0
2807,4.9
2808,4.62
2809,4.88
2810,4.33
2811,4.77
2812,4.87
2813,4.1
2814,4.55
2815,4.8
2816,4.29
2817,4.84
2818,4.73
2819,4.98
2820,4.75
2821,5.0
2822,4.79
2823,4.68
2824,4.75
2825,4.86
2826,4.79
2827,4.64
2828,4.28
2829,4.29
2830,0.0
2831,5.0
2832,4.64
2833,4.96
2834,4.95
2835,4.93
2836,4.29
2837,4.84
2838,4.94
2839,4.8
2840,4.5
2841,4.94
2842,4.95
2843,4.81
2844,4.79
2845,4.64
2846,4.67
2847,4.77
2848,3.97
2849,4.47
2850,4.67
2851,3.86
2852,4.44
2853,4.82
2854,4.77
2855,4.56
2856,5.0
2857,5.0
2858,5.0
2859,5.0
2860,4.55
2861,5.0
2862,4.4
2863,5.0
2864,5.0
2865,4.98
2866,4.69
2867,4.94
2868,4.39
2869,5.0
2870,4.61
2871,4.47
2872,4.45
2873,4.28
2874,4.96
2875,4.9
2876,4.49
2877,4.61
2878,4.75
2879,4.17
2880,4.89
2881,4.28
2882,4.94
2883,4.13
2884,4.51
2885,4.59
2886,4.67
2887,4.38
2888,4.67
2889,5.0
2890,4.75
2891,3.89
2892,4.0
2893,4.4
2894,4.88
2895,3.0
2896,5.0
2897,4.7
2898,4.95
2899,4.77
2900,4.91
2901,4.41
2902,4.61
2903,4.86
2904,4.66
2905,4.41
2906,3.29
2907,4.89
2908,4.9
2909,5.0
2910,4.87
2911,4.75
2912,4.64
2913,4.4
2914,5.0
2915,4.97
2916,4.38
2917,5.0
2918,5.0
2919,4.92
2920,5.0
2921,4.91
2922,4.83
2923,4.83
2924,4.65
2925,4.87
2926,4.77
2927,4.55
2928,4.84
2929,4.59
2930,4.82
2931,4.7
2932,4.91
2933,4.61
2934,0.0
2935,4.68
2936,4.96
2937,4.83
2938,5.0
2939,4.88
2940,4.77
2941,4.04
2942,4.58
2943,4.92
2944,4.93
2945,4.86
2946,4.38
2947,4.34
2948,4.84
2949,4.67
2950,4.49
2951,4.62
2952,4.96
2953,4.64
2954,4.5
2955,4.94
2956,4.3
2957,4.57
2958,5.0
2959,4.84
2960,5.0
2961,4.83
2962,4.92
2963,4.98
2964,4.59
2965,5.0
2966,4.42
2967,3.5
2968,4.4
2969,4.5
2970,4.96
2971,5.0
2972,0.0
2973,0.0
2974,5.0
2975,4.39
2976,4.69
2977,4.53
2978,4.25
2979,4.63
2980,5.0
2981,4.8
2982,4.78
2983,4.54
2984,4.75
2985,4.11
2986,4.88
2987,4.18
2988,4.18
2989,4.79
2990,4.38
2991,4.71
2992,4.93
2993,0.0
2994,4.74
2995,4.21
2996,3.9
2997,4.4
2998,4.77
2999,4.73
3000,4.77
3001,4.44
3002,4.92
3003,4.81
3004,4.8
3005,4.79
3006,4.92
3007,4.88
3008,5.0
3009,4.89
3010,4.75
3011,5.0
3012,4.72
3013,5.0
3014,4.85
3015,4.9
3016,4.71
3017,4.77
3018,4.62
3019,4.74
3020,4.41
3021,4.78
3022,4.5
3023,4.53
3024,0.0
3025,4.96
3026,4.82
3027,4.14
3028,4.83
3029,4.84
3030,4.81
3031,4.86
3032,4.28
3033,4.76
3034,4.95
3035,4.81
3036,4.94
3037,3.83
3038,4.74
3039,0.0
3040,4.67
3041,4.93
3042,4.78
3043,4.64
3044,0.0
3045,4.8
3046,5.0
3047,4.92
3048,4.93
3049,4.63
3050,0.0
3051,3.86
3052,3.0
3053,4.9
3054,4.0
3055,5.0
3056,4.36
3057,4.47
3058,4.5
3059,5.0
3060,4.63
3061,4.51
3062,4.56
3063,4.6
3064,4.72
3065,4.85
3066,4.42
3067,4.45
3068,4.59
3069,4.67
3070,4.86
3071,4.82
3072,4.67
3073,4.25
3074,4.67
3075,4.57
3076,4.94
3077,4.75
3078,4.45
3079,4.81
3080,4.94
3081,4.33
3082,4.59
3083,4.69
3084,4.79
3085,4.96
3086,4.79
3087,5.0
3088,4.92
3089,0.0
3090,4.81
3091,4.63
3092,4.39
3093,4.32
3094,4.7
3095,4.34
3096,4.86
3097,5.0
3098,4.88
3099,4.75
3100,4.51
3101,4.67
3102,4.96
3103,4.58
3104,4.73
3105,4.78
3106,0.0
3107,0.0
3108,4.92
3109,4.89
3110,4.94
3111,4.85
3112,4.82
3113,4.93
3114,4.92
3115,4.96
3116,4.37
3117,4.89
3118,4.61
3119,4.4
3120,4.26
3121,4.13
3122,4.19
3123,4.26
3124,4.68
3125,4.9
3126,4.46
3127,4.67
3128,4.76
3129,5.0
3130,4.61
3131,4.7
3132,4.23
3133,4.7
3134,4.88
3135,4.42
3136,4.43
3137,4.84
3138,4.37
3139,4.79
3140,4.63
3141,4.39
3142,4.92
3143,4.63
3144,5.0
3145,4.27
3146,4.27
3147,4.65
3148,4.78
3149,4.9
3150,4.45
3151,4.64
3152,4.91
3153,4.93
3154,4.59
3155,4.71
3156,4.0
3157,4.2
3158,4.91
3159,4.73
3160,4.69
3161,3.5
3162,4.87
3163,4.87
3164,4.9
3165,4.89
3166,4.77
3167,4.82
3168,4.71
3169,4.58
3170,5.0
3171,5.0
3172,4.0
3173,4.86
3174,4.57
3175,4.25
3176,0.0
3177,5.0
3178,4.83
3179,4.8
3180,5.0
3181,5.0
3182,4.51
3183,5.0
3184,4.71
3185,4.78
3186,4.9
3187,4.81
3188,4.6
3189,4.58
3190,4.9
3191,3.91
3192,4.97
3193,4.77
3194,4.83
3195,4.81
3196,4.22
3197,4.99
3198,4.43
3199,5.0
3200,2.67
3201,4.76
3202,4.39
3203,5.0
3204,4.81
3205,4.99
3206,4.89
3207,4.88
3208,4.64
3209,4.35
3210,4.65
3211,0.0
3212,0.0
3213,4.67
3214,4.67
3215,4.87
3216,4.68
3217,4.67
3218,3.5
3219,4.6
3220,4.86
3221,4.83
3222,4.13
3223,4.38
3224,4.57
3225,4.78
3226,4.9
3227,4.78
3228,4.97
3229,4.49
3230,4.69
3231,0.0
3232,4.81
3233,3.6
3234,5.0
3235,4.5
3236,4.75
3237,4.89
3238,4.9
3239,4.96
3240,4.63
3241,4.7
3242,4.67
3243,3.0
3244,4.82
3245,4.87
3246,4.69
3247,4.47
3248,4.71
3249,4.0
3250,4.5
3251,4.0
3252,4.8
3253,4.88
3254,0.0
3255,0.0
3256,5.0
3257,4.58
3258,4.94
3259,4.61
3260,4.81
3261,4.71
3262,4.42
3263,4.67
3264,4.78
3265,4.33
3266,2.0
3267,4.0
3268,5.0
3269,3.5
3270,4.25
3271,0.0
3272,4.86
3273,4.0
3274,4.67
3275,4.25
3276,1.0
3277,0.0
3278,4.67
3279,3.0
3280,4.0
3281,4.0
3282,4.75
3283,4.78
3284,4.0
3285,4.71
3286,5.0
3287,0.0
3288,5.0
3289,3.85
3290,4.3
3291,3.0
3292,4.5
3293,4.3
3294,4.5
3295,0.0
3296,5.0
3297,2.0
3298,3.75
3299,4.6
3300,4.91
3301,5.0
3302,3.0
3303,3.33
3304,5.0
3305,4.56
3306,5.0
3307,4.0
3308,5.0
3309,5.0
3310,4.5
3311,0.0
3312,0.0
3313,4.0
3314,4.5
3315,4.7
3316,0.0
3317,0.0
3318,4.76
3319,4.0
3320,0.0
3321,0.0
3322,4.33
3323,4.0
3324,4.8
3325,3.25
3326,5.0
3327,0.0
3328,0.0
3329,5.0
3330,0.0
3331,4.0
3332,0.0
3333,4.75
3334,5.0
3335,0.0
3336,4.97
3337,5.0
3338,4.85
3339,4.45
3340,0.0
3341,4.68
3342,4.8
3343,4.72
3344,4.64
3345,4.71
3346,4.82
3347,4.95
3348,5.0
3349,4.9
3350,4.61
3351,5.0
3352,4.69
3353,4.48
3354,4.7
3355,4.67
3356,4.85
3357,4.56
3358,3.57
3359,4.86
3360,4.94
3361,4.24
3362,4.59
3363,4.44
3364,4.64
3365,4.31
3366,4.96
3367,4.55
3368,4.96
3369,4.38
3370,4.47
3371,4.37
3372,4.87
3373,4.33
3374,4.6
3375,4.85
3376,4.56
3377,4.81
3378,4.9
3379,4.9
3380,4.26
3381,4.57
3382,4.59
3383,4.95
3384,4.71
3385,4.85
3386,0.0
3387,4.87
3388,5.0
3389,4.5
3390,0.0
3391,4.79
3392,4.52
3393,4.76
3394,4.43
3395,4.0
3396,4.52
3397,4.95
3398,4.71
3399,4.77
3400,4.98
3401,4.6
3402,0.0
3403,3.9
3404,4.92
3405,4.57
3406,4.53
3407,4.64
3408,4.63
3409,4.5
3410,4.69
3411,4.93
3412,3.6
3413,4.33
3414,4.67
3415,4.89
3416,4.86
3417,4.92
3418,4.79
3419,4.96
3420,4.94
3421,4.73
3422,4.79
3423,4.7
3424,4.62
3425,4.74
3426,4.58
3427,4.67
3428,3.4
3429,5.0
3430,4.6
3431,0.0
3432,4.64
3433,4.76
3434,4.55
3435,4.04
3436,4.63
3437,4.33
3438,4.77
3439,4.78
3440,4.85
3441,4.85
3442,4.82
3443,4.72
3444,4.54
3445,4.55
3446,4.68
3447,4.77
3448,4.95
3449,4.78
3450,5.0
3451,4.7
3452,4.79
3453,4.08
3454,4.83
3455,4.84
3456,4.66
3457,0.0
3458,0.0
3459,4.93
3460,4.93
3461,4.71
3462,4.74
3463,0.0
3464,0.0
3465,0.0
3466,5.0
3467,0.0
3468,3.6
3469,4.89
3470,5.0
3471,0.0
3472,4.67
3473,4.5
3474,4.27
3475,4.8
3476,4.46
3477,4.67
3478,4.31
3479,4.89
3480,4.88
3481,4.21
3482,4.81
3483,5.0
3484,4.68
3485,4.5
3486,4.6
3487,0.0
3488,0.0
3489,4.85
3490,5.0
3491,5.0
3492,3.33
3493,4.67
3494,5.0
3495,4.0
3496,4.6
3497,4.84
3498,4.0
3499,0.0
3500,0.0
3501,5.0
3502,4.33
3503,4.66
3504,4.67
3505,4.74
3506,4.74
3507,4.73
3508,4.85
3509,4.9
3510,4.39
3511,4.71
3512,0.0
3513,5.0
3514,4.45
3515,4.82
3516,5.0
3517,4.74
3518,4.25
3519,4.8
3520,4.67
3521,5.0
3522,4.0
3523,4.14
3524,4.64
3525,5.0
3526,4.72
3527,4.68
3528,4.31
3529,4.46
3530,4.0
3531,4.68
3532,4.56
3533,4.71
3534,4.8
3535,5.0
3536,4.54
3537,4.56
3538,4.38
3539,4.87
3540,3.91
3541,4.82
3542,4.29
3543,4.95
3544,4.69
3545,4.87
3546,4.7
3547,4.64
3548,4.88
3549,4.88
3550,4.74
3551,4.38
3552,4.67
3553,4.9
3554,4.77
3555,4.57
3556,4.88
3557,4.69
3558,4.8
3559,4.71
3560,4.27
3561,4.4
3562,0.0
3563,4.76
3564,5.0
3565,4.6
3566,4.0
3567,4.73
3568,5.0
3569,0.0
3570,0.0
3571,4.91
3572,4.77
3573,4.14
3574,4.94
3575,4.17
3576,3.27
3577,4.95
3578,4.85
3579,5.0
3580,4.83
3581,4.94
3582,4.78
3583,4.9
3584,4.37
3585,4.71
3586,3.78
3587,4.86
3588,4.2
3589,4.78
3590,4.78
3591,4.74
3592,4.81
3593,4.69
3594,4.14
3595,0.0
3596,4.72
3597,4.56
3598,4.81
3599,4.71
3600,4.22
3601,4.71
3602,4.43
3603,4.89
3604,5.0
3605,4.77
3606,3.33
3607,4.75
3608,4.5
3609,4.0
3610,4.67
3611,4.0
3612,4.88
3613,4.6
3614,4.58
3615,4.88
3616,4.85
3617,4.95
3618,4.83
3619,4.78
3620,4.75
3621,4.95
3622,4.29
3623,4.93
3624,4.93
3625,4.43
3626,4.68
3627,4.8
3628,4.99
3629,4.55
3630,4.73
3631,5.0
3632,4.82
3633,4.91
3634,4.92
3635,4.59
3636,4.35
3637,4.33
3638,4.6
3639,4.84
3640,4.74
3641,4.29
3642,5.0
3643,4.41
3644,4.9
3645,4.88
3646,4.86
3647,4.78
3648,4.88
3649,4.61
3650,4.74
3651,5.0
3652,4.79
3653,4.88
3654,4.84
3655,4.87
3656,4.87
3657,4.72
3658,4.63
3659,4.54
3660,4.6
3661,4.5
3662,4.67
3663,4.68
3664,4.65
3665,4.95
3666,4.31
3667,4.5
3668,4.0
3669,4.2
3670,4.96
3671,4.73
3672,5.0
3673,4.89
3674,5.0
3675,4.81
3676,4.0
3677,3.0
3678,3.25
3679,4.5
3680,4.92
3681,4.33
3682,4.77
3683,4.95
3684,4.0
3685,4.7
3686,4.3
3687,4.92
3688,4.89
3689,4.97
3690,5.0
3691,4.55
3692,4.56
3693,0.0
3694,4.3
3695,4.94
3696,3.86
3697,3.5
3698,0.0
3699,4.43
3700,4.55
3701,4.83
3702,4.67
3703,5.0
3704,4.76
3705,3.89
3706,1.0
3707,4.65
3708,4.6
3709,4.97
3710,4.89
3711,4.88
3712,0.0
3713,1.0
3714,4.44
3715,4.94
3716,4.74
3717,4.8
3718,4.88
3719,4.79
3720,4.55
3721,4.28
3722,5.0
3723,4.17
3724,5.0
3725,4.67
3726,4.94
3727,3.8
3728,4.64
3729,4.68
3730,4.12
3731,4.83
3732,0.0
3733,0.0
3734,0.0
3735,4.0
3736,0.0
3737,0.0
3738,0.0
3739,4.34
3740,4.62
3741,4.67
3742,4.52
3743,4.25
3744,0.0
3745,4.95
3746,4.84
3747,4.57
3748,4.67
3749,5.0
3750,5.0
3751,4.68
3752,4.96
3753,4.91
3754,4.5
3755,4.8
3756,4.92
3757,4.5
3758,4.34
3759,4.86
3760,4.0
3761,4.73
3762,4.45
3763,4.47
3764,4.83
3765,4.91
3766,0.0
3767,4.77
3768,4.74
3769,4.33
3770,4.83
3771,4.62
3772,4.76
3773,4.7
3774,4.74
3775,0.0
3776,4.43
3777,4.79
3778,3.25
3779,4.5
3780,4.55
3781,5.0
3782,4.75
3783,4.44
3784,4.57
3785,4.14
3786,4.55
3787,4.72
3788,4.0
3789,5.0
3790,4.96
3791,4.69
3792,4.86
3793,4.96
3794,4.88
3795,4.69
3796,4.74
3797,4.7
3798,4.46
3799,4.75
3800,0.0
3801,3.91
3802,4.81
3803,4.79
3804,4.74
3805,5.0
3806,4.73
3807,4.62
3808,5.0
3809,4.74
3810,5.0
3811,4.97
3812,4.69
3813,4.95
3814,4.5
3815,4.5
3816,4.49
3817,4.7
3818,4.53
3819,4.83
3820,4.64
3821,4.81
3822,4.35
3823,5.0
3824,4.05
3825,4.63
3826,4.08
3827,4.78
3828,5.0
3829,5.0
3830,5.0
3831,3.75
3832,4.9
3833,4.69
3834,4.67
3835,5.0
3836,0.0
3837,4.6
3838,4.9
3839,4.75
3840,4.82
3841,5.0
3842,4.79
3843,4.9
3844,5.0
3845,4.6
3846,4.66
3847,4.75
3848,5.0
3849,4.67
3850,4.82
3851,4.54
3852,4.89
3853,0.0
3854,4.46
3855,4.94
3856,4.09
3857,5.0
3858,4.93
3859,4.96
3860,4.95
3861,4.83
3862,4.82
3863,4.5
3864,4.57
3865,4.67
3866,4.33
3867,4.69
3868,3.83
3869,4.48
3870,4.99
3871,1.0
3872,4.87
3873,5.0
3874,4.0
3875,4.61
3876,4.58
3877,4.69
3878,4.5
3879,4.78
3880,4.5
3881,5.0
3882,4.75
3883,4.6
3884,4.0
3885,4.75
3886,4.56
3887,4.67
3888,3.78
3889,4.71
3890,5.0
3891,4.7
3892,4.64
3893,4.6
3894,4.88
3895,4.4
3896,4.67
3897,4.79
3898,5.0
3899,4.63
3900,4.72
3901,4.23
3902,4.63
3903,4.6
3904,4.47
3905,4.45
3906,5.0
3907,4.0
3908,4.93
3909,4.84
3910,4.85
3911,4.3
3912,4.5
3913,4.31
3914,4.17
3915,4.37
3916,4.82
3917,4.5
3918,4.6
3919,4.9
3920,4.92
3921,5.0
3922,4.9
3923,4.74
3924,4.77
3925,4.74
3926,4.6
3927,0.0
3928,3.75
3929,4.64
3930,4.45
3931,4.65
3932,4.27
3933,4.54
3934,4.86
3935,4.67
3936,4.84
3937,4.91
3938,0.0
3939,4.86
3940,4.96
3941,4.9
3942,4.97
3943,4.82
3944,4.67
3945,4.94
3946,0.0
3947,0.0
3948,4.88
3949,4.78
3950,4.54
3951,4.84
3952,4.73
3953,4.84
3954,5.0
3955,4.87
3956,4.25
3957,4.93
3958,4.55
3959,5.0
3960,5.0
3961,4.88
3962,4.82
3963,4.88
3964,4.94
3965,4.32
3966,4.58
3967,4.73
3968,4.81
3969,4.33
3970,4.33
3971,4.25
3972,4.33
3973,4.42
3974,4.96
3975,4.23
3976,4.42
3977,4.76
3978,4.72
3979,4.76
3980,4.91
3981,4.76
3982,4.98
3983,4.92
3984,4.82
3985,4.96
3986,4.88
3987,4.64
3988,4.19
3989,0.0
3990,4.84
3991,4.99
3992,4.0
3993,3.8
3994,5.0
3995,5.0
3996,5.0
3997,4.94
3998,0.0
3999,5.0
4000,4.54
4001,4.85
4002,4.9
4003,5.0
4004,4.85
4005,4.83
4006,4.92
4007,4.76
4008,5.0
4009,4.91
4010,4.94
4011,4.24
4012,5.0
4013,5.0
4014,4.65
4015,0.0
4016,4.33
4017,5.0
4018,4.95
4019,4.27
4020,4.85
4021,4.81
4022,4.67
4023,4.58
4024,5.0
4025,4.43
4026,3.87
4027,4.47
4028,5.0
4029,5.0
4030,4.51
4031,4.44
4032,2.5
4033,4.75
4034,4.77
4035,4.95
4036,5.0
4037,4.89
4038,4.79
4039,4.5
4040,4.47
4041,4.6
4042,4.67
4043,4.56
4044,4.33
4045,3.92
4046,4.8
4047,4.9
4048,3.5
4049,4.82
4050,0.0
4051,4.7
4052,4.81
4053,4.56
4054,4.31
4055,4.69
4056,4.33
4057,4.92
4058,4.93
4059,4.5
4060,4.29
4061,4.0
4062,4.0
4063,0.0
4064,4.0
4065,4.92
4066,4.67
4067,5.0
4068,4.56
4069,4.33
4070,4.94
4071,4.98
4072,4.6
4073,4.88
4074,4.0
4075,4.41
4076,1.0
4077,0.0
4078,5.0
4079,4.9
4080,0.0
4081,4.19
4082,4.98
4083,4.0
4084,4.82
4085,4.69
4086,4.74
4087,4.6
4088,4.33
4089,4.5
4090,4.45
4091,4.4
4092,5.0
4093,0.0
4094,4.43
4095,5.0
4096,4.41
4097,4.53
4098,4.52
4099,4.41
4100,4.5
4101,5.0
4102,0.0
4103,5.0
4104,4.84
4105,4.29
4106,4.7
4107,4.8
4108,0.0
4109,4.84
4110,4.67
4111,4.5
4112,4.85
4113,0.0
4114,4.82
4115,5.0
4116,4.98
4117,4.98
4118,4.82
4119,4.68
4120,4.56
4121,4.77
4122,4.8
4123,4.57
4124,4.83
4125,4.74
4126,4.83
4127,4.9
4128,4.6
4129,4.75
4130,4.82
4131,4.94
4132,4.94
4133,4.59
4134,0.0
4135,4.98
4136,4.67
4137,5.0
4138,5.0
4139,4.0
4140,0.0
4141,0.0
4142,5.0
4143,5.0
4144,4.63
4145,0.0
4146,4.66
4147,4.67
4148,4.8
4149,4.78
4150,0.0
4151,0.0
4152,0.0
4153,4.43
4154,4.53
4155,4.72
4156,4.69
4157,4.95
4158,4.78
4159,5.0
4160,4.38
4161,4.83
4162,4.9
4163,4.66
4164,4.5
4165,4.86
4166,4.29
4167,4.94
4168,4.33
4169,4.6
4170,5.0
4171,4.95
4172,5.0
4173,4.64
4174,4.83
4175,4.78
4176,4.46
4177,4.73
4178,5.0
4179,4.7
4180,4.9
4181,4.95
4182,4.86
4183,4.83
4184,0.0
4185,4.77
4186,4.94
4187,4.82
4188,4.6
4189,4.74
4190,5.0
4191,4.69
4192,4.39
4193,4.89
4194,4.87
4195,4.79
4196,4.72
4197,4.67
4198,4.4
4199,4.84
4200,4.83
4201,4.67
4202,4.6
4203,4.95
4204,4.9
4205,4.93
4206,4.73
4207,0.0
4208,4.93
4209,4.76
4210,4.71
4211,4.8
4212,4.79
4213,4.53
4214,4.65
4215,4.78
4216,4.81
4217,4.92
4218,4.91
4219,4.56
4220,4.29
4221,4.5
4222,4.91
4223,4.95
4224,4.95
4225,4.85
4226,5.0
4227,4.18
4228,4.52
4229,4.85
4230,4.49
4231,4.98
4232,4.05
4233,0.0
4234,5.0
4235,5.0
4236,4.87
4237,4.83
4238,4.98
4239,4.98
4240,3.0
4241,4.35
4242,4.19
4243,0.0
4244,4.72
4245,4.36
4246,4.91
4247,4.79
4248,4.82
4249,4.78
4250,5.0
4251,4.89
4252,4.92
4253,0.0
4254,4.68
4255,0.0
4256,4.0
4257,4.65
4258,4.86
4259,4.74
4260,5.0
4261,4.17
4262,4.07
4263,5.0
4264,5.0
4265,4.6
4266,4.71
4267,4.82
4268,0.0
4269,4.77
4270,4.97
4271,4.25
4272,5.0
4273,4.88
4274,4.9
4275,4.69
4276,4.86
4277,4.82
4278,4.75
4279,5.0
4280,4.88
4281,4.61
4282,4.43
4283,4.5
4284,4.73
4285,5.0
4286,0.0
4287,4.73
4288,5.0
4289,4.85
4290,4.54
4291,4.6
4292,4.46
4293,0.0
4294,4.5
4295,4.71
4296,4.89
4297,4.73
4298,4.94
4299,4.63
4300,4.6
4301,4.38
4302,5.0
4303,4.59
4304,4.33
4305,4.89
4306,4.98
4307,4.92
4308,4.56
4309,4.79
4310,4.25
4311,0.0
4312,4.63
4313,4.72
4314,4.38
4315,4.73
4316,5.0
4317,5.0
4318,4.55
4319,4.96
4320,4.5
4321,4.88
4322,5.0
4323,4.5
4324,0.0
4325,4.7
4326,4.58
4327,4.29
4328,4.84
4329,5.0
4330,4.85
4331,4.2
4332,4.49
4333,4.78
4334,4.88
4335,4.92
4336,4.84
4337,5.0
4338,4.71
4339,4.86
4340,0.0
4341,4.67
4342,0.0
4343,4.5
4344,5.0
4345,5.0
4346,3.0
4347,5.0
4348,4.91
4349,4.54
4350,4.5
4351,4.96
4352,4.88
4353,4.68
4354,4.58
4355,4.86
4356,4.94
4357,4.64
4358,4.82
4359,0.0
4360,4.94
4361,5.0
4362,4.83
4363,4.47
4364,4.94
4365,4.88
4366,4.94
4367,4.0
4368,4.69
4369,4.4
4370,4.36
4371,4.81
4372,4.29
4373,4.87
4374,4.73
4375,4.05
4376,4.9
4377,4.92
4378,4.97
4379,5.0
4380,4.6
4381,4.81
4382,0.0
4383,4.53
4384,4.83
4385,5.0
4386,4.97
4387,4.7
4388,4.9
4389,5.0
4390,5.0
4391,0.0
4392,5.0
4393,0.0
4394,4.98
4395,5.0
4396,4.74
4397,4.68
4398,4.75
4399,4.95
4400,1.0
4401,4.2
4402,4.38
4403,4.91
4404,4.61
4405,4.88
4406,4.78
4407,5.0
4408,0.0
4409,4.9
4410,4.7
4411,4.67
4412,4.77
4413,4.9
4414,0.0
4415,2.0
4416,5.0
4417,4.57
4418,4.0
4419,4.52
4420,4.75
4421,4.93
4422,5.0
4423,4.94
4424,0.0
4425,3.0
4426,4.5
4427,4.56
4428,4.85
4429,5.0
4430,4.74
4431,4.95
4432,4.69
4433,4.56
4434,4.85
4435,5.0
4436,4.86
4437,4.96
4438,4.95
4439,4.83
4440,5.0
4441,4.82
4442,5.0
4443,5.0
4444,4.25
4445,4.81
4446,4.4
4447,4.94
4448,0.0
4449,0.0
4450,4.91
4451,4.5
4452,5.0
4453,4.73
4454,4.9
4455,4.76
4456,4.77
4457,4.38
4458,4.79
4459,3.86
4460,0.0
4461,3.98
4462,5.0
4463,4.67
4464,4.31
4465,2.86
4466,4.68
4467,4.7
4468,4.95
4469,5.0
4470,5.0
4471,4.85
4472,4.92
4473,4.47
4474,4.5
4475,0.0
4476,4.89
4477,0.0
4478,4.81
4479,4.6
4480,4.67
4481,4.9
4482,4.39
4483,4.87
4484,4.78
4485,4.97
4486,4.81
4487,4.97
4488,4.75
4489,4.55
4490,4.92
4491,5.0
4492,4.9
4493,4.7
4494,4.83
4495,4.0
4496,5.0
4497,3.0
4498,5.0
4499,5.0
4500,5.0
4501,0.0
4502,5.0
4503,0.0
4504,5.0
4505,5.0
4506,0.0
4507,4.5
4508,0.0
4509,5.0
4510,5.0
4511,4.95
4512,0.0
4513,0.0
4514,0.0
4515,4.82
4516,4.28
4517,4.84
4518,4.92
4519,4.73
4520,4.58
4521,4.87
4522,4.44
4523,4.93
4524,4.88
4525,4.56
4526,5.0
4527,4.5
4528,4.94
4529,4.83
4530,4.92
4531,4.83
4532,4.46
4533,4.74
4534,4.63
4535,3.67
4536,0.0
4537,4.5
4538,1.0
4539,4.67
4540,5.0
4541,0.0
4542,5.0
4543,4.97
4544,4.82
4545,5.0
4546,4.5
4547,4.76
4548,4.0
4549,4.86
4550,4.95
4551,4.89
4552,5.0
4553,4.93
4554,5.0
4555,4.63
4556,4.84
4557,5.0
4558,4.98
4559,4.72
4560,5.0
4561,4.67
4562,4.92
4563,4.76
4564,4.87
4565,0.0
4566,4.59
4567,4.28
4568,4.67
4569,4.66
4570,4.4
4571,4.83
4572,4.85
4573,4.17
4574,4.67
4575,4.53
4576,4.8
4577,4.59
4578,4.87
4579,3.89
4580,4.83
4581,4.33
4582,4.65
4583,4.83
4584,4.71
4585,4.73
4586,4.92
4587,4.62
4588,4.72
4589,3.0
4590,4.22
4591,4.93
4592,0.0
4593,4.66
4594,5.0
4595,4.75
4596,0.0
4597,4.85
4598,4.67
4599,4.33
4600,4.0
4601,4.56
4602,4.63
4603,0.0
4604,4.67
4605,4.72
4606,0.0
4607,4.83
4608,4.97
4609,4.6
4610,4.89
4611,5.0
4612,0.0
4613,4.58
4614,0.0
4615,4.85
4616,4.4
4617,4.8
4618,4.83
4619,4.67
4620,4.65
4621,0.0
4622,4.69
4623,4.65
4624,4.94
4625,4.81
4626,4.83
4627,4.87
4628,4.8
4629,4.91
4630,0.0
4631,4.89
4632,4.33
4633,4.78
4634,4.62
4635,3.94
4636,4.1
4637,5.0
4638,4.35
4639,4.8
4640,4.79
4641,0.0
4642,4.83
4643,4.21
4644,4.25
4645,4.08
4646,4.11
4647,4.0
4648,4.58
4649,5.0
4650,4.55
4651,4.82
4652,4.7
4653,4.81
4654,0.0
4655,4.92
4656,4.92
4657,4.53
4658,4.85
4659,3.86
4660,4.75
4661,0.0
4662,5.0
4663,4.4
4664,0.0
4665,5.0
4666,4.67
4667,4.97
4668,5.0
4669,4.83
4670,4.76
4671,4.77
4672,5.0
4673,4.75
4674,4.0
4675,5.0
4676,4.78
4677,5.0
4678,4.57
4679,4.67
4680,4.14
4681,4.83
4682,5.0
4683,4.43
4684,4.78
4685,4.93
4686,4.5
4687,4.98
4688,4.89
4689,4.87
4690,5.0
4691,4.98
4692,4.63
4693,4.92
4694,4.93
4695,3.27
4696,0.0
4697,0.0
4698,5.0
4699,4.4
4700,4.61
4701,4.86
4702,4.93
4703,3.5
4704,5.0
4705,5.0
4706,4.77
4707,5.0
4708,4.69
4709,0.0
4710,4.42
4711,4.96
4712,3.29
4713,4.67
4714,4.73
4715,4.67
4716,5.0
4717,4.78
4718,4.89
4719,4.88
4720,4.56
4721,4.88
4722,4.47
4723,4.66
4724,4.69
4725,4.78
4726,4.85
4727,4.0
4728,0.0
4729,0.0
4730,4.85
4731,4.0
4732,4.71
4733,0.0
4734,4.58
4735,4.75
4736,4.5
4737,4.91
4738,4.8
4739,4.58
4740,5.0
4741,4.84
4742,4.83
4743,5.0
4744,4.0
4745,4.67
4746,4.5
4747,5.0
4748,5.0
4749,4.5
4750,4.33
4751,5.0
4752,4.95
4753,4.95
4754,4.5
4755,0.0
4756,4.19
4757,5.0
4758,4.31
4759,4.64
4760,4.43
4761,4.54
4762,5.0
4763,4.53
4764,4.71
4765,5.0
4766,4.96
4767,4.94
4768,4.85
4769,4.37
4770,5.0
4771,0.0
4772,4.71
4773,4.96
4774,4.38
4775,4.81
4776,4.83
4777,4.91
4778,4.88
4779,4.42
4780,5.0
4781,4.73
4782,0.0
4783,4.86
4784,5.0
4785,4.75
4786,0.0
4787,0.0
4788,4.38
4789,5.0
4790,4.82
4791,4.17
4792,4.42
4793,4.67
4794,0.0
4795,4.71
4796,4.38
4797,0.0
4798,4.5
4799,4.79
4800,0.0
4801,4.6
4802,4.57
4803,4.57
4804,0.0
4805,4.61
4806,0.0
4807,4.2
4808,0.0
4809,4.91
4810,4.78
4811,4.86
4812,4.92
4813,4.8
4814,5.0
4815,0.0
4816,4.0
4817,4.89
4818,4.95
4819,4.72
4820,3.6
4821,4.79
4822,4.67
4823,4.75
4824,4.5
4825,4.7
4826,4.57
4827,4.5
4828,4.41
4829,4.43
4830,4.63
4831,4.74
4832,4.86
4833,5.0
4834,0.0
4835,4.0
4836,4.89
4837,4.8
4838,4.92
4839,4.63
4840,4.66
4841,4.35
4842,5.0
4843,4.77
4844,5.0
4845,5.0
4846,4.92
4847,4.89
4848,5.0
4849,4.88
4850,5.0
4851,0.0
4852,3.0
4853,4.43
4854,4.86
4855,5.0
4856,4.82
4857,4.78
4858,4.43
4859,4.96
4860,4.35
4861,4.33
4862,3.0
4863,4.76
4864,5.0
4865,4.71
4866,4.85
4867,4.6
4868,4.89
4869,4.67
4870,3.97
4871,4.81
4872,4.0
4873,0.0
4874,4.7
4875,5.0
4876,0.0
4877,4.91
4878,4.95
4879,4.8
4880,4.77
4881,5.0
4882,4.73
4883,4.54
4884,5.0
4885,4.7
4886,0.0
4887,5.0
4888,4.63
4889,3.0
4890,4.6
4891,5.0
4892,4.87
4893,4.88
4894,0.0
4895,4.0
4896,4.43
4897,4.88
4898,5.0
4899,5.0
4900,4.88
4901,4.82
4902,4.85
4903,4.9
4904,4.75
4905,4.33
4906,4.49
4907,4.68
4908,4.75
4909,5.0
4910,4.88
4911,4.76
4912,4.51
4913,4.56
4914,5.0
4915,4.64
4916,4.89
4917,5.0
4918,4.5
4919,4.92
4920,3.63
4921,4.0
4922,4.36
4923,4.8
4924,4.81
4925,4.36
4926,4.63
4927,4.71
4928,4.38
4929,4.74
4930,4.24
4931,4.63
4932,1.0
4933,4.33
4934,4.25
4935,4.71
4936,0.0
4937,4.62
4938,4.95
4939,4.4
4940,4.67
4941,5.0
4942,4.93
4943,4.75
4944,4.92
4945,4.76
4946,4.79
4947,4.92
4948,4.94
4949,4.83
4950,4.82
4951,5.0
4952,4.47
4953,4.67
4954,4.83
4955,4.8
4956,4.59
4957,4.95
4958,0.0
4959,4.33
4960,4.7
4961,4.4
4962,4.92
4963,4.8
4964,4.83
4965,5.0
4966,4.67
4967,5.0
4968,4.5
4969,4.86
4970,0.0
4971,4.0
4972,4.94
4973,4.65
4974,4.38
4975,5.0
4976,4.33
4977,4.5
4978,4.69
4979,4.89
4980,4.43
4981,4.23
4982,4.9
4983,4.58
4984,4.5
4985,4.89
4986,4.88
4987,4.64
4988,4.4
4989,4.42
4990,4.83
4991,4.25
4992,5.0
4993,0.0
4994,4.84
4995,4.73
4996,5.0
4997,4.87
4998,4.97
4999,4.9
5000,4.09
5001,4.45
5002,3.5
5003,5.0
5004,4.48
5005,4.44
5006,4.61
5007,4.83
5008,4.88
5009,3.83
5010,1.0
5011,5.0
5012,4.3
5013,4.58
5014,4.33
5015,3.5
5016,4.92
5017,4.67
5018,4.48
5019,4.64
5020,4.67
5021,0.0
5022,4.25
5023,4.8
5024,4.67
5025,4.75
5026,4.67
5027,4.73
5028,4.57
5029,4.96
5030,5.0
5031,4.3
5032,5.0
5033,4.65
5034,4.88
5035,5.0
5036,4.6
5037,4.25
5038,4.78
5039,4.38
5040,4.0
5041,4.25
5042,5.0
5043,4.5
5044,4.94
5045,4.66
5046,0.0
5047,3.63
5048,4.67
5049,4.56
5050,4.75
5051,5.0
5052,2.0
5053,4.65
5054,4.96
5055,4.5
5056,4.58
5057,4.68
5058,4.44
5059,4.97
5060,4.97
5061,0.0
5062,0.0
5063,0.0
5064,4.0
5065,0.0
5066,0.0
5067,4.93
5068,4.95
5069,5.0
5070,4.57
5071,4.82
5072,4.66
5073,0.0
5074,4.73
5075,4.0
5076,4.69
5077,0.0
5078,4.0
5079,4.61
5080,4.67
5081,4.83
5082,4.74
5083,5.0
5084,4.86
5085,4.6
5086,5.0
5087,4.6
5088,4.95
5089,4.45
5090,4.84
5091,0.0
5092,4.5
5093,4.73
5094,0.0
5095,4.57
5096,4.74
5097,5.0
5098,3.0
5099,4.21
5100,4.92
5101,0.0
5102,5.0
5103,5.0
5104,4.92
5105,4.73
5106,5.0
5107,4.75
5108,3.8
5109,4.33
5110,4.0
5111,4.9
5112,5.0
5113,4.96
5114,4.78
5115,5.0
5116,4.63
5117,5.0
5118,4.96
5119,5.0
5120,4.68
5121,0.0
5122,0.0
5123,0.0
5124,0.0
5125,4.77
5126,4.33
5127,0.0
5128,4.67
5129,0.0
5130,4.43
5131,5.0
5132,4.88
5133,4.8
5134,0.0
5135,0.0
5136,4.89
5137,4.37
5138,4.4
5139,4.64
5140,4.45
5141,4.5
5142,4.83
5143,4.8
5144,4.91
5145,4.87
5146,4.87
5147,5.0
5148,4.8
5149,5.0
5150,4.79
5151,5.0
5152,5.0
5153,4.74
5154,4.61
5155,0.0
5156,4.88
5157,4.58
5158,4.63
5159,4.73
5160,5.0
5161,4.92
5162,0.0
5163,4.76
5164,4.8
5165,4.95
5166,5.0
5167,5.0
5168,4.1
5169,5.0
5170,4.55
5171,5.0
5172,0.0
5173,3.67
5174,4.67
5175,4.73
5176,4.86
5177,0.0
5178,4.13
5179,4.58
5180,4.42
5181,3.67
5182,0.0
5183,5.0
5184,3.8
5185,4.0
5186,0.0
5187,4.57
5188,0.0
5189,0.0
5190,4.0
5191,4.63
5192,4.25
5193,5.0
5194,5.0
5195,5.0
5196,4.78
5197,4.83
5198,4.77
5199,5.0
5200,4.5
5201,3.0
5202,4.87
5203,1.0
5204,4.88
5205,4.69
5206,4.73
5207,4.33
5208,4.89
5209,5.0
5210,4.5
5211,4.38
5212,4.96
5213,4.92
5214,4.92
5215,4.43
5216,4.79
5217,4.5
5218,4.22
5219,5.0
5220,4.33
5221,0.0
5222,4.95
5223,4.91
5224,5.0
5225,5.0
5226,0.0
5227,0.0
5228,4.53
5229,4.33
5230,4.54
5231,3.5
5232,4.8
5233,4.49
5234,4.88
5235,5.0
5236,4.52
5237,4.95
5238,0.0
5239,0.0
5240,0.0
5241,4.76
5242,0.0
5243,4.77
5244,5.0
5245,4.94
5246,3.33
5247,4.14
5248,4.24
5249,4.17
5250,4.79
5251,4.72
5252,0.0
5253,0.0
5254,5.0
5255,4.7
5256,4.94
5257,4.75
5258,3.75
5259,4.78
5260,4.2
5261,5.0
5262,3.0
5263,5.0
5264,4.5
5265,4.56
5266,4.67
5267,0.0
5268,4.8
5269,4.78
5270,4.98
5271,3.73
5272,4.63
5273,4.39
5274,5.0
5275,4.56
5276,4.34
5277,4.78
5278,0.0
5279,4.0
5280,0.0
5281,5.0
5282,4.5
5283,4.73
5284,4.0
5285,4.91
5286,0.0
5287,0.0
5288,0.0
5289,4.67
5290,4.38
5291,5.0
5292,4.3
5293,4.31
5294,4.0
5295,4.75
5296,5.0
5297,4.94
5298,4.84
5299,4.25
5300,4.91
5301,4.68
5302,4.43
5303,0.0
5304,4.0
5305,4.5
5306,4.0
5307,5.0
5308,4.44
5309,0.0
5310,4.7
5311,5.0
5312,4.79
5313,4.64
5314,4.79
5315,0.0
5316,4.56
5317,4.92
5318,4.38
5319,4.75
5320,0.0
5321,4.43
5322,5.0
5323,4.96
5324,4.36
5325,5.0
5326,5.0
5327,5.0
5328,0.0
5329,4.8
5330,4.62
5331,4.75
5332,3.94
5333,4.75
5334,4.81
5335,0.0
5336,4.29
5337,5.0
5338,4.83
5339,4.8
5340,0.0
5341,4.0
5342,0.0
5343,0.0
5344,4.5
5345,5.0
5346,4.5
5347,5.0
5348,3.0
5349,5.0
5350,4.74
5351,4.67
5352,5.0
5353,5.0
5354,0.0
5355,5.0
5356,4.5
5357,0.0
5358,4.77
5359,4.87
5360,4.78
5361,4.78
5362,4.91
5363,4.8
5364,3.4
5365,4.0
5366,4.92
5367,2.0
5368,4.92
5369,4.31
5370,4.75
5371,2.0
5372,0.0
5373,4.76
5374,4.6
5375,4.91
5376,4.55
5377,4.57
5378,5.0
5379,4.88
5380,4.86
5381,4.97
5382,5.0
5383,0.0
5384,3.6
5385,4.69
5386,4.71
5387,4.82
5388,4.21
5389,4.73
5390,4.8
5391,5.0
5392,4.67
5393,0.0
5394,4.95
5395,4.33
5396,4.5
5397,5.0
5398,4.89
5399,4.25
5400,4.58
5401,4.65
5402,5.0
5403,5.0
5404,4.44
5405,4.85
5406,0.0
5407,4.7
5408,4.92
5409,4.43
5410,4.81
5411,5.0
5412,4.7
5413,4.0
5414,4.85
5415,4.7
5416,5.0
5417,5.0
5418,4.91
5419,0.0
5420,4.44
5421,4.33
5422,4.98
5423,5.0
5424,4.86
5425,4.75
5426,4.0
5427,4.77
5428,5.0
5429,4.45
5430,4.31
5431,5.0
5432,4.41
5433,4.08
5434,4.82
5435,5.0
5436,4.83
5437,5.0
5438,4.91
5439,5.0
5440,4.9
5441,4.89
5442,4.82
5443,4.56
5444,5.0
5445,4.92
5446,4.67
5447,4.93
5448,4.89
5449,5.0
5450,0.0
5451,0.0
5452,0.0
5453,4.46
5454,5.0
5455,4.86
5456,0.0
5457,0.0
5458,4.97
5459,4.53
5460,5.0
5461,4.88
5462,4.56
5463,5.0
5464,4.43
5465,4.86
5466,3.67
5467,0.0
5468,4.57
5469,4.41
5470,4.86
5471,4.8
5472,0.0
5473,5.0
5474,4.89
5475,4.75
5476,5.0
5477,4.15
5478,4.58
5479,4.97
5480,4.94
5481,4.83
5482,5.0
5483,4.0
5484,4.3
5485,4.94
5486,3.5
5487,0.0
5488,4.35
5489,4.86
5490,4.6
5491,5.0
5492,4.5
5493,4.88
5494,4.88
5495,4.25
5496,5.0
5497,4.32
5498,4.17
5499,4.97
5500,4.11
5501,0.0
5502,4.88
5503,4.66
5504,5.0
5505,4.93
5506,4.0
5507,0.0
5508,4.75
5509,4.33
5510,4.0
5511,4.83
5512,4.96
5513,3.25
5514,4.91
5515,4.8
5516,4.29
5517,4.41
5518,4.43
5519,4.2
5520,4.39
5521,5.0
5522,4.78
5523,4.94
5524,4.93
5525,4.86
5526,5.0
5527,4.65
5528,3.55
5529,4.8
5530,4.27
5531,3.0
5532,4.92
5533,0.0
5534,4.91
5535,5.0
5536,5.0
5537,4.38
5538,5.0
5539,5.0
5540,5.0
5541,4.88
5542,5.0
5543,4.0
5544,3.5
5545,4.18
5546,4.17
5547,4.0
5548,4.83
5549,4.57
5550,4.8
5551,4.5
5552,4.73
5553,4.79
5554,4.89
5555,5.0
5556,4.53
5557,4.41
5558,4.94
5559,4.94
5560,5.0
5561,4.92
5562,0.0
5563,0.0
5564,4.94
5565,5.0
5566,4.22
5567,3.38
5568,4.29
5569,4.91
5570,4.7
5571,3.0
5572,0.0
5573,4.92
5574,5.0
5575,0.0
5576,4.71
5577,4.73
5578,4.78
5579,4.91
5580,4.6
5581,4.83
5582,3.0
5583,4.78
5584,4.43
5585,4.62
5586,4.83
5587,4.8
5588,4.87
5589,4.84
5590,4.89
5591,0.0
5592,0.0
5593,5.0
5594,4.5
5595,5.0
5596,4.33
5597,4.5
5598,4.81
5599,4.79
5600,4.82
5601,4.87
5602,4.84
5603,0.0
5604,5.0
5605,4.62
5606,1.0
5607,4.53
5608,4.17
5609,4.75
5610,4.67
5611,4.66
5612,5.0
5613,5.0
5614,4.6
5615,4.55
5616,4.86
5617,5.0
5618,5.0
5619,0.0
5620,5.0
5621,4.0
5622,4.94
5623,5.0
5624,0.0
5625,5.0
5626,4.63
5627,5.0
5628,4.87
5629,4.8
5630,4.79
5631,4.64
5632,4.25
5633,4.81
5634,4.77
5635,4.89
5636,4.72
5637,4.68
5638,4.46
5639,5.0
5640,4.82
5641,4.91
5642,4.38
5643,0.0
5644,4.74
5645,4.0
5646,4.83
5647,5.0
5648,5.0
5649,0.0
5650,0.0
5651,4.75
5652,4.93
5653,4.22
5654,4.53
5655,4.79
5656,5.0
5657,4.79
5658,4.66
5659,4.84
5660,4.29
5661,4.8
5662,4.94
5663,4.72
5664,4.46
5665,4.65
5666,4.66
5667,0.0
5668,4.0
5669,4.85
5670,4.33
5671,4.48
5672,5.0
5673,4.9
5674,4.88
5675,4.0
5676,4.69
5677,4.66
5678,4.67
5679,4.06
5680,4.57
5681,4.82
5682,5.0
5683,5.0
5684,5.0
5685,4.76
5686,3.94
5687,0.0
5688,4.98
5689,4.87
5690,4.5
5691,4.36
5692,4.82
5693,4.52
5694,4.0
5695,4.8
5696,4.67
5697,4.78
5698,4.5
5699,5.0
5700,4.83
5701,5.0
5702,4.86
5703,4.53
5704,4.77
5705,0.0
5706,0.0
5707,5.0
5708,5.0
5709,4.88
5710,4.0
5711,4.96
5712,4.85
5713,5.0
5714,4.82
5715,5.0
5716,4.62
5717,4.92
5718,5.0
5719,5.0
5720,4.61
5721,4.22
5722,4.89
5723,4.93
5724,4.57
5725,4.18
5726,4.8
5727,4.78
5728,4.65
5729,4.91
5730,4.84
5731,4.8
5732,3.0
5733,5.0
5734,4.83
5735,4.92
5736,4.75
5737,4.36
5738,5.0
5739,5.0
5740,4.79
5741,3.0
5742,4.96
5743,5.0
5744,0.0
5745,4.86
5746,4.92
5747,4.56
5748,5.0
5749,3.87
5750,3.8
5751,4.91
5752,5.0
5753,0.0
5754,4.7
5755,4.88
5756,4.45
5757,4.33
5758,4.88
5759,5.0
5760,5.0
5761,4.48
5762,4.25
5763,4.8
5764,4.62
5765,5.0
5766,4.64
5767,4.69
5768,4.75
5769,5.0
5770,5.0
5771,4.78
5772,4.8
5773,4.8
5774,4.41
5775,0.0
5776,4.5
5777,5.0
5778,4.76
5779,4.93
5780,4.07
5781,5.0
5782,0.0
5783,4.8
5784,5.0
5785,5.0
5786,0.0
5787,4.0
5788,5.0
5789,0.0
5790,5.0
5791,4.75
5792,0.0
5793,4.69
5794,5.0
5795,5.0
5796,4.47
5797,4.58
5798,4.83
5799,4.0
5800,4.5
5801,4.95
5802,4.67
5803,0.0
5804,4.83
5805,0.0
5806,4.49
5807,4.88
5808,4.86
5809,4.48
5810,4.0
5811,5.0
5812,4.0
5813,4.42
5814,4.95
5815,4.95
5816,4.63
5817,5.0
5818,0.0
5819,3.33
5820,4.2
5821,5.0
5822,3.0
5823,4.57
5824,5.0
5825,0.0
5826,5.0
5827,5.0
5828,4.88
5829,0.0
5830,4.87
5831,4.82
5832,4.36
5833,4.88
5834,4.84
5835,4.8
5836,4.98
5837,4.63
5838,5.0
5839,4.78
5840,4.97
5841,4.94
5842,5.0
5843,5.0
5844,4.93
5845,4.51
5846,4.84
5847,5.0
5848,4.43
5849,2.33
5850,4.29
5851,4.92
5852,5.0
5853,5.0
5854,4.64
5855,4.5
5856,4.85
5857,5.0
5858,4.88
5859,0.0
5860,0.0
5861,4.81
5862,5.0
5863,4.57
5864,4.67
5865,4.77
5866,0.0
5867,4.39
5868,0.0
5869,4.6
5870,5.0
5871,4.88
5872,3.8
5873,4.95
5874,4.93
5875,4.83
5876,3.75
5877,4.82
5878,4.5
5879,4.75
5880,4.36
5881,4.97
5882,4.0
5883,5.0
5884,4.79
5885,4.37
5886,4.25
5887,5.0
5888,4.6
5889,0.0
5890,4.94
5891,4.67
5892,4.58
5893,4.39
5894,4.62
5895,4.69
5896,0.0
5897,0.0
5898,4.85
5899,4.88
5900,0.0
5901,4.93
5902,4.7
5903,0.0
5904,4.75
5905,5.0
5906,4.97
5907,5.0
5908,4.67
5909,4.7
5910,4.09
5911,4.33
5912,5.0
5913,5.0
5914,5.0
5915,5.0
5916,4.67
5917,3.0
5918,4.6
5919,4.6
5920,4.6
5921,5.0
5922,4.75
5923,0.0
5924,5.0
5925,0.0
5926,4.92
5927,4.84
5928,4.48
5929,4.86
5930,5.0
5931,4.83
5932,4.84
5933,4.82
5934,4.94
5935,4.04
5936,4.89
5937,0.0
5938,5.0
5939,0.0
5940,0.0
5941,3.88
5942,5.0
5943,4.74
5944,4.88
5945,4.47
5946,5.0
5947,4.8
5948,4.75
5949,4.6
5950,4.5
5951,5.0
5952,4.5
5953,5.0
5954,4.55
5955,4.44
5956,5.0
5957,5.0
5958,4.18
5959,4.88
5960,3.33
5961,5.0
5962,4.4
5963,4.83
5964,4.32
5965,4.39
5966,0.0
5967,4.75
5968,4.55
5969,3.5
5970,4.63
5971,4.71
5972,4.95
5973,4.89
5974,4.85
5975,4.92
5976,4.6
5977,5.0
5978,5.0
5979,5.0
5980,4.65
5981,0.0
5982,4.05
5983,5.0
5984,4.95
5985,5.0
5986,5.0
5987,5.0
5988,4.8
5989,4.82
5990,4.2
5991,5.0
5992,4.86
5993,4.78
5994,5.0
5995,4.88
5996,4.65
5997,5.0
5998,4.8
5999,4.59
6000,4.7
6001,5.0
6002,4.71
6003,5.0
6004,3.33
6005,4.67
6006,4.86
6007,5.0
6008,5.0
6009,4.98
6010,4.86
6011,5.0
6012,4.79
6013,4.72
6014,4.86
6015,0.0
6016,5.0
6017,3.0
6018,4.83
6019,4.64
6020,4.62
6021,4.89
6022,4.8
6023,4.84
6024,3.94
6025,0.0
6026,4.86
6027,5.0
6028,4.7
6029,4.63
6030,0.0
6031,4.83
6032,4.65
6033,4.67
6034,5.0
6035,5.0
6036,0.0
6037,0.0
6038,4.67
6039,0.0
6040,4.67
6041,4.87
6042,4.89
6043,4.86
6044,5.0
6045,5.0
6046,5.0
6047,3.0
6048,4.81
6049,0.0
6050,3.78
6051,4.75
6052,4.9
6053,4.82
6054,4.72
6055,5.0
6056,5.0
6057,4.8
6058,4.8
6059,4.78
6060,4.67
6061,0.0
6062,4.78
6063,5.0
6064,5.0
6065,5.0
6066,0.0
6067,5.0
6068,4.08
6069,5.0
6070,4.67
6071,4.71
6072,4.39
6073,0.0
6074,5.0
6075,4.9
6076,4.75
6077,5.0
6078,4.53
6079,4.95
6080,4.85
6081,5.0
6082,4.98
6083,4.0
6084,5.0
6085,0.0
6086,5.0
6087,4.67
6088,4.31
6089,4.17
6090,0.0
6091,4.29
6092,5.0
6093,0.0
6094,4.8
6095,0.0
6096,0.0
6097,4.75
6098,4.0
6099,0.0
6100,4.81
6101,4.81
6102,3.0
6103,4.88
6104,5.0
6105,5.0
6106,4.67
6107,4.18
6108,4.62
6109,0.0
6110,0.0
6111,4.0
6112,0.0
6113,0.0
6114,0.0
6115,0.0
6116,0.0
6117,5.0
6118,5.0
6119,4.47
6120,4.79
6121,5.0
6122,5.0
6123,0.0
6124,5.0
6125,4.56
6126,4.84
6127,4.69
6128,4.75
6129,0.0
6130,0.0
6131,4.88
6132,4.63
6133,4.7
6134,4.86
6135,3.25
6136,0.0
6137,0.0
6138,4.63
6139,4.82
6140,5.0
6141,4.75
6142,4.9
6143,5.0
6144,4.86
6145,5.0
6146,0.0
6147,4.56
6148,4.74
6149,4.86
6150,5.0
6151,4.89
6152,4.0
6153,5.0
6154,4.6
6155,4.92
6156,4.75
6157,4.91
6158,4.78
6159,4.75
6160,5.0
6161,4.6
6162,4.74
6163,4.89
6164,5.0
6165,0.0
6166,0.0
6167,4.77
6168,5.0
6169,4.9
6170,0.0
6171,5.0
6172,5.0
6173,5.0
6174,4.9
6175,4.84
6176,4.68
6177,4.6
6178,5.0
6179,4.81
6180,4.74
6181,0.0
6182,4.75
6183,3.71
6184,0.0
6185,4.68
6186,4.77
6187,4.43
6188,4.87
6189,5.0
6190,4.93
6191,4.89
6192,4.93
6193,5.0
6194,4.14
6195,4.33
6196,4.26
6197,4.53
6198,4.88
6199,4.74
6200,5.0
6201,0.0
6202,5.0
6203,4.94
6204,5.0
6205,5.0
6206,4.96
6207,4.75
6208,4.86
6209,4.72
6210,4.29
6211,4.84
6212,4.4
6213,3.5
6214,4.56
6215,4.0
6216,5.0
6217,0.0
6218,5.0
6219,5.0
6220,4.8
6221,4.33
6222,0.0
6223,5.0
6224,5.0
6225,5.0
6226,4.92
6227,5.0
6228,4.85
6229,4.6
6230,5.0
6231,4.8
6232,4.68
6233,5.0
6234,4.81
6235,5.0
6236,4.79
6237,4.83
6238,4.86
6239,4.5
6240,5.0
6241,4.75
6242,5.0
6243,0.0
6244,0.0
6245,5.0
6246,0.0
6247,4.79
6248,0.0
6249,5.0
6250,5.0
6251,4.95
6252,4.27
6253,4.67
6254,0.0
6255,5.0
6256,0.0
6257,4.68
6258,4.81
6259,0.0
6260,4.75
6261,5.0
6262,5.0
6263,4.89
6264,4.6
6265,4.0
6266,4.55
6267,4.8
6268,4.5
6269,5.0
6270,0.0
6271,4.88
6272,4.82
6273,4.93
6274,0.0
6275,0.0
6276,4.29
6277,4.75
6278,5.0
6279,4.98
6280,4.7
6281,4.87
6282,0.0
6283,4.67
6284,4.73
6285,4.92
6286,4.91
6287,4.5
6288,4.93
6289,0.0
6290,4.76
6291,4.8
6292,4.54
6293,5.0
6294,5.0
6295,4.29
6296,5.0
6297,5.0
6298,0.0
6299,4.96
6300,3.83
6301,0.0
6302,4.33
6303,0.0
6304,4.71
6305,4.33
6306,0.0
6307,5.0
6308,4.71
6309,5.0
6310,5.0
6311,5.0
6312,4.66
6313,4.93
6314,4.64
6315,5.0
6316,5.0
6317,4.9
6318,4.71
6319,0.0
6320,0.0
6321,4.63
6322,3.88
6323,4.76
6324,4.92
6325,5.0
6326,4.56
6327,4.88
6328,4.42
6329,4.0
6330,4.6
6331,4.93
6332,0.0
6333,4.92
6334,0.0
6335,4.76
6336,4.58
6337,4.98
6338,4.94
6339,4.83
6340,4.8
6341,4.7
6342,3.0
6343,4.95
6344,5.0
6345,4.8
6346,3.88
6347,4.82
6348,4.5
6349,4.06
6350,4.5
6351,4.5
6352,5.0
6353,4.63
6354,4.5
6355,5.0
6356,4.99
6357,4.88
6358,4.2
6359,4.95
6360,4.55
6361,0.0
6362,4.5
6363,5.0
6364,5.0
6365,3.86
6366,4.45
6367,4.56
6368,4.79
6369,5.0
6370,4.5
6371,5.0
6372,5.0
6373,5.0
6374,5.0
6375,0.0
6376,0.0
6377,0.0
6378,4.56
6379,0.0
6380,0.0
6381,1.0
6382,0.0
6383,0.0
6384,5.0
6385,4.67
6386,4.56
6387,4.75
6388,4.83
6389,4.5
6390,0.0
6391,4.67
6392,4.67
6393,4.67
6394,2.5
6395,4.82
6396,4.89
6397,4.82
6398,4.74
6399,2.67
6400,3.0
6401,0.0
6402,4.0
6403,4.57
6404,3.0
6405,5.0
6406,0.0
6407,4.5
6408,4.5
6409,0.0
6410,0.0
6411,4.2
6412,0.0
6413,4.54
6414,5.0
6415,4.0
6416,0.0
6417,0.0
6418,3.9
6419,2.5
6420,2.5
6421,5.0
6422,2.0
6423,4.0
6424,4.27
6425,0.0
6426,0.0
6427,5.0
6428,0.0
6429,4.94
6430,4.0
6431,5.0
6432,4.5
6433,5.0
6434,4.4
6435,5.0
6436,5.0
6437,5.0
6438,5.0
6439,3.91
6440,5.0
6441,4.5
6442,0.0
6443,5.0
6444,3.0
6445,0.0
6446,0.0
6447,5.0
6448,4.75
6449,5.0
6450,4.82
6451,4.8
6452,4.77
6453,4.25
6454,5.0
6455,4.75
6456,0.0
6457,4.63
6458,4.24
6459,4.63
6460,5.0
6461,5.0
6462,4.86
6463,4.94
6464,4.97
6465,4.73
6466,5.0
6467,0.0
6468,4.89
6469,5.0
6470,0.0
6471,5.0
6472,5.0
6473,4.94
6474,4.0
6475,4.94
6476,4.95
6477,4.91
6478,4.85
6479,4.86
6480,4.73
6481,4.44
6482,4.91
6483,5.0
6484,4.08
6485,0.0
6486,0.0
6487,0.0
6488,0.0
6489,4.93
6490,4.75
6491,4.11
6492,4.77
6493,4.13
6494,4.95
6495,4.75
6496,4.73
6497,4.83
6498,4.62
6499,4.67
6500,4.27
6501,0.0
6502,4.5
6503,4.17
6504,4.85
6505,4.72
6506,4.57
6507,4.71
6508,4.75
6509,5.0
6510,5.0
6511,4.8
6512,4.84
6513,4.86
6514,4.45
6515,4.0
6516,3.67
6517,5.0
6518,4.69
6519,4.76
6520,0.0
6521,5.0
6522,0.0
6523,4.33
6524,4.92
6525,4.83
6526,5.0
6527,5.0
6528,5.0
6529,5.0
6530,0.0
6531,5.0
6532,4.47
6533,3.25
6534,4.4
6535,4.5
6536,5.0
6537,4.63
6538,4.53
6539,0.0
6540,4.96
6541,0.0
6542,0.0
6543,0.0
6544,4.63
6545,4.83
6546,4.0
6547,4.6
6548,4.86
6549,4.94
6550,4.51
6551,4.67
6552,4.71
6553,4.92
6554,4.69
6555,5.0
6556,0.0
6557,4.67
6558,4.67
6559,5.0
6560,5.0
6561,5.0
6562,4.0
6563,5.0
6564,4.82
6565,5.0
6566,4.85
6567,0.0
6568,5.0
6569,4.62
6570,5.0
6571,4.88
6572,4.88
6573,5.0
6574,0.0
6575,5.0
6576,0.0
6577,3.0
6578,0.0
6579,4.67
6580,5.0
6581,4.68
6582,4.25
6583,1.0
6584,4.76
6585,5.0
6586,0.0
6587,4.5
6588,0.0
6589,4.97
6590,4.88
6591,4.95
6592,3.29
6593,5.0
6594,4.95
6595,4.81
6596,4.75
6597,5.0
6598,4.69
6599,5.0
6600,4.96
6601,4.67
6602,4.59
6603,4.47
6604,4.94
6605,0.0
6606,0.0
6607,0.0
6608,5.0
6609,3.5
6610,5.0
6611,5.0
6612,5.0
6613,4.69
6614,4.86
6615,5.0
6616,4.86
6617,4.17
6618,0.0
6619,4.67
6620,0.0
6621,4.38
6622,5.0
6623,4.74
6624,5.0
6625,4.7
6626,4.71
6627,4.79
6628,5.0
6629,4.5
6630,4.55
6631,4.73
6632,0.0
6633,0.0
6634,4.4
6635,4.25
6636,5.0
6637,5.0
6638,5.0
6639,0.0
6640,3.0
6641,5.0
6642,0.0
6643,0.0
6644,4.2
6645,0.0
6646,4.92
6647,4.37
6648,3.75
6649,4.47
6650,4.29
6651,0.0
6652,5.0
6653,5.0
6654,5.0
6655,0.0
6656,0.0
6657,5.0
6658,3.94
6659,5.0
6660,0.0
6661,5.0
6662,4.6
6663,5.0
6664,4.9
6665,4.5
6666,4.6
6667,4.6
6668,4.43
6669,4.83
6670,4.66
6671,4.41
6672,0.0
6673,4.0
6674,5.0
6675,4.81
6676,5.0
6677,5.0
6678,5.0
6679,4.5
6680,5.0
6681,4.85
6682,4.4
6683,3.67
6684,5.0
6685,4.88
6686,4.47
6687,5.0
6688,4.83
6689,5.0
6690,4.81
6691,4.0
6692,5.0
6693,0.0
6694,4.8
6695,4.22
6696,3.57
6697,4.11
6698,0.0
6699,4.89
6700,4.73
6701,0.0
6702,4.6
6703,4.88
6704,4.59
6705,4.67
6706,4.52
6707,5.0
6708,4.83
6709,0.0
6710,0.0
6711,0.0
6712,4.43
6713,4.3
6714,5.0
6715,5.0
6716,4.81
6717,5.0
6718,4.91
6719,4.59
6720,4.98
6721,4.83
6722,5.0
6723,0.0
6724,4.0
6725,1.0
6726,3.6
6727,4.75
6728,1.0
6729,0.0
6730,4.2
6731,4.47
6732,4.69
6733,4.63
6734,0.0
6735,4.0
6736,5.0
6737,5.0
6738,0.0
6739,4.0
6740,5.0
6741,4.6
6742,4.56
6743,3.33
6744,4.38
6745,4.97
6746,5.0
6747,0.0
6748,0.0
6749,0.0
6750,0.0
6751,0.0
6752,0.0
6753,0.0
6754,0.0
6755,0.0
6756,0.0
6757,0.0
6758,0.0
6759,0.0
6760,0.0
6761,0.0
6762,0.0
6763,0.0
6764,0.0
6765,0.0
6766,0.0
6767,0.0
6768,0.0
6769,0.0
6770,0.0
6771,0.0
6772,0.0
6773,0.0
6774,0.0
6775,0.0
6776,0.0
6777,4.0
6778,5.0
6779,4.89
6780,5.0
6781,4.17
6782,2.0
6783,4.5
6784,0.0
6785,0.0
6786,0.0
6787,0.0
6788,0.0
6789,0.0
6790,0.0
6791,0.0
6792,0.0
6793,0.0
6794,0.0
6795,0.0
6796,0.0
6797,0.0
6798,0.0
6799,0.0
6800,0.0
6801,0.0
6802,0.0
6803,0.0
6804,0.0
6805,0.0
6806,0.0
6807,0.0
6808,0.0
6809,0.0
6810,0.0
6811,0.0
6812,0.0
6813,4.41
6814,4.0
6815,0.0
6816,5.0
6817,5.0
6818,0.0
6819,0.0
6820,0.0
6821,0.0
6822,0.0
6823,0.0
6824,0.0
6825,0.0
6826,0.0
6827,0.0
6828,0.0
6829,0.0
6830,0.0
6831,0.0
6832,0.0
6833,0.0
6834,0.0
6835,0.0
6836,0.0
6837,0.0
6838,0.0
6839,0.0
6840,0.0
6841,0.0
6842,0.0
6843,0.0
6844,0.0
6845,0.0
6846,0.0
6847,0.0
6848,4.33
6849,4.67
6850,4.78
6851,5.0
6852,4.97
6853,5.0
6854,4.6
6855,4.33
6856,4.73
6857,4.67
6858,4.82
6859,4.75
6860,4.74
6861,5.0
6862,5.0
6863,4.62
6864,4.77
6865,4.83
6866,4.85
6867,0.0
6868,0.0
6869,0.0
6870,0.0
6871,0.0
6872,0.0
6873,0.0
6874,0.0
6875,0.0
6876,0.0
6877,0.0
6878,0.0
6879,0.0
6880,0.0
6881,0.0
6882,0.0
6883,0.0
6884,0.0
6885,4.4
6886,0.0
6887,5.0
6888,0.0
6889,0.0
6890,0.0
6891,0.0
6892,0.0
6893,0.0
6894,0.0
6895,0.0
6896,0.0
6897,0.0
6898,0.0
6899,0.0
6900,0.0
6901,0.0
6902,0.0
6903,0.0
6904,0.0
6905,0.0
6906,4.9
6907,4.79
6908,5.0
6909,5.0
6910,3.33
6911,5.0
6912,4.18
6913,4.79
6914,4.86
6915,5.0
6916,5.0
6917,5.0
6918,0.0
6919,0.0
6920,0.0
6921,0.0
6922,0.0
6923,0.0
6924,0.0
6925,0.0
6926,0.0
6927,0.0
6928,0.0
6929,0.0
6930,0.0
6931,0.0
6932,0.0
6933,0.0
6934,0.0
6935,0.0
6936,0.0
6937,0.0
6938,0.0
6939,0.0
6940,5.0
6941,0.0
6942,0.0
6943,0.0
6944,0.0
6945,0.0
6946,0.0
6947,0.0
6948,0.0
6949,0.0
6950,0.0
6951,0.0
6952,0.0
6953,0.0
6954,0.0
6955,0.0
6956,0.0
6957,0.0
6958,0.0
6959,0.0
6960,0.0
6961,0.0
6962,0.0
6963,0.0
6964,0.0
6965,0.0
6966,0.0
6967,0.0
6968,0.0
6969,0.0
6970,0.0
6971,0.0
6972,0.0
6973,0.0
6974,0.0
6975,0.0
6976,0.0
6977,0.0
6978,0.0
6979,0.0
6980,0.0
6981,0.0
6982,0.0
6983,0.0
6984,0.0
6985,0.0
6986,0.0
6987,0.0
6988,0.0
6989,0.0
6990,0.0
6991,0.0
6992,0.0
6993,0.0
6994,0.0
6995,0.0
6996,0.0
6997,0.0
6998,0.0
6999,0.0
7000,0.0
7001,0.0
7002,0.0
7003,0.0
7004,0.0
7005,0.0
7006,0.0
7007,0.0
7008,0.0
7009,0.0
7010,0.0
7011,0.0
7012,0.0
7013,0.0
7014,0.0
7015,0.0
7016,0.0
7017,0.0
7018,0.0
7019,0.0
7020,0.0
7021,0.0
7022,0.0
7023,0.0
7024,0.0
7025,0.0
7026,0.0
7027,0.0
7028,0.0
7029,0.0
7030,4.67
7031,4.86
7032,5.0
7033,5.0
7034,0.0
7035,4.94
7036,4.73
7037,5.0
7038,0.0
7039,4.67
7040,0.0
7041,4.36
7042,4.95
7043,0.0
7044,0.0
7045,4.53
7046,5.0
7047,4.68
7048,4.56
7049,5.0
7050,5.0
7051,0.0
7052,4.9
7053,4.8
7054,5.0
7055,4.5
7056,4.5
7057,4.83
7058,4.78
7059,4.5
7060,4.0
7061,5.0
7062,4.7
7063,4.6
7064,4.54
7065,5.0
7066,5.0
7067,5.0
7068,4.64
7069,0.0
7070,0.0
7071,5.0
7072,0.0
7073,0.0
7074,4.67
7075,0.0
7076,4.33
7077,4.0
7078,5.0
7079,4.96
7080,4.58
7081,0.0
7082,4.73
7083,4.92
7084,5.0
7085,4.42
7086,5.0
7087,4.77
7088,0.0
7089,4.83
7090,3.33
7091,4.38
7092,4.83
7093,5.0
7094,0.0
7095,0.0
7096,4.88
7097,5.0
7098,4.95
7099,4.16
7100,0.0
7101,4.76
7102,0.0
7103,5.0
7104,4.88
7105,4.93
7106,4.9
7107,5.0
7108,4.05
7109,4.96
7110,0.0
7111,4.8
7112,4.8
7113,0.0
7114,5.0
7115,5.0
7116,5.0
7117,4.76
7118,4.5
7119,3.67
7120,4.65
7121,5.0
7122,4.58
7123,4.81
7124,5.0
7125,4.8
7126,4.78
7127,5.0
7128,5.0
7129,4.9
7130,4.5
7131,4.79
7132,5.0
7133,4.94
7134,4.83
7135,5.0
7136,4.83
7137,4.92
7138,4.4
7139,4.2
7140,4.82
7141,5.0
7142,4.75
7143,4.49
7144,5.0
7145,5.0
7146,4.52
7147,5.0
7148,4.52
7149,4.66
7150,4.91
7151,4.6
7152,5.0
7153,5.0
7154,0.0
7155,5.0
7156,0.0
7157,4.75
7158,4.0
7159,5.0
7160,0.0
7161,1.0
7162,4.78
7163,4.41
7164,4.89
7165,0.0
7166,4.56
7167,4.54
7168,4.5
7169,4.67
7170,4.57
7171,4.17
7172,0.0
7173,4.81
7174,4.63
7175,4.97
7176,4.29
7177,4.94
7178,4.6
7179,4.14
7180,4.33
7181,4.88
7182,0.0
7183,0.0
7184,0.0
7185,0.0
7186,4.63
7187,5.0
7188,4.65
7189,5.0
7190,0.0
7191,5.0
7192,4.11
7193,4.78
7194,4.89
7195,0.0
7196,0.0
7197,4.57
7198,5.0
7199,4.75
7200,4.8
7201,4.93
7202,4.0
7203,4.78
7204,4.86
7205,4.26
7206,4.71
7207,4.54
7208,5.0
7209,4.81
7210,5.0
7211,5.0
7212,5.0
7213,5.0
7214,5.0
7215,0.0
7216,4.85
7217,4.31
7218,4.75
7219,4.83
7220,5.0
7221,4.6
7222,4.89
7223,3.5
7224,4.75
7225,5.0
7226,4.56
7227,0.0
7228,0.0
7229,5.0
7230,4.0
7231,5.0
7232,4.95
7233,5.0
7234,4.88
7235,5.0
7236,4.5
7237,4.87
7238,5.0
7239,4.75
7240,4.87
7241,0.0
7242,5.0
7243,4.8
7244,0.0
7245,0.0
7246,4.76
7247,4.87
7248,0.0
7249,4.85
7250,4.88
7251,5.0
7252,4.86
7253,0.0
7254,4.65
7255,4.5
7256,4.67
7257,0.0
7258,5.0
7259,5.0
7260,4.25
7261,3.95
7262,4.0
7263,0.0
7264,3.75
7265,3.67
7266,4.59
7267,4.81
7268,4.31
7269,3.0
7270,4.55
7271,4.9
7272,4.78
7273,4.7
7274,0.0
7275,4.56
7276,4.45
7277,4.28
7278,3.95
7279,4.89
7280,4.87
7281,4.81
7282,4.84
7283,5.0
7284,3.4
7285,4.29
7286,5.0
7287,5.0
7288,4.93
7289,4.33
7290,4.83
7291,4.88
7292,0.0
7293,4.65
7294,4.81
7295,2.0
7296,0.0
7297,0.0
7298,4.91
7299,4.89
7300,0.0
7301,4.57
7302,4.6
7303,4.82
7304,4.75
7305,5.0
7306,5.0
7307,5.0
7308,5.0
7309,5.0
7310,4.89
7311,4.67
7312,0.0
7313,4.92
7314,5.0
7315,0.0
7316,4.33
7317,4.86
7318,4.77
7319,4.0
7320,4.33
7321,4.83
7322,5.0
7323,4.83
7324,4.77
7325,4.85
7326,4.75
7327,5.0
7328,4.97
7329,4.96
7330,0.0
7331,5.0
7332,4.95
7333,5.0
7334,4.82
7335,0.0
7336,5.0
7337,4.57
7338,0.0
7339,4.75
7340,0.0
7341,0.0
7342,4.92
7343,4.54
7344,4.89
7345,0.0
7346,4.8
7347,4.78
7348,4.0
7349,4.75
7350,4.9
7351,4.66
7352,4.86
7353,4.67
7354,0.0
7355,4.81
7356,0.0
7357,0.0
7358,0.0
7359,4.09
7360,4.92
7361,0.0
7362,4.82
7363,4.67
7364,4.83
7365,4.92
7366,4.86
7367,4.91
7368,5.0
7369,5.0
7370,5.0
7371,5.0
7372,4.41
7373,5.0
7374,0.0
7375,5.0
7376,0.0
7377,4.89
7378,3.33
7379,4.0
7380,2.0
7381,5.0
7382,4.76
7383,0.0
7384,5.0
7385,4.41
7386,4.78
7387,4.8
7388,0.0
7389,0.0
7390,4.0
7391,4.33
7392,4.92
7393,3.86
7394,5.0
7395,0.0
7396,0.0
7397,0.0
7398,4.88
7399,4.92
7400,4.84
7401,4.78
7402,4.88
7403,3.67
7404,4.0
7405,5.0
7406,3.73
7407,0.0
7408,4.67
7409,4.86
7410,4.67
7411,0.0
7412,5.0
7413,0.0
7414,0.0
7415,5.0
7416,4.67
7417,5.0
7418,0.0
7419,4.67
7420,0.0
7421,4.29
7422,4.75
7423,5.0
7424,0.0
7425,4.5
7426,4.82
7427,4.92
7428,0.0
7429,4.9
7430,4.15
7431,0.0
7432,0.0
7433,4.78
7434,4.88
7435,5.0
7436,1.0
7437,4.88
7438,4.75
7439,4.96
7440,4.82
7441,3.67
7442,5.0
7443,4.88
7444,0.0
7445,0.0
7446,2.67
7447,5.0
7448,2.0
7449,4.33
7450,2.0
7451,4.4
7452,4.75
7453,4.79
7454,4.81
7455,3.33
7456,2.33
7457,4.0
7458,4.66
7459,4.33
7460,5.0
7461,0.0
7462,4.76
7463,4.33
7464,0.0
7465,4.68
7466,0.0
7467,5.0
7468,5.0
7469,5.0
7470,4.82
7471,5.0
7472,4.92
7473,0.0
7474,4.29
7475,4.71
7476,5.0
7477,4.0
7478,3.0
7479,0.0
7480,5.0
7481,0.0
7482,4.95
7483,4.86
7484,4.6
7485,5.0
7486,4.33
7487,4.5
7488,4.23
7489,5.0
7490,5.0
7491,4.75
7492,5.0
7493,4.8
7494,0.0
7495,4.63
7496,5.0
7497,4.33
7498,4.89
7499,4.85
7500,0.0
7501,0.0
7502,5.0
7503,4.67
7504,4.43
7505,4.6
7506,4.75
7507,2.33
7508,5.0
7509,0.0
7510,4.5
7511,4.79
7512,5.0
7513,4.0
7514,4.0
7515,0.0
7516,0.0
7517,4.88
7518,4.93
7519,5.0
7520,4.91
7521,4.79
7522,3.8
7523,0.0
7524,5.0
7525,4.92
7526,4.0
7527,5.0
7528,4.92
7529,5.0
7530,5.0
7531,4.6
7532,4.75
7533,4.95
7534,4.4
7535,4.92
7536,5.0
7537,5.0
7538,5.0
7539,0.0
7540,4.94
7541,4.48
7542,4.39
7543,5.0
7544,4.5
7545,4.67
7546,5.0
7547,0.0
7548,5.0
7549,0.0
7550,0.0
7551,0.0
7552,4.0
7553,0.0
7554,5.0
7555,0.0
7556,5.0
7557,0.0
7558,0.0
7559,5.0
7560,0.0
7561,2.0
7562,0.0
7563,4.5
7564,5.0
7565,0.0
7566,4.0
7567,0.0
7568,0.0
7569,0.0
7570,0.0
7571,5.0
7572,5.0
7573,5.0
7574,5.0
7575,4.5
7576,0.0
7577,5.0
7578,4.0
7579,4.0
7580,0.0
7581,5.0
7582,0.0
7583,0.0
7584,0.0
7585,3.0
7586,4.6
7587,4.6
7588,0.0
7589,0.0
7590,5.0
7591,5.0
7592,4.61
7593,5.0
7594,5.0
7595,0.0
7596,4.67
7597,4.75
7598,4.78
7599,5.0
7600,0.0
7601,5.0
7602,4.63
7603,4.71
7604,4.55
7605,4.69
7606,5.0
7607,4.67
7608,5.0
7609,4.92
7610,4.8
7611,4.89
7612,4.0
7613,5.0
7614,5.0
7615,5.0
7616,4.44
7617,4.0
7618,5.0
7619,3.67
7620,5.0
7621,4.8
7622,5.0
7623,5.0
7624,5.0
7625,0.0
7626,0.0
7627,5.0
7628,4.9
7629,0.0
7630,5.0
7631,5.0
7632,4.87
7633,4.88
7634,5.0
7635,5.0
7636,4.91
7637,4.89
7638,5.0
7639,0.0
7640,5.0
7641,4.86
7642,5.0
7643,4.75
7644,4.57
7645,4.5
7646,4.83
7647,1.0
7648,3.5
7649,4.75
7650,4.9
7651,3.95
7652,4.67
7653,0.0
7654,0.0
7655,4.5
7656,0.0
7657,4.5
7658,0.0
7659,0.0
7660,4.75
7661,5.0
7662,5.0
7663,0.0
7664,0.0
7665,0.0
7666,0.0
7667,5.0
7668,4.67
7669,5.0
7670,0.0
7671,4.42
7672,5.0
7673,5.0
7674,1.0
7675,4.78
7676,4.0
7677,5.0
7678,4.0
7679,4.8
7680,0.0
7681,0.0
7682,4.68
7683,3.0
7684,5.0
7685,0.0
7686,3.81
7687,4.0
7688,4.93
7689,5.0
7690,0.0
7691,4.86
7692,4.67
7693,4.6
7694,5.0
7695,5.0
7696,3.0
7697,0.0
7698,4.62
7699,4.0
7700,0.0
7701,0.0
7702,4.63
7703,4.8
7704,4.9
7705,3.0
7706,4.63
7707,5.0
7708,5.0
7709,4.5
7710,4.86
7711,4.86
7712,5.0
7713,0.0
7714,4.55
7715,4.71
7716,5.0
7717,0.0
7718,0.0
7719,5.0
7720,4.77
7721,4.82
7722,0.0
7723,4.86
7724,4.25
7725,3.5
7726,4.86
7727,4.76
7728,3.67
7729,4.0
7730,4.9
7731,4.62
7732,4.11
7733,4.0
7734,4.67
7735,4.91
7736,4.85
7737,5.0
7738,0.0
7739,4.7
7740,4.86
7741,4.71
7742,4.64
7743,0.0
7744,0.0
7745,5.0
7746,4.53
7747,5.0
7748,4.73
7749,4.96
7750,0.0
7751,5.0
7752,0.0
7753,0.0
7754,5.0
7755,4.89
7756,4.88
7757,4.94
7758,5.0
7759,4.79
7760,4.69
7761,4.9
7762,0.0
7763,4.75
7764,4.67
7765,5.0
7766,5.0
7767,4.92
7768,0.0
7769,4.67
7770,4.83
7771,4.92
7772,5.0
7773,4.14
7774,0.0
7775,4.88
7776,0.0
7777,4.9
7778,4.71
7779,5.0
7780,4.88
7781,4.75
7782,4.86
7783,4.29
7784,4.42
7785,0.0
7786,4.86
7787,0.0
7788,4.52
7789,0.0
7790,0.0
7791,4.85
7792,4.0
7793,0.0
7794,4.86
7795,4.88
7796,4.38
7797,4.67
7798,4.21
7799,4.94
7800,3.0
7801,4.4
7802,2.5
7803,5.0
7804,5.0
7805,5.0
7806,5.0
7807,4.0
7808,4.64
7809,4.78
7810,0.0
7811,5.0
7812,0.0
7813,5.0
7814,4.64
7815,4.75
7816,3.83
7817,4.4
7818,4.92
7819,4.94
7820,4.69
7821,4.85
7822,4.9
7823,4.71
7824,4.92
7825,4.91
7826,4.73
7827,4.78
7828,4.91
7829,4.9
7830,5.0
7831,4.82
7832,5.0
7833,4.63
7834,3.83
7835,0.0
7836,4.9
7837,5.0
7838,4.9
7839,5.0
7840,0.0
7841,4.94
7842,0.0
7843,4.38
7844,4.8
7845,3.75
7846,5.0
7847,4.86
7848,4.3
7849,4.83
7850,5.0
7851,4.75
7852,4.52
7853,0.0
7854,5.0
7855,0.0
7856,4.62
7857,0.0
7858,0.0
7859,4.89
7860,4.93
7861,4.5
7862,0.0
7863,4.79
7864,5.0
7865,4.64
7866,3.75
7867,4.9
7868,5.0
7869,0.0
7870,3.5
7871,4.8
7872,4.67
7873,0.0
7874,4.5
7875,0.0
7876,5.0
7877,4.67
7878,5.0
7879,4.83
7880,5.0
7881,4.83
7882,0.0
7883,4.92
7884,5.0
7885,5.0
7886,5.0
7887,0.0
7888,5.0
7889,5.0
7890,5.0
7891,4.91
7892,4.83
7893,4.71
7894,5.0
7895,5.0
7896,4.75
7897,5.0
7898,4.93
7899,0.0
7900,4.5
7901,5.0
7902,5.0
7903,4.0
7904,5.0
7905,5.0
7906,5.0
7907,5.0
7908,4.86
7909,5.0
7910,4.9
7911,5.0
7912,4.58
7913,0.0
7914,4.86
7915,4.0
7916,4.88
7917,0.0
7918,4.88
7919,5.0
7920,5.0
7921,4.61
7922,4.73
7923,4.72
7924,5.0
7925,4.75
7926,4.53
7927,0.0
7928,5.0
7929,0.0
7930,0.0
7931,5.0
7932,4.0
7933,4.25
7934,0.0
7935,5.0
7936,4.0
7937,4.88
7938,0.0
7939,4.9
7940,3.67
7941,4.75
7942,4.85
7943,3.5
7944,5.0
7945,0.0
7946,4.75
7947,4.6
7948,4.87
7949,4.82
7950,5.0
7951,4.23
7952,4.93
7953,4.75
7954,4.77
7955,0.0
7956,4.3
7957,4.75
7958,5.0
7959,5.0
7960,4.5
7961,4.83
7962,4.25
7963,4.2
7964,4.6
7965,5.0
7966,4.93
7967,4.88
7968,5.0
7969,0.0
7970,4.75
7971,4.93
7972,4.4
7973,2.0
7974,4.81
7975,4.24
7976,4.45
7977,4.8
7978,4.0
7979,5.0
7980,4.4
7981,0.0
7982,0.0
7983,4.4
7984,0.0
7985,5.0
7986,3.0
7987,0.0
7988,4.67
7989,0.0
7990,4.5
7991,5.0
7992,5.0
7993,4.7
7994,5.0
7995,4.79
7996,4.25
7997,4.78
7998,4.0
7999,4.76
8000,4.4
8001,0.0
8002,5.0
8003,4.83
8004,5.0
8005,4.75
8006,4.77
8007,2.0
8008,5.0
8009,4.95
8010,4.67
8011,5.0
8012,4.71
8013,5.0
8014,4.8
8015,5.0
8016,0.0
8017,5.0
8018,4.92
8019,0.0
8020,4.62
8021,3.5
8022,0.0
8023,4.9
8024,4.93
8025,4.95
8026,0.0
8027,5.0
8028,5.0
8029,0.0
8030,0.0
8031,5.0
8032,5.0
8033,3.0
8034,5.0
8035,0.0
8036,4.45
8037,4.63
8038,5.0
8039,4.82
8040,5.0
8041,4.5
8042,5.0
8043,0.0
8044,0.0
8045,0.0
8046,4.37
8047,4.79
8048,4.78
8049,4.73
8050,5.0
8051,5.0
8052,4.7
8053,0.0
8054,2.5
8055,4.67
8056,4.8
8057,3.5
8058,4.88
8059,5.0
8060,0.0
8061,0.0
8062,4.86
8063,0.0
8064,5.0
8065,5.0
8066,4.62
8067,4.5
8068,4.33
8069,5.0
8070,0.0
8071,4.91
8072,4.86
8073,0.0
8074,4.9
8075,5.0
8076,3.75
8077,5.0
8078,4.0
8079,4.83
8080,5.0
8081,5.0
8082,0.0
8083,5.0
8084,5.0
8085,5.0
8086,4.88
8087,4.82
8088,5.0
8089,0.0
8090,5.0
8091,4.75
8092,4.17
8093,4.5
8094,3.5
8095,4.33
8096,0.0
8097,4.67
8098,5.0
8099,0.0
8100,4.0
8101,5.0
8102,5.0
8103,4.22
8104,4.5
8105,5.0
8106,4.67
8107,4.89
8108,4.79
8109,4.57
8110,5.0
8111,5.0
8112,4.78
8113,4.6
8114,3.5
8115,4.86
8116,4.89
8117,0.0
8118,0.0
8119,0.0
8120,0.0
8121,4.33
8122,4.8
8123,0.0
8124,4.14
8125,0.0
8126,5.0
8127,0.0
8128,4.25
8129,3.67
8130,4.67
8131,5.0
8132,0.0
8133,4.83
8134,5.0
8135,0.0
8136,3.0
8137,4.75
8138,0.0
8139,0.0
8140,5.0
8141,4.75
8142,5.0
8143,4.6
8144,5.0
8145,4.83
8146,0.0
8147,4.33
8148,5.0
8149,4.25
8150,4.83
8151,1.0
8152,0.0
8153,4.83
8154,0.0
8155,4.0
8156,5.0
8157,4.83
8158,4.5
8159,4.88
8160,5.0
8161,4.85
8162,4.0
8163,4.0
8164,5.0
8165,4.88
8166,4.58
8167,5.0
8168,0.0
8169,5.0
8170,5.0
8171,4.75
8172,0.0
8173,0.0
8174,4.83
8175,0.0
8176,5.0
8177,4.73
8178,4.92
8179,4.7
8180,4.61
8181,5.0
8182,4.69
8183,4.67
8184,4.9
8185,5.0
8186,4.6
8187,5.0
8188,5.0
8189,4.88
8190,4.25
8191,4.09
8192,4.71
8193,4.62
8194,4.0
8195,4.75
8196,0.0
8197,0.0
8198,4.86
8199,4.85
8200,4.8
8201,5.0
8202,4.33
8203,5.0
8204,4.89
8205,4.39
8206,4.44
8207,4.5
8208,4.5
8209,5.0
8210,4.83
8211,4.5
8212,4.9
8213,4.67
8214,4.8
8215,4.88
8216,5.0
8217,4.89
8218,4.33
8219,4.6
8220,0.0
8221,4.83
8222,4.43
8223,5.0
8224,5.0
8225,4.33
8226,4.79
8227,0.0
8228,4.1
8229,5.0
8230,4.73
8231,0.0
8232,4.7
8233,4.0
8234,3.0
8235,5.0
8236,5.0
8237,0.0
8238,4.64
8239,5.0
8240,0.0
8241,4.83
8242,0.0
8243,0.0
8244,4.9
8245,4.92
8246,0.0
8247,5.0
8248,0.0
8249,4.0
8250,5.0
8251,4.57
8252,4.73
8253,0.0
8254,4.36
8255,4.5
8256,4.33
8257,4.71
8258,0.0
8259,4.8
8260,4.4
8261,4.5
8262,4.89
8263,5.0
8264,4.67
8265,0.0
8266,4.79
8267,5.0
8268,4.0
8269,4.46
8270,0.0
8271,0.0
8272,3.0
8273,0.0
8274,4.43
8275,4.83
8276,4.0
8277,4.38
8278,3.5
8279,0.0
8280,5.0
8281,0.0
8282,0.0
8283,4.0
8284,5.0
8285,4.93
8286,4.55
8287,4.88
8288,0.0
8289,5.0
8290,4.67
8291,0.0
8292,5.0
8293,4.96
8294,5.0
8295,4.44
8296,0.0
8297,0.0
8298,5.0
8299,5.0
8300,2.5
8301,5.0
8302,5.0
8303,5.0
8304,4.25
8305,0.0
8306,0.0
8307,4.8
8308,0.0
8309,4.91
8310,0.0
8311,4.86
8312,0.0
8313,4.83
8314,5.0
8315,5.0
8316,0.0
8317,4.88
8318,0.0
8319,5.0
8320,4.92
8321,4.86
8322,0.0
8323,5.0
8324,3.71
8325,4.94
8326,0.0
8327,4.8
8328,4.0
8329,4.57
8330,0.0
8331,0.0
8332,5.0
8333,3.0
8334,0.0
8335,5.0
8336,0.0
8337,4.44
8338,4.0
8339,0.0
8340,5.0
8341,5.0
8342,5.0
8343,0.0
8344,5.0
8345,5.0
8346,4.89
8347,4.0
8348,0.0
8349,4.75
8350,3.64
8351,4.5
8352,0.0
8353,5.0
8354,5.0
8355,0.0
8356,5.0
8357,4.5
8358,4.0
8359,5.0
8360,5.0
8361,5.0
8362,4.56
8363,4.5
8364,3.2
8365,4.5
8366,0.0
8367,4.0
8368,0.0
8369,0.0
8370,4.0
8371,4.1
8372,4.0
8373,0.0
8374,4.58
8375,4.71
8376,0.0
8377,5.0
8378,5.0
8379,5.0
8380,4.0
8381,4.5
8382,4.57
8383,4.6
8384,0.0
8385,4.77
8386,4.67
8387,5.0
8388,5.0
8389,0.0
8390,0.0
8391,5.0
8392,5.0
8393,4.67
8394,5.0
8395,4.67
8396,5.0
8397,5.0
8398,5.0
8399,0.0
8400,3.43
8401,2.67
8402,3.33
8403,0.0
8404,1.5
8405,0.0
8406,5.0
8407,5.0
8408,0.0
8409,0.0
8410,0.0
8411,4.67
8412,4.31
8413,5.0
8414,0.0
8415,4.17
8416,5.0
8417,5.0
8418,5.0
8419,4.83
8420,0.0
8421,4.0
8422,4.13
8423,4.2
8424,4.54
8425,5.0
8426,3.0
8427,5.0
8428,0.0
8429,4.0
8430,4.89
8431,3.33
8432,5.0
8433,5.0
8434,5.0
8435,5.0
8436,0.0
8437,4.83
8438,3.43
8439,4.6
8440,4.67
8441,5.0
8442,5.0
8443,5.0
8444,4.88
8445,4.73
8446,4.71
8447,4.4
8448,5.0
8449,4.64
8450,4.88
8451,4.8
8452,0.0
8453,3.67
8454,0.0
8455,1.0
8456,0.0
8457,4.0
8458,4.8
8459,5.0
8460,5.0
8461,5.0
8462,4.29
8463,0.0
8464,0.0
8465,4.75
8466,4.88
8467,0.0
8468,4.93
8469,5.0
8470,0.0
8471,3.5
8472,4.0
8473,5.0
8474,5.0
8475,4.5
8476,5.0
8477,0.0
8478,5.0
8479,5.0
8480,0.0
8481,4.88
8482,5.0
8483,5.0
8484,0.0
8485,4.0
8486,0.0
8487,5.0
8488,4.14
8489,4.5
8490,0.0
8491,5.0
8492,4.5
8493,0.0
8494,5.0
8495,4.0
8496,4.5
8497,5.0
8498,5.0
8499,5.0
8500,0.0
8501,5.0
8502,4.67
8503,0.0
8504,0.0
8505,0.0
8506,0.0
8507,0.0
8508,0.0
8509,0.0
8510,5.0
8511,4.5
8512,0.0
8513,4.48
8514,0.0
8515,0.0
8516,0.0
8517,4.67
8518,0.0
8519,4.44
8520,5.0
8521,2.0
8522,5.0
8523,4.75
8524,0.0
8525,0.0
8526,0.0
8527,5.0
8528,0.0
8529,0.0
8530,3.71
8531,0.0
8532,5.0
8533,0.0
8534,0.0
8535,4.0
8536,3.5
8537,0.0
8538,4.75
8539,4.94
8540,5.0
8541,4.06
8542,5.0
8543,4.5
8544,5.0
8545,0.0
8546,4.67
8547,3.67
8548,4.67
8549,0.0
8550,4.75
8551,4.33
8552,5.0
8553,4.86
8554,5.0
8555,4.71
8556,4.5
8557,4.73
8558,0.0
8559,5.0
8560,4.8
8561,4.5
8562,4.88
8563,2.33
8564,4.5
8565,0.0
8566,4.75
8567,0.0
8568,0.0
8569,0.0
8570,4.83
8571,5.0
8572,5.0
8573,4.8
8574,5.0
8575,0.0
8576,4.67
8577,4.6
8578,4.0
8579,4.17
8580,5.0
8581,0.0
8582,5.0
8583,5.0
8584,3.33
8585,5.0
8586,0.0
8587,5.0
8588,0.0
8589,0.0
8590,4.89
8591,0.0
8592,0.0
8593,0.0
8594,5.0
8595,4.88
8596,0.0
8597,5.0
8598,5.0
8599,5.0
8600,5.0
8601,0.0
8602,5.0
8603,0.0
8604,0.0
8605,0.0
8606,0.0
8607,5.0
8608,4.67
8609,0.0
8610,5.0
8611,0.0
8612,5.0
8613,0.0
8614,4.86
8615,5.0
8616,0.0
8617,4.67
8618,4.25
8619,0.0
8620,4.83
8621,0.0
8622,4.63
8623,5.0
8624,5.0
8625,4.67
8626,4.5
8627,4.18
8628,5.0
8629,4.92
8630,5.0
8631,4.82
8632,5.0
8633,0.0
8634,4.89
8635,5.0
8636,4.89
8637,5.0
8638,4.92
8639,5.0
8640,0.0
8641,4.5
8642,0.0
8643,0.0
8644,4.0
8645,4.78
8646,3.5
8647,4.83
8648,4.1
8649,4.78
8650,5.0
8651,5.0
8652,4.67
8653,0.0
8654,5.0
8655,4.33
8656,0.0
8657,3.0
8658,3.5
8659,0.0
8660,4.0
8661,4.5
8662,5.0
8663,4.88
8664,4.71
8665,5.0
8666,4.3
8667,4.73
8668,4.56
8669,4.69
8670,5.0
8671,0.0
8672,5.0
8673,4.67
8674,5.0
8675,4.33
8676,5.0
8677,4.89
8678,4.6
8679,5.0
8680,5.0
8681,5.0
8682,4.67
8683,4.67
8684,5.0
8685,4.0
8686,0.0
8687,0.0
8688,4.5
8689,5.0
8690,4.86
8691,5.0
8692,0.0
8693,4.95
8694,0.0
8695,4.67
8696,3.25
8697,5.0
8698,4.86
8699,4.67
8700,3.67
8701,4.5
8702,5.0
8703,0.0
8704,0.0
8705,5.0
8706,4.33
8707,0.0
8708,4.0
8709,4.0
8710,4.5
8711,5.0
8712,0.0
8713,5.0
8714,5.0
8715,4.0
8716,5.0
8717,4.64
8718,4.33
8719,4.75
8720,4.86
8721,4.67
8722,4.5
8723,4.8
8724,5.0
8725,0.0
8726,5.0
8727,4.57
8728,5.0
8729,0.0
8730,0.0
8731,5.0
8732,4.83
8733,5.0
8734,5.0
8735,3.33
8736,0.0
8737,0.0
8738,5.0
8739,4.0
8740,0.0
8741,5.0
8742,0.0
8743,4.5
8744,0.0
8745,0.0
8746,4.67
8747,4.0
8748,5.0
8749,0.0
8750,5.0
8751,0.0
8752,0.0
8753,0.0
8754,0.0
8755,5.0
8756,5.0
8757,4.0
8758,5.0
8759,0.0
8760,0.0
8761,4.2
8762,5.0
8763,4.75
8764,0.0
8765,5.0
8766,0.0
8767,5.0
8768,5.0
8769,4.14
8770,4.82
8771,4.28
8772,5.0
8773,0.0
8774,4.67
8775,4.0
8776,4.0
8777,0.0
8778,0.0
8779,4.73
8780,5.0
8781,4.2
8782,4.75
8783,0.0
8784,5.0
8785,4.58
8786,0.0
8787,4.75
8788,4.77
8789,5.0
8790,0.0
8791,0.0
8792,5.0
8793,5.0
8794,0.0
8795,4.83
8796,5.0
8797,5.0
8798,0.0
8799,4.6
8800,0.0
8801,4.82
8802,5.0
8803,0.0
8804,0.0
8805,0.0
8806,0.0
8807,5.0
8808,4.75
8809,4.5
8810,0.0
8811,4.82
8812,0.0
8813,0.0
8814,0.0
8815,4.93
8816,5.0
8817,0.0
8818,0.0
8819,5.0
8820,5.0
8821,5.0
8822,5.0
8823,5.0
8824,5.0
8825,3.2
8826,5.0
8827,4.67
8828,4.86
8829,5.0
8830,5.0
8831,0.0
8832,0.0
8833,0.0
8834,5.0
8835,3.5
8836,3.0
8837,4.13
8838,2.5
8839,5.0
8840,4.25
8841,3.5
8842,4.33
8843,4.75
8844,0.0
8845,5.0
8846,4.82
8847,4.67
8848,5.0
8849,5.0
8850,5.0
8851,5.0
8852,5.0
8853,4.5
8854,5.0
8855,4.75
8856,0.0
8857,5.0
8858,5.0
8859,4.5
8860,4.67
8861,5.0
8862,0.0
8863,5.0
8864,5.0
8865,5.0
8866,0.0
8867,4.52
8868,4.8
8869,2.0
8870,5.0
8871,4.57
8872,5.0
8873,0.0
8874,5.0
8875,0.0
8876,4.0
8877,4.67
8878,5.0
8879,5.0
8880,5.0
8881,4.0
8882,4.5
8883,5.0
8884,4.33
8885,0.0
8886,4.67
8887,0.0
8888,3.0
8889,5.0
8890,0.0
8891,0.0
8892,4.71
8893,5.0
8894,3.63
8895,4.75
8896,5.0
8897,4.4
8898,0.0
8899,5.0
8900,0.0
8901,0.0
8902,5.0
8903,5.0
8904,0.0
8905,5.0
8906,3.0
8907,5.0
8908,0.0
8909,5.0
8910,5.0
8911,0.0
8912,0.0
8913,0.0
8914,4.0
8915,0.0
8916,5.0
8917,5.0
8918,5.0
8919,4.7
8920,0.0
8921,5.0
8922,5.0
8923,3.5
8924,5.0
8925,0.0
8926,4.75
8927,3.0
8928,4.0
8929,5.0
8930,4.67
8931,0.0
8932,5.0
8933,4.5
8934,0.0
8935,4.5
8936,0.0
8937,4.0
8938,5.0
8939,0.0
8940,5.0
8941,4.5
8942,5.0
8943,0.0
8944,5.0
8945,0.0
8946,0.0
8947,0.0
8948,0.0
8949,4.0
8950,4.5
8951,5.0
8952,0.0
8953,5.0
8954,5.0
8955,5.0
8956,5.0
8957,5.0
8958,4.6
8959,3.0
8960,4.5
8961,0.0
8962,5.0
8963,4.4
8964,0.0
8965,0.0
8966,0.0
8967,0.0
8968,5.0
8969,5.0
8970,0.0
8971,5.0
8972,0.0
8973,4.0
8974,3.67
8975,0.0
8976,4.83
8977,4.86
8978,5.0
8979,4.0
8980,0.0
8981,1.0
8982,5.0
8983,5.0
8984,5.0
8985,4.6
8986,5.0
8987,0.0
8988,5.0
8989,5.0
8990,0.0
8991,4.0
8992,3.0
8993,5.0
8994,4.0
8995,5.0
8996,5.0
8997,4.33
8998,5.0
8999,5.0
9000,4.8
9001,0.0
9002,0.0
9003,4.5
9004,5.0
9005,5.0
9006,5.0
9007,3.0
9008,0.0
9009,5.0
9010,5.0
9011,4.86
9012,5.0
9013,5.0
9014,5.0
9015,5.0
9016,0.0
9017,5.0
9018,5.0
9019,4.45
9020,4.6
9021,0.0
9022,5.0
9023,4.5
9024,5.0
9025,4.67
9026,3.75
9027,4.5
9028,5.0
9029,3.0
9030,4.6
9031,5.0
9032,4.9
9033,4.5
9034,0.0
9035,4.5
9036,5.0
9037,0.0
9038,5.0
9039,0.0
9040,4.64
9041,4.67
9042,0.0
9043,0.0
9044,5.0
9045,0.0
9046,0.0
9047,0.0
9048,5.0
9049,0.0
9050,0.0
9051,0.0
9052,0.0
9053,0.0
9054,3.8
9055,0.0
9056,0.0
9057,4.5
9058,0.0
9059,5.0
9060,0.0
9061,5.0
9062,5.0
9063,1.0
9064,4.0
9065,0.0
9066,0.0
9067,1.0
9068,0.0
9069,0.0
9070,2.0
9071,0.0
9072,4.5
9073,0.0
9074,0.0
9075,5.0
9076,0.0
9077,1.0
9078,1.0
9079,5.0
9080,0.0
9081,4.0
9082,4.2
9083,2.0
9084,4.93
9085,0.0
9086,0.0
9087,5.0
9088,0.0
9089,4.5
9090,0.0
9091,0.0
9092,0.0
9093,0.0
9094,5.0
9095,5.0
9096,0.0
9097,0.0
9098,4.5
9099,2.5
9100,0.0
9101,3.0
9102,4.0
9103,4.88
9104,5.0
9105,5.0
9106,4.5
9107,0.0
9108,0.0
9109,0.0
9110,4.67
9111,0.0
9112,5.0
9113,0.0
9114,4.75
9115,0.0
9116,5.0
9117,0.0
9118,5.0
9119,0.0
9120,5.0
9121,0.0
9122,5.0
9123,5.0
9124,5.0
9125,0.0
9126,0.0
9127,0.0
9128,5.0
9129,4.0
9130,0.0
9131,5.0
9132,0.0
9133,4.0
9134,5.0
9135,0.0
9136,5.0
9137,5.0
9138,5.0
9139,4.8
9140,0.0
9141,0.0
9142,5.0
9143,0.0
9144,4.75
9145,5.0
9146,3.0
9147,0.0
9148,5.0
9149,5.0
9150,5.0
9151,0.0
9152,5.0
9153,4.67
9154,4.5
9155,4.75
9156,0.0
9157,0.0
9158,0.0
9159,5.0
9160,0.0
9161,4.5
9162,4.8
9163,5.0
9164,5.0
9165,0.0
9166,2.0
9167,0.0
9168,0.0
9169,5.0
9170,0.0
9171,0.0
9172,0.0
9173,0.0
9174,0.0
9175,5.0
9176,0.0
9177,5.0
9178,0.0
9179,0.0
9180,4.33
9181,0.0
9182,5.0
9183,5.0
9184,0.0
9185,0.0
9186,0.0
9187,0.0
9188,5.0
9189,0.0
9190,5.0
9191,0.0
9192,5.0
9193,0.0
9194,0.0
9195,5.0
9196,0.0
9197,3.0
9198,0.0
9199,0.0
9200,0.0
9201,5.0
9202,5.0
9203,0.0
9204,0.0
9205,0.0
9206,0.0
9207,0.0
9208,5.0
9209,0.0
9210,4.5
9211,4.67
9212,5.0
9213,5.0
9214,5.0
9215,5.0
9216,5.0
9217,0.0
9218,0.0
9219,0.0
9220,5.0
9221,0.0
9222,0.0
9223,0.0
9224,0.0
9225,0.0
9226,4.0
9227,0.0
9228,0.0
9229,5.0
9230,4.25
9231,4.75
9232,0.0
9233,5.0
9234,0.0
9235,2.0
9236,0.0
9237,0.0
9238,0.0
9239,5.0
9240,5.0
9241,5.0
9242,2.0
9243,0.0
9244,0.0
9245,0.0
9246,0.0
9247,0.0
9248,0.0
9249,0.0
9250,5.0
9251,0.0
9252,0.0
9253,5.0
9254,5.0
9255,0.0
9256,0.0
9257,5.0
9258,0.0
9259,0.0
9260,0.0
9261,0.0
9262,0.0
9263,0.0
9264,5.0
9265,0.0
9266,5.0
9267,0.0
9268,0.0
9269,5.0
9270,0.0
9271,5.0
9272,0.0
9273,0.0
9274,0.0
9275,5.0
9276,0.0
9277,0.0
9278,4.75
9279,0.0
9280,4.0
9281,0.0
9282,0.0
9283,0.0
9284,0.0
9285,4.0
9286,0.0
9287,0.0
9288,0.0
9289,5.0
9290,0.0
9291,4.33
9292,0.0
9293,0.0
9294,0.0
9295,5.0
9296,5.0
9297,0.0
9298,0.0
9299,0.0
9300,0.0
9301,0.0
9302,0.0
9303,0.0
9304,5.0
9305,0.0
9306,0.0
9307,0.0
9308,4.0
9309,5.0
9310,5.0
9311,0.0
9312,0.0
9313,4.0
9314,5.0
9315,0.0
9316,0.0
9317,0.0
9318,0.0
9319,0.0
9320,0.0
9321,0.0
9322,0.0
9323,0.0
9324,5.0
9325,5.0
9326,0.0
9327,0.0
9328,5.0
9329,0.0
9330,0.0
9331,0.0
9332,0.0
9333,0.0
9334,0.0
9335,0.0
9336,5.0
9337,0.0
9338,0.0
9339,0.0
9340,5.0
9341,0.0
9342,0.0
9343,5.0
9344,0.0
9345,0.0
9346,5.0
9347,0.0
9348,0.0
9349,0.0
9350,0.0
9351,0.0
9352,0.0
9353,0.0
9354,0.0
9355,0.0
9356,5.0
9357,0.0
9358,0.0
9359,0.0
9360,0.0
9361,0.0
9362,0.0
9363,0.0
9364,0.0
9365,5.0
9366,0.0
9367,4.0
9368,0.0
9369,0.0
9370,0.0
9371,0.0
9372,0.0
9373,0.0
9374,0.0
9375,0.0
9376,0.0
9377,0.0
9378,0.0
9379,0.0
9380,0.0
9381,0.0
9382,0.0
9383,5.0
9384,5.0
9385,5.0
9386,0.0
9387,0.0
9388,0.0
9389,0.0
9390,0.0
9391,0.0
9392,0.0
9393,0.0
9394,5.0
9395,0.0
9396,0.0
9397,0.0
9398,0.0
9399,0.0
9400,0.0
9401,0.0
9402,0.0
9403,0.0
9404,0.0
9405,0.0
9406,5.0
9407,0.0
9408,0.0
9409,0.0
9410,0.0
9411,0.0
9412,0.0
9413,0.0
9414,0.0
9415,0.0
9416,0.0
9417,0.0
9418,0.0
9419,0.0
9420,0.0
9421,5.0
9422,0.0
9423,0.0
9424,0.0
9425,0.0
9426,0.0
9427,0.0
9428,0.0
9429,0.0
9430,0.0
9431,0.0
9432,0.0
9433,0.0
9434,3.0
9435,0.0
9436,5.0
9437,0.0
9438,0.0
9439,0.0
9440,0.0
9441,0.0
9442,0.0
9443,0.0
9444,0.0
9445,0.0
9446,0.0
