,review_scores_checkin
0,4.84
1,5.0
2,4.84
3,4.89
4,4.74
5,4.63
6,4.98
7,4.91
8,4.89
9,5.0
10,4.76
11,4.87
12,4.86
13,4.62
14,4.85
15,0.0
16,4.87
17,4.92
18,4.86
19,4.74
20,4.92
21,4.55
22,4.75
23,4.73
24,4.9
25,4.71
26,4.8
27,4.64
28,4.88
29,4.97
30,4.99
31,4.7
32,4.89
33,4.8
34,4.82
35,4.79
36,4.93
37,4.87
38,4.88
39,4.92
40,4.86
41,4.61
42,4.91
43,4.96
44,4.72
45,4.96
46,4.85
47,4.82
48,4.94
49,4.92
50,4.89
51,4.87
52,4.88
53,4.88
54,4.98
55,4.85
56,4.96
57,4.89
58,4.88
59,4.66
60,4.98
61,4.93
62,4.76
63,0.0
64,4.72
65,4.98
66,4.92
67,4.61
68,4.93
69,4.93
70,4.87
71,4.78
72,4.94
73,4.86
74,4.9
75,4.87
76,4.69
77,4.88
78,4.92
79,4.67
80,4.87
81,4.89
82,4.95
83,4.86
84,4.67
85,4.87
86,4.61
87,4.96
88,4.89
89,4.81
90,4.89
91,4.91
92,4.61
93,4.84
94,4.9
95,4.62
96,4.78
97,4.71
98,4.88
99,4.93
100,4.85
101,4.97
102,4.76
103,4.85
104,4.96
105,4.96
106,4.81
107,4.85
108,4.71
109,4.75
110,4.79
111,4.78
112,4.81
113,4.7
114,4.9
115,4.96
116,4.55
117,4.95
118,4.86
119,4.9
120,0.0
121,4.94
122,4.87
123,4.84
124,4.93
125,4.85
126,4.6
127,4.72
128,4.87
129,4.88
130,4.7
131,4.88
132,4.92
133,4.75
134,4.78
135,4.95
136,4.83
137,4.65
138,4.81
139,4.94
140,4.97
141,4.82
142,4.76
143,4.94
144,4.86
145,4.73
146,4.9
147,4.58
148,4.91
149,4.75
150,4.92
151,4.79
152,4.97
153,4.86
154,5.0
155,4.86
156,4.8
157,4.64
158,4.89
159,4.83
160,4.61
161,0.0
162,0.0
163,5.0
164,4.96
165,4.81
166,4.9
167,4.87
168,4.93
169,4.97
170,4.89
171,4.91
172,5.0
173,4.86
174,0.0
175,4.97
176,4.81
177,4.76
178,4.88
179,4.89
180,4.85
181,4.88
182,4.75
183,4.88
184,4.9
185,4.81
186,4.87
187,4.95
188,4.92
189,4.82
190,4.95
191,5.0
192,4.74
193,4.93
194,4.94
195,4.84
196,4.91
197,4.82
198,4.86
199,4.96
200,4.84
201,4.97
202,4.95
203,4.9
204,4.56
205,4.86
206,0.0
207,5.0
208,4.66
209,4.89
210,4.92
211,4.6
212,4.97
213,4.96
214,4.75
215,4.99
216,4.85
217,4.94
218,4.94
219,4.84
220,4.48
221,4.94
222,4.69
223,4.91
224,4.98
225,4.93
226,4.89
227,4.89
228,4.78
229,4.98
230,4.9
231,4.95
232,4.85
233,4.96
234,4.88
235,4.97
236,4.93
237,4.97
238,4.96
239,4.75
240,4.81
241,4.75
242,4.81
243,4.63
244,4.63
245,4.89
246,4.88
247,4.73
248,4.71
249,4.99
250,4.93
251,4.62
252,4.85
253,4.78
254,4.93
255,4.95
256,4.95
257,4.91
258,4.97
259,4.95
260,5.0
261,4.96
262,4.84
263,4.83
264,4.84
265,4.81
266,4.85
267,4.72
268,4.67
269,4.93
270,4.86
271,4.93
272,0.0
273,4.93
274,5.0
275,4.69
276,4.81
277,4.83
278,4.53
279,4.85
280,0.0
281,4.99
282,4.98
283,0.0
284,4.94
285,4.89
286,4.88
287,4.98
288,4.94
289,4.85
290,5.0
291,4.97
292,4.91
293,4.79
294,0.0
295,4.99
296,4.94
297,4.95
298,4.86
299,4.77
300,4.87
301,0.0
302,4.93
303,4.68
304,4.94
305,4.96
306,4.95
307,4.85
308,4.67
309,4.91
310,4.95
311,4.76
312,5.0
313,4.67
314,4.51
315,4.89
316,4.96
317,4.91
318,4.94
319,4.76
320,5.0
321,4.87
322,5.0
323,4.61
324,4.95
325,4.94
326,4.8
327,4.94
328,4.9
329,4.85
330,4.9
331,4.4
332,4.81
333,4.89
334,4.94
335,4.99
336,4.88
337,4.76
338,4.74
339,4.81
340,4.84
341,4.84
342,4.73
343,4.83
344,5.0
345,4.92
346,4.95
347,4.88
348,4.5
349,4.95
350,4.92
351,4.87
352,4.73
353,4.92
354,5.0
355,5.0
356,4.81
357,4.8
358,4.81
359,4.82
360,4.95
361,5.0
362,4.87
363,4.99
364,4.82
365,4.82
366,4.9
367,4.5
368,4.91
369,4.86
370,4.91
371,4.94
372,4.77
373,4.96
374,4.73
375,4.95
376,4.93
377,4.9
378,4.89
379,4.17
380,4.96
381,4.89
382,4.87
383,4.78
384,4.86
385,4.89
386,4.88
387,4.65
388,4.9
389,4.62
390,4.91
391,4.8
392,4.93
393,4.87
394,4.88
395,4.36
396,4.94
397,4.91
398,4.94
399,5.0
400,4.81
401,4.81
402,4.92
403,4.92
404,4.92
405,4.94
406,4.92
407,4.95
408,4.98
409,4.88
410,4.94
411,4.96
412,4.9
413,4.93
414,4.84
415,4.96
416,4.91
417,4.78
418,4.96
419,5.0
420,4.85
421,4.87
422,4.9
423,4.88
424,4.76
425,4.89
426,4.87
427,4.93
428,4.92
429,5.0
430,4.92
431,4.89
432,4.83
433,5.0
434,4.91
435,4.94
436,4.98
437,4.91
438,4.96
439,4.6
440,4.88
441,4.86
442,4.64
443,4.93
444,3.83
445,4.93
446,4.94
447,4.82
448,4.95
449,4.89
450,4.9
451,4.94
452,4.92
453,4.98
454,4.74
455,4.79
456,4.95
457,4.92
458,5.0
459,4.95
460,4.94
461,5.0
462,4.83
463,3.33
464,4.94
465,4.2
466,4.93
467,4.78
468,4.9
469,4.86
470,4.89
471,4.96
472,0.0
473,4.74
474,4.96
475,4.94
476,4.97
477,4.8
478,4.97
479,4.86
480,4.87
481,4.95
482,4.88
483,4.88
484,4.43
485,4.93
486,4.81
487,4.7
488,4.91
489,4.92
490,4.88
491,4.79
492,4.87
493,4.83
494,4.83
495,4.94
496,4.76
497,4.96
498,4.84
499,4.75
500,4.76
501,4.84
502,4.86
503,4.95
504,4.86
505,4.95
506,4.71
507,4.94
508,4.87
509,4.95
510,4.98
511,4.98
512,4.94
513,4.88
514,4.78
515,4.96
516,4.93
517,4.94
518,3.0
519,4.81
520,4.89
521,5.0
522,4.92
523,4.99
524,4.93
525,4.89
526,4.85
527,4.86
528,4.96
529,4.86
530,0.0
531,4.88
532,4.97
533,4.56
534,4.88
535,4.96
536,4.95
537,4.73
538,4.95
539,4.99
540,4.91
541,4.79
542,4.86
543,4.94
544,4.83
545,5.0
546,5.0
547,4.83
548,4.88
549,4.75
550,4.72
551,4.96
552,4.97
553,4.85
554,4.2
555,4.71
556,3.8
557,4.6
558,4.75
559,4.57
560,4.27
561,4.86
562,4.61
563,4.36
564,4.83
565,4.97
566,4.93
567,4.74
568,4.66
569,4.62
570,4.86
571,5.0
572,4.73
573,4.7
574,4.89
575,4.86
576,4.69
577,0.0
578,4.84
579,4.67
580,4.67
581,4.92
582,4.63
583,4.53
584,4.84
585,4.86
586,4.85
587,4.89
588,4.75
589,4.81
590,4.87
591,4.85
592,4.94
593,4.92
594,4.75
595,5.0
596,4.99
597,4.89
598,4.93
599,4.86
600,4.88
601,4.35
602,4.92
603,4.9
604,4.93
605,4.99
606,4.95
607,4.96
608,4.92
609,4.98
610,4.95
611,4.97
612,4.8
613,4.91
614,4.98
615,4.87
616,4.89
617,4.89
618,4.91
619,4.95
620,4.75
621,5.0
622,4.83
623,4.77
624,4.43
625,4.52
626,5.0
627,4.54
628,4.95
629,4.69
630,4.93
631,4.76
632,4.92
633,4.86
634,4.86
635,4.79
636,4.85
637,4.66
638,4.81
639,4.97
640,4.45
641,4.61
642,4.91
643,4.97
644,4.96
645,4.8
646,5.0
647,4.79
648,4.98
649,4.95
650,4.93
651,4.98
652,4.52
653,4.78
654,5.0
655,5.0
656,4.82
657,4.8
658,4.95
659,4.91
660,4.76
661,4.71
662,4.9
663,4.9
664,5.0
665,4.77
666,5.0
667,4.66
668,4.78
669,4.96
670,4.84
671,4.93
672,4.7
673,5.0
674,5.0
675,5.0
676,4.8
677,5.0
678,5.0
679,4.81
680,4.9
681,4.85
682,4.8
683,4.85
684,4.92
685,4.96
686,4.84
687,4.83
688,4.93
689,4.84
690,4.94
691,4.29
692,4.96
693,4.9
694,4.74
695,4.86
696,4.97
697,4.87
698,4.82
699,4.36
700,4.97
701,4.94
702,4.88
703,4.93
704,4.94
705,4.94
706,4.45
707,4.77
708,4.92
709,4.72
710,0.0
711,4.86
712,5.0
713,4.93
714,4.95
715,4.96
716,4.89
717,4.78
718,0.0
719,4.93
720,4.83
721,4.78
722,5.0
723,4.95
724,4.95
725,4.9
726,4.84
727,4.94
728,5.0
729,4.96
730,4.88
731,4.98
732,4.93
733,4.89
734,4.68
735,4.95
736,4.75
737,4.8
738,4.89
739,4.9
740,5.0
741,4.87
742,4.96
743,4.97
744,4.9
745,4.95
746,4.89
747,4.83
748,4.98
749,4.98
750,4.98
751,4.76
752,4.82
753,4.86
754,5.0
755,5.0
756,4.64
757,4.5
758,4.73
759,4.75
760,4.88
761,4.85
762,4.96
763,4.87
764,4.93
765,4.76
766,4.94
767,4.2
768,4.93
769,4.93
770,4.66
771,4.9
772,4.85
773,4.83
774,4.97
775,4.86
776,4.76
777,5.0
778,4.2
779,5.0
780,4.95
781,4.88
782,0.0
783,4.85
784,4.82
785,4.75
786,4.89
787,4.78
788,4.99
789,5.0
790,4.9
791,4.77
792,4.99
793,5.0
794,5.0
795,4.99
796,4.84
797,4.86
798,4.97
799,4.69
800,4.86
801,4.51
802,4.95
803,5.0
804,4.68
805,4.7
806,5.0
807,4.93
808,5.0
809,5.0
810,4.82
811,4.92
812,4.89
813,4.61
814,4.84
815,4.93
816,4.55
817,4.54
818,4.67
819,4.88
820,0.0
821,4.71
822,4.9
823,4.67
824,4.73
825,4.91
826,4.85
827,4.97
828,4.97
829,5.0
830,4.79
831,4.96
832,4.85
833,5.0
834,4.78
835,5.0
836,5.0
837,4.96
838,4.99
839,4.97
840,0.0
841,4.98
842,4.77
843,4.83
844,4.88
845,4.5
846,4.61
847,4.87
848,4.89
849,4.72
850,4.85
851,4.98
852,4.96
853,4.88
854,4.95
855,4.8
856,4.82
857,5.0
858,4.97
859,4.67
860,4.94
861,4.81
862,4.93
863,4.98
864,4.93
865,4.95
866,4.79
867,4.96
868,4.98
869,5.0
870,4.48
871,0.0
872,4.7
873,4.88
874,4.96
875,4.89
876,5.0
877,0.0
878,4.92
879,4.72
880,4.88
881,4.88
882,4.55
883,4.5
884,4.5
885,4.36
886,4.65
887,0.0
888,4.5
889,4.87
890,4.91
891,4.75
892,4.91
893,4.91
894,4.9
895,4.87
896,4.92
897,5.0
898,5.0
899,4.79
900,4.89
901,4.54
902,4.96
903,4.37
904,4.51
905,4.51
906,4.71
907,4.46
908,4.31
909,4.42
910,4.45
911,4.36
912,4.98
913,4.96
914,4.82
915,4.84
916,4.75
917,4.94
918,4.95
919,4.78
920,5.0
921,4.5
922,4.92
923,4.84
924,4.91
925,4.71
926,4.65
927,4.99
928,4.76
929,4.86
930,4.95
931,4.89
932,4.74
933,4.8
934,4.88
935,4.96
936,4.94
937,4.95
938,4.9
939,0.0
940,5.0
941,4.88
942,4.9
943,4.98
944,4.8
945,4.82
946,4.83
947,4.45
948,4.92
949,4.96
950,4.81
951,4.94
952,4.99
953,4.95
954,5.0
955,4.85
956,4.81
957,4.87
958,4.82
959,4.93
960,4.82
961,4.95
962,5.0
963,4.88
964,4.78
965,4.93
966,4.56
967,4.87
968,4.95
969,4.9
970,4.83
971,4.95
972,4.9
973,4.81
974,4.63
975,4.71
976,0.0
977,4.83
978,4.69
979,4.91
980,4.93
981,4.89
982,4.93
983,4.89
984,3.67
985,4.95
986,4.76
987,4.78
988,5.0
989,5.0
990,4.95
991,4.85
992,4.73
993,4.98
994,4.97
995,4.82
996,4.94
997,4.6
998,4.65
999,4.67
1000,4.81
1001,4.81
1002,4.95
1003,4.82
1004,4.61
1005,4.89
1006,4.78
1007,4.9
1008,4.65
1009,4.83
1010,4.82
1011,4.8
1012,4.92
1013,4.9
1014,4.88
1015,4.86
1016,4.88
1017,4.84
1018,5.0
1019,4.0
1020,4.87
1021,4.94
1022,4.95
1023,4.92
1024,4.73
1025,4.95
1026,4.8
1027,4.85
1028,4.89
1029,4.99
1030,4.98
1031,4.96
1032,4.86
1033,4.81
1034,4.85
1035,4.82
1036,4.91
1037,4.82
1038,4.84
1039,4.88
1040,4.9
1041,4.78
1042,4.77
1043,4.68
1044,4.72
1045,4.96
1046,4.87
1047,4.85
1048,4.73
1049,4.78
1050,4.71
1051,4.85
1052,5.0
1053,4.93
1054,5.0
1055,0.0
1056,4.94
1057,4.94
1058,4.68
1059,4.78
1060,4.73
1061,4.86
1062,4.71
1063,4.88
1064,4.87
1065,4.95
1066,4.9
1067,4.94
1068,4.93
1069,4.16
1070,4.94
1071,4.96
1072,4.66
1073,4.93
1074,4.83
1075,4.8
1076,4.6
1077,4.7
1078,4.75
1079,4.97
1080,3.89
1081,4.95
1082,4.96
1083,4.87
1084,5.0
1085,0.0
1086,4.96
1087,4.93
1088,4.83
1089,4.98
1090,4.97
1091,4.93
1092,4.97
1093,4.58
1094,5.0
1095,4.95
1096,4.69
1097,5.0
1098,4.9
1099,4.0
1100,5.0
1101,4.88
1102,4.91
1103,4.97
1104,4.73
1105,4.61
1106,4.78
1107,4.87
1108,4.87
1109,4.98
1110,4.73
1111,4.87
1112,4.87
1113,4.9
1114,4.9
1115,4.71
1116,4.91
1117,4.91
1118,4.87
1119,4.73
1120,4.9
1121,4.78
1122,4.93
1123,4.75
1124,4.94
1125,4.7
1126,4.94
1127,4.81
1128,4.92
1129,4.86
1130,4.93
1131,4.83
1132,4.95
1133,4.9
1134,4.89
1135,4.6
1136,4.9
1137,4.83
1138,4.97
1139,4.96
1140,4.83
1141,4.87
1142,4.97
1143,4.89
1144,4.91
1145,4.68
1146,4.94
1147,4.61
1148,4.85
1149,4.99
1150,4.93
1151,4.79
1152,5.0
1153,4.96
1154,4.87
1155,4.84
1156,4.95
1157,4.82
1158,4.91
1159,4.86
1160,4.93
1161,5.0
1162,4.0
1163,4.0
1164,4.8
1165,5.0
1166,4.75
1167,5.0
1168,4.67
1169,4.83
1170,4.91
1171,4.88
1172,4.89
1173,4.92
1174,4.96
1175,4.88
1176,4.87
1177,5.0
1178,4.86
1179,4.44
1180,4.73
1181,4.98
1182,4.73
1183,4.66
1184,4.87
1185,4.7
1186,4.71
1187,4.91
1188,4.85
1189,4.82
1190,4.86
1191,4.9
1192,0.0
1193,4.91
1194,4.96
1195,4.96
1196,4.9
1197,4.91
1198,4.97
1199,5.0
1200,4.85
1201,4.95
1202,4.98
1203,4.9
1204,4.98
1205,4.94
1206,4.81
1207,4.67
1208,5.0
1209,4.71
1210,4.89
1211,4.74
1212,4.75
1213,4.97
1214,4.94
1215,4.68
1216,4.92
1217,4.95
1218,4.93
1219,5.0
1220,4.82
1221,4.83
1222,4.88
1223,4.96
1224,4.95
1225,4.97
1226,4.91
1227,4.71
1228,4.43
1229,4.67
1230,4.91
1231,4.84
1232,4.7
1233,0.0
1234,4.45
1235,4.65
1236,4.99
1237,4.96
1238,4.86
1239,4.8
1240,4.88
1241,4.86
1242,4.88
1243,4.9
1244,4.84
1245,4.95
1246,4.95
1247,4.89
1248,4.33
1249,4.89
1250,4.88
1251,4.73
1252,4.88
1253,4.95
1254,4.71
1255,4.83
1256,5.0
1257,4.76
1258,4.88
1259,4.78
1260,4.8
1261,4.75
1262,4.69
1263,4.81
1264,4.77
1265,4.87
1266,4.83
1267,4.92
1268,4.76
1269,4.95
1270,4.85
1271,4.98
1272,5.0
1273,4.9
1274,5.0
1275,4.87
1276,4.71
1277,4.67
1278,4.96
1279,4.86
1280,4.95
1281,4.89
1282,4.86
1283,4.82
1284,4.86
1285,4.89
1286,4.82
1287,4.73
1288,4.88
1289,4.89
1290,4.85
1291,4.8
1292,4.81
1293,4.96
1294,4.86
1295,4.89
1296,4.96
1297,4.89
1298,5.0
1299,4.95
1300,4.77
1301,4.92
1302,4.67
1303,4.93
1304,5.0
1305,4.7
1306,4.89
1307,5.0
1308,4.33
1309,0.0
1310,4.96
1311,4.98
1312,4.91
1313,4.84
1314,4.84
1315,4.91
1316,4.89
1317,4.99
1318,4.84
1319,4.67
1320,5.0
1321,4.94
1322,4.98
1323,4.81
1324,4.99
1325,4.71
1326,4.82
1327,4.87
1328,4.86
1329,0.0
1330,4.13
1331,4.95
1332,4.95
1333,4.86
1334,4.62
1335,4.93
1336,4.9
1337,4.91
1338,4.98
1339,4.96
1340,4.91
1341,4.98
1342,4.78
1343,4.95
1344,4.98
1345,4.85
1346,4.8
1347,4.6
1348,4.7
1349,4.78
1350,4.8
1351,4.71
1352,4.88
1353,4.9
1354,5.0
1355,5.0
1356,4.88
1357,4.57
1358,4.98
1359,4.72
1360,4.89
1361,4.95
1362,4.97
1363,4.83
1364,4.74
1365,4.92
1366,4.83
1367,4.97
1368,4.8
1369,4.44
1370,4.77
1371,5.0
1372,4.91
1373,4.81
1374,4.88
1375,4.22
1376,4.71
1377,4.93
1378,4.95
1379,4.93
1380,4.79
1381,4.94
1382,4.99
1383,4.85
1384,5.0
1385,4.87
1386,4.86
1387,4.87
1388,4.97
1389,4.88
1390,4.99
1391,4.84
1392,4.88
1393,4.95
1394,4.81
1395,4.65
1396,4.0
1397,5.0
1398,4.78
1399,4.91
1400,4.81
1401,4.98
1402,3.6
1403,4.75
1404,4.8
1405,4.77
1406,4.98
1407,4.82
1408,4.86
1409,4.92
1410,4.94
1411,4.97
1412,4.99
1413,4.2
1414,4.8
1415,4.9
1416,4.96
1417,4.95
1418,4.7
1419,4.72
1420,4.65
1421,4.38
1422,4.88
1423,4.79
1424,4.85
1425,4.92
1426,4.93
1427,4.94
1428,4.69
1429,4.48
1430,4.85
1431,4.98
1432,4.89
1433,4.95
1434,4.95
1435,4.93
1436,4.86
1437,4.95
1438,4.97
1439,4.76
1440,4.83
1441,4.82
1442,4.78
1443,4.71
1444,4.92
1445,4.74
1446,5.0
1447,1.0
1448,4.92
1449,4.96
1450,4.84
1451,4.72
1452,4.85
1453,4.91
1454,4.93
1455,4.86
1456,4.83
1457,4.83
1458,4.1
1459,4.72
1460,4.9
1461,4.68
1462,4.73
1463,3.5
1464,4.72
1465,4.89
1466,4.93
1467,4.83
1468,4.91
1469,4.95
1470,4.75
1471,5.0
1472,5.0
1473,5.0
1474,4.75
1475,4.95
1476,4.94
1477,4.9
1478,4.92
1479,4.74
1480,4.91
1481,4.75
1482,4.81
1483,4.75
1484,4.78
1485,4.73
1486,4.91
1487,4.74
1488,4.92
1489,4.83
1490,4.98
1491,4.97
1492,4.6
1493,4.98
1494,4.66
1495,4.93
1496,4.93
1497,4.73
1498,5.0
1499,4.98
1500,4.88
1501,4.85
1502,4.0
1503,4.94
1504,5.0
1505,4.89
1506,4.95
1507,4.91
1508,4.9
1509,4.9
1510,4.92
1511,4.85
1512,4.99
1513,4.82
1514,4.85
1515,4.92
1516,4.94
1517,4.97
1518,4.72
1519,4.92
1520,4.54
1521,4.9
1522,4.91
1523,4.36
1524,4.69
1525,4.97
1526,4.89
1527,4.79
1528,4.75
1529,4.73
1530,0.0
1531,4.88
1532,4.0
1533,4.73
1534,5.0
1535,4.95
1536,4.75
1537,4.89
1538,4.25
1539,4.0
1540,5.0
1541,4.8
1542,5.0
1543,4.83
1544,4.71
1545,4.83
1546,5.0
1547,5.0
1548,0.0
1549,5.0
1550,4.67
1551,4.33
1552,4.89
1553,0.0
1554,4.89
1555,4.8
1556,4.85
1557,4.81
1558,4.87
1559,4.83
1560,4.85
1561,4.81
1562,4.79
1563,4.82
1564,4.78
1565,4.87
1566,4.75
1567,4.9
1568,4.92
1569,4.88
1570,4.83
1571,4.76
1572,4.76
1573,4.81
1574,4.83
1575,4.97
1576,4.31
1577,4.8
1578,0.0
1579,4.85
1580,4.77
1581,4.94
1582,4.91
1583,4.94
1584,4.92
1585,4.96
1586,4.91
1587,4.78
1588,4.33
1589,4.94
1590,4.64
1591,4.7
1592,5.0
1593,4.74
1594,4.78
1595,5.0
1596,4.85
1597,4.65
1598,4.92
1599,0.0
1600,4.12
1601,4.79
1602,4.81
1603,4.87
1604,4.9
1605,4.77
1606,4.27
1607,4.21
1608,4.88
1609,4.79
1610,4.95
1611,4.63
1612,4.77
1613,4.96
1614,4.74
1615,4.71
1616,4.75
1617,4.82
1618,4.84
1619,4.8
1620,4.92
1621,5.0
1622,4.78
1623,4.86
1624,4.44
1625,4.82
1626,0.0
1627,4.74
1628,4.97
1629,4.95
1630,4.91
1631,4.68
1632,4.88
1633,5.0
1634,4.93
1635,4.89
1636,4.69
1637,4.75
1638,5.0
1639,4.83
1640,5.0
1641,4.89
1642,4.81
1643,4.21
1644,4.91
1645,4.82
1646,4.8
1647,4.98
1648,4.93
1649,4.6
1650,4.98
1651,4.86
1652,4.96
1653,3.83
1654,5.0
1655,4.9
1656,4.79
1657,4.92
1658,4.95
1659,5.0
1660,4.53
1661,4.87
1662,4.17
1663,4.96
1664,4.54
1665,4.91
1666,4.75
1667,4.85
1668,4.54
1669,5.0
1670,4.93
1671,4.84
1672,5.0
1673,5.0
1674,4.97
1675,5.0
1676,4.82
1677,4.74
1678,4.88
1679,4.98
1680,4.83
1681,4.86
1682,4.95
1683,4.94
1684,4.8
1685,4.91
1686,4.96
1687,4.99
1688,4.93
1689,4.9
1690,4.91
1691,4.92
1692,4.94
1693,4.99
1694,4.79
1695,4.88
1696,0.0
1697,4.69
1698,4.87
1699,4.93
1700,4.88
1701,4.88
1702,4.71
1703,4.83
1704,4.82
1705,4.9
1706,4.94
1707,4.91
1708,4.74
1709,4.67
1710,4.7
1711,4.98
1712,4.97
1713,0.0
1714,0.0
1715,4.81
1716,4.9
1717,4.76
1718,4.94
1719,4.94
1720,4.95
1721,4.82
1722,4.95
1723,5.0
1724,4.84
1725,4.44
1726,4.93
1727,4.75
1728,5.0
1729,4.81
1730,4.79
1731,4.9
1732,4.88
1733,4.75
1734,4.89
1735,4.82
1736,4.83
1737,4.7
1738,4.84
1739,4.88
1740,4.95
1741,4.9
1742,5.0
1743,4.9
1744,4.57
1745,4.64
1746,4.98
1747,4.71
1748,4.69
1749,4.81
1750,4.97
1751,4.78
1752,4.86
1753,4.88
1754,4.73
1755,4.82
1756,4.88
1757,4.86
1758,4.78
1759,4.8
1760,4.71
1761,4.91
1762,4.82
1763,4.77
1764,4.7
1765,4.82
1766,4.93
1767,4.84
1768,4.93
1769,4.53
1770,4.9
1771,4.94
1772,4.93
1773,4.93
1774,4.85
1775,4.8
1776,4.8
1777,5.0
1778,4.99
1779,4.97
1780,4.86
1781,4.89
1782,4.97
1783,4.96
1784,4.87
1785,4.95
1786,4.96
1787,4.81
1788,4.97
1789,4.71
1790,4.96
1791,4.82
1792,4.81
1793,4.95
1794,4.8
1795,4.94
1796,4.97
1797,4.82
1798,4.75
1799,4.84
1800,4.8
1801,4.84
1802,4.86
1803,4.9
1804,5.0
1805,4.86
1806,4.89
1807,4.87
1808,4.66
1809,4.93
1810,5.0
1811,4.95
1812,4.99
1813,4.99
1814,4.87
1815,4.93
1816,4.81
1817,4.94
1818,0.0
1819,5.0
1820,4.89
1821,0.0
1822,4.85
1823,4.78
1824,4.82
1825,4.93
1826,4.93
1827,4.92
1828,4.99
1829,4.98
1830,4.76
1831,4.92
1832,4.98
1833,5.0
1834,4.94
1835,4.98
1836,4.75
1837,4.97
1838,4.64
1839,4.89
1840,4.78
1841,4.87
1842,4.67
1843,4.92
1844,5.0
1845,4.92
1846,4.68
1847,4.97
1848,4.76
1849,4.85
1850,4.48
1851,4.83
1852,4.96
1853,4.86
1854,4.69
1855,4.91
1856,5.0
1857,0.0
1858,4.77
1859,4.75
1860,4.67
1861,4.8
1862,5.0
1863,4.64
1864,4.81
1865,4.53
1866,4.11
1867,5.0
1868,0.0
1869,4.95
1870,4.95
1871,4.93
1872,4.95
1873,4.87
1874,4.62
1875,4.84
1876,4.71
1877,4.8
1878,4.92
1879,4.93
1880,4.91
1881,4.77
1882,4.97
1883,4.8
1884,4.44
1885,4.91
1886,4.47
1887,4.45
1888,4.22
1889,0.0
1890,4.87
1891,4.87
1892,4.96
1893,4.88
1894,4.51
1895,4.76
1896,4.83
1897,4.88
1898,4.74
1899,4.93
1900,4.0
1901,5.0
1902,4.97
1903,4.97
1904,4.93
1905,4.91
1906,4.97
1907,4.79
1908,4.83
1909,4.99
1910,5.0
1911,4.8
1912,4.81
1913,4.95
1914,4.9
1915,4.86
1916,4.92
1917,4.9
1918,4.92
1919,4.97
1920,4.82
1921,4.79
1922,4.87
1923,4.77
1924,4.92
1925,4.92
1926,0.0
1927,4.86
1928,4.88
1929,4.95
1930,4.95
1931,5.0
1932,4.57
1933,4.83
1934,4.64
1935,4.74
1936,4.45
1937,4.96
1938,5.0
1939,5.0
1940,4.81
1941,4.73
1942,4.88
1943,4.77
1944,4.86
1945,4.94
1946,4.75
1947,4.5
1948,4.93
1949,4.9
1950,4.75
1951,4.6
1952,4.8
1953,5.0
1954,4.86
1955,4.94
1956,4.75
1957,4.89
1958,4.96
1959,4.82
1960,4.55
1961,4.81
1962,4.95
1963,4.76
1964,4.82
1965,4.94
1966,4.5
1967,0.0
1968,0.0
1969,5.0
1970,4.9
1971,0.0
1972,0.0
1973,0.0
1974,0.0
1975,0.0
1976,0.0
1977,5.0
1978,4.73
1979,4.89
1980,4.8
1981,4.5
1982,4.37
1983,4.9
1984,4.7
1985,5.0
1986,4.88
1987,4.98
1988,4.7
1989,4.53
1990,4.82
1991,4.49
1992,4.47
1993,4.92
1994,4.85
1995,4.96
1996,4.13
1997,4.86
1998,4.9
1999,4.0
2000,5.0
2001,4.44
2002,5.0
2003,4.8
2004,4.28
2005,4.9
2006,4.75
2007,4.25
2008,4.87
2009,4.87
2010,4.84
2011,4.0
2012,4.7
2013,4.61
2014,4.89
2015,4.88
2016,4.75
2017,4.9
2018,4.93
2019,4.91
2020,5.0
2021,4.81
2022,4.85
2023,4.68
2024,4.81
2025,5.0
2026,4.94
2027,4.84
2028,4.77
2029,4.91
2030,4.91
2031,3.67
2032,4.6
2033,5.0
2034,4.89
2035,5.0
2036,5.0
2037,4.86
2038,5.0
2039,4.72
2040,4.83
2041,4.96
2042,5.0
2043,5.0
2044,5.0
2045,4.84
2046,0.0
2047,4.75
2048,4.96
2049,4.46
2050,4.86
2051,4.97
2052,4.94
2053,4.91
2054,5.0
2055,4.85
2056,5.0
2057,4.65
2058,4.88
2059,4.81
2060,5.0
2061,4.75
2062,4.33
2063,4.8
2064,4.93
2065,4.82
2066,4.96
2067,5.0
2068,4.87
2069,4.95
2070,4.82
2071,4.89
2072,4.96
2073,4.89
2074,4.8
2075,0.0
2076,0.0
2077,4.84
2078,4.84
2079,4.88
2080,5.0
2081,4.84
2082,5.0
2083,4.88
2084,4.83
2085,4.8
2086,4.71
2087,4.95
2088,4.89
2089,4.67
2090,4.75
2091,0.0
2092,0.0
2093,4.73
2094,0.0
2095,4.84
2096,4.67
2097,4.86
2098,5.0
2099,4.76
2100,4.18
2101,5.0
2102,4.61
2103,4.7
2104,4.5
2105,4.95
2106,4.82
2107,4.86
2108,4.93
2109,4.88
2110,4.97
2111,4.98
2112,5.0
2113,4.78
2114,5.0
2115,4.78
2116,4.84
2117,4.95
2118,4.91
2119,4.98
2120,4.94
2121,4.6
2122,4.84
2123,4.79
2124,4.79
2125,4.84
2126,4.72
2127,4.9
2128,4.87
2129,0.0
2130,4.89
2131,4.92
2132,0.0
2133,4.95
2134,4.93
2135,4.83
2136,4.45
2137,4.79
2138,5.0
2139,4.94
2140,4.87
2141,5.0
2142,4.93
2143,4.96
2144,4.96
2145,4.93
2146,4.92
2147,4.84
2148,4.98
2149,4.95
2150,4.92
2151,5.0
2152,4.34
2153,4.64
2154,4.32
2155,4.88
2156,4.92
2157,4.74
2158,4.81
2159,4.83
2160,4.96
2161,0.0
2162,4.88
2163,4.9
2164,4.76
2165,4.83
2166,4.85
2167,4.95
2168,5.0
2169,4.83
2170,4.88
2171,4.5
2172,4.97
2173,0.0
2174,4.96
2175,4.85
2176,4.73
2177,4.55
2178,5.0
2179,3.75
2180,0.0
2181,4.98
2182,4.85
2183,5.0
2184,5.0
2185,4.95
2186,4.83
2187,4.84
2188,4.87
2189,4.94
2190,4.85
2191,4.93
2192,4.67
2193,5.0
2194,4.2
2195,5.0
2196,0.0
2197,4.67
2198,4.87
2199,4.9
2200,5.0
2201,4.89
2202,4.81
2203,5.0
2204,4.89
2205,5.0
2206,4.95
2207,5.0
2208,4.45
2209,4.86
2210,4.66
2211,4.44
2212,4.83
2213,5.0
2214,4.8
2215,4.81
2216,4.84
2217,4.89
2218,4.83
2219,4.88
2220,4.72
2221,4.94
2222,0.0
2223,4.8
2224,4.75
2225,4.38
2226,4.61
2227,4.59
2228,4.9
2229,4.82
2230,4.79
2231,4.83
2232,3.88
2233,0.0
2234,4.71
2235,4.74
2236,4.62
2237,4.97
2238,4.81
2239,4.95
2240,4.89
2241,4.86
2242,4.58
2243,4.99
2244,4.63
2245,4.9
2246,4.78
2247,4.98
2248,4.39
2249,4.45
2250,4.53
2251,4.62
2252,4.95
2253,4.75
2254,4.75
2255,4.96
2256,4.9
2257,4.82
2258,4.97
2259,4.87
2260,4.87
2261,5.0
2262,4.99
2263,4.64
2264,4.7
2265,4.93
2266,4.87
2267,4.82
2268,4.88
2269,4.79
2270,4.93
2271,4.75
2272,4.86
2273,4.45
2274,4.95
2275,0.0
2276,0.0
2277,4.0
2278,4.97
2279,4.96
2280,4.8
2281,5.0
2282,4.72
2283,4.81
2284,4.98
2285,4.96
2286,4.77
2287,4.97
2288,4.69
2289,5.0
2290,4.98
2291,4.8
2292,4.99
2293,4.95
2294,4.96
2295,4.5
2296,4.83
2297,4.82
2298,3.2
2299,0.0
2300,5.0
2301,5.0
2302,4.9
2303,4.92
2304,4.92
2305,4.96
2306,4.7
2307,4.99
2308,4.98
2309,5.0
2310,4.66
2311,4.0
2312,4.5
2313,4.9
2314,4.96
2315,4.71
2316,4.67
2317,4.36
2318,4.0
2319,4.3
2320,5.0
2321,4.73
2322,4.9
2323,4.98
2324,4.91
2325,4.94
2326,4.99
2327,4.99
2328,0.0
2329,4.88
2330,4.7
2331,4.82
2332,4.9
2333,0.0
2334,4.97
2335,4.75
2336,5.0
2337,4.84
2338,4.67
2339,4.81
2340,4.89
2341,4.85
2342,4.82
2343,4.71
2344,4.76
2345,4.53
2346,4.61
2347,4.88
2348,4.98
2349,5.0
2350,5.0
2351,4.84
2352,5.0
2353,4.89
2354,4.86
2355,4.9
2356,4.91
2357,4.85
2358,4.87
2359,4.93
2360,4.64
2361,4.64
2362,4.62
2363,4.75
2364,4.65
2365,4.88
2366,5.0
2367,4.86
2368,4.85
2369,4.89
2370,5.0
2371,4.89
2372,4.67
2373,4.36
2374,0.0
2375,0.0
2376,4.87
2377,4.5
2378,4.81
2379,4.86
2380,4.89
2381,5.0
2382,5.0
2383,4.5
2384,4.99
2385,4.95
2386,4.84
2387,4.45
2388,4.25
2389,5.0
2390,4.62
2391,4.73
2392,5.0
2393,4.78
2394,4.9
2395,4.24
2396,5.0
2397,4.58
2398,3.0
2399,4.33
2400,4.82
2401,4.29
2402,4.67
2403,4.8
2404,4.71
2405,4.96
2406,4.83
2407,4.91
2408,4.67
2409,4.75
2410,4.86
2411,4.78
2412,4.89
2413,4.92
2414,5.0
2415,4.58
2416,4.77
2417,5.0
2418,4.73
2419,4.7
2420,4.48
2421,0.0
2422,5.0
2423,4.22
2424,4.5
2425,4.44
2426,5.0
2427,4.58
2428,4.96
2429,4.71
2430,4.44
2431,4.78
2432,4.97
2433,4.91
2434,4.88
2435,4.89
2436,4.87
2437,4.8
2438,4.94
2439,4.62
2440,4.61
2441,4.63
2442,4.81
2443,3.5
2444,4.91
2445,4.79
2446,4.79
2447,5.0
2448,4.89
2449,5.0
2450,4.75
2451,4.93
2452,4.94
2453,4.88
2454,4.86
2455,4.51
2456,4.78
2457,4.73
2458,4.94
2459,4.5
2460,4.26
2461,5.0
2462,4.58
2463,4.3
2464,3.88
2465,4.71
2466,4.67
2467,4.81
2468,4.79
2469,4.64
2470,4.69
2471,4.67
2472,4.85
2473,4.59
2474,4.48
2475,4.19
2476,4.86
2477,4.61
2478,4.11
2479,4.99
2480,4.68
2481,4.98
2482,4.42
2483,4.95
2484,4.94
2485,4.91
2486,3.5
2487,4.0
2488,5.0
2489,4.9
2490,0.0
2491,4.65
2492,4.52
2493,0.0
2494,4.81
2495,4.58
2496,4.78
2497,4.95
2498,5.0
2499,4.56
2500,4.71
2501,4.82
2502,4.97
2503,4.74
2504,5.0
2505,4.67
2506,5.0
2507,4.9
2508,4.9
2509,4.67
2510,4.77
2511,4.94
2512,4.84
2513,4.58
2514,4.62
2515,4.94
2516,4.4
2517,4.83
2518,4.72
2519,4.68
2520,4.83
2521,4.87
2522,4.68
2523,4.48
2524,4.68
2525,4.91
2526,4.28
2527,4.57
2528,4.95
2529,4.61
2530,4.49
2531,4.71
2532,4.56
2533,4.95
2534,4.89
2535,4.58
2536,4.8
2537,0.0
2538,4.99
2539,4.82
2540,4.7
2541,4.81
2542,5.0
2543,4.75
2544,5.0
2545,4.87
2546,4.86
2547,4.92
2548,4.76
2549,4.75
2550,4.95
2551,4.83
2552,4.85
2553,4.89
2554,4.94
2555,4.88
2556,4.97
2557,4.9
2558,5.0
2559,4.78
2560,4.88
2561,4.92
2562,4.84
2563,4.8
2564,4.9
2565,4.96
2566,4.86
2567,5.0
2568,5.0
2569,5.0
2570,4.8
2571,4.8
2572,4.94
2573,4.93
2574,4.9
2575,4.91
2576,4.97
2577,4.72
2578,4.8
2579,4.71
2580,4.72
2581,3.75
2582,4.97
2583,4.4
2584,5.0
2585,4.56
2586,5.0
2587,4.91
2588,5.0
2589,4.95
2590,4.71
2591,5.0
2592,4.85
2593,4.67
2594,4.71
2595,4.87
2596,5.0
2597,4.64
2598,4.73
2599,4.9
2600,4.82
2601,5.0
2602,4.65
2603,5.0
2604,4.79
2605,4.94
2606,5.0
2607,4.73
2608,4.74
2609,4.89
2610,4.78
2611,4.98
2612,5.0
2613,4.82
2614,4.79
2615,4.78
2616,5.0
2617,4.93
2618,4.74
2619,4.81
2620,4.93
2621,4.71
2622,4.77
2623,4.61
2624,4.9
2625,4.88
2626,4.99
2627,4.94
2628,4.54
2629,4.61
2630,4.93
2631,4.97
2632,4.91
2633,4.6
2634,4.95
2635,4.88
2636,4.83
2637,5.0
2638,5.0
2639,4.25
2640,4.8
2641,4.93
2642,4.72
2643,4.33
2644,4.6
2645,4.86
2646,4.65
2647,4.95
2648,4.51
2649,4.63
2650,4.75
2651,3.75
2652,4.85
2653,4.91
2654,4.33
2655,4.82
2656,4.63
2657,4.95
2658,4.88
2659,4.97
2660,4.67
2661,4.95
2662,5.0
2663,4.69
2664,5.0
2665,4.76
2666,4.75
2667,4.46
2668,4.96
2669,4.92
2670,4.93
2671,4.57
2672,4.61
2673,4.44
2674,4.91
2675,4.91
2676,4.84
2677,4.5
2678,5.0
2679,5.0
2680,0.0
2681,4.88
2682,4.4
2683,4.65
2684,4.11
2685,4.5
2686,4.67
2687,4.87
2688,4.99
2689,4.72
2690,4.98
2691,4.96
2692,4.85
2693,4.59
2694,5.0
2695,0.0
2696,5.0
2697,4.72
2698,4.78
2699,4.44
2700,4.86
2701,4.89
2702,4.78
2703,4.84
2704,4.5
2705,3.92
2706,4.54
2707,4.91
2708,5.0
2709,4.61
2710,5.0
2711,4.6
2712,4.37
2713,4.68
2714,4.88
2715,5.0
2716,4.96
2717,4.94
2718,4.62
2719,4.71
2720,4.63
2721,4.56
2722,4.95
2723,4.73
2724,4.71
2725,4.5
2726,4.83
2727,4.94
2728,5.0
2729,4.76
2730,4.91
2731,4.9
2732,4.94
2733,5.0
2734,5.0
2735,4.72
2736,4.94
2737,4.75
2738,4.73
2739,4.98
2740,4.82
2741,4.91
2742,4.84
2743,4.84
2744,4.92
2745,4.73
2746,3.71
2747,0.0
2748,4.9
2749,4.96
2750,4.92
2751,4.91
2752,4.9
2753,4.95
2754,4.92
2755,4.97
2756,4.84
2757,4.38
2758,4.73
2759,4.45
2760,5.0
2761,5.0
2762,4.71
2763,4.93
2764,4.67
2765,4.74
2766,5.0
2767,4.0
2768,4.95
2769,4.84
2770,4.86
2771,4.89
2772,4.76
2773,5.0
2774,4.97
2775,4.2
2776,5.0
2777,4.96
2778,4.7
2779,4.79
2780,4.86
2781,0.0
2782,0.0
2783,4.53
2784,5.0
2785,4.33
2786,4.93
2787,4.53
2788,4.98
2789,4.93
2790,5.0
2791,4.85
2792,5.0
2793,4.43
2794,4.88
2795,4.89
2796,4.55
2797,4.9
2798,4.61
2799,4.88
2800,4.93
2801,4.96
2802,4.53
2803,4.38
2804,4.79
2805,5.0
2806,3.0
2807,4.98
2808,4.9
2809,4.93
2810,5.0
2811,4.92
2812,4.91
2813,4.5
2814,4.61
2815,4.74
2816,4.32
2817,4.8
2818,4.91
2819,4.91
2820,5.0
2821,4.88
2822,4.8
2823,4.64
2824,4.81
2825,4.82
2826,4.76
2827,4.52
2828,4.72
2829,4.43
2830,0.0
2831,5.0
2832,4.62
2833,4.96
2834,4.93
2835,4.92
2836,4.51
2837,4.75
2838,4.91
2839,4.93
2840,4.92
2841,4.87
2842,4.96
2843,4.89
2844,4.85
2845,4.76
2846,4.67
2847,4.77
2848,4.26
2849,4.57
2850,5.0
2851,4.71
2852,4.61
2853,4.78
2854,4.79
2855,4.53
2856,5.0
2857,5.0
2858,5.0
2859,4.0
2860,4.64
2861,5.0
2862,4.8
2863,4.67
2864,5.0
2865,4.95
2866,4.61
2867,5.0
2868,4.69
2869,5.0
2870,4.76
2871,4.53
2872,4.43
2873,4.94
2874,4.71
2875,4.93
2876,4.87
2877,4.72
2878,4.39
2879,4.67
2880,4.97
2881,4.59
2882,4.84
2883,4.53
2884,4.66
2885,4.64
2886,4.85
2887,4.69
2888,4.43
2889,5.0
2890,4.25
2891,4.78
2892,4.27
2893,4.71
2894,4.95
2895,5.0
2896,4.91
2897,4.9
2898,4.95
2899,4.91
2900,4.96
2901,4.4
2902,5.0
2903,4.95
2904,4.88
2905,4.63
2906,4.71
2907,4.94
2908,4.9
2909,5.0
2910,4.93
2911,4.63
2912,4.93
2913,4.52
2914,5.0
2915,4.91
2916,4.63
2917,4.5
2918,5.0
2919,5.0
2920,5.0
2921,4.84
2922,4.91
2923,4.9
2924,4.94
2925,4.85
2926,4.97
2927,4.82
2928,4.86
2929,4.83
2930,4.91
2931,4.95
2932,4.91
2933,4.92
2934,0.0
2935,4.58
2936,4.96
2937,4.92
2938,5.0
2939,4.85
2940,4.78
2941,4.77
2942,4.61
2943,5.0
2944,4.99
2945,4.86
2946,4.67
2947,4.66
2948,4.94
2949,4.22
2950,4.65
2951,4.72
2952,4.84
2953,4.68
2954,4.63
2955,4.78
2956,4.9
2957,4.95
2958,5.0
2959,4.9
2960,5.0
2961,4.91
2962,4.98
2963,4.97
2964,4.69
2965,4.94
2966,5.0
2967,5.0
2968,4.8
2969,5.0
2970,4.96
2971,5.0
2972,0.0
2973,0.0
2974,4.97
2975,4.58
2976,4.93
2977,4.93
2978,4.85
2979,4.91
2980,4.93
2981,4.86
2982,4.8
2983,4.84
2984,4.77
2985,4.89
2986,4.95
2987,4.27
2988,4.83
2989,4.89
2990,4.76
2991,4.75
2992,5.0
2993,0.0
2994,4.74
2995,4.35
2996,4.5
2997,4.8
2998,4.73
2999,4.73
3000,5.0
3001,5.0
3002,4.96
3003,4.82
3004,4.94
3005,4.83
3006,5.0
3007,4.96
3008,4.92
3009,4.89
3010,4.87
3011,5.0
3012,4.89
3013,4.81
3014,4.92
3015,4.9
3016,4.81
3017,4.8
3018,4.81
3019,4.83
3020,4.64
3021,4.94
3022,4.94
3023,4.88
3024,0.0
3025,4.96
3026,4.84
3027,4.57
3028,4.91
3029,4.86
3030,4.85
3031,4.85
3032,4.68
3033,4.93
3034,4.95
3035,4.84
3036,4.84
3037,4.67
3038,4.92
3039,0.0
3040,4.81
3041,4.98
3042,5.0
3043,4.91
3044,0.0
3045,5.0
3046,4.44
3047,4.42
3048,4.36
3049,4.42
3050,0.0
3051,4.86
3052,3.0
3053,4.95
3054,4.0
3055,5.0
3056,4.45
3057,4.7
3058,4.33
3059,5.0
3060,4.79
3061,4.81
3062,4.87
3063,5.0
3064,4.94
3065,4.96
3066,4.53
3067,4.71
3068,4.88
3069,4.67
3070,4.64
3071,4.91
3072,5.0
3073,3.75
3074,5.0
3075,4.57
3076,5.0
3077,4.75
3078,4.83
3079,4.84
3080,4.94
3081,4.56
3082,4.83
3083,4.81
3084,5.0
3085,5.0
3086,4.93
3087,5.0
3088,4.92
3089,0.0
3090,4.96
3091,4.94
3092,4.84
3093,4.42
3094,5.0
3095,4.54
3096,4.89
3097,4.91
3098,4.71
3099,4.98
3100,4.74
3101,5.0
3102,4.98
3103,4.86
3104,4.79
3105,4.96
3106,0.0
3107,0.0
3108,4.91
3109,4.91
3110,4.91
3111,4.87
3112,4.82
3113,4.87
3114,5.0
3115,4.95
3116,4.72
3117,4.91
3118,4.76
3119,4.63
3120,4.64
3121,4.6
3122,4.55
3123,4.71
3124,4.77
3125,4.85
3126,4.83
3127,5.0
3128,4.96
3129,5.0
3130,4.82
3131,4.91
3132,4.84
3133,4.64
3134,4.94
3135,4.67
3136,4.86
3137,4.98
3138,4.5
3139,5.0
3140,4.91
3141,4.63
3142,4.91
3143,4.92
3144,4.97
3145,4.7
3146,5.0
3147,4.96
3148,4.87
3149,5.0
3150,4.85
3151,4.86
3152,4.96
3153,4.95
3154,4.69
3155,5.0
3156,4.8
3157,4.9
3158,4.89
3159,4.84
3160,4.54
3161,4.0
3162,4.47
3163,4.96
3164,4.95
3165,4.96
3166,4.92
3167,4.91
3168,4.62
3169,4.94
3170,5.0
3171,5.0
3172,5.0
3173,5.0
3174,4.71
3175,4.75
3176,0.0
3177,5.0
3178,4.83
3179,5.0
3180,5.0
3181,4.8
3182,4.76
3183,5.0
3184,4.86
3185,4.88
3186,4.97
3187,4.74
3188,4.83
3189,4.8
3190,4.92
3191,3.82
3192,4.95
3193,4.94
3194,4.88
3195,4.69
3196,4.44
3197,4.97
3198,4.75
3199,4.93
3200,4.67
3201,4.78
3202,4.83
3203,4.76
3204,4.77
3205,4.97
3206,4.91
3207,4.88
3208,4.64
3209,4.92
3210,4.86
3211,0.0
3212,0.0
3213,4.83
3214,5.0
3215,4.95
3216,4.84
3217,4.67
3218,4.33
3219,4.8
3220,5.0
3221,4.83
3222,4.88
3223,4.5
3224,5.0
3225,4.78
3226,5.0
3227,4.91
3228,4.99
3229,4.89
3230,4.74
3231,0.0
3232,4.86
3233,3.6
3234,5.0
3235,3.5
3236,4.71
3237,4.95
3238,5.0
3239,4.99
3240,4.94
3241,5.0
3242,4.71
3243,4.13
3244,4.89
3245,4.87
3246,4.88
3247,4.72
3248,4.57
3249,4.67
3250,5.0
3251,3.5
3252,4.8
3253,5.0
3254,0.0
3255,0.0
3256,5.0
3257,4.81
3258,4.87
3259,4.89
3260,4.84
3261,5.0
3262,4.92
3263,4.67
3264,4.82
3265,4.33
3266,4.0
3267,5.0
3268,5.0
3269,3.5
3270,4.25
3271,0.0
3272,4.86
3273,1.0
3274,3.67
3275,3.75
3276,1.0
3277,0.0
3278,3.67
3279,1.0
3280,5.0
3281,5.0
3282,5.0
3283,4.33
3284,5.0
3285,4.86
3286,5.0
3287,0.0
3288,5.0
3289,4.08
3290,4.3
3291,5.0
3292,4.5
3293,4.6
3294,4.5
3295,0.0
3296,5.0
3297,1.5
3298,3.0
3299,3.5
3300,4.64
3301,5.0
3302,5.0
3303,4.11
3304,5.0
3305,4.33
3306,3.5
3307,4.67
3308,5.0
3309,4.33
3310,4.5
3311,0.0
3312,0.0
3313,5.0
3314,4.5
3315,4.5
3316,0.0
3317,0.0
3318,4.65
3319,1.0
3320,0.0
3321,0.0
3322,4.33
3323,3.4
3324,3.8
3325,4.25
3326,5.0
3327,0.0
3328,0.0
3329,5.0
3330,0.0
3331,2.5
3332,0.0
3333,5.0
3334,4.97
3335,0.0
3336,4.98
3337,5.0
3338,4.98
3339,4.75
3340,0.0
3341,4.85
3342,4.92
3343,4.94
3344,4.45
3345,4.71
3346,4.97
3347,4.92
3348,4.93
3349,4.95
3350,4.97
3351,5.0
3352,4.92
3353,4.92
3354,4.91
3355,5.0
3356,4.94
3357,4.5
3358,4.14
3359,4.96
3360,4.92
3361,4.69
3362,4.55
3363,4.82
3364,4.93
3365,4.88
3366,4.87
3367,4.77
3368,4.97
3369,4.73
3370,4.72
3371,4.74
3372,4.79
3373,4.17
3374,4.8
3375,4.96
3376,4.94
3377,4.96
3378,4.94
3379,4.94
3380,4.7
3381,4.83
3382,4.87
3383,4.97
3384,4.9
3385,4.88
3386,0.0
3387,4.83
3388,5.0
3389,4.82
3390,0.0
3391,4.79
3392,4.88
3393,4.8
3394,4.77
3395,4.71
3396,4.6
3397,4.95
3398,4.68
3399,4.87
3400,4.93
3401,4.96
3402,0.0
3403,4.5
3404,4.83
3405,4.54
3406,4.8
3407,4.91
3408,4.5
3409,4.5
3410,4.69
3411,4.64
3412,4.4
3413,4.53
3414,4.4
3415,4.86
3416,4.71
3417,4.25
3418,4.71
3419,4.91
3420,4.93
3421,4.98
3422,4.94
3423,4.73
3424,4.65
3425,4.85
3426,4.71
3427,4.84
3428,4.9
3429,5.0
3430,4.9
3431,0.0
3432,5.0
3433,4.86
3434,4.82
3435,4.83
3436,5.0
3437,4.74
3438,4.54
3439,4.55
3440,4.69
3441,4.52
3442,4.55
3443,4.8
3444,4.57
3445,4.82
3446,4.81
3447,5.0
3448,5.0
3449,4.86
3450,5.0
3451,5.0
3452,4.87
3453,4.73
3454,5.0
3455,4.79
3456,4.61
3457,0.0
3458,0.0
3459,4.81
3460,4.93
3461,5.0
3462,4.94
3463,0.0
3464,0.0
3465,0.0
3466,5.0
3467,0.0
3468,4.27
3469,4.89
3470,5.0
3471,0.0
3472,4.84
3473,4.83
3474,4.64
3475,5.0
3476,4.79
3477,5.0
3478,4.7
3479,4.89
3480,4.92
3481,4.37
3482,4.78
3483,5.0
3484,4.94
3485,4.88
3486,3.8
3487,0.0
3488,0.0
3489,4.9
3490,5.0
3491,5.0
3492,4.83
3493,4.81
3494,5.0
3495,4.0
3496,4.77
3497,4.84
3498,4.78
3499,0.0
3500,0.0
3501,5.0
3502,5.0
3503,4.78
3504,4.9
3505,4.77
3506,4.68
3507,4.91
3508,4.94
3509,4.86
3510,4.78
3511,4.81
3512,0.0
3513,4.79
3514,4.68
3515,4.97
3516,5.0
3517,4.78
3518,4.63
3519,5.0
3520,5.0
3521,5.0
3522,5.0
3523,4.86
3524,4.84
3525,5.0
3526,4.97
3527,4.81
3528,4.89
3529,4.79
3530,4.4
3531,4.81
3532,4.89
3533,4.86
3534,4.93
3535,5.0
3536,4.73
3537,4.78
3538,4.6
3539,4.8
3540,4.36
3541,4.94
3542,4.35
3543,4.84
3544,4.63
3545,4.8
3546,4.91
3547,4.79
3548,4.93
3549,4.88
3550,4.97
3551,4.67
3552,4.59
3553,4.93
3554,4.93
3555,5.0
3556,4.97
3557,4.76
3558,4.8
3559,4.98
3560,4.45
3561,4.8
3562,0.0
3563,4.83
3564,5.0
3565,4.75
3566,4.83
3567,4.86
3568,4.82
3569,0.0
3570,0.0
3571,4.94
3572,4.94
3573,4.43
3574,4.96
3575,4.75
3576,4.27
3577,4.97
3578,4.96
3579,5.0
3580,4.67
3581,5.0
3582,5.0
3583,4.92
3584,4.71
3585,4.9
3586,2.78
3587,4.8
3588,4.4
3589,4.92
3590,4.76
3591,4.69
3592,4.9
3593,4.91
3594,4.64
3595,0.0
3596,4.94
3597,4.67
3598,5.0
3599,4.86
3600,5.0
3601,4.95
3602,4.29
3603,4.91
3604,5.0
3605,4.92
3606,3.33
3607,4.0
3608,5.0
3609,3.67
3610,4.0
3611,4.6
3612,4.63
3613,5.0
3614,4.93
3615,4.88
3616,4.81
3617,4.96
3618,4.92
3619,4.94
3620,4.81
3621,4.88
3622,4.71
3623,4.9
3624,4.93
3625,4.85
3626,4.78
3627,4.67
3628,4.97
3629,4.88
3630,4.92
3631,5.0
3632,4.77
3633,5.0
3634,4.93
3635,4.96
3636,4.65
3637,4.42
3638,4.8
3639,4.91
3640,4.91
3641,4.46
3642,5.0
3643,4.59
3644,4.96
3645,4.94
3646,4.89
3647,4.88
3648,4.88
3649,4.61
3650,4.95
3651,5.0
3652,4.86
3653,4.75
3654,4.98
3655,4.94
3656,4.76
3657,4.83
3658,4.59
3659,4.75
3660,4.74
3661,5.0
3662,4.71
3663,4.5
3664,4.71
3665,4.86
3666,5.0
3667,4.14
3668,5.0
3669,3.67
3670,4.98
3671,4.82
3672,5.0
3673,4.95
3674,5.0
3675,4.82
3676,4.0
3677,3.5
3678,3.0
3679,2.5
3680,4.93
3681,4.67
3682,4.68
3683,4.96
3684,5.0
3685,4.88
3686,4.73
3687,4.84
3688,4.96
3689,4.88
3690,5.0
3691,4.75
3692,4.89
3693,0.0
3694,4.7
3695,4.96
3696,3.29
3697,3.0
3698,0.0
3699,4.71
3700,5.0
3701,5.0
3702,4.92
3703,5.0
3704,4.91
3705,3.89
3706,2.0
3707,4.9
3708,4.9
3709,4.95
3710,4.95
3711,4.85
3712,0.0
3713,4.0
3714,4.39
3715,4.69
3716,4.78
3717,5.0
3718,4.96
3719,5.0
3720,4.64
3721,4.86
3722,4.88
3723,4.7
3724,5.0
3725,4.5
3726,4.97
3727,4.1
3728,4.84
3729,4.74
3730,4.85
3731,4.89
3732,0.0
3733,0.0
3734,0.0
3735,5.0
3736,0.0
3737,0.0
3738,0.0
3739,4.53
3740,4.72
3741,5.0
3742,4.8
3743,4.75
3744,0.0
3745,4.98
3746,4.78
3747,4.57
3748,4.77
3749,5.0
3750,5.0
3751,4.84
3752,4.9
3753,4.55
3754,5.0
3755,4.89
3756,4.85
3757,4.75
3758,4.84
3759,4.86
3760,4.33
3761,4.64
3762,4.91
3763,4.79
3764,4.89
3765,4.91
3766,0.0
3767,4.9
3768,4.85
3769,4.56
3770,4.85
3771,4.59
3772,4.92
3773,4.7
3774,4.88
3775,0.0
3776,4.71
3777,5.0
3778,3.75
3779,4.9
3780,4.61
3781,5.0
3782,4.83
3783,4.22
3784,4.43
3785,4.86
3786,4.32
3787,4.94
3788,4.5
3789,4.83
3790,4.96
3791,4.86
3792,4.95
3793,4.96
3794,4.82
3795,4.73
3796,4.78
3797,4.68
3798,4.79
3799,4.75
3800,0.0
3801,4.36
3802,4.85
3803,4.73
3804,4.88
3805,4.85
3806,4.8
3807,4.74
3808,4.97
3809,4.83
3810,5.0
3811,4.91
3812,4.88
3813,4.97
3814,4.62
3815,4.57
3816,4.71
3817,4.69
3818,4.97
3819,4.94
3820,4.66
3821,4.94
3822,4.8
3823,5.0
3824,4.64
3825,5.0
3826,4.85
3827,4.9
3828,5.0
3829,4.99
3830,5.0
3831,4.56
3832,4.87
3833,4.8
3834,4.78
3835,5.0
3836,0.0
3837,5.0
3838,4.98
3839,5.0
3840,4.47
3841,4.67
3842,4.79
3843,4.88
3844,5.0
3845,4.75
3846,4.48
3847,4.79
3848,5.0
3849,4.86
3850,4.88
3851,5.0
3852,5.0
3853,0.0
3854,4.77
3855,5.0
3856,4.64
3857,5.0
3858,4.79
3859,4.72
3860,4.97
3861,4.71
3862,5.0
3863,4.8
3864,4.98
3865,4.67
3866,4.67
3867,4.69
3868,5.0
3869,4.67
3870,4.89
3871,5.0
3872,4.79
3873,5.0
3874,3.0
3875,4.28
3876,4.0
3877,4.77
3878,4.0
3879,4.56
3880,4.38
3881,5.0
3882,4.0
3883,4.4
3884,4.3
3885,4.35
3886,4.19
3887,4.19
3888,4.06
3889,4.55
3890,5.0
3891,4.7
3892,4.18
3893,4.6
3894,4.75
3895,4.8
3896,4.11
3897,4.79
3898,4.8
3899,3.88
3900,4.68
3901,4.31
3902,4.5
3903,4.51
3904,4.84
3905,4.75
3906,5.0
3907,5.0
3908,4.97
3909,4.85
3910,4.69
3911,4.67
3912,5.0
3913,4.7
3914,4.67
3915,4.67
3916,4.94
3917,4.9
3918,5.0
3919,4.76
3920,4.54
3921,5.0
3922,4.96
3923,4.62
3924,4.8
3925,4.87
3926,5.0
3927,0.0
3928,3.5
3929,4.79
3930,4.75
3931,4.88
3932,4.7
3933,4.74
3934,4.91
3935,4.83
3936,4.93
3937,4.82
3938,0.0
3939,4.89
3940,4.97
3941,4.88
3942,4.95
3943,4.61
3944,4.67
3945,5.0
3946,0.0
3947,0.0
3948,4.88
3949,4.89
3950,4.91
3951,4.97
3952,5.0
3953,4.86
3954,5.0
3955,4.87
3956,5.0
3957,4.9
3958,4.61
3959,4.91
3960,5.0
3961,4.92
3962,4.89
3963,4.91
3964,4.8
3965,4.68
3966,4.73
3967,4.7
3968,4.89
3969,4.83
3970,3.33
3971,4.75
3972,4.0
3973,4.31
3974,4.91
3975,4.67
3976,4.88
3977,4.82
3978,4.76
3979,4.83
3980,4.95
3981,4.98
3982,4.9
3983,4.92
3984,4.94
3985,4.97
3986,4.88
3987,4.61
3988,4.56
3989,0.0
3990,4.3
3991,4.91
3992,4.6
3993,4.4
3994,5.0
3995,5.0
3996,5.0
3997,4.57
3998,0.0
3999,5.0
4000,4.76
4001,4.76
4002,4.7
4003,5.0
4004,4.8
4005,4.83
4006,4.92
4007,4.94
4008,5.0
4009,4.74
4010,4.9
4011,4.82
4012,4.6
4013,5.0
4014,4.91
4015,0.0
4016,4.67
4017,5.0
4018,5.0
4019,4.62
4020,4.85
4021,4.87
4022,4.83
4023,4.92
4024,4.96
4025,5.0
4026,4.63
4027,4.68
4028,5.0
4029,5.0
4030,4.9
4031,4.88
4032,4.0
4033,4.93
4034,5.0
4035,4.92
4036,5.0
4037,4.81
4038,4.93
4039,4.75
4040,4.87
4041,4.8
4042,5.0
4043,4.83
4044,4.83
4045,4.5
4046,4.8
4047,4.84
4048,3.5
4049,5.0
4050,0.0
4051,4.89
4052,4.81
4053,4.84
4054,4.8
4055,4.69
4056,4.67
4057,4.95
4058,4.94
4059,4.54
4060,4.43
4061,4.0
4062,5.0
4063,0.0
4064,5.0
4065,4.92
4066,5.0
4067,5.0
4068,4.67
4069,5.0
4070,4.96
4071,4.9
4072,4.6
4073,4.94
4074,5.0
4075,4.82
4076,1.0
4077,0.0
4078,5.0
4079,4.89
4080,0.0
4081,4.48
4082,4.96
4083,5.0
4084,4.64
4085,4.78
4086,4.47
4087,4.73
4088,4.33
4089,5.0
4090,4.55
4091,4.6
4092,5.0
4093,0.0
4094,4.71
4095,5.0
4096,4.77
4097,4.89
4098,4.76
4099,4.78
4100,4.8
4101,5.0
4102,0.0
4103,5.0
4104,4.89
4105,4.88
4106,4.87
4107,5.0
4108,0.0
4109,4.87
4110,4.67
4111,4.69
4112,4.92
4113,0.0
4114,4.75
4115,5.0
4116,4.95
4117,4.93
4118,5.0
4119,4.71
4120,4.8
4121,4.85
4122,4.5
4123,4.9
4124,5.0
4125,4.68
4126,5.0
4127,4.84
4128,4.8
4129,5.0
4130,4.93
4131,4.94
4132,4.99
4133,4.93
4134,0.0
4135,4.95
4136,4.82
4137,5.0
4138,5.0
4139,4.5
4140,0.0
4141,0.0
4142,5.0
4143,5.0
4144,4.92
4145,0.0
4146,4.93
4147,4.83
4148,4.9
4149,4.89
4150,0.0
4151,0.0
4152,0.0
4153,4.71
4154,4.78
4155,4.41
4156,4.77
4157,4.95
4158,4.89
4159,5.0
4160,4.75
4161,4.83
4162,4.92
4163,4.64
4164,5.0
4165,4.93
4166,4.59
4167,4.91
4168,5.0
4169,4.83
4170,5.0
4171,4.95
4172,5.0
4173,4.84
4174,4.88
4175,4.89
4176,4.68
4177,4.9
4178,5.0
4179,4.91
4180,4.95
4181,4.95
4182,4.89
4183,4.92
4184,0.0
4185,4.83
4186,4.9
4187,4.87
4188,5.0
4189,4.71
4190,5.0
4191,5.0
4192,4.79
4193,4.91
4194,4.91
4195,4.73
4196,4.85
4197,4.96
4198,4.71
4199,4.78
4200,4.83
4201,4.8
4202,4.8
4203,4.9
4204,4.96
4205,4.92
4206,4.94
4207,0.0
4208,4.93
4209,4.78
4210,4.73
4211,4.74
4212,4.84
4213,4.74
4214,4.62
4215,4.61
4216,4.72
4217,5.0
4218,4.91
4219,4.82
4220,4.86
4221,4.9
4222,4.94
4223,4.88
4224,4.97
4225,4.91
4226,4.91
4227,4.64
4228,4.84
4229,4.88
4230,4.94
4231,4.95
4232,4.55
4233,0.0
4234,5.0
4235,5.0
4236,4.93
4237,4.98
4238,5.0
4239,4.89
4240,1.5
4241,4.92
4242,4.94
4243,0.0
4244,4.72
4245,4.79
4246,4.95
4247,4.87
4248,4.91
4249,4.89
4250,4.78
4251,4.82
4252,5.0
4253,0.0
4254,4.85
4255,0.0
4256,5.0
4257,4.82
4258,4.9
4259,4.92
4260,5.0
4261,4.67
4262,4.73
4263,5.0
4264,4.83
4265,4.4
4266,4.79
4267,4.91
4268,0.0
4269,4.69
4270,4.91
4271,4.5
4272,5.0
4273,4.93
4274,4.9
4275,4.85
4276,4.57
4277,4.95
4278,5.0
4279,5.0
4280,4.91
4281,4.54
4282,4.61
4283,5.0
4284,4.82
4285,5.0
4286,0.0
4287,4.86
4288,4.93
4289,4.91
4290,4.54
4291,4.87
4292,4.83
4293,0.0
4294,5.0
4295,4.92
4296,4.87
4297,4.94
4298,4.89
4299,4.42
4300,4.78
4301,4.88
4302,5.0
4303,4.83
4304,4.67
4305,4.74
4306,4.9
4307,4.84
4308,4.63
4309,4.75
4310,4.75
4311,0.0
4312,4.83
4313,4.98
4314,4.85
4315,4.87
4316,5.0
4317,5.0
4318,4.05
4319,4.8
4320,4.63
4321,5.0
4322,5.0
4323,4.88
4324,0.0
4325,4.86
4326,4.68
4327,4.71
4328,4.88
4329,4.87
4330,4.96
4331,4.8
4332,4.78
4333,4.98
4334,4.82
4335,4.94
4336,4.89
4337,5.0
4338,4.94
4339,4.86
4340,0.0
4341,5.0
4342,0.0
4343,5.0
4344,5.0
4345,4.0
4346,3.0
4347,4.96
4348,4.91
4349,4.77
4350,5.0
4351,4.79
4352,4.8
4353,4.62
4354,4.23
4355,4.74
4356,4.72
4357,4.91
4358,4.88
4359,0.0
4360,4.89
4361,5.0
4362,4.98
4363,4.69
4364,4.97
4365,4.88
4366,4.88
4367,4.71
4368,4.86
4369,4.5
4370,4.88
4371,4.75
4372,4.17
4373,4.92
4374,4.87
4375,4.45
4376,4.95
4377,4.81
4378,4.86
4379,4.98
4380,4.72
4381,4.95
4382,0.0
4383,4.77
4384,4.65
4385,5.0
4386,4.94
4387,4.75
4388,4.94
4389,5.0
4390,5.0
4391,0.0
4392,5.0
4393,0.0
4394,4.96
4395,5.0
4396,4.78
4397,4.73
4398,4.94
4399,4.94
4400,1.0
4401,4.9
4402,5.0
4403,4.94
4404,4.75
4405,4.88
4406,4.48
4407,5.0
4408,0.0
4409,5.0
4410,4.78
4411,5.0
4412,4.87
4413,4.97
4414,0.0
4415,4.0
4416,4.6
4417,5.0
4418,4.63
4419,4.84
4420,4.88
4421,4.73
4422,5.0
4423,4.91
4424,0.0
4425,5.0
4426,4.8
4427,4.75
4428,4.96
4429,5.0
4430,4.85
4431,4.9
4432,4.8
4433,4.76
4434,4.89
4435,5.0
4436,4.94
4437,4.98
4438,4.96
4439,4.88
4440,5.0
4441,4.87
4442,5.0
4443,5.0
4444,4.69
4445,4.92
4446,4.67
4447,4.94
4448,0.0
4449,0.0
4450,4.95
4451,5.0
4452,4.75
4453,4.77
4454,4.98
4455,4.84
4456,4.85
4457,4.75
4458,4.68
4459,4.29
4460,0.0
4461,4.88
4462,5.0
4463,4.93
4464,4.23
4465,4.0
4466,4.78
4467,4.85
4468,4.95
4469,4.95
4470,5.0
4471,4.48
4472,4.92
4473,4.79
4474,4.5
4475,0.0
4476,4.94
4477,0.0
4478,4.9
4479,5.0
4480,4.8
4481,4.9
4482,4.32
4483,4.63
4484,4.83
4485,4.91
4486,4.88
4487,4.95
4488,4.81
4489,4.86
4490,4.91
4491,4.96
4492,4.75
4493,4.81
4494,4.83
4495,4.5
4496,5.0
4497,5.0
4498,5.0
4499,5.0
4500,5.0
4501,0.0
4502,5.0
4503,0.0
4504,4.92
4505,4.67
4506,0.0
4507,5.0
4508,0.0
4509,4.88
4510,5.0
4511,4.95
4512,0.0
4513,0.0
4514,0.0
4515,4.93
4516,4.83
4517,4.8
4518,4.72
4519,5.0
4520,4.33
4521,4.9
4522,4.81
4523,4.93
4524,4.94
4525,4.81
4526,5.0
4527,4.88
4528,4.86
4529,4.79
4530,4.68
4531,4.95
4532,4.65
4533,4.93
4534,4.58
4535,4.33
4536,0.0
4537,5.0
4538,2.0
4539,5.0
4540,5.0
4541,0.0
4542,5.0
4543,4.85
4544,4.85
4545,4.25
4546,4.0
4547,4.74
4548,5.0
4549,4.93
4550,4.9
4551,5.0
4552,5.0
4553,4.96
4554,5.0
4555,4.88
4556,4.92
4557,5.0
4558,4.79
4559,4.94
4560,5.0
4561,4.78
4562,4.92
4563,4.8
4564,4.94
4565,0.0
4566,4.78
4567,4.67
4568,5.0
4569,4.66
4570,5.0
4571,4.83
4572,4.95
4573,4.5
4574,4.81
4575,4.79
4576,4.4
4577,4.82
4578,4.85
4579,4.34
4580,4.8
4581,4.5
4582,4.9
4583,5.0
4584,4.94
4585,4.93
4586,4.75
4587,4.92
4588,4.92
4589,4.5
4590,4.67
4591,4.93
4592,0.0
4593,4.93
4594,4.0
4595,4.38
4596,0.0
4597,4.85
4598,4.33
4599,4.67
4600,4.5
4601,4.72
4602,4.88
4603,0.0
4604,4.33
4605,4.68
4606,0.0
4607,4.67
4608,4.97
4609,4.76
4610,5.0
4611,5.0
4612,0.0
4613,4.83
4614,0.0
4615,4.91
4616,4.8
4617,4.94
4618,4.78
4619,4.0
4620,4.84
4621,0.0
4622,4.77
4623,5.0
4624,4.9
4625,4.81
4626,4.69
4627,4.87
4628,5.0
4629,4.91
4630,0.0
4631,4.86
4632,4.5
4633,4.94
4634,4.42
4635,4.66
4636,4.67
4637,5.0
4638,4.35
4639,4.94
4640,4.84
4641,0.0
4642,5.0
4643,4.07
4644,4.17
4645,4.75
4646,4.66
4647,4.22
4648,4.92
4649,4.71
4650,4.68
4651,4.97
4652,4.83
4653,4.74
4654,0.0
4655,4.92
4656,4.87
4657,4.69
4658,4.81
4659,4.57
4660,4.75
4661,0.0
4662,5.0
4663,4.6
4664,0.0
4665,4.89
4666,4.84
4667,4.94
4668,5.0
4669,4.83
4670,4.82
4671,4.73
4672,5.0
4673,5.0
4674,4.4
4675,5.0
4676,4.89
4677,5.0
4678,4.71
4679,5.0
4680,4.86
4681,4.83
4682,5.0
4683,4.47
4684,5.0
4685,4.85
4686,4.67
4687,4.88
4688,4.89
4689,4.99
4690,5.0
4691,4.98
4692,4.75
4693,4.92
4694,5.0
4695,5.0
4696,0.0
4697,0.0
4698,4.88
4699,4.8
4700,4.83
4701,5.0
4702,4.93
4703,4.5
4704,5.0
4705,5.0
4706,4.82
4707,5.0
4708,4.94
4709,0.0
4710,4.0
4711,4.89
4712,3.86
4713,4.67
4714,4.73
4715,4.75
4716,5.0
4717,4.97
4718,4.92
4719,4.83
4720,4.78
4721,4.79
4722,4.89
4723,4.87
4724,5.0
4725,4.83
4726,4.86
4727,5.0
4728,0.0
4729,0.0
4730,5.0
4731,4.43
4732,4.71
4733,0.0
4734,4.74
4735,4.71
4736,5.0
4737,4.84
4738,5.0
4739,4.88
4740,4.5
4741,4.86
4742,4.83
4743,5.0
4744,4.0
4745,4.83
4746,4.5
4747,5.0
4748,4.5
4749,4.5
4750,4.67
4751,5.0
4752,4.86
4753,4.95
4754,5.0
4755,0.0
4756,4.44
4757,5.0
4758,4.58
4759,4.91
4760,4.87
4761,4.62
4762,5.0
4763,4.93
4764,4.83
4765,4.94
4766,4.92
4767,4.94
4768,4.94
4769,4.87
4770,5.0
4771,0.0
4772,5.0
4773,4.92
4774,4.86
4775,4.62
4776,4.78
4777,4.83
4778,4.64
4779,4.81
4780,4.67
4781,4.88
4782,0.0
4783,4.93
4784,4.77
4785,4.75
4786,0.0
4787,0.0
4788,4.79
4789,5.0
4790,4.88
4791,4.87
4792,4.5
4793,4.89
4794,0.0
4795,4.74
4796,4.65
4797,0.0
4798,5.0
4799,4.97
4800,0.0
4801,5.0
4802,4.64
4803,4.63
4804,0.0
4805,4.53
4806,0.0
4807,4.6
4808,0.0
4809,4.88
4810,5.0
4811,4.84
4812,4.95
4813,5.0
4814,5.0
4815,0.0
4816,5.0
4817,4.89
4818,4.87
4819,4.88
4820,4.8
4821,4.83
4822,4.33
4823,5.0
4824,5.0
4825,5.0
4826,4.86
4827,4.5
4828,4.45
4829,4.47
4830,4.63
4831,4.7
4832,5.0
4833,5.0
4834,0.0
4835,3.79
4836,4.89
4837,5.0
4838,5.0
4839,4.75
4840,4.7
4841,4.7
4842,5.0
4843,4.81
4844,4.94
4845,5.0
4846,5.0
4847,4.81
4848,5.0
4849,4.92
4850,4.5
4851,0.0
4852,5.0
4853,4.79
4854,4.95
4855,5.0
4856,4.86
4857,4.85
4858,4.86
4859,4.96
4860,4.84
4861,4.67
4862,4.0
4863,4.89
4864,5.0
4865,4.81
4866,4.97
4867,5.0
4868,5.0
4869,5.0
4870,4.2
4871,4.77
4872,4.0
4873,0.0
4874,5.0
4875,2.5
4876,0.0
4877,4.91
4878,4.9
4879,4.93
4880,4.93
4881,5.0
4882,4.76
4883,4.85
4884,4.69
4885,4.8
4886,0.0
4887,4.97
4888,4.86
4889,4.33
4890,4.8
4891,5.0
4892,4.93
4893,4.88
4894,0.0
4895,4.0
4896,4.29
4897,4.94
4898,4.9
4899,5.0
4900,4.94
4901,4.9
4902,4.92
4903,4.95
4904,4.83
4905,4.86
4906,4.69
4907,4.81
4908,4.75
4909,5.0
4910,4.95
4911,4.72
4912,4.05
4913,4.25
4914,5.0
4915,4.79
4916,5.0
4917,5.0
4918,4.5
4919,4.92
4920,4.38
4921,4.67
4922,4.5
4923,5.0
4924,4.84
4925,4.55
4926,4.88
4927,4.79
4928,4.77
4929,4.9
4930,4.79
4931,4.63
4932,2.0
4933,4.86
4934,4.5
4935,5.0
4936,0.0
4937,4.83
4938,5.0
4939,4.0
4940,4.67
4941,4.88
4942,4.94
4943,4.92
4944,4.93
4945,4.84
4946,4.96
4947,4.96
4948,4.97
4949,4.79
4950,4.94
4951,5.0
4952,4.76
4953,4.56
4954,4.67
4955,4.82
4956,4.94
4957,4.95
4958,0.0
4959,3.67
4960,4.8
4961,4.8
4962,4.95
4963,4.6
4964,4.94
4965,5.0
4966,4.89
4967,5.0
4968,5.0
4969,4.81
4970,0.0
4971,4.8
4972,4.89
4973,4.94
4974,4.73
4975,4.94
4976,4.33
4977,5.0
4978,4.78
4979,4.89
4980,4.43
4981,4.86
4982,4.88
4983,4.95
4984,4.67
4985,4.79
4986,4.92
4987,4.88
4988,4.7
4989,4.33
4990,4.83
4991,4.92
4992,4.94
4993,0.0
4994,4.89
4995,4.87
4996,4.82
4997,4.88
4998,4.97
4999,4.94
5000,4.73
5001,3.91
5002,4.67
5003,5.0
5004,4.7
5005,4.53
5006,4.83
5007,4.83
5008,4.91
5009,4.17
5010,1.0
5011,5.0
5012,4.5
5013,4.92
5014,4.33
5015,5.0
5016,4.92
5017,4.5
5018,4.74
5019,4.73
5020,4.58
5021,0.0
5022,5.0
5023,4.7
5024,4.75
5025,5.0
5026,4.89
5027,4.95
5028,4.71
5029,4.85
5030,4.93
5031,4.52
5032,5.0
5033,4.8
5034,4.9
5035,4.84
5036,4.87
5037,4.75
5038,4.76
5039,4.88
5040,5.0
5041,4.75
5042,5.0
5043,4.67
5044,4.84
5045,4.86
5046,0.0
5047,4.75
5048,4.67
5049,4.84
5050,4.67
5051,5.0
5052,2.0
5053,4.67
5054,4.99
5055,4.75
5056,4.71
5057,4.89
5058,4.78
5059,4.99
5060,4.92
5061,0.0
5062,0.0
5063,0.0
5064,4.67
5065,0.0
5066,0.0
5067,4.97
5068,4.98
5069,5.0
5070,4.86
5071,5.0
5072,4.8
5073,0.0
5074,4.77
5075,4.75
5076,4.84
5077,0.0
5078,4.0
5079,4.65
5080,4.95
5081,4.17
5082,4.97
5083,4.9
5084,5.0
5085,5.0
5086,5.0
5087,4.4
5088,4.98
5089,4.72
5090,4.88
5091,0.0
5092,2.5
5093,5.0
5094,0.0
5095,4.71
5096,4.95
5097,5.0
5098,4.0
5099,4.74
5100,4.95
5101,0.0
5102,3.0
5103,5.0
5104,5.0
5105,4.7
5106,5.0
5107,4.84
5108,4.6
5109,4.67
5110,3.0
5111,4.92
5112,5.0
5113,4.92
5114,4.61
5115,5.0
5116,4.88
5117,5.0
5118,4.95
5119,5.0
5120,4.81
5121,0.0
5122,0.0
5123,0.0
5124,0.0
5125,4.85
5126,5.0
5127,0.0
5128,4.78
5129,0.0
5130,4.8
5131,5.0
5132,5.0
5133,5.0
5134,0.0
5135,0.0
5136,4.91
5137,4.84
5138,5.0
5139,4.77
5140,4.81
5141,5.0
5142,4.83
5143,4.83
5144,4.89
5145,4.82
5146,4.98
5147,4.78
5148,5.0
5149,5.0
5150,4.93
5151,4.94
5152,5.0
5153,4.79
5154,4.64
5155,0.0
5156,4.82
5157,4.77
5158,4.92
5159,4.73
5160,5.0
5161,4.88
5162,0.0
5163,4.82
5164,4.2
5165,4.98
5166,5.0
5167,5.0
5168,4.4
5169,5.0
5170,4.74
5171,5.0
5172,0.0
5173,4.89
5174,5.0
5175,4.45
5176,4.86
5177,0.0
5178,4.88
5179,4.58
5180,4.92
5181,4.67
5182,0.0
5183,5.0
5184,4.0
5185,5.0
5186,0.0
5187,4.57
5188,0.0
5189,0.0
5190,4.0
5191,4.78
5192,5.0
5193,4.85
5194,4.93
5195,5.0
5196,4.65
5197,4.86
5198,4.87
5199,5.0
5200,5.0
5201,4.0
5202,4.92
5203,4.0
5204,5.0
5205,4.96
5206,4.88
5207,4.67
5208,4.81
5209,4.86
5210,4.75
5211,5.0
5212,4.93
5213,5.0
5214,4.93
5215,4.71
5216,4.79
5217,5.0
5218,4.72
5219,5.0
5220,5.0
5221,0.0
5222,4.9
5223,4.94
5224,5.0
5225,5.0
5226,0.0
5227,0.0
5228,4.47
5229,4.71
5230,4.77
5231,4.33
5232,4.8
5233,4.68
5234,5.0
5235,5.0
5236,4.75
5237,4.89
5238,0.0
5239,0.0
5240,0.0
5241,4.58
5242,0.0
5243,5.0
5244,5.0
5245,4.98
5246,4.33
5247,4.83
5248,4.69
5249,4.0
5250,4.81
5251,4.89
5252,0.0
5253,0.0
5254,5.0
5255,5.0
5256,4.56
5257,4.5
5258,4.5
5259,5.0
5260,3.2
5261,5.0
5262,4.0
5263,5.0
5264,4.78
5265,5.0
5266,4.81
5267,0.0
5268,4.88
5269,4.94
5270,4.98
5271,4.27
5272,4.75
5273,4.87
5274,5.0
5275,4.56
5276,4.97
5277,4.84
5278,0.0
5279,4.0
5280,0.0
5281,5.0
5282,4.88
5283,4.91
5284,4.5
5285,4.8
5286,0.0
5287,0.0
5288,0.0
5289,4.67
5290,4.38
5291,4.67
5292,4.7
5293,4.62
5294,4.8
5295,4.25
5296,5.0
5297,4.97
5298,4.97
5299,4.92
5300,4.88
5301,4.77
5302,4.74
5303,0.0
5304,4.5
5305,5.0
5306,4.67
5307,4.96
5308,4.89
5309,0.0
5310,4.9
5311,5.0
5312,4.94
5313,4.64
5314,4.88
5315,0.0
5316,4.89
5317,4.08
5318,4.75
5319,4.75
5320,0.0
5321,4.86
5322,5.0
5323,4.88
5324,4.85
5325,5.0
5326,4.92
5327,5.0
5328,0.0
5329,4.94
5330,4.57
5331,4.75
5332,4.71
5333,5.0
5334,4.88
5335,0.0
5336,5.0
5337,5.0
5338,4.92
5339,4.87
5340,0.0
5341,5.0
5342,0.0
5343,0.0
5344,4.33
5345,4.0
5346,4.5
5347,5.0
5348,4.0
5349,5.0
5350,4.81
5351,4.67
5352,4.0
5353,5.0
5354,0.0
5355,5.0
5356,4.75
5357,0.0
5358,4.96
5359,4.85
5360,4.93
5361,4.84
5362,4.65
5363,4.9
5364,3.6
5365,4.33
5366,4.92
5367,5.0
5368,4.86
5369,4.82
5370,4.6
5371,5.0
5372,0.0
5373,4.83
5374,4.96
5375,4.97
5376,4.55
5377,5.0
5378,5.0
5379,5.0
5380,4.95
5381,4.97
5382,4.83
5383,0.0
5384,4.2
5385,4.73
5386,4.93
5387,4.82
5388,4.74
5389,4.8
5390,4.8
5391,5.0
5392,4.83
5393,0.0
5394,4.86
5395,4.83
5396,4.5
5397,4.89
5398,4.95
5399,4.75
5400,4.87
5401,4.94
5402,5.0
5403,4.67
5404,4.88
5405,4.88
5406,0.0
5407,4.59
5408,4.92
5409,4.77
5410,4.69
5411,5.0
5412,4.81
5413,5.0
5414,4.96
5415,4.4
5416,5.0
5417,5.0
5418,4.8
5419,0.0
5420,4.83
5421,5.0
5422,4.96
5423,5.0
5424,4.95
5425,4.9
5426,4.0
5427,4.8
5428,5.0
5429,4.55
5430,4.71
5431,5.0
5432,4.78
5433,4.77
5434,4.64
5435,4.4
5436,5.0
5437,5.0
5438,4.64
5439,4.78
5440,4.6
5441,4.86
5442,4.88
5443,4.85
5444,5.0
5445,4.71
5446,5.0
5447,4.9
5448,4.94
5449,5.0
5450,0.0
5451,0.0
5452,0.0
5453,3.92
5454,5.0
5455,4.29
5456,0.0
5457,0.0
5458,4.97
5459,4.88
5460,5.0
5461,4.83
5462,4.89
5463,5.0
5464,4.94
5465,5.0
5466,4.0
5467,0.0
5468,4.86
5469,4.79
5470,4.77
5471,4.6
5472,0.0
5473,4.5
5474,4.94
5475,4.77
5476,5.0
5477,5.0
5478,4.92
5479,4.92
5480,4.88
5481,4.61
5482,5.0
5483,4.0
5484,4.57
5485,4.88
5486,3.5
5487,0.0
5488,4.59
5489,4.57
5490,4.9
5491,5.0
5492,4.88
5493,4.88
5494,5.0
5495,4.83
5496,4.88
5497,4.71
5498,4.83
5499,5.0
5500,4.68
5501,0.0
5502,4.74
5503,4.89
5504,4.5
5505,4.96
5506,5.0
5507,0.0
5508,4.92
5509,4.0
5510,3.0
5511,4.92
5512,4.87
5513,3.5
5514,4.88
5515,4.95
5516,4.86
5517,4.93
5518,4.9
5519,4.85
5520,4.93
5521,5.0
5522,4.84
5523,4.98
5524,4.79
5525,5.0
5526,5.0
5527,5.0
5528,4.82
5529,5.0
5530,4.91
5531,2.0
5532,4.88
5533,0.0
5534,4.82
5535,4.93
5536,5.0
5537,4.75
5538,5.0
5539,5.0
5540,5.0
5541,4.97
5542,4.86
5543,4.5
5544,4.0
5545,4.82
5546,4.61
5547,4.6
5548,4.85
5549,4.95
5550,4.95
5551,4.5
5552,4.73
5553,4.63
5554,4.88
5555,5.0
5556,4.75
5557,4.81
5558,4.83
5559,4.97
5560,4.5
5561,4.84
5562,0.0
5563,0.0
5564,4.91
5565,5.0
5566,4.44
5567,4.63
5568,4.71
5569,4.97
5570,4.55
5571,1.0
5572,0.0
5573,4.92
5574,4.88
5575,0.0
5576,4.85
5577,4.93
5578,5.0
5579,5.0
5580,4.6
5581,4.58
5582,3.5
5583,4.83
5584,4.93
5585,4.77
5586,4.71
5587,4.6
5588,4.97
5589,4.94
5590,4.93
5591,0.0
5592,0.0
5593,5.0
5594,4.0
5595,5.0
5596,4.64
5597,5.0
5598,4.42
5599,4.81
5600,4.46
5601,4.96
5602,4.87
5603,0.0
5604,5.0
5605,4.61
5606,4.0
5607,4.33
5608,4.83
5609,4.38
5610,5.0
5611,4.87
5612,5.0
5613,5.0
5614,4.62
5615,4.76
5616,4.88
5617,5.0
5618,5.0
5619,0.0
5620,5.0
5621,4.5
5622,5.0
5623,5.0
5624,0.0
5625,5.0
5626,4.84
5627,5.0
5628,4.85
5629,4.53
5630,4.76
5631,4.91
5632,4.5
5633,4.9
5634,4.54
5635,4.97
5636,4.76
5637,4.73
5638,4.77
5639,5.0
5640,4.91
5641,4.92
5642,4.71
5643,0.0
5644,4.85
5645,5.0
5646,4.75
5647,4.94
5648,5.0
5649,0.0
5650,0.0
5651,4.93
5652,4.95
5653,4.33
5654,4.83
5655,4.87
5656,5.0
5657,4.9
5658,4.92
5659,4.78
5660,4.59
5661,4.8
5662,4.94
5663,4.91
5664,4.81
5665,4.9
5666,4.94
5667,0.0
5668,4.83
5669,4.95
5670,4.83
5671,4.52
5672,5.0
5673,4.95
5674,4.94
5675,4.5
5676,4.54
5677,4.84
5678,5.0
5679,4.63
5680,4.29
5681,4.77
5682,5.0
5683,5.0
5684,5.0
5685,5.0
5686,4.31
5687,0.0
5688,4.94
5689,4.83
5690,5.0
5691,4.94
5692,4.97
5693,4.76
5694,4.0
5695,4.8
5696,5.0
5697,4.9
5698,4.75
5699,5.0
5700,4.97
5701,4.92
5702,4.95
5703,4.67
5704,5.0
5705,0.0
5706,0.0
5707,5.0
5708,5.0
5709,4.88
5710,4.38
5711,4.96
5712,4.88
5713,5.0
5714,4.77
5715,4.9
5716,4.9
5717,5.0
5718,5.0
5719,5.0
5720,4.75
5721,4.56
5722,4.96
5723,4.99
5724,4.86
5725,4.68
5726,4.76
5727,4.84
5728,4.9
5729,4.91
5730,4.72
5731,5.0
5732,4.0
5733,4.86
5734,4.83
5735,4.77
5736,5.0
5737,5.0
5738,4.75
5739,5.0
5740,5.0
5741,5.0
5742,4.83
5743,5.0
5744,0.0
5745,4.9
5746,5.0
5747,4.83
5748,5.0
5749,4.53
5750,4.3
5751,4.82
5752,2.5
5753,0.0
5754,4.85
5755,4.75
5756,4.45
5757,4.67
5758,4.88
5759,5.0
5760,5.0
5761,4.52
5762,4.0
5763,4.89
5764,4.96
5765,5.0
5766,4.94
5767,4.92
5768,4.93
5769,4.75
5770,4.71
5771,4.78
5772,4.8
5773,4.8
5774,4.29
5775,0.0
5776,5.0
5777,5.0
5778,4.97
5779,4.83
5780,4.77
5781,5.0
5782,0.0
5783,4.63
5784,5.0
5785,5.0
5786,0.0
5787,4.0
5788,5.0
5789,0.0
5790,5.0
5791,4.5
5792,0.0
5793,4.77
5794,5.0
5795,4.67
5796,4.84
5797,4.77
5798,5.0
5799,5.0
5800,4.82
5801,4.95
5802,4.67
5803,0.0
5804,4.67
5805,0.0
5806,4.92
5807,4.79
5808,4.9
5809,4.76
5810,4.67
5811,5.0
5812,4.67
5813,4.58
5814,4.98
5815,4.95
5816,4.81
5817,5.0
5818,0.0
5819,3.67
5820,4.6
5821,5.0
5822,3.0
5823,4.96
5824,5.0
5825,0.0
5826,5.0
5827,5.0
5828,4.88
5829,0.0
5830,4.87
5831,4.96
5832,4.83
5833,4.97
5834,4.75
5835,5.0
5836,4.98
5837,4.83
5838,4.8
5839,4.89
5840,4.97
5841,5.0
5842,4.96
5843,5.0
5844,4.93
5845,4.54
5846,4.84
5847,5.0
5848,4.29
5849,3.33
5850,4.79
5851,4.92
5852,5.0
5853,5.0
5854,4.64
5855,4.5
5856,5.0
5857,4.98
5858,4.88
5859,0.0
5860,0.0
5861,4.85
5862,5.0
5863,4.61
5864,5.0
5865,4.9
5866,0.0
5867,4.76
5868,0.0
5869,5.0
5870,5.0
5871,5.0
5872,4.8
5873,4.63
5874,4.93
5875,4.65
5876,4.25
5877,4.77
5878,5.0
5879,4.8
5880,4.5
5881,4.97
5882,4.8
5883,5.0
5884,4.86
5885,4.81
5886,4.25
5887,5.0
5888,5.0
5889,0.0
5890,4.81
5891,4.74
5892,4.73
5893,4.77
5894,4.6
5895,4.77
5896,0.0
5897,0.0
5898,4.88
5899,4.88
5900,0.0
5901,4.87
5902,4.8
5903,0.0
5904,4.63
5905,4.96
5906,4.89
5907,5.0
5908,5.0
5909,4.76
5910,5.0
5911,5.0
5912,5.0
5913,5.0
5914,4.0
5915,5.0
5916,5.0
5917,3.0
5918,4.73
5919,5.0
5920,4.55
5921,5.0
5922,4.92
5923,0.0
5924,5.0
5925,0.0
5926,4.67
5927,4.8
5928,4.74
5929,4.76
5930,5.0
5931,4.83
5932,4.71
5933,5.0
5934,4.89
5935,4.48
5936,4.0
5937,0.0
5938,5.0
5939,0.0
5940,0.0
5941,4.63
5942,5.0
5943,5.0
5944,4.88
5945,4.73
5946,5.0
5947,4.71
5948,4.75
5949,5.0
5950,5.0
5951,5.0
5952,5.0
5953,5.0
5954,4.82
5955,4.6
5956,4.5
5957,5.0
5958,4.76
5959,4.88
5960,4.0
5961,5.0
5962,4.8
5963,4.83
5964,4.68
5965,4.48
5966,0.0
5967,4.88
5968,4.63
5969,4.25
5970,4.73
5971,4.68
5972,4.93
5973,5.0
5974,4.55
5975,4.92
5976,5.0
5977,5.0
5978,5.0
5979,5.0
5980,4.77
5981,0.0
5982,3.68
5983,4.91
5984,4.89
5985,5.0
5986,5.0
5987,5.0
5988,4.75
5989,4.88
5990,4.7
5991,5.0
5992,4.93
5993,4.44
5994,5.0
5995,4.56
5996,5.0
5997,5.0
5998,4.87
5999,4.91
6000,4.93
6001,5.0
6002,4.77
6003,5.0
6004,4.33
6005,4.67
6006,4.64
6007,5.0
6008,5.0
6009,4.92
6010,5.0
6011,5.0
6012,4.83
6013,4.89
6014,4.95
6015,0.0
6016,5.0
6017,5.0
6018,4.77
6019,4.71
6020,5.0
6021,4.89
6022,4.8
6023,4.97
6024,4.61
6025,0.0
6026,4.57
6027,5.0
6028,4.7
6029,4.75
6030,0.0
6031,5.0
6032,4.65
6033,4.0
6034,5.0
6035,5.0
6036,0.0
6037,0.0
6038,5.0
6039,0.0
6040,5.0
6041,4.85
6042,4.83
6043,4.77
6044,5.0
6045,5.0
6046,5.0
6047,4.0
6048,4.87
6049,0.0
6050,4.67
6051,4.63
6052,4.95
6053,4.77
6054,4.39
6055,4.83
6056,5.0
6057,4.97
6058,4.93
6059,4.65
6060,5.0
6061,0.0
6062,4.85
6063,5.0
6064,5.0
6065,4.75
6066,0.0
6067,5.0
6068,4.54
6069,5.0
6070,4.78
6071,4.71
6072,4.89
6073,0.0
6074,5.0
6075,4.9
6076,4.84
6077,5.0
6078,4.8
6079,4.87
6080,4.97
6081,3.0
6082,4.98
6083,4.0
6084,5.0
6085,0.0
6086,4.67
6087,4.89
6088,4.5
6089,4.33
6090,0.0
6091,4.71
6092,5.0
6093,0.0
6094,4.93
6095,0.0
6096,0.0
6097,5.0
6098,5.0
6099,0.0
6100,4.92
6101,4.9
6102,4.0
6103,4.96
6104,4.8
6105,5.0
6106,5.0
6107,4.54
6108,4.76
6109,0.0
6110,0.0
6111,4.0
6112,0.0
6113,0.0
6114,0.0
6115,0.0
6116,0.0
6117,5.0
6118,4.0
6119,4.42
6120,4.76
6121,5.0
6122,5.0
6123,0.0
6124,5.0
6125,4.81
6126,4.79
6127,4.78
6128,4.88
6129,0.0
6130,0.0
6131,4.92
6132,4.79
6133,4.9
6134,5.0
6135,4.5
6136,0.0
6137,0.0
6138,4.85
6139,4.82
6140,5.0
6141,4.83
6142,4.7
6143,5.0
6144,4.86
6145,5.0
6146,0.0
6147,4.33
6148,4.68
6149,4.64
6150,5.0
6151,4.81
6152,4.0
6153,5.0
6154,4.8
6155,4.83
6156,4.5
6157,4.84
6158,4.61
6159,4.75
6160,5.0
6161,5.0
6162,4.91
6163,4.94
6164,5.0
6165,0.0
6166,0.0
6167,4.62
6168,5.0
6169,4.8
6170,0.0
6171,4.8
6172,5.0
6173,5.0
6174,4.88
6175,5.0
6176,4.92
6177,4.65
6178,5.0
6179,4.9
6180,5.0
6181,0.0
6182,4.81
6183,4.0
6184,0.0
6185,4.76
6186,4.73
6187,5.0
6188,5.0
6189,5.0
6190,4.83
6191,4.84
6192,4.71
6193,5.0
6194,4.71
6195,5.0
6196,4.83
6197,4.75
6198,4.69
6199,4.74
6200,5.0
6201,0.0
6202,5.0
6203,4.69
6204,4.96
6205,5.0
6206,4.96
6207,4.88
6208,4.9
6209,4.94
6210,4.57
6211,4.93
6212,4.84
6213,5.0
6214,4.56
6215,4.75
6216,4.88
6217,0.0
6218,5.0
6219,5.0
6220,4.9
6221,3.67
6222,0.0
6223,5.0
6224,4.96
6225,5.0
6226,4.81
6227,5.0
6228,4.88
6229,5.0
6230,4.67
6231,4.8
6232,4.73
6233,5.0
6234,4.88
6235,5.0
6236,4.71
6237,5.0
6238,5.0
6239,5.0
6240,4.5
6241,4.5
6242,5.0
6243,0.0
6244,0.0
6245,4.5
6246,0.0
6247,4.9
6248,0.0
6249,5.0
6250,4.25
6251,4.74
6252,4.63
6253,4.86
6254,0.0
6255,5.0
6256,0.0
6257,4.86
6258,4.78
6259,0.0
6260,4.94
6261,5.0
6262,4.91
6263,5.0
6264,5.0
6265,5.0
6266,4.76
6267,5.0
6268,4.5
6269,4.95
6270,0.0
6271,4.94
6272,4.88
6273,4.98
6274,0.0
6275,0.0
6276,4.86
6277,5.0
6278,4.75
6279,4.94
6280,4.85
6281,4.96
6282,0.0
6283,4.87
6284,4.71
6285,4.94
6286,4.78
6287,4.44
6288,4.56
6289,0.0
6290,4.86
6291,4.67
6292,4.83
6293,5.0
6294,5.0
6295,4.69
6296,3.0
6297,5.0
6298,0.0
6299,4.75
6300,4.67
6301,0.0
6302,4.18
6303,0.0
6304,4.86
6305,5.0
6306,0.0
6307,5.0
6308,4.68
6309,5.0
6310,4.25
6311,5.0
6312,4.93
6313,4.93
6314,4.64
6315,5.0
6316,5.0
6317,4.9
6318,4.94
6319,0.0
6320,0.0
6321,4.63
6322,4.65
6323,4.73
6324,4.83
6325,4.5
6326,4.81
6327,5.0
6328,4.6
6329,5.0
6330,5.0
6331,4.57
6332,0.0
6333,4.75
6334,0.0
6335,4.67
6336,4.9
6337,4.95
6338,4.96
6339,5.0
6340,5.0
6341,4.95
6342,4.67
6343,4.85
6344,5.0
6345,4.83
6346,3.75
6347,4.76
6348,4.75
6349,4.89
6350,4.5
6351,4.67
6352,5.0
6353,4.8
6354,4.75
6355,5.0
6356,4.94
6357,4.88
6358,4.4
6359,4.9
6360,4.68
6361,0.0
6362,4.9
6363,4.67
6364,5.0
6365,4.14
6366,4.69
6367,4.69
6368,5.0
6369,5.0
6370,5.0
6371,5.0
6372,4.5
6373,4.0
6374,5.0
6375,0.0
6376,0.0
6377,0.0
6378,4.94
6379,0.0
6380,0.0
6381,4.0
6382,0.0
6383,0.0
6384,5.0
6385,4.67
6386,4.72
6387,5.0
6388,4.92
6389,5.0
6390,0.0
6391,5.0
6392,4.67
6393,5.0
6394,4.5
6395,5.0
6396,4.89
6397,4.96
6398,4.81
6399,3.33
6400,3.33
6401,0.0
6402,1.0
6403,4.86
6404,3.5
6405,5.0
6406,0.0
6407,4.33
6408,5.0
6409,0.0
6410,0.0
6411,4.2
6412,0.0
6413,4.46
6414,5.0
6415,4.14
6416,0.0
6417,0.0
6418,4.85
6419,2.5
6420,2.5
6421,5.0
6422,4.0
6423,5.0
6424,4.88
6425,0.0
6426,0.0
6427,5.0
6428,0.0
6429,4.88
6430,4.5
6431,5.0
6432,4.0
6433,4.5
6434,4.8
6435,5.0
6436,5.0
6437,5.0
6438,4.86
6439,4.74
6440,5.0
6441,4.92
6442,0.0
6443,5.0
6444,4.0
6445,0.0
6446,0.0
6447,5.0
6448,4.96
6449,5.0
6450,4.92
6451,4.6
6452,5.0
6453,5.0
6454,5.0
6455,4.86
6456,0.0
6457,4.91
6458,4.79
6459,4.79
6460,5.0
6461,5.0
6462,5.0
6463,4.94
6464,4.81
6465,4.45
6466,5.0
6467,0.0
6468,4.78
6469,5.0
6470,0.0
6471,5.0
6472,5.0
6473,4.83
6474,4.86
6475,4.94
6476,4.45
6477,4.91
6478,4.71
6479,4.71
6480,4.67
6481,4.69
6482,4.86
6483,5.0
6484,4.0
6485,0.0
6486,0.0
6487,0.0
6488,0.0
6489,4.93
6490,4.79
6491,4.66
6492,4.75
6493,4.87
6494,5.0
6495,4.88
6496,4.85
6497,4.81
6498,4.76
6499,5.0
6500,4.57
6501,0.0
6502,4.75
6503,4.33
6504,4.88
6505,4.74
6506,4.73
6507,5.0
6508,5.0
6509,5.0
6510,5.0
6511,4.8
6512,4.76
6513,4.94
6514,4.5
6515,5.0
6516,4.67
6517,5.0
6518,4.81
6519,4.88
6520,0.0
6521,5.0
6522,0.0
6523,5.0
6524,4.75
6525,4.83
6526,5.0
6527,4.83
6528,4.67
6529,4.5
6530,0.0
6531,5.0
6532,4.47
6533,3.25
6534,4.6
6535,5.0
6536,5.0
6537,4.89
6538,4.87
6539,0.0
6540,5.0
6541,0.0
6542,0.0
6543,0.0
6544,4.83
6545,4.83
6546,4.0
6547,4.8
6548,5.0
6549,5.0
6550,4.78
6551,5.0
6552,4.71
6553,4.92
6554,4.92
6555,5.0
6556,0.0
6557,4.89
6558,5.0
6559,5.0
6560,4.57
6561,4.33
6562,4.0
6563,5.0
6564,4.94
6565,5.0
6566,4.88
6567,0.0
6568,5.0
6569,4.62
6570,5.0
6571,4.88
6572,5.0
6573,5.0
6574,0.0
6575,5.0
6576,0.0
6577,5.0
6578,0.0
6579,5.0
6580,5.0
6581,4.64
6582,4.75
6583,3.0
6584,5.0
6585,5.0
6586,0.0
6587,3.0
6588,0.0
6589,4.94
6590,4.88
6591,5.0
6592,4.57
6593,5.0
6594,4.9
6595,4.86
6596,4.75
6597,5.0
6598,4.85
6599,5.0
6600,5.0
6601,5.0
6602,4.94
6603,4.67
6604,4.88
6605,0.0
6606,0.0
6607,0.0
6608,5.0
6609,4.0
6610,5.0
6611,5.0
6612,4.94
6613,4.77
6614,4.71
6615,5.0
6616,5.0
6617,4.67
6618,0.0
6619,4.67
6620,0.0
6621,4.85
6622,5.0
6623,4.77
6624,3.5
6625,5.0
6626,4.77
6627,4.94
6628,4.33
6629,5.0
6630,4.82
6631,4.79
6632,0.0
6633,0.0
6634,4.8
6635,4.5
6636,4.33
6637,4.0
6638,5.0
6639,0.0
6640,4.0
6641,5.0
6642,0.0
6643,0.0
6644,4.9
6645,0.0
6646,4.83
6647,4.89
6648,4.75
6649,4.71
6650,4.79
6651,0.0
6652,5.0
6653,5.0
6654,5.0
6655,0.0
6656,0.0
6657,4.88
6658,4.81
6659,5.0
6660,0.0
6661,5.0
6662,5.0
6663,4.8
6664,4.9
6665,4.88
6666,4.6
6667,4.2
6668,4.57
6669,4.86
6670,4.83
6671,4.73
6672,0.0
6673,5.0
6674,5.0
6675,4.88
6676,5.0
6677,5.0
6678,5.0
6679,5.0
6680,5.0
6681,5.0
6682,4.6
6683,4.33
6684,5.0
6685,5.0
6686,4.49
6687,5.0
6688,4.89
6689,5.0
6690,4.94
6691,4.75
6692,5.0
6693,0.0
6694,4.8
6695,4.89
6696,4.86
6697,5.0
6698,0.0
6699,4.67
6700,4.47
6701,0.0
6702,4.6
6703,4.96
6704,4.71
6705,4.78
6706,4.84
6707,5.0
6708,4.67
6709,0.0
6710,0.0
6711,0.0
6712,4.71
6713,4.7
6714,5.0
6715,4.0
6716,4.81
6717,5.0
6718,5.0
6719,4.75
6720,4.96
6721,4.75
6722,5.0
6723,0.0
6724,5.0
6725,5.0
6726,3.4
6727,4.75
6728,1.0
6729,0.0
6730,4.8
6731,4.79
6732,4.97
6733,4.85
6734,0.0
6735,4.0
6736,5.0
6737,5.0
6738,0.0
6739,5.0
6740,4.33
6741,4.8
6742,4.75
6743,4.0
6744,4.75
6745,5.0
6746,5.0
6747,0.0
6748,0.0
6749,0.0
6750,0.0
6751,0.0
6752,0.0
6753,0.0
6754,0.0
6755,0.0
6756,0.0
6757,0.0
6758,0.0
6759,0.0
6760,0.0
6761,0.0
6762,0.0
6763,0.0
6764,0.0
6765,0.0
6766,0.0
6767,0.0
6768,0.0
6769,0.0
6770,0.0
6771,0.0
6772,0.0
6773,0.0
6774,0.0
6775,0.0
6776,0.0
6777,4.5
6778,5.0
6779,4.67
6780,5.0
6781,4.17
6782,3.5
6783,5.0
6784,0.0
6785,0.0
6786,0.0
6787,0.0
6788,0.0
6789,0.0
6790,0.0
6791,0.0
6792,0.0
6793,0.0
6794,0.0
6795,0.0
6796,0.0
6797,0.0
6798,0.0
6799,0.0
6800,0.0
6801,0.0
6802,0.0
6803,0.0
6804,0.0
6805,0.0
6806,0.0
6807,0.0
6808,0.0
6809,0.0
6810,0.0
6811,0.0
6812,0.0
6813,4.76
6814,4.0
6815,0.0
6816,5.0
6817,4.5
6818,0.0
6819,0.0
6820,0.0
6821,0.0
6822,0.0
6823,0.0
6824,0.0
6825,0.0
6826,0.0
6827,0.0
6828,0.0
6829,0.0
6830,0.0
6831,0.0
6832,0.0
6833,0.0
6834,0.0
6835,0.0
6836,0.0
6837,0.0
6838,0.0
6839,0.0
6840,0.0
6841,0.0
6842,0.0
6843,0.0
6844,0.0
6845,0.0
6846,0.0
6847,0.0
6848,4.87
6849,4.92
6850,5.0
6851,4.75
6852,4.94
6853,5.0
6854,5.0
6855,4.67
6856,4.87
6857,4.67
6858,4.71
6859,4.75
6860,4.86
6861,4.88
6862,5.0
6863,4.73
6864,4.88
6865,4.92
6866,4.54
6867,0.0
6868,0.0
6869,0.0
6870,0.0
6871,0.0
6872,0.0
6873,0.0
6874,0.0
6875,0.0
6876,0.0
6877,0.0
6878,0.0
6879,0.0
6880,0.0
6881,0.0
6882,0.0
6883,0.0
6884,0.0
6885,4.4
6886,0.0
6887,5.0
6888,0.0
6889,0.0
6890,0.0
6891,0.0
6892,0.0
6893,0.0
6894,0.0
6895,0.0
6896,0.0
6897,0.0
6898,0.0
6899,0.0
6900,0.0
6901,0.0
6902,0.0
6903,0.0
6904,0.0
6905,0.0
6906,4.93
6907,4.68
6908,4.0
6909,4.67
6910,4.0
6911,5.0
6912,4.71
6913,4.95
6914,5.0
6915,5.0
6916,5.0
6917,5.0
6918,0.0
6919,0.0
6920,0.0
6921,0.0
6922,0.0
6923,0.0
6924,0.0
6925,0.0
6926,0.0
6927,0.0
6928,0.0
6929,0.0
6930,0.0
6931,0.0
6932,0.0
6933,0.0
6934,0.0
6935,0.0
6936,0.0
6937,0.0
6938,0.0
6939,0.0
6940,5.0
6941,0.0
6942,0.0
6943,0.0
6944,0.0
6945,0.0
6946,0.0
6947,0.0
6948,0.0
6949,0.0
6950,0.0
6951,0.0
6952,0.0
6953,0.0
6954,0.0
6955,0.0
6956,0.0
6957,0.0
6958,0.0
6959,0.0
6960,0.0
6961,0.0
6962,0.0
6963,0.0
6964,0.0
6965,0.0
6966,0.0
6967,0.0
6968,0.0
6969,0.0
6970,0.0
6971,0.0
6972,0.0
6973,0.0
6974,0.0
6975,0.0
6976,0.0
6977,0.0
6978,0.0
6979,0.0
6980,0.0
6981,0.0
6982,0.0
6983,0.0
6984,0.0
6985,0.0
6986,0.0
6987,0.0
6988,0.0
6989,0.0
6990,0.0
6991,0.0
6992,0.0
6993,0.0
6994,0.0
6995,0.0
6996,0.0
6997,0.0
6998,0.0
6999,0.0
7000,0.0
7001,0.0
7002,0.0
7003,0.0
7004,0.0
7005,0.0
7006,0.0
7007,0.0
7008,0.0
7009,0.0
7010,0.0
7011,0.0
7012,0.0
7013,0.0
7014,0.0
7015,0.0
7016,0.0
7017,0.0
7018,0.0
7019,0.0
7020,0.0
7021,0.0
7022,0.0
7023,0.0
7024,0.0
7025,0.0
7026,0.0
7027,0.0
7028,0.0
7029,0.0
7030,4.67
7031,4.86
7032,5.0
7033,4.86
7034,0.0
7035,4.88
7036,4.73
7037,5.0
7038,0.0
7039,4.9
7040,0.0
7041,4.91
7042,4.84
7043,0.0
7044,0.0
7045,4.63
7046,5.0
7047,4.84
7048,4.89
7049,5.0
7050,5.0
7051,0.0
7052,4.88
7053,5.0
7054,5.0
7055,5.0
7056,5.0
7057,5.0
7058,4.93
7059,4.5
7060,4.0
7061,5.0
7062,5.0
7063,5.0
7064,4.71
7065,4.5
7066,5.0
7067,5.0
7068,4.57
7069,0.0
7070,0.0
7071,5.0
7072,0.0
7073,0.0
7074,4.67
7075,0.0
7076,4.4
7077,5.0
7078,5.0
7079,4.89
7080,4.92
7081,0.0
7082,4.95
7083,4.96
7084,5.0
7085,4.73
7086,4.0
7087,4.9
7088,0.0
7089,4.83
7090,3.67
7091,4.31
7092,5.0
7093,5.0
7094,0.0
7095,0.0
7096,4.69
7097,5.0
7098,5.0
7099,4.44
7100,0.0
7101,4.92
7102,0.0
7103,4.92
7104,5.0
7105,5.0
7106,5.0
7107,4.56
7108,4.3
7109,4.91
7110,0.0
7111,5.0
7112,4.97
7113,0.0
7114,5.0
7115,4.96
7116,5.0
7117,4.88
7118,5.0
7119,4.56
7120,4.76
7121,4.83
7122,4.79
7123,5.0
7124,4.85
7125,5.0
7126,4.7
7127,5.0
7128,5.0
7129,4.95
7130,4.5
7131,4.85
7132,4.64
7133,4.67
7134,4.83
7135,4.92
7136,4.9
7137,4.77
7138,4.8
7139,4.6
7140,4.82
7141,5.0
7142,5.0
7143,4.78
7144,5.0
7145,5.0
7146,4.4
7147,5.0
7148,4.52
7149,4.71
7150,4.64
7151,5.0
7152,4.94
7153,5.0
7154,0.0
7155,5.0
7156,0.0
7157,4.75
7158,5.0
7159,5.0
7160,0.0
7161,2.0
7162,4.7
7163,4.55
7164,4.89
7165,0.0
7166,4.69
7167,4.69
7168,5.0
7169,5.0
7170,4.62
7171,4.58
7172,0.0
7173,4.95
7174,4.96
7175,4.88
7176,4.29
7177,4.97
7178,5.0
7179,4.71
7180,4.67
7181,4.94
7182,0.0
7183,0.0
7184,0.0
7185,0.0
7186,4.94
7187,4.96
7188,4.45
7189,5.0
7190,0.0
7191,5.0
7192,4.64
7193,4.93
7194,5.0
7195,0.0
7196,0.0
7197,5.0
7198,3.0
7199,4.75
7200,5.0
7201,4.86
7202,5.0
7203,4.91
7204,4.93
7205,4.88
7206,4.79
7207,4.62
7208,4.94
7209,4.81
7210,4.92
7211,5.0
7212,5.0
7213,5.0
7214,5.0
7215,0.0
7216,4.71
7217,4.31
7218,4.75
7219,4.92
7220,5.0
7221,4.8
7222,4.89
7223,4.0
7224,5.0
7225,5.0
7226,4.89
7227,0.0
7228,0.0
7229,5.0
7230,5.0
7231,4.0
7232,5.0
7233,5.0
7234,4.92
7235,5.0
7236,4.83
7237,4.71
7238,5.0
7239,5.0
7240,4.84
7241,0.0
7242,5.0
7243,4.8
7244,0.0
7245,0.0
7246,4.68
7247,4.87
7248,0.0
7249,4.96
7250,4.94
7251,4.71
7252,4.71
7253,0.0
7254,4.79
7255,5.0
7256,4.89
7257,0.0
7258,5.0
7259,4.95
7260,5.0
7261,4.43
7262,4.5
7263,0.0
7264,5.0
7265,4.5
7266,4.65
7267,4.75
7268,4.72
7269,3.5
7270,4.85
7271,4.9
7272,4.87
7273,4.7
7274,0.0
7275,4.69
7276,4.64
7277,4.59
7278,4.55
7279,4.94
7280,4.93
7281,4.96
7282,4.93
7283,5.0
7284,4.8
7285,4.61
7286,5.0
7287,5.0
7288,4.67
7289,4.87
7290,4.83
7291,4.85
7292,0.0
7293,4.8
7294,4.9
7295,4.5
7296,0.0
7297,0.0
7298,4.78
7299,4.72
7300,0.0
7301,4.71
7302,4.88
7303,5.0
7304,5.0
7305,4.75
7306,5.0
7307,5.0
7308,5.0
7309,4.97
7310,4.89
7311,4.9
7312,0.0
7313,5.0
7314,5.0
7315,0.0
7316,5.0
7317,5.0
7318,4.91
7319,4.5
7320,4.67
7321,4.92
7322,5.0
7323,4.83
7324,4.85
7325,4.93
7326,5.0
7327,5.0
7328,4.94
7329,4.96
7330,0.0
7331,4.0
7332,5.0
7333,4.8
7334,4.94
7335,0.0
7336,4.67
7337,4.86
7338,0.0
7339,5.0
7340,0.0
7341,0.0
7342,5.0
7343,4.62
7344,5.0
7345,0.0
7346,4.8
7347,4.94
7348,4.17
7349,4.88
7350,4.67
7351,4.83
7352,4.79
7353,5.0
7354,0.0
7355,4.85
7356,0.0
7357,0.0
7358,0.0
7359,4.18
7360,4.92
7361,0.0
7362,4.85
7363,4.92
7364,4.92
7365,4.88
7366,4.71
7367,5.0
7368,5.0
7369,5.0
7370,5.0
7371,5.0
7372,4.77
7373,5.0
7374,0.0
7375,5.0
7376,0.0
7377,4.89
7378,4.33
7379,5.0
7380,4.0
7381,5.0
7382,4.54
7383,0.0
7384,5.0
7385,4.81
7386,4.89
7387,4.73
7388,0.0
7389,0.0
7390,4.5
7391,4.83
7392,4.85
7393,4.0
7394,5.0
7395,0.0
7396,0.0
7397,0.0
7398,4.88
7399,4.96
7400,5.0
7401,5.0
7402,4.94
7403,3.33
7404,4.0
7405,5.0
7406,4.59
7407,0.0
7408,4.89
7409,4.86
7410,5.0
7411,0.0
7412,5.0
7413,0.0
7414,0.0
7415,5.0
7416,4.67
7417,5.0
7418,0.0
7419,5.0
7420,0.0
7421,4.71
7422,5.0
7423,5.0
7424,0.0
7425,4.79
7426,4.79
7427,4.92
7428,0.0
7429,4.95
7430,4.9
7431,0.0
7432,0.0
7433,5.0
7434,4.75
7435,5.0
7436,1.0
7437,4.75
7438,4.88
7439,4.96
7440,4.86
7441,3.67
7442,5.0
7443,5.0
7444,0.0
7445,0.0
7446,3.0
7447,5.0
7448,1.0
7449,4.67
7450,4.0
7451,4.9
7452,4.75
7453,4.71
7454,4.94
7455,3.33
7456,3.33
7457,3.75
7458,4.9
7459,5.0
7460,5.0
7461,0.0
7462,4.88
7463,4.67
7464,0.0
7465,4.92
7466,0.0
7467,4.0
7468,5.0
7469,4.5
7470,4.88
7471,5.0
7472,4.92
7473,0.0
7474,4.79
7475,5.0
7476,5.0
7477,4.33
7478,3.0
7479,0.0
7480,4.8
7481,0.0
7482,4.95
7483,4.71
7484,4.8
7485,4.33
7486,5.0
7487,4.3
7488,4.85
7489,5.0
7490,5.0
7491,4.83
7492,5.0
7493,5.0
7494,0.0
7495,4.94
7496,4.5
7497,4.67
7498,5.0
7499,4.78
7500,0.0
7501,0.0
7502,5.0
7503,4.78
7504,4.71
7505,5.0
7506,5.0
7507,3.0
7508,4.4
7509,0.0
7510,5.0
7511,4.86
7512,4.0
7513,4.67
7514,4.33
7515,0.0
7516,0.0
7517,4.94
7518,5.0
7519,5.0
7520,4.83
7521,4.57
7522,4.8
7523,0.0
7524,5.0
7525,4.92
7526,5.0
7527,4.79
7528,5.0
7529,5.0
7530,5.0
7531,4.6
7532,4.88
7533,4.95
7534,4.64
7535,4.96
7536,4.75
7537,5.0
7538,5.0
7539,0.0
7540,5.0
7541,4.52
7542,4.72
7543,5.0
7544,5.0
7545,4.73
7546,5.0
7547,0.0
7548,5.0
7549,0.0
7550,0.0
7551,0.0
7552,5.0
7553,0.0
7554,5.0
7555,0.0
7556,5.0
7557,0.0
7558,0.0
7559,5.0
7560,0.0
7561,5.0
7562,0.0
7563,4.5
7564,4.0
7565,0.0
7566,4.0
7567,0.0
7568,0.0
7569,0.0
7570,0.0
7571,4.5
7572,5.0
7573,5.0
7574,5.0
7575,4.5
7576,0.0
7577,5.0
7578,4.0
7579,4.0
7580,0.0
7581,4.5
7582,0.0
7583,0.0
7584,0.0
7585,5.0
7586,5.0
7587,4.7
7588,0.0
7589,0.0
7590,3.0
7591,5.0
7592,4.7
7593,5.0
7594,5.0
7595,0.0
7596,4.67
7597,4.75
7598,4.83
7599,5.0
7600,0.0
7601,5.0
7602,4.91
7603,4.9
7604,4.79
7605,4.59
7606,5.0
7607,3.33
7608,5.0
7609,5.0
7610,4.8
7611,4.89
7612,5.0
7613,5.0
7614,5.0
7615,5.0
7616,4.44
7617,5.0
7618,5.0
7619,4.83
7620,5.0
7621,4.5
7622,4.83
7623,5.0
7624,5.0
7625,0.0
7626,0.0
7627,5.0
7628,4.9
7629,0.0
7630,4.75
7631,4.87
7632,5.0
7633,4.75
7634,4.93
7635,4.82
7636,5.0
7637,4.93
7638,5.0
7639,0.0
7640,5.0
7641,4.9
7642,4.0
7643,5.0
7644,4.86
7645,5.0
7646,4.92
7647,4.0
7648,4.5
7649,4.92
7650,4.9
7651,4.1
7652,5.0
7653,0.0
7654,0.0
7655,4.9
7656,0.0
7657,5.0
7658,0.0
7659,0.0
7660,4.5
7661,4.88
7662,4.8
7663,0.0
7664,0.0
7665,0.0
7666,0.0
7667,5.0
7668,5.0
7669,5.0
7670,0.0
7671,4.75
7672,5.0
7673,4.67
7674,1.0
7675,5.0
7676,4.67
7677,5.0
7678,5.0
7679,4.87
7680,0.0
7681,0.0
7682,4.86
7683,2.33
7684,5.0
7685,0.0
7686,4.52
7687,5.0
7688,4.93
7689,5.0
7690,0.0
7691,4.71
7692,4.56
7693,4.8
7694,5.0
7695,5.0
7696,4.0
7697,0.0
7698,4.71
7699,4.0
7700,0.0
7701,0.0
7702,4.38
7703,4.8
7704,4.9
7705,5.0
7706,4.83
7707,4.83
7708,5.0
7709,4.5
7710,4.93
7711,4.71
7712,4.93
7713,0.0
7714,4.65
7715,4.86
7716,3.5
7717,0.0
7718,0.0
7719,5.0
7720,4.88
7721,4.94
7722,0.0
7723,4.86
7724,4.25
7725,4.5
7726,4.0
7727,4.52
7728,4.33
7729,4.0
7730,4.9
7731,4.97
7732,4.83
7733,5.0
7734,5.0
7735,4.82
7736,4.85
7737,5.0
7738,0.0
7739,4.8
7740,4.71
7741,4.71
7742,4.71
7743,0.0
7744,0.0
7745,4.33
7746,4.71
7747,4.94
7748,4.91
7749,5.0
7750,0.0
7751,5.0
7752,0.0
7753,0.0
7754,4.92
7755,4.96
7756,4.94
7757,4.88
7758,4.92
7759,4.84
7760,4.85
7761,4.9
7762,0.0
7763,4.5
7764,4.67
7765,5.0
7766,4.86
7767,5.0
7768,0.0
7769,5.0
7770,4.67
7771,5.0
7772,5.0
7773,4.71
7774,0.0
7775,5.0
7776,0.0
7777,4.6
7778,4.57
7779,5.0
7780,5.0
7781,5.0
7782,5.0
7783,4.53
7784,4.58
7785,0.0
7786,4.86
7787,0.0
7788,4.79
7789,0.0
7790,0.0
7791,4.85
7792,4.7
7793,0.0
7794,4.71
7795,4.88
7796,4.63
7797,4.78
7798,4.68
7799,4.82
7800,4.67
7801,4.8
7802,3.0
7803,4.88
7804,5.0
7805,5.0
7806,5.0
7807,4.0
7808,4.82
7809,4.89
7810,0.0
7811,4.0
7812,0.0
7813,5.0
7814,4.71
7815,4.83
7816,2.83
7817,4.4
7818,5.0
7819,4.88
7820,4.46
7821,4.92
7822,4.9
7823,4.71
7824,4.77
7825,4.91
7826,4.91
7827,4.78
7828,4.82
7829,4.8
7830,5.0
7831,4.91
7832,5.0
7833,4.88
7834,3.83
7835,0.0
7836,5.0
7837,5.0
7838,4.9
7839,5.0
7840,0.0
7841,4.94
7842,0.0
7843,5.0
7844,4.9
7845,4.0
7846,5.0
7847,5.0
7848,4.83
7849,5.0
7850,5.0
7851,4.94
7852,4.89
7853,0.0
7854,4.0
7855,0.0
7856,4.62
7857,0.0
7858,0.0
7859,5.0
7860,4.79
7861,4.25
7862,0.0
7863,4.93
7864,4.75
7865,4.82
7866,3.5
7867,5.0
7868,4.88
7869,0.0
7870,4.5
7871,4.93
7872,4.92
7873,0.0
7874,4.25
7875,0.0
7876,5.0
7877,5.0
7878,4.5
7879,4.67
7880,4.5
7881,4.92
7882,0.0
7883,5.0
7884,5.0
7885,5.0
7886,5.0
7887,0.0
7888,5.0
7889,5.0
7890,5.0
7891,4.91
7892,5.0
7893,4.57
7894,4.33
7895,5.0
7896,5.0
7897,5.0
7898,4.87
7899,0.0
7900,5.0
7901,4.9
7902,4.86
7903,4.0
7904,4.89
7905,5.0
7906,5.0
7907,5.0
7908,4.86
7909,5.0
7910,5.0
7911,5.0
7912,5.0
7913,0.0
7914,4.95
7915,4.0
7916,4.75
7917,0.0
7918,4.75
7919,5.0
7920,5.0
7921,4.72
7922,4.86
7923,4.64
7924,5.0
7925,5.0
7926,4.74
7927,0.0
7928,4.92
7929,0.0
7930,0.0
7931,5.0
7932,5.0
7933,5.0
7934,0.0
7935,5.0
7936,5.0
7937,4.88
7938,0.0
7939,5.0
7940,4.67
7941,4.5
7942,4.95
7943,5.0
7944,5.0
7945,0.0
7946,4.75
7947,4.73
7948,4.83
7949,4.82
7950,5.0
7951,4.46
7952,5.0
7953,4.67
7954,4.77
7955,0.0
7956,4.4
7957,4.75
7958,5.0
7959,4.75
7960,4.5
7961,4.83
7962,4.5
7963,4.2
7964,4.8
7965,4.7
7966,4.93
7967,4.5
7968,5.0
7969,0.0
7970,4.92
7971,4.81
7972,4.8
7973,4.5
7974,4.94
7975,4.38
7976,4.8
7977,4.8
7978,5.0
7979,5.0
7980,4.8
7981,0.0
7982,0.0
7983,4.0
7984,0.0
7985,5.0
7986,4.0
7987,0.0
7988,4.67
7989,0.0
7990,4.0
7991,5.0
7992,4.83
7993,5.0
7994,5.0
7995,4.71
7996,4.75
7997,4.67
7998,4.0
7999,5.0
8000,4.8
8001,0.0
8002,5.0
8003,4.83
8004,5.0
8005,4.5
8006,4.82
8007,5.0
8008,4.75
8009,4.89
8010,4.44
8011,5.0
8012,4.71
8013,4.5
8014,4.9
8015,5.0
8016,0.0
8017,5.0
8018,4.92
8019,0.0
8020,4.86
8021,4.75
8022,0.0
8023,5.0
8024,5.0
8025,4.9
8026,0.0
8027,5.0
8028,5.0
8029,0.0
8030,0.0
8031,5.0
8032,5.0
8033,4.33
8034,5.0
8035,0.0
8036,4.2
8037,4.88
8038,5.0
8039,5.0
8040,5.0
8041,5.0
8042,4.95
8043,0.0
8044,0.0
8045,0.0
8046,4.78
8047,4.89
8048,4.78
8049,4.88
8050,5.0
8051,4.75
8052,4.9
8053,0.0
8054,3.5
8055,5.0
8056,4.8
8057,5.0
8058,5.0
8059,5.0
8060,0.0
8061,0.0
8062,4.57
8063,0.0
8064,5.0
8065,5.0
8066,4.62
8067,4.92
8068,4.67
8069,5.0
8070,0.0
8071,5.0
8072,4.79
8073,0.0
8074,4.8
8075,5.0
8076,4.75
8077,4.73
8078,4.0
8079,4.83
8080,5.0
8081,5.0
8082,0.0
8083,4.0
8084,5.0
8085,5.0
8086,4.94
8087,4.91
8088,5.0
8089,0.0
8090,5.0
8091,5.0
8092,4.83
8093,5.0
8094,4.0
8095,3.0
8096,0.0
8097,4.83
8098,5.0
8099,0.0
8100,5.0
8101,5.0
8102,4.89
8103,4.89
8104,5.0
8105,5.0
8106,5.0
8107,5.0
8108,4.93
8109,4.71
8110,5.0
8111,5.0
8112,5.0
8113,5.0
8114,4.0
8115,4.86
8116,4.44
8117,0.0
8118,0.0
8119,0.0
8120,0.0
8121,5.0
8122,5.0
8123,0.0
8124,4.77
8125,0.0
8126,5.0
8127,0.0
8128,5.0
8129,4.67
8130,5.0
8131,5.0
8132,0.0
8133,4.79
8134,4.83
8135,0.0
8136,5.0
8137,4.75
8138,0.0
8139,0.0
8140,5.0
8141,5.0
8142,5.0
8143,5.0
8144,5.0
8145,4.83
8146,0.0
8147,4.67
8148,5.0
8149,4.5
8150,4.71
8151,1.0
8152,0.0
8153,5.0
8154,0.0
8155,5.0
8156,5.0
8157,5.0
8158,4.8
8159,5.0
8160,5.0
8161,4.62
8162,3.0
8163,4.67
8164,5.0
8165,5.0
8166,5.0
8167,5.0
8168,0.0
8169,5.0
8170,5.0
8171,4.5
8172,0.0
8173,0.0
8174,4.83
8175,0.0
8176,5.0
8177,4.93
8178,4.92
8179,4.7
8180,4.83
8181,5.0
8182,4.92
8183,3.89
8184,4.6
8185,4.67
8186,5.0
8187,4.8
8188,5.0
8189,5.0
8190,4.25
8191,4.09
8192,5.0
8193,4.81
8194,4.5
8195,4.83
8196,0.0
8197,0.0
8198,4.86
8199,4.77
8200,4.4
8201,5.0
8202,4.17
8203,5.0
8204,4.78
8205,4.61
8206,4.89
8207,3.5
8208,4.89
8209,5.0
8210,4.67
8211,4.42
8212,5.0
8213,4.67
8214,4.9
8215,4.88
8216,5.0
8217,5.0
8218,4.33
8219,4.9
8220,0.0
8221,4.83
8222,4.86
8223,5.0
8224,5.0
8225,5.0
8226,4.93
8227,0.0
8228,4.8
8229,5.0
8230,4.64
8231,0.0
8232,4.9
8233,4.0
8234,3.0
8235,5.0
8236,5.0
8237,0.0
8238,4.93
8239,5.0
8240,0.0
8241,5.0
8242,0.0
8243,0.0
8244,4.6
8245,5.0
8246,0.0
8247,4.89
8248,0.0
8249,5.0
8250,5.0
8251,4.71
8252,4.91
8253,0.0
8254,4.71
8255,5.0
8256,4.92
8257,4.57
8258,0.0
8259,4.8
8260,4.8
8261,5.0
8262,4.11
8263,5.0
8264,5.0
8265,0.0
8266,4.68
8267,5.0
8268,5.0
8269,4.77
8270,0.0
8271,0.0
8272,5.0
8273,0.0
8274,4.86
8275,4.83
8276,4.0
8277,4.85
8278,5.0
8279,0.0
8280,5.0
8281,0.0
8282,0.0
8283,4.0
8284,4.33
8285,5.0
8286,4.91
8287,4.81
8288,0.0
8289,5.0
8290,4.33
8291,0.0
8292,4.83
8293,4.96
8294,5.0
8295,4.33
8296,0.0
8297,0.0
8298,4.88
8299,5.0
8300,4.0
8301,5.0
8302,5.0
8303,5.0
8304,4.38
8305,0.0
8306,0.0
8307,5.0
8308,0.0
8309,5.0
8310,0.0
8311,5.0
8312,0.0
8313,4.92
8314,5.0
8315,5.0
8316,0.0
8317,5.0
8318,0.0
8319,5.0
8320,4.83
8321,5.0
8322,0.0
8323,5.0
8324,4.57
8325,4.89
8326,0.0
8327,4.4
8328,5.0
8329,5.0
8330,0.0
8331,0.0
8332,5.0
8333,4.0
8334,0.0
8335,4.5
8336,0.0
8337,4.67
8338,4.0
8339,0.0
8340,5.0
8341,5.0
8342,5.0
8343,0.0
8344,4.0
8345,4.5
8346,4.33
8347,4.0
8348,0.0
8349,4.5
8350,4.73
8351,5.0
8352,0.0
8353,5.0
8354,4.0
8355,0.0
8356,5.0
8357,4.5
8358,5.0
8359,4.5
8360,5.0
8361,5.0
8362,4.44
8363,4.5
8364,4.6
8365,4.5
8366,0.0
8367,5.0
8368,0.0
8369,0.0
8370,5.0
8371,4.8
8372,4.0
8373,0.0
8374,4.75
8375,4.86
8376,0.0
8377,4.67
8378,5.0
8379,4.88
8380,4.5
8381,4.75
8382,5.0
8383,4.8
8384,0.0
8385,4.68
8386,4.67
8387,5.0
8388,5.0
8389,0.0
8390,0.0
8391,5.0
8392,5.0
8393,4.33
8394,5.0
8395,5.0
8396,5.0
8397,5.0
8398,5.0
8399,0.0
8400,4.29
8401,4.0
8402,3.67
8403,0.0
8404,4.0
8405,0.0
8406,5.0
8407,5.0
8408,0.0
8409,0.0
8410,0.0
8411,4.67
8412,4.77
8413,5.0
8414,0.0
8415,4.83
8416,5.0
8417,4.8
8418,5.0
8419,4.83
8420,0.0
8421,5.0
8422,4.38
8423,4.2
8424,4.92
8425,4.33
8426,5.0
8427,5.0
8428,0.0
8429,3.0
8430,5.0
8431,4.33
8432,5.0
8433,5.0
8434,4.43
8435,4.91
8436,0.0
8437,5.0
8438,4.57
8439,4.0
8440,4.67
8441,5.0
8442,4.83
8443,5.0
8444,4.88
8445,4.82
8446,5.0
8447,4.4
8448,5.0
8449,4.55
8450,4.88
8451,4.9
8452,0.0
8453,4.33
8454,0.0
8455,4.0
8456,0.0
8457,4.5
8458,4.87
8459,5.0
8460,3.0
8461,5.0
8462,4.71
8463,0.0
8464,0.0
8465,5.0
8466,4.75
8467,0.0
8468,4.86
8469,5.0
8470,0.0
8471,4.5
8472,5.0
8473,4.0
8474,3.0
8475,5.0
8476,5.0
8477,0.0
8478,4.88
8479,5.0
8480,0.0
8481,4.94
8482,5.0
8483,4.5
8484,0.0
8485,5.0
8486,0.0
8487,5.0
8488,4.86
8489,4.5
8490,0.0
8491,4.5
8492,5.0
8493,0.0
8494,5.0
8495,5.0
8496,4.5
8497,5.0
8498,5.0
8499,5.0
8500,0.0
8501,5.0
8502,4.33
8503,0.0
8504,0.0
8505,0.0
8506,0.0
8507,0.0
8508,0.0
8509,0.0
8510,5.0
8511,4.5
8512,0.0
8513,4.85
8514,0.0
8515,0.0
8516,0.0
8517,4.67
8518,0.0
8519,4.74
8520,5.0
8521,2.0
8522,4.5
8523,5.0
8524,0.0
8525,0.0
8526,0.0
8527,5.0
8528,0.0
8529,0.0
8530,5.0
8531,0.0
8532,5.0
8533,0.0
8534,0.0
8535,5.0
8536,4.75
8537,0.0
8538,4.88
8539,5.0
8540,5.0
8541,4.47
8542,4.94
8543,4.75
8544,5.0
8545,0.0
8546,4.83
8547,4.67
8548,4.67
8549,0.0
8550,5.0
8551,5.0
8552,5.0
8553,4.86
8554,5.0
8555,4.86
8556,4.5
8557,4.87
8558,0.0
8559,5.0
8560,5.0
8561,4.91
8562,5.0
8563,4.67
8564,5.0
8565,0.0
8566,4.88
8567,0.0
8568,0.0
8569,0.0
8570,5.0
8571,5.0
8572,5.0
8573,4.8
8574,5.0
8575,0.0
8576,4.89
8577,4.4
8578,5.0
8579,4.0
8580,5.0
8581,0.0
8582,5.0
8583,5.0
8584,4.0
8585,5.0
8586,0.0
8587,4.77
8588,0.0
8589,0.0
8590,5.0
8591,0.0
8592,0.0
8593,0.0
8594,5.0
8595,5.0
8596,0.0
8597,5.0
8598,5.0
8599,4.75
8600,5.0
8601,0.0
8602,5.0
8603,0.0
8604,0.0
8605,0.0
8606,0.0
8607,5.0
8608,5.0
8609,0.0
8610,4.0
8611,0.0
8612,5.0
8613,0.0
8614,4.86
8615,5.0
8616,0.0
8617,5.0
8618,4.5
8619,0.0
8620,4.17
8621,0.0
8622,4.75
8623,5.0
8624,5.0
8625,4.67
8626,4.5
8627,4.18
8628,5.0
8629,4.83
8630,5.0
8631,4.91
8632,4.91
8633,0.0
8634,4.67
8635,5.0
8636,4.78
8637,4.0
8638,4.92
8639,5.0
8640,0.0
8641,5.0
8642,0.0
8643,0.0
8644,4.0
8645,4.67
8646,3.5
8647,4.67
8648,4.8
8649,4.78
8650,5.0
8651,4.83
8652,5.0
8653,0.0
8654,5.0
8655,5.0
8656,0.0
8657,5.0
8658,5.0
8659,0.0
8660,5.0
8661,4.5
8662,5.0
8663,4.88
8664,4.86
8665,4.86
8666,4.2
8667,4.55
8668,4.67
8669,4.92
8670,5.0
8671,0.0
8672,5.0
8673,4.67
8674,5.0
8675,4.83
8676,5.0
8677,4.89
8678,4.8
8679,5.0
8680,5.0
8681,4.0
8682,4.67
8683,4.75
8684,5.0
8685,4.5
8686,0.0
8687,0.0
8688,4.5
8689,5.0
8690,5.0
8691,5.0
8692,0.0
8693,4.75
8694,0.0
8695,4.33
8696,4.0
8697,5.0
8698,4.71
8699,4.67
8700,4.0
8701,5.0
8702,5.0
8703,0.0
8704,0.0
8705,4.33
8706,4.33
8707,0.0
8708,5.0
8709,5.0
8710,5.0
8711,5.0
8712,0.0
8713,5.0
8714,5.0
8715,4.83
8716,5.0
8717,4.91
8718,5.0
8719,4.5
8720,5.0
8721,4.67
8722,4.83
8723,4.4
8724,4.0
8725,0.0
8726,5.0
8727,5.0
8728,5.0
8729,0.0
8730,0.0
8731,5.0
8732,5.0
8733,5.0
8734,4.78
8735,5.0
8736,0.0
8737,0.0
8738,5.0
8739,4.14
8740,0.0
8741,5.0
8742,0.0
8743,4.5
8744,0.0
8745,0.0
8746,5.0
8747,5.0
8748,5.0
8749,0.0
8750,4.0
8751,0.0
8752,0.0
8753,0.0
8754,0.0
8755,5.0
8756,4.5
8757,4.0
8758,5.0
8759,0.0
8760,0.0
8761,5.0
8762,5.0
8763,4.0
8764,0.0
8765,5.0
8766,0.0
8767,4.5
8768,5.0
8769,4.43
8770,4.88
8771,4.17
8772,5.0
8773,0.0
8774,5.0
8775,5.0
8776,3.88
8777,0.0
8778,0.0
8779,4.73
8780,5.0
8781,4.6
8782,4.25
8783,0.0
8784,5.0
8785,4.25
8786,0.0
8787,4.5
8788,4.85
8789,4.67
8790,0.0
8791,0.0
8792,5.0
8793,4.8
8794,0.0
8795,5.0
8796,5.0
8797,5.0
8798,0.0
8799,5.0
8800,0.0
8801,4.64
8802,4.8
8803,0.0
8804,0.0
8805,0.0
8806,0.0
8807,5.0
8808,4.75
8809,5.0
8810,0.0
8811,4.64
8812,0.0
8813,0.0
8814,0.0
8815,4.87
8816,5.0
8817,0.0
8818,0.0
8819,5.0
8820,5.0
8821,5.0
8822,5.0
8823,5.0
8824,5.0
8825,4.2
8826,5.0
8827,5.0
8828,4.93
8829,5.0
8830,4.83
8831,0.0
8832,0.0
8833,0.0
8834,5.0
8835,4.0
8836,3.0
8837,4.63
8838,4.0
8839,5.0
8840,4.75
8841,4.0
8842,4.0
8843,5.0
8844,0.0
8845,4.8
8846,5.0
8847,5.0
8848,5.0
8849,5.0
8850,5.0
8851,5.0
8852,5.0
8853,5.0
8854,5.0
8855,5.0
8856,0.0
8857,5.0
8858,5.0
8859,4.75
8860,4.33
8861,5.0
8862,0.0
8863,5.0
8864,5.0
8865,5.0
8866,0.0
8867,4.67
8868,4.8
8869,5.0
8870,5.0
8871,4.71
8872,5.0
8873,0.0
8874,5.0
8875,0.0
8876,4.2
8877,5.0
8878,5.0
8879,5.0
8880,5.0
8881,4.0
8882,5.0
8883,5.0
8884,4.67
8885,0.0
8886,4.33
8887,0.0
8888,4.0
8889,5.0
8890,0.0
8891,0.0
8892,5.0
8893,5.0
8894,4.75
8895,4.75
8896,5.0
8897,4.8
8898,0.0
8899,5.0
8900,0.0
8901,0.0
8902,5.0
8903,5.0
8904,0.0
8905,5.0
8906,4.0
8907,5.0
8908,0.0
8909,5.0
8910,5.0
8911,0.0
8912,0.0
8913,0.0
8914,5.0
8915,0.0
8916,5.0
8917,5.0
8918,5.0
8919,4.7
8920,0.0
8921,5.0
8922,5.0
8923,4.5
8924,5.0
8925,0.0
8926,4.75
8927,5.0
8928,5.0
8929,5.0
8930,4.67
8931,0.0
8932,5.0
8933,5.0
8934,0.0
8935,4.83
8936,0.0
8937,5.0
8938,5.0
8939,0.0
8940,5.0
8941,5.0
8942,5.0
8943,0.0
8944,5.0
8945,0.0
8946,0.0
8947,0.0
8948,0.0
8949,5.0
8950,5.0
8951,5.0
8952,0.0
8953,5.0
8954,5.0
8955,5.0
8956,5.0
8957,5.0
8958,4.2
8959,3.67
8960,4.5
8961,0.0
8962,5.0
8963,4.6
8964,0.0
8965,0.0
8966,0.0
8967,0.0
8968,5.0
8969,5.0
8970,0.0
8971,5.0
8972,0.0
8973,4.2
8974,4.0
8975,0.0
8976,4.83
8977,5.0
8978,5.0
8979,5.0
8980,0.0
8981,1.0
8982,5.0
8983,5.0
8984,5.0
8985,4.9
8986,5.0
8987,0.0
8988,5.0
8989,5.0
8990,0.0
8991,4.0
8992,4.0
8993,5.0
8994,4.0
8995,5.0
8996,5.0
8997,3.67
8998,5.0
8999,5.0
9000,5.0
9001,0.0
9002,0.0
9003,4.5
9004,5.0
9005,3.5
9006,5.0
9007,4.0
9008,0.0
9009,5.0
9010,5.0
9011,4.93
9012,5.0
9013,5.0
9014,5.0
9015,4.91
9016,0.0
9017,5.0
9018,4.5
9019,4.64
9020,4.4
9021,0.0
9022,4.5
9023,5.0
9024,4.5
9025,5.0
9026,3.25
9027,4.5
9028,5.0
9029,3.5
9030,4.4
9031,5.0
9032,5.0
9033,4.75
9034,0.0
9035,4.75
9036,5.0
9037,0.0
9038,5.0
9039,0.0
9040,4.91
9041,5.0
9042,0.0
9043,0.0
9044,5.0
9045,0.0
9046,0.0
9047,0.0
9048,5.0
9049,0.0
9050,0.0
9051,0.0
9052,0.0
9053,0.0
9054,3.4
9055,0.0
9056,0.0
9057,5.0
9058,0.0
9059,4.0
9060,0.0
9061,5.0
9062,2.5
9063,3.0
9064,5.0
9065,0.0
9066,0.0
9067,3.5
9068,0.0
9069,0.0
9070,3.0
9071,0.0
9072,4.5
9073,0.0
9074,0.0
9075,5.0
9076,0.0
9077,3.0
9078,4.0
9079,5.0
9080,0.0
9081,4.0
9082,4.4
9083,4.0
9084,5.0
9085,0.0
9086,0.0
9087,5.0
9088,0.0
9089,4.75
9090,0.0
9091,0.0
9092,0.0
9093,0.0
9094,5.0
9095,5.0
9096,0.0
9097,0.0
9098,4.5
9099,3.5
9100,0.0
9101,5.0
9102,4.0
9103,5.0
9104,5.0
9105,5.0
9106,4.5
9107,0.0
9108,0.0
9109,0.0
9110,5.0
9111,0.0
9112,5.0
9113,0.0
9114,4.75
9115,0.0
9116,5.0
9117,0.0
9118,5.0
9119,0.0
9120,5.0
9121,0.0
9122,5.0
9123,5.0
9124,5.0
9125,0.0
9126,0.0
9127,0.0
9128,5.0
9129,4.8
9130,0.0
9131,5.0
9132,0.0
9133,4.0
9134,5.0
9135,0.0
9136,5.0
9137,5.0
9138,5.0
9139,5.0
9140,0.0
9141,0.0
9142,5.0
9143,0.0
9144,4.75
9145,5.0
9146,5.0
9147,0.0
9148,5.0
9149,5.0
9150,5.0
9151,0.0
9152,3.0
9153,4.67
9154,4.75
9155,4.75
9156,0.0
9157,0.0
9158,0.0
9159,5.0
9160,0.0
9161,5.0
9162,4.8
9163,5.0
9164,5.0
9165,0.0
9166,5.0
9167,0.0
9168,0.0
9169,4.0
9170,0.0
9171,0.0
9172,0.0
9173,0.0
9174,0.0
9175,5.0
9176,0.0
9177,5.0
9178,0.0
9179,0.0
9180,5.0
9181,0.0
9182,5.0
9183,3.75
9184,0.0
9185,0.0
9186,0.0
9187,0.0
9188,5.0
9189,0.0
9190,5.0
9191,0.0
9192,5.0
9193,0.0
9194,0.0
9195,5.0
9196,0.0
9197,5.0
9198,0.0
9199,0.0
9200,0.0
9201,5.0
9202,4.75
9203,0.0
9204,0.0
9205,0.0
9206,0.0
9207,0.0
9208,5.0
9209,0.0
9210,4.0
9211,5.0
9212,5.0
9213,5.0
9214,5.0
9215,5.0
9216,5.0
9217,0.0
9218,0.0
9219,0.0
9220,4.75
9221,0.0
9222,0.0
9223,0.0
9224,0.0
9225,0.0
9226,5.0
9227,0.0
9228,0.0
9229,4.0
9230,4.0
9231,4.0
9232,0.0
9233,5.0
9234,0.0
9235,5.0
9236,0.0
9237,0.0
9238,0.0
9239,5.0
9240,5.0
9241,5.0
9242,4.5
9243,0.0
9244,0.0
9245,0.0
9246,0.0
9247,0.0
9248,0.0
9249,0.0
9250,5.0
9251,0.0
9252,0.0
9253,5.0
9254,5.0
9255,0.0
9256,0.0
9257,5.0
9258,0.0
9259,0.0
9260,0.0
9261,0.0
9262,0.0
9263,0.0
9264,5.0
9265,0.0
9266,5.0
9267,0.0
9268,0.0
9269,5.0
9270,0.0
9271,5.0
9272,0.0
9273,0.0
9274,0.0
9275,4.5
9276,0.0
9277,0.0
9278,5.0
9279,0.0
9280,3.0
9281,0.0
9282,0.0
9283,0.0
9284,0.0
9285,4.0
9286,0.0
9287,0.0
9288,0.0
9289,5.0
9290,0.0
9291,4.67
9292,0.0
9293,0.0
9294,0.0
9295,5.0
9296,5.0
9297,0.0
9298,0.0
9299,0.0
9300,0.0
9301,0.0
9302,0.0
9303,0.0
9304,5.0
9305,0.0
9306,0.0
9307,0.0
9308,4.0
9309,5.0
9310,5.0
9311,0.0
9312,0.0
9313,5.0
9314,5.0
9315,0.0
9316,0.0
9317,0.0
9318,0.0
9319,0.0
9320,0.0
9321,0.0
9322,0.0
9323,0.0
9324,5.0
9325,5.0
9326,0.0
9327,0.0
9328,5.0
9329,0.0
9330,0.0
9331,0.0
9332,0.0
9333,0.0
9334,0.0
9335,0.0
9336,5.0
9337,0.0
9338,0.0
9339,0.0
9340,5.0
9341,0.0
9342,0.0
9343,4.75
9344,0.0
9345,0.0
9346,5.0
9347,0.0
9348,0.0
9349,0.0
9350,0.0
9351,0.0
9352,0.0
9353,0.0
9354,0.0
9355,0.0
9356,5.0
9357,0.0
9358,0.0
9359,0.0
9360,0.0
9361,0.0
9362,0.0
9363,0.0
9364,0.0
9365,5.0
9366,0.0
9367,4.0
9368,0.0
9369,0.0
9370,0.0
9371,0.0
9372,0.0
9373,0.0
9374,0.0
9375,0.0
9376,0.0
9377,0.0
9378,0.0
9379,0.0
9380,0.0
9381,0.0
9382,0.0
9383,5.0
9384,5.0
9385,4.0
9386,0.0
9387,0.0
9388,0.0
9389,0.0
9390,0.0
9391,0.0
9392,0.0
9393,0.0
9394,5.0
9395,0.0
9396,0.0
9397,0.0
9398,0.0
9399,0.0
9400,0.0
9401,0.0
9402,0.0
9403,0.0
9404,0.0
9405,0.0
9406,5.0
9407,0.0
9408,0.0
9409,0.0
9410,0.0
9411,0.0
9412,0.0
9413,0.0
9414,0.0
9415,0.0
9416,0.0
9417,0.0
9418,0.0
9419,0.0
9420,0.0
9421,5.0
9422,0.0
9423,0.0
9424,0.0
9425,0.0
9426,0.0
9427,0.0
9428,0.0
9429,0.0
9430,0.0
9431,0.0
9432,0.0
9433,0.0
9434,2.0
9435,0.0
9436,5.0
9437,0.0
9438,0.0
9439,0.0
9440,0.0
9441,0.0
9442,0.0
9443,0.0
9444,0.0
9445,0.0
9446,0.0
