,review_scores_comunicaci√≥n
0,4.79
1,5.0
2,4.89
3,4.87
4,4.78
5,4.63
6,4.98
7,4.94
8,4.94
9,5.0
10,4.77
11,4.86
12,4.85
13,4.68
14,4.83
15,0.0
16,4.84
17,4.94
18,4.9
19,4.54
20,4.95
21,4.56
22,4.88
23,4.86
24,4.92
25,4.69
26,4.67
27,4.7
28,4.91
29,4.97
30,4.99
31,4.81
32,4.87
33,4.75
34,4.79
35,4.84
36,4.97
37,4.9
38,4.92
39,4.92
40,4.93
41,4.44
42,5.0
43,4.91
44,4.77
45,4.96
46,4.68
47,4.87
48,4.94
49,4.89
50,4.86
51,4.85
52,4.88
53,4.89
54,4.99
55,4.79
56,4.96
57,4.89
58,4.91
59,4.59
60,5.0
61,4.86
62,4.71
63,0.0
64,4.6
65,4.97
66,4.97
67,4.82
68,4.86
69,5.0
70,4.9
71,5.0
72,4.98
73,4.94
74,4.84
75,4.9
76,4.79
77,4.83
78,4.95
79,4.91
80,4.94
81,4.92
82,4.99
83,4.86
84,4.74
85,4.87
86,4.79
87,4.93
88,4.84
89,4.81
90,4.93
91,4.87
92,4.8
93,4.79
94,4.91
95,4.74
96,4.85
97,4.74
98,4.96
99,4.95
100,5.0
101,4.95
102,4.83
103,4.98
104,4.96
105,4.91
106,4.86
107,4.9
108,4.81
109,4.75
110,4.91
111,4.69
112,4.86
113,4.64
114,4.92
115,4.97
116,4.68
117,4.92
118,4.78
119,4.93
120,0.0
121,4.94
122,4.81
123,4.85
124,4.93
125,4.85
126,4.8
127,4.85
128,4.89
129,4.93
130,4.71
131,4.91
132,4.92
133,4.72
134,4.81
135,4.98
136,4.84
137,4.6
138,4.84
139,4.97
140,4.91
141,4.9
142,4.76
143,4.94
144,4.83
145,4.75
146,4.89
147,4.4
148,4.92
149,5.0
150,4.89
151,4.76
152,4.99
153,4.91
154,5.0
155,4.95
156,4.78
157,4.76
158,4.83
159,4.88
160,4.63
161,0.0
162,0.0
163,5.0
164,4.94
165,4.83
166,4.95
167,4.83
168,4.96
169,4.98
170,4.95
171,4.91
172,5.0
173,4.93
174,0.0
175,4.98
176,4.8
177,4.81
178,4.89
179,4.93
180,4.9
181,4.75
182,4.75
183,4.97
184,4.97
185,4.97
186,4.85
187,4.96
188,4.88
189,4.88
190,4.9
191,5.0
192,4.82
193,4.99
194,4.96
195,4.92
196,4.98
197,4.79
198,4.92
199,4.96
200,4.86
201,4.95
202,4.91
203,4.93
204,4.58
205,4.86
206,0.0
207,4.86
208,4.72
209,4.91
210,4.94
211,4.27
212,4.98
213,4.94
214,4.86
215,5.0
216,4.94
217,4.95
218,4.95
219,4.86
220,4.74
221,4.98
222,4.78
223,4.9
224,4.98
225,4.96
226,4.91
227,4.88
228,4.78
229,4.99
230,4.96
231,4.96
232,4.89
233,4.97
234,4.9
235,4.94
236,4.95
237,4.94
238,4.96
239,4.84
240,4.74
241,4.8
242,4.76
243,4.69
244,4.59
245,4.89
246,4.81
247,4.82
248,4.76
249,4.96
250,4.95
251,4.47
252,4.85
253,4.81
254,4.96
255,4.98
256,4.95
257,4.88
258,4.95
259,4.98
260,5.0
261,4.95
262,4.92
263,4.91
264,4.84
265,4.96
266,4.88
267,4.76
268,4.73
269,4.96
270,4.91
271,4.85
272,0.0
273,4.89
274,4.95
275,4.64
276,4.86
277,4.83
278,4.62
279,4.89
280,0.0
281,4.99
282,4.96
283,0.0
284,4.89
285,4.56
286,4.92
287,4.9
288,4.91
289,4.86
290,4.5
291,4.98
292,4.83
293,4.8
294,0.0
295,4.99
296,4.93
297,4.97
298,4.88
299,4.79
300,4.94
301,0.0
302,4.77
303,4.81
304,4.91
305,4.96
306,4.9
307,4.92
308,4.62
309,4.87
310,4.93
311,4.88
312,5.0
313,4.67
314,4.56
315,4.83
316,4.98
317,4.94
318,4.98
319,4.73
320,4.97
321,4.91
322,4.0
323,4.58
324,4.89
325,4.97
326,4.78
327,4.97
328,4.92
329,4.84
330,4.91
331,4.8
332,4.78
333,4.92
334,4.94
335,4.99
336,4.9
337,4.7
338,4.8
339,4.81
340,4.91
341,4.75
342,4.77
343,4.96
344,5.0
345,4.95
346,4.96
347,4.92
348,4.5
349,4.96
350,4.93
351,4.89
352,4.87
353,4.95
354,4.57
355,4.83
356,4.83
357,4.78
358,4.87
359,4.83
360,4.94
361,5.0
362,4.92
363,5.0
364,4.89
365,4.76
366,4.95
367,4.3
368,4.9
369,4.67
370,4.9
371,4.94
372,4.77
373,4.95
374,4.75
375,4.94
376,4.93
377,4.81
378,4.87
379,4.28
380,4.99
381,4.89
382,4.9
383,4.91
384,4.89
385,4.86
386,4.88
387,4.71
388,4.94
389,4.81
390,4.94
391,4.84
392,4.96
393,4.92
394,4.9
395,4.19
396,4.97
397,4.86
398,4.96
399,4.9
400,4.78
401,4.65
402,4.96
403,4.89
404,4.96
405,4.94
406,4.73
407,4.97
408,4.98
409,4.89
410,4.96
411,4.98
412,4.94
413,4.95
414,4.74
415,4.92
416,4.95
417,4.86
418,4.89
419,5.0
420,4.75
421,4.9
422,4.95
423,4.9
424,4.64
425,4.97
426,4.89
427,4.93
428,4.95
429,4.92
430,4.87
431,4.93
432,4.92
433,5.0
434,4.89
435,4.98
436,4.96
437,4.88
438,4.96
439,4.7
440,4.85
441,4.96
442,4.68
443,4.93
444,3.83
445,4.73
446,4.92
447,4.88
448,4.94
449,4.9
450,4.97
451,4.93
452,4.94
453,4.98
454,4.68
455,4.85
456,4.96
457,4.95
458,5.0
459,4.99
460,4.95
461,5.0
462,4.85
463,5.0
464,4.94
465,4.2
466,4.92
467,4.83
468,4.9
469,4.88
470,4.89
471,4.98
472,0.0
473,4.82
474,4.96
475,4.84
476,4.97
477,4.86
478,4.86
479,4.91
480,4.92
481,4.96
482,4.85
483,4.86
484,4.46
485,4.89
486,4.87
487,4.78
488,4.84
489,4.89
490,4.91
491,4.64
492,4.92
493,4.74
494,4.85
495,4.92
496,4.88
497,4.96
498,4.85
499,4.9
500,4.75
501,4.91
502,4.92
503,4.98
504,4.89
505,4.95
506,4.77
507,4.93
508,4.93
509,4.96
510,4.96
511,5.0
512,4.96
513,4.9
514,4.7
515,4.96
516,4.97
517,4.96
518,5.0
519,4.91
520,4.9
521,4.99
522,4.84
523,4.91
524,4.83
525,5.0
526,4.83
527,4.88
528,4.96
529,4.92
530,0.0
531,4.87
532,5.0
533,4.56
534,4.93
535,5.0
536,4.99
537,4.8
538,4.95
539,4.98
540,4.86
541,4.77
542,4.92
543,4.89
544,4.94
545,5.0
546,4.99
547,4.84
548,4.91
549,4.73
550,4.58
551,4.98
552,4.98
553,4.85
554,4.15
555,4.79
556,3.2
557,4.2
558,4.63
559,4.57
560,4.2
561,4.14
562,4.34
563,4.41
564,4.82
565,4.96
566,4.93
567,4.76
568,4.73
569,4.66
570,4.84
571,5.0
572,4.79
573,4.72
574,4.86
575,4.86
576,4.78
577,0.0
578,4.8
579,4.5
580,4.33
581,4.91
582,4.75
583,4.42
584,4.86
585,4.89
586,4.84
587,4.82
588,4.66
589,4.62
590,4.87
591,4.88
592,4.97
593,4.97
594,4.89
595,5.0
596,4.98
597,4.91
598,4.96
599,4.95
600,4.9
601,4.31
602,4.97
603,4.91
604,4.94
605,4.99
606,4.94
607,4.94
608,4.96
609,4.98
610,4.96
611,4.98
612,4.85
613,4.96
614,4.99
615,4.94
616,4.94
617,4.89
618,4.97
619,4.96
620,4.88
621,5.0
622,4.67
623,4.61
624,4.43
625,4.48
626,5.0
627,4.63
628,4.96
629,4.69
630,4.96
631,4.71
632,4.88
633,4.82
634,4.86
635,4.78
636,4.9
637,4.75
638,4.84
639,4.97
640,4.48
641,4.78
642,4.94
643,4.96
644,4.92
645,4.87
646,5.0
647,4.05
648,4.95
649,5.0
650,4.93
651,4.88
652,4.58
653,4.84
654,5.0
655,5.0
656,4.86
657,4.85
658,4.97
659,4.88
660,4.68
661,4.54
662,5.0
663,4.95
664,5.0
665,4.8
666,4.99
667,4.68
668,4.83
669,4.96
670,4.87
671,4.88
672,4.75
673,5.0
674,4.97
675,4.97
676,4.8
677,5.0
678,4.96
679,4.81
680,4.9
681,4.85
682,4.72
683,4.9
684,4.94
685,4.96
686,4.85
687,4.83
688,4.94
689,4.78
690,4.93
691,4.57
692,4.98
693,4.93
694,4.7
695,5.0
696,4.98
697,4.89
698,4.84
699,4.4
700,4.94
701,4.95
702,4.91
703,4.92
704,4.92
705,4.91
706,4.43
707,4.97
708,4.87
709,4.77
710,0.0
711,4.86
712,4.67
713,4.89
714,4.9
715,4.95
716,4.93
717,4.77
718,0.0
719,4.93
720,4.82
721,4.83
722,5.0
723,4.88
724,4.94
725,4.89
726,4.73
727,4.92
728,5.0
729,4.94
730,4.83
731,4.95
732,4.87
733,4.96
734,4.6
735,4.97
736,4.63
737,4.95
738,4.94
739,4.92
740,5.0
741,4.9
742,4.93
743,4.95
744,4.98
745,4.97
746,4.98
747,4.83
748,4.99
749,4.93
750,4.9
751,4.67
752,4.86
753,4.93
754,5.0
755,5.0
756,4.91
757,4.67
758,4.76
759,4.77
760,4.86
761,4.92
762,4.96
763,4.91
764,4.9
765,4.79
766,4.96
767,3.8
768,4.94
769,4.93
770,4.62
771,4.91
772,4.85
773,4.9
774,4.96
775,4.84
776,4.7
777,4.8
778,4.4
779,5.0
780,4.91
781,4.88
782,0.0
783,4.82
784,4.8
785,4.77
786,4.85
787,4.76
788,5.0
789,5.0
790,4.96
791,4.77
792,5.0
793,4.88
794,5.0
795,4.98
796,4.93
797,4.8
798,4.96
799,4.77
800,4.88
801,4.46
802,4.94
803,5.0
804,4.64
805,4.82
806,5.0
807,4.95
808,5.0
809,4.97
810,4.83
811,4.67
812,4.9
813,4.59
814,4.87
815,4.92
816,4.78
817,4.44
818,4.0
819,4.9
820,0.0
821,4.71
822,4.92
823,5.0
824,4.64
825,4.91
826,4.85
827,5.0
828,4.98
829,5.0
830,4.74
831,4.97
832,4.86
833,5.0
834,4.75
835,5.0
836,5.0
837,4.98
838,4.98
839,4.94
840,0.0
841,5.0
842,4.75
843,4.77
844,4.94
845,4.5
846,4.51
847,4.93
848,4.92
849,4.82
850,4.84
851,4.99
852,4.96
853,4.91
854,4.9
855,4.83
856,4.71
857,5.0
858,4.98
859,4.17
860,4.95
861,4.81
862,4.95
863,4.99
864,4.9
865,4.87
866,4.97
867,4.97
868,4.98
869,4.89
870,4.61
871,0.0
872,4.83
873,4.87
874,4.96
875,4.97
876,5.0
877,0.0
878,4.98
879,4.77
880,4.9
881,4.91
882,4.45
883,4.5
884,4.67
885,4.64
886,4.79
887,0.0
888,4.67
889,4.83
890,4.91
891,4.78
892,4.93
893,4.96
894,4.93
895,4.98
896,4.79
897,4.98
898,4.92
899,4.8
900,4.95
901,4.52
902,4.78
903,4.74
904,4.47
905,4.51
906,4.71
907,4.63
908,4.21
909,4.52
910,4.61
911,4.67
912,4.92
913,4.98
914,4.97
915,4.92
916,4.78
917,4.97
918,4.93
919,4.92
920,5.0
921,3.83
922,4.91
923,4.89
924,4.92
925,4.8
926,4.64
927,4.97
928,4.8
929,4.9
930,4.8
931,4.95
932,4.82
933,4.88
934,4.94
935,4.91
936,4.95
937,4.85
938,4.92
939,0.0
940,4.85
941,4.94
942,4.95
943,4.94
944,4.84
945,4.79
946,4.82
947,4.29
948,4.96
949,5.0
950,4.59
951,4.96
952,4.99
953,4.97
954,5.0
955,4.74
956,4.77
957,4.74
958,4.82
959,4.93
960,4.82
961,4.93
962,4.63
963,4.94
964,4.81
965,4.92
966,4.7
967,4.89
968,4.94
969,4.83
970,4.75
971,4.95
972,4.94
973,4.88
974,4.75
975,4.81
976,0.0
977,4.94
978,4.64
979,4.81
980,4.93
981,4.9
982,4.92
983,4.9
984,3.33
985,4.92
986,4.87
987,4.63
988,4.67
989,5.0
990,4.9
991,4.84
992,4.88
993,4.99
994,4.99
995,4.86
996,4.97
997,4.42
998,4.65
999,4.67
1000,4.96
1001,4.83
1002,4.97
1003,4.9
1004,4.76
1005,4.97
1006,4.76
1007,4.92
1008,4.81
1009,4.81
1010,4.79
1011,4.87
1012,4.89
1013,4.95
1014,4.75
1015,4.88
1016,4.9
1017,4.86
1018,5.0
1019,4.0
1020,4.79
1021,4.98
1022,4.96
1023,4.95
1024,4.76
1025,4.9
1026,4.64
1027,4.81
1028,4.73
1029,4.99
1030,4.98
1031,4.96
1032,4.92
1033,4.89
1034,4.88
1035,4.71
1036,4.96
1037,4.86
1038,4.85
1039,4.81
1040,4.9
1041,4.79
1042,4.78
1043,4.68
1044,4.69
1045,4.98
1046,4.93
1047,4.81
1048,4.76
1049,4.72
1050,4.79
1051,4.77
1052,5.0
1053,4.93
1054,4.98
1055,0.0
1056,4.97
1057,4.99
1058,4.65
1059,4.84
1060,4.79
1061,4.88
1062,4.74
1063,4.87
1064,4.81
1065,4.94
1066,4.92
1067,4.93
1068,4.92
1069,4.37
1070,4.91
1071,4.99
1072,4.8
1073,4.96
1074,4.89
1075,4.96
1076,5.0
1077,4.87
1078,4.65
1079,4.93
1080,3.33
1081,4.96
1082,4.96
1083,4.87
1084,4.92
1085,0.0
1086,4.98
1087,4.95
1088,4.91
1089,4.93
1090,4.97
1091,4.95
1092,4.97
1093,4.67
1094,4.96
1095,4.86
1096,4.79
1097,5.0
1098,4.9
1099,5.0
1100,5.0
1101,4.81
1102,4.91
1103,4.97
1104,4.73
1105,4.61
1106,4.85
1107,4.84
1108,4.9
1109,4.92
1110,4.65
1111,4.96
1112,4.93
1113,4.93
1114,4.97
1115,4.36
1116,4.95
1117,4.92
1118,4.95
1119,4.85
1120,4.91
1121,4.89
1122,4.89
1123,5.0
1124,4.79
1125,4.5
1126,4.96
1127,4.82
1128,4.97
1129,4.85
1130,4.81
1131,4.84
1132,4.94
1133,4.94
1134,4.88
1135,4.4
1136,4.86
1137,4.91
1138,4.98
1139,4.97
1140,4.83
1141,4.88
1142,4.98
1143,4.94
1144,4.88
1145,4.63
1146,4.97
1147,4.5
1148,5.0
1149,5.0
1150,4.87
1151,4.87
1152,5.0
1153,4.97
1154,4.81
1155,4.84
1156,4.94
1157,4.88
1158,4.97
1159,4.86
1160,4.95
1161,5.0
1162,4.0
1163,3.67
1164,5.0
1165,4.63
1166,4.75
1167,5.0
1168,4.67
1169,4.85
1170,4.77
1171,4.9
1172,4.91
1173,4.99
1174,4.94
1175,4.95
1176,4.86
1177,4.91
1178,4.93
1179,4.44
1180,4.62
1181,4.91
1182,4.85
1183,4.79
1184,4.83
1185,4.5
1186,4.86
1187,4.91
1188,4.83
1189,4.94
1190,4.74
1191,4.9
1192,0.0
1193,4.94
1194,4.98
1195,4.94
1196,4.9
1197,4.79
1198,5.0
1199,5.0
1200,4.85
1201,4.97
1202,4.89
1203,4.96
1204,4.99
1205,4.94
1206,4.88
1207,4.33
1208,5.0
1209,4.8
1210,4.91
1211,4.76
1212,4.79
1213,4.84
1214,4.93
1215,4.7
1216,4.97
1217,4.98
1218,4.9
1219,4.92
1220,4.9
1221,4.85
1222,4.93
1223,4.95
1224,5.0
1225,4.99
1226,4.91
1227,4.78
1228,4.77
1229,4.78
1230,4.93
1231,4.89
1232,4.84
1233,0.0
1234,4.31
1235,4.76
1236,4.98
1237,4.99
1238,4.93
1239,4.8
1240,4.94
1241,4.91
1242,4.88
1243,4.82
1244,4.92
1245,4.93
1246,4.93
1247,4.74
1248,3.67
1249,4.94
1250,4.74
1251,4.65
1252,4.88
1253,4.93
1254,4.57
1255,4.83
1256,4.67
1257,4.78
1258,4.85
1259,4.83
1260,4.77
1261,4.88
1262,4.75
1263,4.63
1264,4.77
1265,4.86
1266,4.83
1267,4.97
1268,4.8
1269,5.0
1270,4.93
1271,4.99
1272,5.0
1273,4.92
1274,5.0
1275,4.86
1276,4.82
1277,3.83
1278,4.83
1279,4.85
1280,4.93
1281,4.93
1282,4.8
1283,4.84
1284,4.82
1285,4.85
1286,4.83
1287,4.76
1288,4.96
1289,4.9
1290,4.85
1291,4.91
1292,4.78
1293,4.88
1294,4.88
1295,4.86
1296,4.99
1297,4.0
1298,5.0
1299,4.98
1300,4.57
1301,4.95
1302,4.78
1303,4.94
1304,4.96
1305,4.75
1306,4.89
1307,5.0
1308,4.5
1309,0.0
1310,4.94
1311,4.95
1312,4.74
1313,4.84
1314,4.8
1315,4.82
1316,4.81
1317,4.98
1318,4.89
1319,4.76
1320,5.0
1321,4.96
1322,4.95
1323,4.81
1324,4.97
1325,4.65
1326,4.92
1327,4.89
1328,4.9
1329,0.0
1330,4.25
1331,4.96
1332,4.95
1333,4.89
1334,4.85
1335,4.91
1336,4.98
1337,4.93
1338,4.85
1339,4.98
1340,4.92
1341,4.94
1342,4.87
1343,5.0
1344,4.98
1345,4.88
1346,4.8
1347,4.63
1348,4.7
1349,5.0
1350,4.72
1351,4.73
1352,4.88
1353,4.86
1354,5.0
1355,4.67
1356,4.93
1357,4.55
1358,4.84
1359,4.76
1360,4.85
1361,4.96
1362,4.93
1363,4.78
1364,4.79
1365,4.92
1366,4.78
1367,4.9
1368,4.55
1369,4.7
1370,4.8
1371,4.83
1372,4.64
1373,4.82
1374,4.75
1375,4.19
1376,4.36
1377,4.95
1378,4.92
1379,5.0
1380,4.81
1381,4.96
1382,4.95
1383,4.85
1384,4.99
1385,4.96
1386,4.8
1387,4.96
1388,4.96
1389,4.74
1390,4.99
1391,4.86
1392,4.92
1393,4.87
1394,4.86
1395,4.59
1396,5.0
1397,5.0
1398,4.71
1399,4.88
1400,4.8
1401,5.0
1402,3.8
1403,4.73
1404,4.88
1405,4.88
1406,4.99
1407,4.94
1408,4.78
1409,4.93
1410,4.94
1411,4.94
1412,5.0
1413,4.6
1414,4.6
1415,4.96
1416,4.97
1417,4.95
1418,3.78
1419,4.28
1420,4.25
1421,4.07
1422,4.92
1423,4.74
1424,4.82
1425,4.93
1426,4.93
1427,4.96
1428,4.72
1429,4.72
1430,4.75
1431,4.99
1432,4.96
1433,4.97
1434,4.88
1435,4.9
1436,4.95
1437,4.92
1438,4.97
1439,4.79
1440,4.69
1441,4.86
1442,4.44
1443,4.87
1444,4.79
1445,4.67
1446,5.0
1447,1.0
1448,4.96
1449,4.88
1450,4.89
1451,4.85
1452,4.89
1453,4.88
1454,4.94
1455,4.8
1456,4.54
1457,4.83
1458,4.3
1459,4.62
1460,4.9
1461,4.73
1462,4.61
1463,3.0
1464,4.82
1465,4.92
1466,4.97
1467,4.69
1468,4.88
1469,4.92
1470,4.75
1471,5.0
1472,5.0
1473,4.33
1474,4.75
1475,4.97
1476,4.93
1477,4.9
1478,4.67
1479,4.79
1480,4.97
1481,4.75
1482,4.74
1483,4.71
1484,4.8
1485,4.85
1486,4.88
1487,4.87
1488,4.88
1489,4.9
1490,4.93
1491,4.95
1492,4.8
1493,4.96
1494,4.59
1495,4.95
1496,4.95
1497,5.0
1498,5.0
1499,4.99
1500,4.88
1501,4.9
1502,4.5
1503,5.0
1504,5.0
1505,4.93
1506,4.97
1507,4.9
1508,4.93
1509,4.93
1510,4.91
1511,4.9
1512,4.99
1513,4.87
1514,4.92
1515,4.8
1516,4.9
1517,4.96
1518,4.65
1519,4.85
1520,4.73
1521,4.9
1522,4.91
1523,4.24
1524,4.88
1525,4.98
1526,4.9
1527,4.84
1528,4.84
1529,4.73
1530,0.0
1531,4.92
1532,4.0
1533,4.18
1534,5.0
1535,4.95
1536,4.75
1537,4.89
1538,4.0
1539,4.0
1540,5.0
1541,4.67
1542,4.33
1543,4.43
1544,4.71
1545,5.0
1546,3.0
1547,4.91
1548,0.0
1549,4.67
1550,4.67
1551,2.67
1552,4.9
1553,0.0
1554,4.86
1555,4.8
1556,4.83
1557,4.82
1558,4.92
1559,4.83
1560,4.82
1561,4.79
1562,4.79
1563,4.82
1564,4.81
1565,4.86
1566,4.63
1567,4.9
1568,4.87
1569,4.85
1570,4.88
1571,4.86
1572,4.88
1573,4.88
1574,4.85
1575,4.99
1576,4.19
1577,5.0
1578,0.0
1579,4.85
1580,4.66
1581,4.91
1582,4.92
1583,4.94
1584,4.95
1585,4.97
1586,4.87
1587,4.72
1588,4.17
1589,4.96
1590,4.63
1591,4.67
1592,5.0
1593,4.79
1594,4.88
1595,5.0
1596,4.79
1597,4.35
1598,5.0
1599,0.0
1600,4.44
1601,4.95
1602,4.86
1603,4.95
1604,4.97
1605,4.64
1606,4.68
1607,4.5
1608,4.79
1609,4.81
1610,4.79
1611,4.63
1612,4.85
1613,4.89
1614,4.83
1615,4.78
1616,4.68
1617,4.72
1618,4.77
1619,4.68
1620,4.97
1621,4.75
1622,4.9
1623,4.91
1624,4.69
1625,5.0
1626,0.0
1627,4.82
1628,4.96
1629,4.98
1630,4.94
1631,4.76
1632,4.93
1633,5.0
1634,4.95
1635,4.93
1636,4.7
1637,4.94
1638,5.0
1639,5.0
1640,5.0
1641,4.88
1642,4.81
1643,4.56
1644,4.89
1645,4.84
1646,4.74
1647,4.95
1648,4.96
1649,4.73
1650,5.0
1651,4.86
1652,4.97
1653,3.67
1654,4.94
1655,4.89
1656,4.85
1657,4.94
1658,5.0
1659,4.95
1660,4.71
1661,4.87
1662,4.33
1663,4.87
1664,4.85
1665,4.96
1666,4.84
1667,4.84
1668,4.62
1669,1.0
1670,4.79
1671,4.73
1672,3.0
1673,5.0
1674,4.95
1675,5.0
1676,4.64
1677,4.62
1678,4.94
1679,4.96
1680,4.69
1681,4.89
1682,4.86
1683,4.86
1684,4.53
1685,4.95
1686,4.96
1687,4.94
1688,4.87
1689,4.8
1690,4.9
1691,4.86
1692,4.91
1693,4.97
1694,4.76
1695,4.91
1696,0.0
1697,4.31
1698,4.94
1699,4.95
1700,4.92
1701,4.96
1702,4.68
1703,4.8
1704,4.78
1705,4.95
1706,4.92
1707,4.92
1708,4.7
1709,4.64
1710,4.63
1711,4.94
1712,4.99
1713,0.0
1714,0.0
1715,4.88
1716,4.93
1717,4.74
1718,4.96
1719,4.96
1720,4.97
1721,4.81
1722,4.94
1723,4.84
1724,4.84
1725,4.94
1726,4.93
1727,4.59
1728,3.0
1729,4.94
1730,4.85
1731,4.92
1732,4.76
1733,4.63
1734,4.63
1735,4.73
1736,4.92
1737,4.8
1738,4.91
1739,4.77
1740,4.97
1741,4.93
1742,5.0
1743,5.0
1744,4.43
1745,4.57
1746,4.95
1747,4.57
1748,4.69
1749,4.89
1750,4.95
1751,4.85
1752,4.87
1753,4.86
1754,4.73
1755,4.94
1756,5.0
1757,4.8
1758,4.67
1759,4.72
1760,4.67
1761,4.92
1762,4.79
1763,4.65
1764,4.63
1765,4.86
1766,4.91
1767,4.89
1768,4.93
1769,4.53
1770,4.92
1771,4.96
1772,4.96
1773,4.91
1774,4.85
1775,4.7
1776,4.86
1777,5.0
1778,4.99
1779,4.97
1780,4.89
1781,4.89
1782,5.0
1783,5.0
1784,4.92
1785,5.0
1786,4.95
1787,4.73
1788,4.95
1789,4.65
1790,4.96
1791,4.78
1792,4.79
1793,5.0
1794,4.8
1795,4.93
1796,4.97
1797,4.61
1798,4.59
1799,4.79
1800,4.8
1801,4.85
1802,4.9
1803,4.75
1804,4.96
1805,4.94
1806,4.83
1807,4.71
1808,4.68
1809,4.95
1810,5.0
1811,4.96
1812,5.0
1813,5.0
1814,4.95
1815,5.0
1816,4.75
1817,4.91
1818,0.0
1819,5.0
1820,4.93
1821,0.0
1822,4.73
1823,4.81
1824,4.84
1825,4.88
1826,4.93
1827,4.94
1828,4.99
1829,5.0
1830,4.85
1831,4.9
1832,4.92
1833,4.98
1834,4.93
1835,4.88
1836,4.58
1837,4.99
1838,4.5
1839,4.81
1840,4.67
1841,4.95
1842,4.67
1843,5.0
1844,5.0
1845,4.84
1846,4.7
1847,4.99
1848,4.67
1849,4.62
1850,4.67
1851,4.77
1852,4.96
1853,4.92
1854,4.59
1855,4.95
1856,5.0
1857,0.0
1858,4.83
1859,4.72
1860,4.67
1861,4.65
1862,5.0
1863,4.7
1864,4.74
1865,4.59
1866,3.72
1867,5.0
1868,0.0
1869,4.93
1870,4.94
1871,4.93
1872,4.93
1873,4.55
1874,4.44
1875,4.81
1876,4.88
1877,4.81
1878,4.91
1879,4.93
1880,4.83
1881,4.91
1882,4.95
1883,4.9
1884,4.46
1885,4.97
1886,4.87
1887,4.5
1888,4.19
1889,0.0
1890,4.86
1891,4.88
1892,4.95
1893,4.95
1894,4.36
1895,4.82
1896,4.9
1897,4.84
1898,4.83
1899,4.88
1900,5.0
1901,5.0
1902,4.96
1903,4.94
1904,4.98
1905,4.95
1906,4.91
1907,4.63
1908,4.71
1909,5.0
1910,5.0
1911,4.62
1912,4.88
1913,4.96
1914,4.92
1915,4.29
1916,4.69
1917,4.97
1918,4.96
1919,4.96
1920,4.79
1921,4.77
1922,4.87
1923,4.7
1924,4.85
1925,4.97
1926,0.0
1927,4.71
1928,4.88
1929,4.93
1930,4.95
1931,5.0
1932,4.59
1933,4.96
1934,4.77
1935,4.68
1936,4.59
1937,4.96
1938,5.0
1939,5.0
1940,4.87
1941,4.73
1942,4.63
1943,4.85
1944,4.9
1945,4.95
1946,4.64
1947,4.7
1948,4.92
1949,4.93
1950,4.88
1951,4.64
1952,4.88
1953,4.91
1954,4.86
1955,4.92
1956,4.68
1957,4.74
1958,5.0
1959,4.92
1960,4.55
1961,4.86
1962,4.85
1963,4.76
1964,4.73
1965,4.86
1966,4.5
1967,0.0
1968,0.0
1969,5.0
1970,5.0
1971,0.0
1972,0.0
1973,0.0
1974,0.0
1975,0.0
1976,0.0
1977,5.0
1978,4.69
1979,4.89
1980,5.0
1981,4.4
1982,4.23
1983,4.9
1984,4.73
1985,5.0
1986,4.94
1987,4.98
1988,4.74
1989,4.77
1990,4.95
1991,4.51
1992,4.73
1993,4.91
1994,4.94
1995,4.78
1996,4.38
1997,4.71
1998,4.9
1999,4.14
2000,4.94
2001,4.44
2002,5.0
2003,5.0
2004,4.35
2005,4.91
2006,4.7
2007,5.0
2008,4.84
2009,4.87
2010,4.85
2011,4.6
2012,4.77
2013,4.75
2014,4.89
2015,4.59
2016,4.75
2017,4.74
2018,4.93
2019,4.86
2020,5.0
2021,4.89
2022,4.87
2023,4.9
2024,4.79
2025,5.0
2026,4.94
2027,4.8
2028,4.54
2029,4.93
2030,4.94
2031,5.0
2032,5.0
2033,5.0
2034,4.97
2035,4.97
2036,4.9
2037,4.95
2038,4.94
2039,4.8
2040,4.9
2041,4.97
2042,5.0
2043,5.0
2044,5.0
2045,4.91
2046,0.0
2047,4.92
2048,4.89
2049,4.59
2050,4.78
2051,4.97
2052,4.92
2053,4.94
2054,4.94
2055,4.96
2056,5.0
2057,4.6
2058,4.77
2059,4.76
2060,5.0
2061,4.75
2062,4.38
2063,4.8
2064,4.9
2065,4.81
2066,4.93
2067,4.0
2068,4.94
2069,4.93
2070,4.82
2071,4.86
2072,4.92
2073,4.81
2074,4.78
2075,0.0
2076,0.0
2077,4.76
2078,4.83
2079,4.87
2080,5.0
2081,4.75
2082,5.0
2083,4.56
2084,4.83
2085,4.74
2086,4.73
2087,4.9
2088,4.95
2089,5.0
2090,5.0
2091,0.0
2092,0.0
2093,4.77
2094,0.0
2095,4.9
2096,5.0
2097,4.85
2098,5.0
2099,4.76
2100,4.25
2101,5.0
2102,4.33
2103,4.7
2104,4.4
2105,4.9
2106,4.89
2107,4.88
2108,4.87
2109,4.93
2110,4.99
2111,4.83
2112,5.0
2113,4.7
2114,5.0
2115,4.78
2116,4.74
2117,4.97
2118,4.82
2119,4.86
2120,4.97
2121,4.6
2122,4.9
2123,4.83
2124,4.69
2125,4.83
2126,4.67
2127,4.96
2128,4.89
2129,0.0
2130,4.95
2131,4.97
2132,0.0
2133,4.85
2134,4.93
2135,4.62
2136,4.45
2137,4.85
2138,5.0
2139,4.89
2140,4.92
2141,5.0
2142,4.86
2143,4.93
2144,5.0
2145,5.0
2146,4.94
2147,4.84
2148,4.99
2149,4.85
2150,4.92
2151,5.0
2152,4.34
2153,4.6
2154,4.5
2155,4.9
2156,4.83
2157,4.78
2158,4.81
2159,5.0
2160,4.77
2161,0.0
2162,4.88
2163,4.93
2164,4.8
2165,4.93
2166,4.88
2167,4.98
2168,5.0
2169,4.93
2170,4.78
2171,4.0
2172,4.78
2173,0.0
2174,4.94
2175,4.92
2176,4.59
2177,4.27
2178,5.0
2179,3.5
2180,0.0
2181,4.97
2182,4.96
2183,5.0
2184,5.0
2185,5.0
2186,4.89
2187,4.81
2188,4.87
2189,4.92
2190,4.81
2191,4.89
2192,5.0
2193,5.0
2194,4.2
2195,5.0
2196,0.0
2197,4.33
2198,4.74
2199,4.8
2200,5.0
2201,4.89
2202,4.79
2203,5.0
2204,4.93
2205,5.0
2206,4.99
2207,5.0
2208,4.51
2209,4.86
2210,4.54
2211,4.64
2212,4.93
2213,5.0
2214,4.75
2215,4.82
2216,4.84
2217,4.91
2218,4.78
2219,5.0
2220,4.79
2221,4.83
2222,0.0
2223,5.0
2224,4.73
2225,4.19
2226,4.74
2227,4.91
2228,4.87
2229,4.88
2230,4.93
2231,4.94
2232,4.25
2233,0.0
2234,4.64
2235,4.77
2236,4.73
2237,5.0
2238,4.88
2239,4.97
2240,4.77
2241,4.94
2242,4.85
2243,4.96
2244,5.0
2245,4.95
2246,4.89
2247,4.98
2248,4.5
2249,4.67
2250,4.65
2251,4.71
2252,4.95
2253,4.89
2254,4.92
2255,4.94
2256,4.95
2257,4.99
2258,4.96
2259,4.87
2260,4.87
2261,5.0
2262,4.96
2263,4.86
2264,4.47
2265,4.47
2266,4.89
2267,4.83
2268,4.71
2269,4.81
2270,4.94
2271,4.89
2272,4.96
2273,4.0
2274,4.9
2275,0.0
2276,0.0
2277,3.0
2278,5.0
2279,4.97
2280,4.79
2281,4.75
2282,4.76
2283,4.77
2284,4.99
2285,4.98
2286,4.6
2287,4.94
2288,4.88
2289,5.0
2290,4.93
2291,4.8
2292,4.97
2293,4.9
2294,5.0
2295,4.77
2296,4.94
2297,4.94
2298,3.4
2299,0.0
2300,5.0
2301,5.0
2302,4.97
2303,4.97
2304,4.96
2305,5.0
2306,4.7
2307,4.97
2308,4.96
2309,5.0
2310,4.56
2311,4.0
2312,4.0
2313,4.92
2314,4.99
2315,4.74
2316,5.0
2317,4.32
2318,5.0
2319,4.2
2320,5.0
2321,4.75
2322,4.93
2323,4.98
2324,4.91
2325,5.0
2326,4.99
2327,4.98
2328,0.0
2329,4.96
2330,4.95
2331,5.0
2332,4.95
2333,0.0
2334,4.92
2335,5.0
2336,4.98
2337,4.94
2338,3.67
2339,4.87
2340,4.83
2341,4.9
2342,4.89
2343,4.71
2344,4.94
2345,4.53
2346,4.78
2347,5.0
2348,4.93
2349,5.0
2350,5.0
2351,4.68
2352,5.0
2353,5.0
2354,4.88
2355,4.85
2356,4.86
2357,4.76
2358,4.92
2359,4.86
2360,4.67
2361,4.55
2362,4.85
2363,4.7
2364,4.77
2365,4.38
2366,5.0
2367,4.56
2368,4.93
2369,4.91
2370,5.0
2371,4.22
2372,4.33
2373,4.0
2374,0.0
2375,0.0
2376,4.79
2377,3.75
2378,4.86
2379,4.93
2380,4.89
2381,4.55
2382,5.0
2383,4.67
2384,4.98
2385,4.97
2386,4.83
2387,4.55
2388,4.25
2389,4.79
2390,4.76
2391,4.87
2392,4.98
2393,4.78
2394,4.68
2395,4.15
2396,4.6
2397,4.53
2398,3.0
2399,3.83
2400,4.73
2401,3.57
2402,4.47
2403,4.93
2404,4.43
2405,5.0
2406,4.88
2407,4.76
2408,4.83
2409,5.0
2410,4.86
2411,4.78
2412,4.78
2413,4.89
2414,5.0
2415,4.69
2416,4.68
2417,5.0
2418,4.7
2419,4.55
2420,4.59
2421,0.0
2422,4.0
2423,4.56
2424,3.75
2425,4.69
2426,5.0
2427,4.92
2428,4.91
2429,4.43
2430,4.0
2431,4.74
2432,4.92
2433,4.92
2434,4.92
2435,4.75
2436,4.79
2437,4.81
2438,4.96
2439,4.68
2440,4.64
2441,4.67
2442,4.81
2443,3.25
2444,4.89
2445,4.81
2446,4.82
2447,4.0
2448,4.22
2449,5.0
2450,4.8
2451,5.0
2452,4.97
2453,5.0
2454,4.94
2455,4.6
2456,4.82
2457,4.59
2458,4.97
2459,4.8
2460,4.43
2461,4.99
2462,3.88
2463,4.4
2464,3.75
2465,4.09
2466,4.72
2467,4.87
2468,4.87
2469,4.8
2470,4.55
2471,4.67
2472,4.96
2473,4.21
2474,4.38
2475,3.88
2476,4.71
2477,4.89
2478,4.33
2479,4.88
2480,4.68
2481,4.99
2482,4.58
2483,4.99
2484,4.89
2485,4.84
2486,4.0
2487,4.0
2488,5.0
2489,4.92
2490,0.0
2491,4.63
2492,4.52
2493,0.0
2494,4.68
2495,4.58
2496,4.83
2497,5.0
2498,5.0
2499,4.0
2500,4.69
2501,4.84
2502,4.96
2503,4.93
2504,4.67
2505,5.0
2506,4.93
2507,4.84
2508,4.9
2509,4.89
2510,4.78
2511,4.88
2512,4.84
2513,4.67
2514,4.77
2515,5.0
2516,4.4
2517,4.79
2518,4.65
2519,4.69
2520,4.94
2521,4.92
2522,4.78
2523,4.61
2524,4.66
2525,4.92
2526,4.32
2527,4.57
2528,4.98
2529,4.8
2530,4.59
2531,4.67
2532,4.72
2533,5.0
2534,4.92
2535,4.67
2536,4.86
2537,0.0
2538,4.89
2539,4.64
2540,4.6
2541,4.86
2542,5.0
2543,4.5
2544,5.0
2545,4.6
2546,4.83
2547,4.67
2548,4.76
2549,4.5
2550,4.74
2551,4.83
2552,5.0
2553,4.81
2554,4.99
2555,4.96
2556,4.98
2557,4.87
2558,5.0
2559,4.89
2560,4.87
2561,4.94
2562,4.87
2563,4.83
2564,4.86
2565,4.96
2566,4.94
2567,4.98
2568,5.0
2569,5.0
2570,4.81
2571,4.82
2572,4.88
2573,4.97
2574,4.9
2575,4.9
2576,4.97
2577,4.88
2578,4.89
2579,4.86
2580,4.74
2581,3.75
2582,4.97
2583,4.73
2584,4.86
2585,4.11
2586,5.0
2587,4.82
2588,5.0
2589,4.97
2590,4.61
2591,5.0
2592,4.8
2593,5.0
2594,4.77
2595,4.91
2596,5.0
2597,4.49
2598,4.75
2599,4.96
2600,4.91
2601,5.0
2602,4.68
2603,4.5
2604,4.72
2605,4.94
2606,5.0
2607,4.78
2608,4.78
2609,4.91
2610,4.73
2611,4.64
2612,5.0
2613,4.73
2614,4.72
2615,4.78
2616,5.0
2617,4.96
2618,4.59
2619,4.8
2620,4.91
2621,4.71
2622,4.77
2623,4.9
2624,5.0
2625,4.96
2626,4.84
2627,4.94
2628,4.43
2629,4.63
2630,4.87
2631,4.94
2632,4.96
2633,4.5
2634,4.95
2635,4.97
2636,4.67
2637,5.0
2638,4.67
2639,4.38
2640,4.68
2641,4.86
2642,4.69
2643,4.0
2644,4.7
2645,4.79
2646,4.93
2647,4.89
2648,4.87
2649,4.6
2650,4.67
2651,3.75
2652,4.85
2653,4.91
2654,5.0
2655,4.82
2656,4.59
2657,4.92
2658,4.69
2659,4.88
2660,4.83
2661,4.95
2662,5.0
2663,4.85
2664,5.0
2665,4.76
2666,4.84
2667,4.69
2668,4.96
2669,4.89
2670,4.86
2671,4.76
2672,4.54
2673,4.44
2674,4.92
2675,4.82
2676,4.85
2677,4.44
2678,5.0
2679,4.6
2680,0.0
2681,4.94
2682,4.4
2683,4.76
2684,4.0
2685,4.71
2686,4.67
2687,4.93
2688,4.99
2689,4.77
2690,4.93
2691,4.84
2692,4.81
2693,4.65
2694,5.0
2695,0.0
2696,4.71
2697,4.78
2698,4.89
2699,4.44
2700,4.57
2701,4.9
2702,4.83
2703,4.9
2704,4.25
2705,4.08
2706,4.54
2707,4.91
2708,5.0
2709,4.52
2710,4.95
2711,4.5
2712,4.6
2713,4.68
2714,4.88
2715,4.67
2716,4.83
2717,4.97
2718,4.62
2719,4.51
2720,4.76
2721,4.64
2722,4.99
2723,4.91
2724,4.45
2725,4.7
2726,4.83
2727,5.0
2728,5.0
2729,4.84
2730,4.97
2731,4.93
2732,4.91
2733,4.67
2734,5.0
2735,4.48
2736,4.97
2737,4.77
2738,4.86
2739,4.99
2740,4.7
2741,4.91
2742,4.71
2743,4.88
2744,4.69
2745,4.78
2746,4.0
2747,0.0
2748,4.91
2749,4.98
2750,4.91
2751,4.92
2752,4.92
2753,4.95
2754,4.98
2755,4.97
2756,4.83
2757,4.88
2758,4.38
2759,4.3
2760,4.93
2761,4.0
2762,4.29
2763,4.93
2764,4.67
2765,4.78
2766,5.0
2767,4.5
2768,5.0
2769,4.94
2770,4.86
2771,4.85
2772,4.82
2773,5.0
2774,4.97
2775,4.0
2776,5.0
2777,4.95
2778,4.55
2779,4.86
2780,4.65
2781,0.0
2782,0.0
2783,4.57
2784,4.78
2785,4.48
2786,4.95
2787,4.58
2788,4.98
2789,4.98
2790,4.5
2791,4.78
2792,4.75
2793,4.49
2794,4.94
2795,4.95
2796,4.62
2797,4.9
2798,4.79
2799,4.98
2800,4.8
2801,4.96
2802,4.6
2803,4.62
2804,4.73
2805,5.0
2806,3.0
2807,4.98
2808,4.92
2809,4.96
2810,5.0
2811,4.93
2812,4.96
2813,4.5
2814,4.78
2815,4.87
2816,4.53
2817,4.88
2818,5.0
2819,4.95
2820,5.0
2821,4.88
2822,4.83
2823,4.63
2824,4.72
2825,4.76
2826,4.8
2827,4.32
2828,4.8
2829,4.43
2830,0.0
2831,5.0
2832,4.84
2833,4.99
2834,4.99
2835,4.96
2836,4.74
2837,4.84
2838,4.98
2839,4.97
2840,4.85
2841,4.91
2842,4.97
2843,4.93
2844,4.85
2845,4.8
2846,5.0
2847,4.69
2848,4.2
2849,4.37
2850,5.0
2851,4.29
2852,4.39
2853,4.82
2854,4.79
2855,4.6
2856,4.5
2857,5.0
2858,5.0
2859,3.5
2860,4.67
2861,5.0
2862,4.8
2863,4.5
2864,5.0
2865,4.99
2866,4.41
2867,5.0
2868,4.61
2869,5.0
2870,4.86
2871,4.59
2872,4.68
2873,4.94
2874,4.54
2875,5.0
2876,4.84
2877,4.53
2878,4.29
2879,4.57
2880,4.99
2881,4.41
2882,4.84
2883,4.4
2884,4.49
2885,4.59
2886,4.91
2887,4.54
2888,4.71
2889,5.0
2890,4.25
2891,4.33
2892,4.27
2893,4.6
2894,4.96
2895,5.0
2896,4.82
2897,4.93
2898,5.0
2899,4.96
2900,4.94
2901,4.55
2902,4.97
2903,4.97
2904,4.76
2905,4.63
2906,4.43
2907,4.94
2908,5.0
2909,5.0
2910,5.0
2911,4.79
2912,4.86
2913,4.4
2914,5.0
2915,4.94
2916,4.88
2917,4.5
2918,5.0
2919,4.85
2920,4.77
2921,4.84
2922,4.86
2923,4.89
2924,4.96
2925,4.85
2926,4.95
2927,4.91
2928,4.88
2929,4.9
2930,4.91
2931,5.0
2932,4.85
2933,4.92
2934,0.0
2935,4.82
2936,4.89
2937,4.67
2938,4.96
2939,4.95
2940,4.8
2941,4.87
2942,4.71
2943,5.0
2944,4.98
2945,4.71
2946,4.38
2947,4.66
2948,4.95
2949,4.11
2950,4.57
2951,4.79
2952,4.82
2953,4.7
2954,4.79
2955,4.89
2956,4.9
2957,4.81
2958,5.0
2959,4.9
2960,5.0
2961,4.88
2962,4.92
2963,4.98
2964,4.72
2965,5.0
2966,4.75
2967,5.0
2968,4.8
2969,3.5
2970,5.0
2971,4.93
2972,0.0
2973,0.0
2974,4.97
2975,4.65
2976,4.93
2977,4.93
2978,4.82
2979,4.93
2980,5.0
2981,4.89
2982,4.84
2983,4.62
2984,4.81
2985,4.89
2986,4.97
2987,4.0
2988,4.65
2989,4.92
2990,4.69
2991,4.87
2992,5.0
2993,0.0
2994,4.83
2995,4.28
2996,4.6
2997,4.6
2998,4.82
2999,4.73
3000,4.92
3001,5.0
3002,4.96
3003,4.94
3004,4.97
3005,4.71
3006,5.0
3007,4.85
3008,4.77
3009,4.92
3010,4.89
3011,5.0
3012,4.93
3013,4.98
3014,5.0
3015,5.0
3016,4.95
3017,4.89
3018,4.71
3019,4.88
3020,4.55
3021,4.91
3022,4.94
3023,4.94
3024,0.0
3025,4.98
3026,4.97
3027,4.71
3028,5.0
3029,4.88
3030,4.87
3031,4.88
3032,4.73
3033,4.86
3034,4.9
3035,4.96
3036,4.92
3037,4.0
3038,4.9
3039,0.0
3040,4.89
3041,5.0
3042,4.94
3043,5.0
3044,0.0
3045,5.0
3046,4.89
3047,4.79
3048,4.57
3049,4.23
3050,0.0
3051,5.0
3052,3.0
3053,4.94
3054,4.67
3055,5.0
3056,4.36
3057,4.82
3058,3.58
3059,4.92
3060,4.88
3061,4.76
3062,4.83
3063,4.8
3064,4.94
3065,4.97
3066,4.68
3067,4.81
3068,4.75
3069,4.67
3070,4.64
3071,4.82
3072,5.0
3073,3.75
3074,5.0
3075,4.71
3076,5.0
3077,4.5
3078,4.91
3079,4.87
3080,5.0
3081,4.56
3082,4.79
3083,4.88
3084,4.93
3085,4.95
3086,4.99
3087,4.75
3088,4.92
3089,0.0
3090,4.81
3091,4.95
3092,4.9
3093,4.42
3094,5.0
3095,4.26
3096,4.95
3097,4.93
3098,4.12
3099,4.91
3100,4.51
3101,4.67
3102,4.96
3103,4.88
3104,4.87
3105,5.0
3106,0.0
3107,0.0
3108,4.76
3109,4.97
3110,4.97
3111,4.88
3112,4.91
3113,5.0
3114,4.97
3115,4.93
3116,4.63
3117,4.9
3118,4.39
3119,3.88
3120,4.06
3121,4.04
3122,4.29
3123,4.49
3124,4.32
3125,4.83
3126,4.8
3127,5.0
3128,4.9
3129,5.0
3130,4.73
3131,4.95
3132,4.84
3133,4.76
3134,4.88
3135,4.75
3136,5.0
3137,4.98
3138,4.66
3139,5.0
3140,4.93
3141,4.67
3142,4.89
3143,4.79
3144,5.0
3145,4.7
3146,5.0
3147,4.87
3148,4.92
3149,4.99
3150,4.75
3151,4.86
3152,4.87
3153,4.95
3154,4.72
3155,4.93
3156,4.2
3157,4.5
3158,4.93
3159,4.9
3160,4.54
3161,4.5
3162,4.4
3163,4.99
3164,4.9
3165,4.95
3166,4.93
3167,4.93
3168,4.62
3169,5.0
3170,5.0
3171,5.0
3172,5.0
3173,5.0
3174,4.89
3175,4.5
3176,0.0
3177,5.0
3178,4.67
3179,5.0
3180,4.97
3181,4.6
3182,4.7
3183,5.0
3184,4.82
3185,4.93
3186,4.92
3187,4.81
3188,4.85
3189,4.77
3190,4.92
3191,3.64
3192,4.95
3193,4.79
3194,4.99
3195,4.81
3196,4.33
3197,4.99
3198,4.82
3199,5.0
3200,4.0
3201,4.92
3202,4.78
3203,4.79
3204,4.82
3205,4.98
3206,4.97
3207,4.88
3208,4.57
3209,4.83
3210,4.85
3211,0.0
3212,0.0
3213,4.5
3214,5.0
3215,4.97
3216,4.84
3217,4.67
3218,4.0
3219,4.8
3220,5.0
3221,5.0
3222,4.88
3223,4.5
3224,4.86
3225,4.78
3226,5.0
3227,4.93
3228,4.99
3229,4.89
3230,4.72
3231,0.0
3232,5.0
3233,3.8
3234,5.0
3235,4.5
3236,4.75
3237,5.0
3238,4.93
3239,5.0
3240,4.75
3241,5.0
3242,4.74
3243,4.0
3244,5.0
3245,4.93
3246,4.88
3247,4.63
3248,4.57
3249,4.65
3250,4.5
3251,3.5
3252,4.8
3253,4.88
3254,0.0
3255,0.0
3256,5.0
3257,4.68
3258,4.92
3259,4.85
3260,4.9
3261,4.36
3262,4.75
3263,5.0
3264,4.94
3265,4.0
3266,4.0
3267,5.0
3268,5.0
3269,3.5
3270,3.75
3271,0.0
3272,4.29
3273,3.0
3274,4.0
3275,4.5
3276,1.0
3277,0.0
3278,4.67
3279,1.0
3280,4.0
3281,5.0
3282,5.0
3283,4.22
3284,5.0
3285,4.43
3286,5.0
3287,0.0
3288,5.0
3289,3.69
3290,4.05
3291,3.0
3292,4.5
3293,4.1
3294,4.25
3295,0.0
3296,5.0
3297,1.0
3298,3.25
3299,3.5
3300,4.18
3301,4.5
3302,4.0
3303,4.33
3304,4.0
3305,4.33
3306,2.5
3307,4.56
3308,4.0
3309,4.0
3310,4.0
3311,0.0
3312,0.0
3313,5.0
3314,4.5
3315,3.7
3316,0.0
3317,0.0
3318,4.12
3319,1.0
3320,0.0
3321,0.0
3322,3.83
3323,2.2
3324,4.6
3325,4.75
3326,5.0
3327,0.0
3328,0.0
3329,5.0
3330,0.0
3331,1.5
3332,0.0
3333,5.0
3334,4.97
3335,0.0
3336,4.9
3337,5.0
3338,4.98
3339,4.85
3340,0.0
3341,4.97
3342,4.86
3343,4.96
3344,4.77
3345,4.86
3346,4.93
3347,4.98
3348,5.0
3349,4.95
3350,4.77
3351,5.0
3352,5.0
3353,4.96
3354,4.91
3355,5.0
3356,4.98
3357,4.5
3358,4.14
3359,4.97
3360,4.98
3361,4.8
3362,4.65
3363,4.95
3364,4.79
3365,4.94
3366,4.89
3367,4.75
3368,4.99
3369,4.81
3370,4.72
3371,4.64
3372,4.72
3373,4.83
3374,5.0
3375,4.74
3376,4.94
3377,4.96
3378,4.95
3379,4.96
3380,4.71
3381,4.79
3382,4.93
3383,4.92
3384,4.88
3385,4.87
3386,0.0
3387,4.93
3388,5.0
3389,4.64
3390,0.0
3391,4.95
3392,4.77
3393,4.78
3394,4.79
3395,5.0
3396,4.62
3397,4.97
3398,4.85
3399,4.79
3400,4.99
3401,4.81
3402,0.0
3403,4.5
3404,4.88
3405,4.8
3406,4.73
3407,5.0
3408,4.25
3409,4.5
3410,4.62
3411,4.29
3412,4.0
3413,4.33
3414,4.67
3415,4.89
3416,4.71
3417,4.08
3418,4.57
3419,4.89
3420,4.98
3421,4.92
3422,4.97
3423,4.79
3424,4.72
3425,4.81
3426,4.71
3427,4.78
3428,4.8
3429,4.8
3430,5.0
3431,0.0
3432,4.91
3433,4.65
3434,4.64
3435,4.87
3436,5.0
3437,4.71
3438,4.65
3439,4.88
3440,4.85
3441,4.67
3442,4.64
3443,4.64
3444,4.82
3445,4.84
3446,4.79
3447,4.95
3448,5.0
3449,4.9
3450,5.0
3451,5.0
3452,4.93
3453,4.58
3454,4.83
3455,4.89
3456,4.61
3457,0.0
3458,0.0
3459,4.89
3460,4.93
3461,4.97
3462,4.9
3463,0.0
3464,0.0
3465,0.0
3466,4.88
3467,0.0
3468,4.0
3469,5.0
3470,4.97
3471,0.0
3472,4.84
3473,4.83
3474,4.45
3475,4.8
3476,4.75
3477,5.0
3478,4.68
3479,4.84
3480,4.84
3481,4.42
3482,4.73
3483,5.0
3484,4.88
3485,5.0
3486,3.2
3487,0.0
3488,0.0
3489,4.92
3490,5.0
3491,5.0
3492,5.0
3493,4.94
3494,4.85
3495,4.0
3496,4.91
3497,4.95
3498,4.89
3499,0.0
3500,0.0
3501,5.0
3502,4.67
3503,4.78
3504,4.95
3505,4.79
3506,4.84
3507,4.82
3508,4.88
3509,4.91
3510,4.7
3511,4.71
3512,0.0
3513,4.86
3514,4.87
3515,4.97
3516,5.0
3517,4.52
3518,4.68
3519,5.0
3520,5.0
3521,5.0
3522,5.0
3523,4.66
3524,4.95
3525,5.0
3526,4.97
3527,4.87
3528,4.94
3529,4.57
3530,4.3
3531,4.83
3532,4.74
3533,5.0
3534,4.9
3535,5.0
3536,4.81
3537,4.8
3538,4.54
3539,4.87
3540,4.18
3541,4.88
3542,4.18
3543,5.0
3544,4.63
3545,4.87
3546,4.91
3547,4.93
3548,4.96
3549,5.0
3550,4.98
3551,4.9
3552,4.82
3553,4.95
3554,4.96
3555,5.0
3556,4.9
3557,4.9
3558,4.93
3559,4.95
3560,4.55
3561,4.8
3562,0.0
3563,4.91
3564,5.0
3565,4.45
3566,4.73
3567,4.86
3568,5.0
3569,0.0
3570,0.0
3571,4.93
3572,4.92
3573,4.57
3574,4.91
3575,4.75
3576,3.91
3577,5.0
3578,4.96
3579,5.0
3580,4.67
3581,4.94
3582,5.0
3583,4.95
3584,4.86
3585,4.9
3586,3.89
3587,4.92
3588,4.73
3589,4.93
3590,4.63
3591,4.62
3592,4.94
3593,4.96
3594,4.82
3595,0.0
3596,5.0
3597,4.95
3598,5.0
3599,4.86
3600,4.89
3601,4.95
3602,4.36
3603,4.94
3604,4.0
3605,4.85
3606,3.33
3607,3.25
3608,3.0
3609,3.67
3610,3.33
3611,4.1
3612,5.0
3613,5.0
3614,4.97
3615,4.88
3616,4.92
3617,4.96
3618,4.91
3619,4.88
3620,4.83
3621,4.97
3622,4.43
3623,4.92
3624,4.94
3625,4.93
3626,4.77
3627,4.8
3628,4.97
3629,4.99
3630,4.86
3631,5.0
3632,4.78
3633,5.0
3634,4.89
3635,4.85
3636,4.59
3637,4.42
3638,4.7
3639,4.93
3640,4.91
3641,4.5
3642,5.0
3643,4.45
3644,4.96
3645,4.95
3646,4.97
3647,4.82
3648,4.97
3649,4.67
3650,4.74
3651,5.0
3652,4.79
3653,5.0
3654,4.93
3655,4.92
3656,4.82
3657,4.78
3658,4.63
3659,4.5
3660,4.79
3661,5.0
3662,4.63
3663,4.59
3664,4.77
3665,4.88
3666,5.0
3667,4.38
3668,4.5
3669,3.6
3670,4.99
3671,4.95
3672,5.0
3673,4.89
3674,4.8
3675,4.86
3676,4.67
3677,3.0
3678,3.5
3679,1.5
3680,4.92
3681,5.0
3682,4.9
3683,4.89
3684,5.0
3685,4.89
3686,4.76
3687,4.87
3688,4.93
3689,4.92
3690,5.0
3691,4.6
3692,4.56
3693,0.0
3694,4.7
3695,4.99
3696,3.43
3697,3.0
3698,0.0
3699,4.29
3700,5.0
3701,5.0
3702,4.83
3703,5.0
3704,4.95
3705,4.11
3706,1.0
3707,4.87
3708,5.0
3709,4.98
3710,5.0
3711,4.85
3712,0.0
3713,3.0
3714,4.72
3715,5.0
3716,5.0
3717,5.0
3718,4.9
3719,4.97
3720,4.91
3721,4.93
3722,5.0
3723,4.65
3724,5.0
3725,4.83
3726,4.89
3727,4.4
3728,4.76
3729,4.84
3730,4.69
3731,4.84
3732,0.0
3733,0.0
3734,0.0
3735,5.0
3736,0.0
3737,0.0
3738,0.0
3739,4.47
3740,4.74
3741,4.67
3742,4.6
3743,4.75
3744,0.0
3745,4.98
3746,4.9
3747,4.57
3748,4.77
3749,3.5
3750,5.0
3751,4.79
3752,4.92
3753,4.73
3754,5.0
3755,4.89
3756,4.85
3757,4.89
3758,4.78
3759,4.86
3760,4.33
3761,4.82
3762,4.79
3763,4.89
3764,4.83
3765,4.96
3766,0.0
3767,4.92
3768,4.91
3769,4.75
3770,4.86
3771,4.66
3772,5.0
3773,4.75
3774,4.95
3775,0.0
3776,4.14
3777,5.0
3778,4.0
3779,5.0
3780,4.76
3781,5.0
3782,4.77
3783,4.22
3784,4.86
3785,4.86
3786,4.79
3787,4.94
3788,3.5
3789,4.5
3790,5.0
3791,4.76
3792,5.0
3793,4.93
3794,4.86
3795,4.83
3796,4.88
3797,4.85
3798,4.72
3799,4.75
3800,0.0
3801,4.18
3802,4.88
3803,4.79
3804,4.91
3805,4.64
3806,4.93
3807,4.71
3808,4.95
3809,4.96
3810,5.0
3811,4.97
3812,4.94
3813,4.98
3814,4.54
3815,4.41
3816,4.64
3817,4.75
3818,4.91
3819,4.96
3820,4.8
3821,4.88
3822,4.95
3823,5.0
3824,4.82
3825,5.0
3826,4.69
3827,4.91
3828,5.0
3829,5.0
3830,4.5
3831,4.56
3832,4.98
3833,4.75
3834,4.44
3835,5.0
3836,0.0
3837,4.8
3838,4.98
3839,5.0
3840,4.71
3841,5.0
3842,4.87
3843,4.83
3844,5.0
3845,4.9
3846,4.72
3847,4.83
3848,4.5
3849,4.97
3850,4.87
3851,5.0
3852,4.89
3853,0.0
3854,4.69
3855,4.98
3856,4.91
3857,5.0
3858,4.83
3859,4.84
3860,4.98
3861,4.63
3862,5.0
3863,4.8
3864,5.0
3865,4.67
3866,4.67
3867,4.62
3868,4.92
3869,4.72
3870,4.86
3871,5.0
3872,4.83
3873,5.0
3874,3.0
3875,4.78
3876,4.58
3877,4.77
3878,4.5
3879,4.85
3880,4.81
3881,5.0
3882,5.0
3883,4.6
3884,4.5
3885,4.82
3886,4.63
3887,4.62
3888,4.44
3889,4.68
3890,5.0
3891,4.5
3892,4.27
3893,4.6
3894,4.88
3895,4.8
3896,4.22
3897,4.64
3898,4.73
3899,4.5
3900,4.8
3901,4.62
3902,4.5
3903,4.58
3904,4.88
3905,4.88
3906,5.0
3907,2.0
3908,5.0
3909,4.96
3910,4.93
3911,4.79
3912,5.0
3913,4.67
3914,4.33
3915,4.74
3916,4.95
3917,4.9
3918,4.8
3919,4.91
3920,4.86
3921,5.0
3922,4.94
3923,4.54
3924,4.89
3925,4.94
3926,4.8
3927,0.0
3928,4.25
3929,4.92
3930,4.64
3931,4.78
3932,4.67
3933,4.72
3934,4.94
3935,4.83
3936,4.98
3937,4.88
3938,0.0
3939,4.84
3940,4.98
3941,4.86
3942,4.96
3943,4.85
3944,4.78
3945,5.0
3946,0.0
3947,0.0
3948,4.85
3949,4.89
3950,4.93
3951,5.0
3952,5.0
3953,4.92
3954,5.0
3955,4.91
3956,4.75
3957,4.89
3958,4.67
3959,4.95
3960,5.0
3961,4.88
3962,4.94
3963,4.97
3964,4.91
3965,4.88
3966,4.71
3967,4.79
3968,4.96
3969,4.67
3970,4.33
3971,4.0
3972,4.33
3973,4.19
3974,4.91
3975,4.73
3976,4.83
3977,4.87
3978,4.79
3979,4.85
3980,4.95
3981,4.9
3982,4.99
3983,4.92
3984,4.74
3985,4.98
3986,4.76
3987,4.75
3988,4.88
3989,0.0
3990,4.68
3991,4.96
3992,4.0
3993,3.4
3994,5.0
3995,3.0
3996,5.0
3997,4.83
3998,0.0
3999,4.75
4000,4.57
4001,4.88
4002,4.75
4003,5.0
4004,4.79
4005,4.89
4006,4.92
4007,4.94
4008,5.0
4009,4.87
4010,4.87
4011,4.88
4012,4.9
4013,5.0
4014,4.96
4015,0.0
4016,4.67
4017,5.0
4018,4.98
4019,4.73
4020,4.92
4021,4.85
4022,5.0
4023,4.83
4024,5.0
4025,5.0
4026,4.75
4027,4.79
4028,5.0
4029,5.0
4030,4.79
4031,4.78
4032,3.5
4033,4.95
4034,4.94
4035,4.99
4036,5.0
4037,4.93
4038,4.93
4039,4.5
4040,4.47
4041,4.9
4042,5.0
4043,4.67
4044,4.78
4045,4.42
4046,4.8
4047,4.88
4048,4.5
4049,4.91
4050,0.0
4051,5.0
4052,4.85
4053,4.95
4054,4.9
4055,4.72
4056,5.0
4057,4.95
4058,4.91
4059,4.82
4060,4.14
4061,3.83
4062,4.94
4063,0.0
4064,5.0
4065,4.97
4066,4.67
4067,5.0
4068,4.78
4069,4.67
4070,4.93
4071,4.9
4072,4.82
4073,4.91
4074,5.0
4075,5.0
4076,1.0
4077,0.0
4078,5.0
4079,4.95
4080,0.0
4081,4.48
4082,4.98
4083,5.0
4084,4.55
4085,4.78
4086,4.79
4087,4.73
4088,4.33
4089,4.67
4090,4.45
4091,4.1
4092,5.0
4093,0.0
4094,4.86
4095,5.0
4096,4.59
4097,4.84
4098,4.96
4099,4.56
4100,4.7
4101,5.0
4102,0.0
4103,5.0
4104,4.88
4105,4.83
4106,4.96
4107,5.0
4108,0.0
4109,4.84
4110,4.67
4111,4.75
4112,4.92
4113,0.0
4114,4.75
4115,5.0
4116,5.0
4117,5.0
4118,4.82
4119,4.78
4120,4.85
4121,4.73
4122,4.42
4123,4.93
4124,4.92
4125,4.84
4126,5.0
4127,4.91
4128,5.0
4129,4.75
4130,4.97
4131,4.88
4132,5.0
4133,4.95
4134,0.0
4135,4.93
4136,4.84
4137,5.0
4138,5.0
4139,5.0
4140,0.0
4141,0.0
4142,5.0
4143,5.0
4144,4.86
4145,0.0
4146,4.92
4147,4.83
4148,4.9
4149,4.89
4150,0.0
4151,0.0
4152,0.0
4153,4.79
4154,4.69
4155,4.83
4156,4.89
4157,4.89
4158,4.67
4159,5.0
4160,4.38
4161,5.0
4162,4.92
4163,4.37
4164,4.83
4165,4.89
4166,4.41
4167,4.95
4168,5.0
4169,4.95
4170,5.0
4171,4.95
4172,5.0
4173,4.92
4174,4.98
4175,5.0
4176,4.73
4177,4.93
4178,5.0
4179,4.92
4180,4.96
4181,4.86
4182,4.93
4183,4.96
4184,0.0
4185,4.93
4186,4.94
4187,4.9
4188,5.0
4189,4.74
4190,4.91
4191,4.81
4192,4.9
4193,4.97
4194,4.94
4195,4.75
4196,4.92
4197,4.98
4198,4.71
4199,4.81
4200,4.33
4201,4.85
4202,5.0
4203,5.0
4204,4.95
4205,4.97
4206,4.9
4207,0.0
4208,4.93
4209,4.86
4210,4.69
4211,4.74
4212,4.83
4213,4.89
4214,4.57
4215,4.62
4216,4.82
4217,5.0
4218,4.91
4219,4.85
4220,4.86
4221,4.8
4222,4.83
4223,4.93
4224,4.97
4225,4.89
4226,5.0
4227,4.55
4228,4.78
4229,4.99
4230,4.88
4231,4.98
4232,4.55
4233,0.0
4234,5.0
4235,5.0
4236,4.97
4237,4.98
4238,5.0
4239,4.98
4240,1.0
4241,4.76
4242,4.94
4243,0.0
4244,4.92
4245,4.79
4246,4.91
4247,4.9
4248,4.91
4249,5.0
4250,5.0
4251,4.92
4252,5.0
4253,0.0
4254,4.88
4255,0.0
4256,4.0
4257,4.76
4258,4.9
4259,4.94
4260,5.0
4261,4.17
4262,5.0
4263,5.0
4264,5.0
4265,4.4
4266,4.87
4267,4.95
4268,0.0
4269,4.69
4270,4.97
4271,3.75
4272,5.0
4273,4.96
4274,5.0
4275,4.85
4276,5.0
4277,4.99
4278,4.75
4279,5.0
4280,4.83
4281,4.43
4282,4.35
4283,5.0
4284,4.86
4285,4.2
4286,0.0
4287,4.86
4288,5.0
4289,4.91
4290,4.38
4291,4.87
4292,4.78
4293,0.0
4294,5.0
4295,4.9
4296,4.95
4297,4.9
4298,4.96
4299,4.74
4300,4.79
4301,4.5
4302,5.0
4303,4.76
4304,4.67
4305,4.68
4306,4.9
4307,5.0
4308,4.59
4309,4.75
4310,5.0
4311,0.0
4312,4.87
4313,4.83
4314,4.74
4315,4.87
4316,5.0
4317,5.0
4318,4.4
4319,4.68
4320,5.0
4321,5.0
4322,5.0
4323,5.0
4324,0.0
4325,4.84
4326,4.66
4327,4.14
4328,4.88
4329,4.81
4330,4.97
4331,4.8
4332,4.86
4333,4.96
4334,4.88
4335,4.97
4336,4.91
4337,5.0
4338,4.94
4339,4.86
4340,0.0
4341,5.0
4342,0.0
4343,5.0
4344,5.0
4345,5.0
4346,3.0
4347,4.96
4348,4.92
4349,4.92
4350,4.83
4351,4.88
4352,4.8
4353,4.78
4354,4.84
4355,4.95
4356,5.0
4357,4.91
4358,4.94
4359,0.0
4360,4.92
4361,5.0
4362,4.98
4363,4.87
4364,5.0
4365,4.82
4366,4.95
4367,4.14
4368,4.88
4369,4.5
4370,4.56
4371,4.64
4372,4.79
4373,4.92
4374,4.93
4375,4.47
4376,4.97
4377,4.88
4378,4.94
4379,4.96
4380,4.84
4381,4.95
4382,0.0
4383,4.72
4384,4.88
4385,5.0
4386,4.91
4387,4.91
4388,4.95
4389,5.0
4390,5.0
4391,0.0
4392,5.0
4393,0.0
4394,4.98
4395,5.0
4396,4.96
4397,4.59
4398,4.88
4399,4.89
4400,1.0
4401,4.8
4402,4.88
4403,5.0
4404,4.54
4405,4.88
4406,4.83
4407,5.0
4408,0.0
4409,4.8
4410,4.78
4411,5.0
4412,4.94
4413,4.97
4414,0.0
4415,4.0
4416,5.0
4417,5.0
4418,4.38
4419,4.97
4420,4.63
4421,4.87
4422,5.0
4423,4.82
4424,0.0
4425,4.0
4426,5.0
4427,4.88
4428,5.0
4429,5.0
4430,4.89
4431,4.94
4432,4.97
4433,4.83
4434,4.96
4435,5.0
4436,5.0
4437,5.0
4438,4.98
4439,4.95
4440,5.0
4441,4.9
4442,4.94
4443,5.0
4444,4.69
4445,5.0
4446,4.79
4447,4.9
4448,0.0
4449,0.0
4450,4.91
4451,5.0
4452,5.0
4453,4.87
4454,4.98
4455,4.86
4456,4.83
4457,4.88
4458,4.79
4459,5.0
4460,0.0
4461,4.84
4462,5.0
4463,4.88
4464,4.23
4465,4.0
4466,4.85
4467,4.55
4468,4.9
4469,4.95
4470,5.0
4471,4.85
4472,5.0
4473,4.95
4474,4.5
4475,0.0
4476,4.94
4477,0.0
4478,5.0
4479,5.0
4480,4.8
4481,4.97
4482,4.39
4483,4.76
4484,4.89
4485,4.94
4486,4.8
4487,4.97
4488,4.74
4489,4.95
4490,4.93
4491,4.92
4492,4.98
4493,4.76
4494,4.92
4495,4.0
4496,5.0
4497,4.5
4498,5.0
4499,5.0
4500,5.0
4501,0.0
4502,5.0
4503,0.0
4504,4.85
4505,5.0
4506,0.0
4507,5.0
4508,0.0
4509,4.75
4510,5.0
4511,5.0
4512,0.0
4513,0.0
4514,0.0
4515,5.0
4516,4.89
4517,4.95
4518,4.92
4519,4.91
4520,4.75
4521,4.87
4522,4.81
4523,4.97
4524,5.0
4525,4.88
4526,5.0
4527,4.63
4528,4.78
4529,4.9
4530,4.91
4531,4.9
4532,4.87
4533,4.89
4534,4.53
4535,4.67
4536,0.0
4537,5.0
4538,4.0
4539,5.0
4540,5.0
4541,0.0
4542,5.0
4543,4.88
4544,4.92
4545,4.75
4546,3.5
4547,4.82
4548,5.0
4549,5.0
4550,4.9
4551,5.0
4552,5.0
4553,4.97
4554,5.0
4555,4.75
4556,4.92
4557,5.0
4558,4.98
4559,4.94
4560,5.0
4561,4.89
4562,5.0
4563,4.85
4564,4.96
4565,0.0
4566,4.7
4567,4.64
4568,5.0
4569,4.66
4570,4.8
4571,4.86
4572,4.98
4573,4.33
4574,4.67
4575,4.95
4576,4.8
4577,4.8
4578,4.87
4579,4.29
4580,4.78
4581,4.83
4582,4.96
4583,5.0
4584,4.82
4585,4.8
4586,5.0
4587,4.9
4588,4.92
4589,4.5
4590,4.44
4591,5.0
4592,0.0
4593,5.0
4594,4.0
4595,4.5
4596,0.0
4597,4.88
4598,4.67
4599,4.33
4600,4.5
4601,4.91
4602,4.81
4603,0.0
4604,4.67
4605,4.79
4606,0.0
4607,5.0
4608,5.0
4609,4.66
4610,5.0
4611,5.0
4612,0.0
4613,5.0
4614,0.0
4615,4.94
4616,4.4
4617,4.98
4618,4.94
4619,4.0
4620,4.65
4621,0.0
4622,4.69
4623,4.96
4624,4.97
4625,4.85
4626,4.83
4627,4.87
4628,4.8
4629,5.0
4630,0.0
4631,4.94
4632,5.0
4633,4.94
4634,4.54
4635,4.53
4636,4.38
4637,5.0
4638,4.12
4639,4.91
4640,4.84
4641,0.0
4642,5.0
4643,3.86
4644,3.83
4645,4.08
4646,4.49
4647,4.11
4648,4.75
4649,5.0
4650,4.64
4651,4.94
4652,4.85
4653,4.81
4654,0.0
4655,4.94
4656,4.96
4657,4.72
4658,4.96
4659,4.86
4660,4.75
4661,0.0
4662,5.0
4663,4.0
4664,0.0
4665,5.0
4666,4.92
4667,4.96
4668,5.0
4669,4.67
4670,4.88
4671,4.73
4672,5.0
4673,5.0
4674,4.0
4675,5.0
4676,4.89
4677,5.0
4678,5.0
4679,5.0
4680,4.71
4681,5.0
4682,5.0
4683,4.6
4684,5.0
4685,5.0
4686,5.0
4687,4.95
4688,4.89
4689,4.97
4690,5.0
4691,4.98
4692,5.0
4693,4.95
4694,5.0
4695,5.0
4696,0.0
4697,0.0
4698,5.0
4699,5.0
4700,4.89
4701,5.0
4702,5.0
4703,3.5
4704,5.0
4705,5.0
4706,5.0
4707,5.0
4708,4.91
4709,0.0
4710,4.58
4711,4.92
4712,3.71
4713,4.67
4714,4.82
4715,4.83
4716,5.0
4717,4.94
4718,4.91
4719,4.88
4720,4.67
4721,4.92
4722,4.72
4723,4.91
4724,4.92
4725,4.67
4726,4.86
4727,3.0
4728,0.0
4729,0.0
4730,5.0
4731,4.64
4732,5.0
4733,0.0
4734,4.84
4735,4.79
4736,4.5
4737,4.82
4738,4.96
4739,4.88
4740,4.5
4741,4.95
4742,5.0
4743,4.83
4744,5.0
4745,5.0
4746,4.5
4747,5.0
4748,4.0
4749,4.5
4750,5.0
4751,5.0
4752,4.86
4753,5.0
4754,5.0
4755,0.0
4756,4.69
4757,5.0
4758,4.6
4759,4.97
4760,4.87
4761,4.62
4762,5.0
4763,5.0
4764,4.91
4765,4.99
4766,4.97
4767,4.96
4768,4.78
4769,4.87
4770,4.95
4771,0.0
4772,5.0
4773,4.99
4774,4.94
4775,4.69
4776,4.67
4777,4.89
4778,4.91
4779,4.92
4780,4.33
4781,4.58
4782,0.0
4783,4.96
4784,5.0
4785,4.94
4786,0.0
4787,0.0
4788,4.67
4789,4.8
4790,4.86
4791,4.89
4792,4.67
4793,4.83
4794,0.0
4795,4.88
4796,4.5
4797,0.0
4798,5.0
4799,4.96
4800,0.0
4801,4.6
4802,4.86
4803,4.83
4804,0.0
4805,4.53
4806,0.0
4807,4.8
4808,0.0
4809,4.91
4810,5.0
4811,5.0
4812,4.98
4813,4.8
4814,5.0
4815,0.0
4816,5.0
4817,4.56
4818,4.95
4819,4.91
4820,4.8
4821,4.87
4822,4.67
4823,5.0
4824,4.5
4825,5.0
4826,5.0
4827,5.0
4828,4.68
4829,4.73
4830,4.89
4831,4.82
4832,5.0
4833,4.75
4834,0.0
4835,4.46
4836,5.0
4837,4.8
4838,5.0
4839,4.88
4840,4.93
4841,4.9
4842,5.0
4843,4.82
4844,5.0
4845,5.0
4846,4.97
4847,4.96
4848,5.0
4849,4.96
4850,5.0
4851,0.0
4852,5.0
4853,4.79
4854,4.91
4855,5.0
4856,4.8
4857,4.91
4858,4.95
4859,4.96
4860,4.86
4861,4.67
4862,2.0
4863,4.93
4864,5.0
4865,4.95
4866,4.97
4867,4.6
4868,4.78
4869,4.56
4870,4.43
4871,4.9
4872,4.0
4873,0.0
4874,4.9
4875,3.5
4876,0.0
4877,4.95
4878,4.9
4879,4.96
4880,4.93
4881,4.94
4882,4.73
4883,4.77
4884,4.88
4885,4.86
4886,0.0
4887,5.0
4888,4.86
4889,4.0
4890,4.6
4891,5.0
4892,4.9
4893,4.94
4894,0.0
4895,5.0
4896,4.24
4897,4.92
4898,5.0
4899,5.0
4900,4.95
4901,4.91
4902,5.0
4903,4.96
4904,4.83
4905,4.82
4906,4.73
4907,4.84
4908,4.75
4909,4.94
4910,4.98
4911,4.79
4912,4.66
4913,5.0
4914,5.0
4915,4.7
4916,5.0
4917,5.0
4918,4.38
4919,4.83
4920,4.5
4921,4.33
4922,4.93
4923,5.0
4924,4.9
4925,4.45
4926,4.63
4927,4.83
4928,4.62
4929,4.85
4930,4.83
4931,5.0
4932,4.0
4933,4.81
4934,4.75
4935,4.29
4936,0.0
4937,4.8
4938,5.0
4939,4.4
4940,5.0
4941,4.75
4942,4.85
4943,5.0
4944,4.97
4945,4.84
4946,4.96
4947,4.96
4948,5.0
4949,4.96
4950,5.0
4951,4.67
4952,4.71
4953,4.67
4954,4.83
4955,4.94
4956,4.91
4957,4.97
4958,0.0
4959,5.0
4960,4.77
4961,5.0
4962,4.92
4963,4.8
4964,4.89
4965,4.96
4966,4.89
4967,5.0
4968,5.0
4969,4.95
4970,0.0
4971,4.8
4972,4.94
4973,5.0
4974,4.93
4975,4.94
4976,4.67
4977,4.5
4978,4.88
4979,4.89
4980,3.86
4981,4.64
4982,4.92
4983,4.89
4984,4.83
4985,4.89
4986,4.92
4987,4.88
4988,5.0
4989,4.42
4990,4.87
4991,4.92
4992,4.75
4993,0.0
4994,4.79
4995,4.94
4996,5.0
4997,4.96
4998,4.95
4999,4.92
5000,4.82
5001,4.09
5002,4.17
5003,5.0
5004,4.87
5005,4.84
5006,4.94
5007,4.83
5008,4.93
5009,4.5
5010,1.0
5011,4.97
5012,5.0
5013,4.83
5014,4.33
5015,4.5
5016,4.96
5017,4.83
5018,4.84
5019,4.82
5020,4.75
5021,0.0
5022,5.0
5023,4.7
5024,5.0
5025,5.0
5026,5.0
5027,4.95
5028,4.86
5029,4.92
5030,5.0
5031,4.61
5032,5.0
5033,4.78
5034,4.98
5035,4.96
5036,4.87
5037,4.5
5038,4.75
5039,4.75
5040,5.0
5041,4.5
5042,5.0
5043,4.5
5044,4.97
5045,4.97
5046,0.0
5047,4.88
5048,5.0
5049,4.94
5050,4.72
5051,4.75
5052,2.0
5053,4.87
5054,4.97
5055,4.75
5056,4.75
5057,4.96
5058,4.89
5059,4.99
5060,4.98
5061,0.0
5062,0.0
5063,0.0
5064,4.67
5065,0.0
5066,0.0
5067,4.9
5068,4.98
5069,5.0
5070,4.57
5071,4.82
5072,4.71
5073,0.0
5074,4.69
5075,4.75
5076,4.97
5077,0.0
5078,2.0
5079,4.52
5080,4.95
5081,4.17
5082,5.0
5083,5.0
5084,5.0
5085,5.0
5086,5.0
5087,4.6
5088,5.0
5089,4.86
5090,4.84
5091,0.0
5092,4.0
5093,5.0
5094,0.0
5095,4.75
5096,4.95
5097,5.0
5098,5.0
5099,4.84
5100,4.98
5101,0.0
5102,2.5
5103,5.0
5104,5.0
5105,4.8
5106,5.0
5107,4.9
5108,4.2
5109,4.67
5110,4.5
5111,4.96
5112,5.0
5113,4.95
5114,4.44
5115,5.0
5116,4.88
5117,5.0
5118,4.96
5119,5.0
5120,4.87
5121,0.0
5122,0.0
5123,0.0
5124,0.0
5125,4.92
5126,5.0
5127,0.0
5128,4.78
5129,0.0
5130,4.6
5131,5.0
5132,5.0
5133,5.0
5134,0.0
5135,0.0
5136,4.94
5137,4.89
5138,4.8
5139,4.91
5140,4.94
5141,4.5
5142,5.0
5143,4.95
5144,4.98
5145,4.89
5146,4.93
5147,5.0
5148,5.0
5149,5.0
5150,4.86
5151,4.94
5152,4.75
5153,4.89
5154,4.48
5155,0.0
5156,4.82
5157,4.94
5158,4.85
5159,4.75
5160,5.0
5161,4.94
5162,0.0
5163,4.97
5164,4.6
5165,4.9
5166,5.0
5167,5.0
5168,4.4
5169,5.0
5170,4.58
5171,5.0
5172,0.0
5173,4.33
5174,5.0
5175,4.55
5176,4.86
5177,0.0
5178,4.88
5179,4.92
5180,5.0
5181,3.33
5182,0.0
5183,5.0
5184,4.4
5185,5.0
5186,0.0
5187,4.71
5188,0.0
5189,0.0
5190,5.0
5191,4.8
5192,5.0
5193,5.0
5194,4.96
5195,5.0
5196,4.63
5197,5.0
5198,4.87
5199,5.0
5200,5.0
5201,4.0
5202,5.0
5203,3.0
5204,5.0
5205,5.0
5206,5.0
5207,5.0
5208,4.67
5209,4.86
5210,4.88
5211,4.88
5212,4.93
5213,4.98
5214,4.96
5215,4.79
5216,4.83
5217,5.0
5218,4.89
5219,5.0
5220,5.0
5221,0.0
5222,4.97
5223,4.94
5224,5.0
5225,5.0
5226,0.0
5227,0.0
5228,4.73
5229,4.57
5230,4.54
5231,4.25
5232,4.8
5233,4.81
5234,4.88
5235,5.0
5236,4.94
5237,4.96
5238,0.0
5239,0.0
5240,0.0
5241,4.84
5242,0.0
5243,5.0
5244,5.0
5245,5.0
5246,3.67
5247,4.41
5248,4.69
5249,4.17
5250,4.77
5251,4.89
5252,0.0
5253,0.0
5254,5.0
5255,4.8
5256,4.78
5257,4.25
5258,4.88
5259,5.0
5260,4.4
5261,5.0
5262,5.0
5263,5.0
5264,4.83
5265,4.89
5266,4.94
5267,0.0
5268,4.8
5269,4.86
5270,4.95
5271,3.82
5272,4.88
5273,4.92
5274,5.0
5275,4.63
5276,4.93
5277,4.88
5278,0.0
5279,4.0
5280,0.0
5281,5.0
5282,5.0
5283,4.91
5284,4.5
5285,4.89
5286,0.0
5287,0.0
5288,0.0
5289,4.75
5290,4.88
5291,4.83
5292,4.7
5293,4.69
5294,4.6
5295,4.5
5296,5.0
5297,4.66
5298,4.97
5299,4.5
5300,4.95
5301,4.55
5302,4.65
5303,0.0
5304,4.5
5305,4.5
5306,4.8
5307,4.91
5308,4.78
5309,0.0
5310,4.7
5311,5.0
5312,4.64
5313,4.71
5314,5.0
5315,0.0
5316,4.89
5317,4.46
5318,4.5
5319,4.25
5320,0.0
5321,4.71
5322,5.0
5323,4.92
5324,4.9
5325,4.67
5326,5.0
5327,5.0
5328,0.0
5329,4.89
5330,4.9
5331,5.0
5332,4.53
5333,5.0
5334,4.91
5335,0.0
5336,5.0
5337,5.0
5338,4.92
5339,4.89
5340,0.0
5341,4.0
5342,0.0
5343,0.0
5344,4.33
5345,5.0
5346,4.5
5347,4.0
5348,3.0
5349,5.0
5350,4.85
5351,5.0
5352,5.0
5353,5.0
5354,0.0
5355,5.0
5356,5.0
5357,0.0
5358,4.96
5359,4.94
5360,4.93
5361,4.91
5362,4.74
5363,4.83
5364,3.6
5365,3.67
5366,4.92
5367,5.0
5368,4.86
5369,4.76
5370,4.95
5371,5.0
5372,0.0
5373,4.88
5374,4.85
5375,4.94
5376,4.6
5377,5.0
5378,5.0
5379,4.96
5380,5.0
5381,4.97
5382,5.0
5383,0.0
5384,3.8
5385,4.85
5386,4.79
5387,4.82
5388,4.79
5389,5.0
5390,4.94
5391,5.0
5392,5.0
5393,0.0
5394,4.77
5395,4.25
5396,5.0
5397,4.89
5398,4.79
5399,4.5
5400,4.74
5401,4.88
5402,5.0
5403,5.0
5404,4.94
5405,4.98
5406,0.0
5407,4.7
5408,5.0
5409,4.73
5410,4.75
5411,5.0
5412,4.89
5413,5.0
5414,4.94
5415,4.1
5416,5.0
5417,5.0
5418,4.84
5419,0.0
5420,4.89
5421,5.0
5422,4.91
5423,5.0
5424,4.96
5425,4.75
5426,4.0
5427,4.83
5428,5.0
5429,4.81
5430,4.69
5431,5.0
5432,4.88
5433,4.85
5434,4.64
5435,4.4
5436,4.83
5437,5.0
5438,4.82
5439,4.89
5440,5.0
5441,4.94
5442,4.94
5443,4.71
5444,5.0
5445,4.88
5446,4.67
5447,5.0
5448,4.89
5449,5.0
5450,0.0
5451,0.0
5452,0.0
5453,4.23
5454,5.0
5455,4.57
5456,0.0
5457,0.0
5458,4.89
5459,5.0
5460,5.0
5461,4.92
5462,4.89
5463,5.0
5464,4.97
5465,5.0
5466,3.33
5467,0.0
5468,5.0
5469,4.76
5470,4.89
5471,4.8
5472,0.0
5473,5.0
5474,4.94
5475,4.8
5476,5.0
5477,4.92
5478,4.75
5479,4.97
5480,5.0
5481,4.48
5482,5.0
5483,5.0
5484,4.67
5485,4.96
5486,4.5
5487,0.0
5488,4.71
5489,4.86
5490,5.0
5491,5.0
5492,4.88
5493,4.88
5494,5.0
5495,4.83
5496,5.0
5497,4.82
5498,4.7
5499,5.0
5500,4.79
5501,0.0
5502,4.98
5503,4.83
5504,5.0
5505,4.98
5506,4.5
5507,0.0
5508,5.0
5509,4.33
5510,4.0
5511,4.83
5512,4.89
5513,3.88
5514,4.95
5515,4.98
5516,4.96
5517,4.88
5518,4.78
5519,4.86
5520,4.9
5521,5.0
5522,4.94
5523,4.88
5524,4.79
5525,5.0
5526,5.0
5527,5.0
5528,4.09
5529,4.8
5530,4.55
5531,4.0
5532,4.9
5533,0.0
5534,4.82
5535,4.95
5536,5.0
5537,4.88
5538,5.0
5539,4.6
5540,4.88
5541,5.0
5542,4.86
5543,5.0
5544,4.0
5545,4.82
5546,4.72
5547,4.4
5548,4.94
5549,4.9
5550,4.84
5551,4.25
5552,4.97
5553,4.89
5554,4.92
5555,5.0
5556,4.66
5557,4.8
5558,4.89
5559,5.0
5560,4.5
5561,4.86
5562,0.0
5563,0.0
5564,4.98
5565,5.0
5566,4.22
5567,4.88
5568,5.0
5569,4.97
5570,4.83
5571,1.0
5572,0.0
5573,4.93
5574,4.88
5575,0.0
5576,4.88
5577,4.88
5578,5.0
5579,5.0
5580,4.8
5581,4.75
5582,3.0
5583,4.56
5584,4.64
5585,4.54
5586,4.75
5587,4.8
5588,5.0
5589,4.97
5590,4.93
5591,0.0
5592,0.0
5593,5.0
5594,4.5
5595,5.0
5596,4.42
5597,5.0
5598,4.77
5599,4.96
5600,4.79
5601,4.61
5602,4.89
5603,0.0
5604,5.0
5605,4.7
5606,1.0
5607,4.73
5608,4.67
5609,4.5
5610,5.0
5611,4.92
5612,5.0
5613,5.0
5614,4.24
5615,4.21
5616,4.92
5617,5.0
5618,5.0
5619,0.0
5620,5.0
5621,4.29
5622,5.0
5623,5.0
5624,0.0
5625,5.0
5626,4.95
5627,5.0
5628,4.89
5629,4.27
5630,4.68
5631,4.73
5632,4.88
5633,4.86
5634,4.62
5635,4.92
5636,4.76
5637,4.77
5638,4.69
5639,5.0
5640,4.73
5641,4.92
5642,4.86
5643,0.0
5644,4.92
5645,5.0
5646,4.76
5647,5.0
5648,5.0
5649,0.0
5650,0.0
5651,4.95
5652,4.93
5653,4.67
5654,4.8
5655,4.9
5656,5.0
5657,4.79
5658,4.96
5659,4.91
5660,4.82
5661,5.0
5662,4.97
5663,4.81
5664,4.78
5665,4.84
5666,4.91
5667,0.0
5668,4.58
5669,4.9
5670,4.78
5671,4.61
5672,5.0
5673,4.95
5674,5.0
5675,4.5
5676,4.85
5677,4.86
5678,4.67
5679,4.47
5680,4.43
5681,4.86
5682,5.0
5683,5.0
5684,5.0
5685,4.96
5686,4.38
5687,0.0
5688,4.98
5689,4.77
5690,5.0
5691,5.0
5692,4.97
5693,4.8
5694,5.0
5695,4.93
5696,5.0
5697,4.96
5698,5.0
5699,5.0
5700,5.0
5701,5.0
5702,4.95
5703,4.67
5704,5.0
5705,0.0
5706,0.0
5707,5.0
5708,5.0
5709,4.88
5710,4.25
5711,5.0
5712,4.88
5713,5.0
5714,4.74
5715,5.0
5716,4.88
5717,4.92
5718,5.0
5719,5.0
5720,4.69
5721,4.33
5722,4.89
5723,5.0
5724,5.0
5725,4.68
5726,4.88
5727,4.81
5728,4.84
5729,5.0
5730,4.88
5731,5.0
5732,4.0
5733,4.79
5734,4.83
5735,4.85
5736,5.0
5737,4.91
5738,5.0
5739,4.95
5740,4.93
5741,5.0
5742,4.83
5743,5.0
5744,0.0
5745,4.9
5746,5.0
5747,4.78
5748,5.0
5749,4.8
5750,4.4
5751,4.82
5752,1.5
5753,0.0
5754,4.73
5755,4.75
5756,4.73
5757,4.72
5758,4.88
5759,4.78
5760,5.0
5761,4.52
5762,4.5
5763,4.93
5764,4.84
5765,5.0
5766,4.88
5767,5.0
5768,4.98
5769,5.0
5770,4.71
5771,4.22
5772,3.6
5773,4.4
5774,4.35
5775,0.0
5776,5.0
5777,5.0
5778,4.87
5779,4.97
5780,4.9
5781,5.0
5782,0.0
5783,4.63
5784,5.0
5785,5.0
5786,0.0
5787,3.8
5788,5.0
5789,0.0
5790,4.5
5791,4.75
5792,0.0
5793,4.54
5794,5.0
5795,5.0
5796,4.77
5797,4.85
5798,5.0
5799,4.75
5800,4.71
5801,5.0
5802,4.33
5803,0.0
5804,4.83
5805,0.0
5806,4.89
5807,4.92
5808,4.95
5809,4.71
5810,5.0
5811,5.0
5812,4.67
5813,4.92
5814,5.0
5815,4.98
5816,4.81
5817,5.0
5818,0.0
5819,5.0
5820,5.0
5821,5.0
5822,1.0
5823,4.94
5824,5.0
5825,0.0
5826,5.0
5827,5.0
5828,4.94
5829,0.0
5830,4.97
5831,4.93
5832,4.77
5833,4.98
5834,4.78
5835,5.0
5836,4.93
5837,4.83
5838,4.7
5839,4.89
5840,5.0
5841,4.94
5842,4.96
5843,5.0
5844,4.8
5845,4.74
5846,4.95
5847,5.0
5848,4.38
5849,2.33
5850,4.57
5851,4.92
5852,5.0
5853,5.0
5854,4.82
5855,5.0
5856,5.0
5857,4.98
5858,4.81
5859,0.0
5860,0.0
5861,4.94
5862,5.0
5863,4.7
5864,5.0
5865,4.87
5866,0.0
5867,4.67
5868,0.0
5869,5.0
5870,5.0
5871,5.0
5872,4.4
5873,4.84
5874,4.86
5875,4.87
5876,4.0
5877,4.73
5878,4.5
5879,4.8
5880,4.57
5881,4.97
5882,4.5
5883,5.0
5884,4.79
5885,4.74
5886,3.75
5887,5.0
5888,4.8
5889,0.0
5890,4.75
5891,4.82
5892,4.83
5893,4.86
5894,4.82
5895,4.46
5896,0.0
5897,0.0
5898,4.96
5899,4.78
5900,0.0
5901,4.97
5902,4.87
5903,0.0
5904,4.75
5905,5.0
5906,4.92
5907,5.0
5908,5.0
5909,4.76
5910,4.91
5911,5.0
5912,5.0
5913,5.0
5914,4.67
5915,5.0
5916,4.67
5917,4.0
5918,4.8
5919,5.0
5920,4.7
5921,5.0
5922,4.83
5923,0.0
5924,5.0
5925,0.0
5926,4.92
5927,4.88
5928,4.74
5929,4.76
5930,4.0
5931,4.88
5932,4.89
5933,4.82
5934,4.94
5935,4.7
5936,4.78
5937,0.0
5938,5.0
5939,0.0
5940,0.0
5941,4.13
5942,5.0
5943,5.0
5944,4.94
5945,4.73
5946,5.0
5947,4.66
5948,4.94
5949,4.6
5950,4.83
5951,5.0
5952,5.0
5953,5.0
5954,4.73
5955,4.56
5956,4.5
5957,5.0
5958,4.65
5959,4.88
5960,3.33
5961,5.0
5962,4.8
5963,4.83
5964,4.5
5965,4.61
5966,0.0
5967,4.73
5968,4.75
5969,4.75
5970,4.71
5971,4.79
5972,4.98
5973,4.98
5974,4.7
5975,4.33
5976,4.93
5977,5.0
5978,5.0
5979,5.0
5980,4.81
5981,0.0
5982,4.47
5983,5.0
5984,5.0
5985,5.0
5986,5.0
5987,5.0
5988,5.0
5989,4.97
5990,4.75
5991,5.0
5992,5.0
5993,4.67
5994,4.92
5995,4.88
5996,4.95
5997,5.0
5998,4.73
5999,4.94
6000,4.93
6001,5.0
6002,4.83
6003,5.0
6004,4.56
6005,4.5
6006,4.86
6007,5.0
6008,5.0
6009,5.0
6010,4.86
6011,5.0
6012,4.95
6013,4.83
6014,4.82
6015,0.0
6016,5.0
6017,4.5
6018,4.81
6019,4.93
6020,4.92
6021,4.74
6022,4.8
6023,4.77
6024,4.83
6025,0.0
6026,4.29
6027,5.0
6028,4.91
6029,5.0
6030,0.0
6031,5.0
6032,4.75
6033,5.0
6034,5.0
6035,4.5
6036,0.0
6037,0.0
6038,5.0
6039,0.0
6040,5.0
6041,4.98
6042,4.92
6043,4.86
6044,5.0
6045,5.0
6046,4.5
6047,4.0
6048,4.97
6049,0.0
6050,4.56
6051,4.94
6052,4.85
6053,4.86
6054,4.72
6055,4.83
6056,5.0
6057,4.57
6058,4.78
6059,4.87
6060,4.89
6061,0.0
6062,4.78
6063,5.0
6064,5.0
6065,4.75
6066,0.0
6067,4.5
6068,4.77
6069,5.0
6070,4.89
6071,5.0
6072,4.86
6073,0.0
6074,4.92
6075,4.96
6076,4.84
6077,5.0
6078,4.67
6079,4.8
6080,4.88
6081,3.0
6082,5.0
6083,5.0
6084,5.0
6085,0.0
6086,4.83
6087,5.0
6088,4.63
6089,4.17
6090,0.0
6091,4.71
6092,5.0
6093,0.0
6094,4.93
6095,0.0
6096,0.0
6097,5.0
6098,5.0
6099,0.0
6100,4.97
6101,4.48
6102,4.0
6103,4.72
6104,5.0
6105,5.0
6106,5.0
6107,4.64
6108,4.85
6109,0.0
6110,0.0
6111,5.0
6112,0.0
6113,0.0
6114,0.0
6115,0.0
6116,0.0
6117,5.0
6118,5.0
6119,4.42
6120,4.93
6121,5.0
6122,5.0
6123,0.0
6124,5.0
6125,4.88
6126,4.97
6127,4.92
6128,4.63
6129,0.0
6130,0.0
6131,4.83
6132,4.84
6133,4.97
6134,4.29
6135,2.75
6136,0.0
6137,0.0
6138,4.83
6139,4.82
6140,5.0
6141,4.83
6142,4.8
6143,5.0
6144,4.95
6145,5.0
6146,0.0
6147,4.67
6148,4.77
6149,4.86
6150,5.0
6151,4.95
6152,5.0
6153,5.0
6154,4.93
6155,4.92
6156,4.75
6157,4.95
6158,4.89
6159,4.5
6160,5.0
6161,4.8
6162,5.0
6163,4.94
6164,5.0
6165,0.0
6166,0.0
6167,4.69
6168,4.89
6169,4.85
6170,0.0
6171,4.8
6172,5.0
6173,5.0
6174,4.84
6175,5.0
6176,4.79
6177,4.75
6178,5.0
6179,4.97
6180,5.0
6181,0.0
6182,4.94
6183,4.0
6184,0.0
6185,4.87
6186,4.5
6187,4.86
6188,5.0
6189,5.0
6190,4.87
6191,4.89
6192,4.86
6193,5.0
6194,5.0
6195,5.0
6196,4.71
6197,4.69
6198,4.94
6199,4.83
6200,5.0
6201,0.0
6202,5.0
6203,4.88
6204,5.0
6205,5.0
6206,4.96
6207,4.75
6208,4.9
6209,4.94
6210,4.86
6211,4.68
6212,4.63
6213,5.0
6214,4.67
6215,4.5
6216,4.88
6217,0.0
6218,5.0
6219,4.43
6220,4.83
6221,4.33
6222,0.0
6223,5.0
6224,4.91
6225,5.0
6226,4.93
6227,5.0
6228,4.91
6229,5.0
6230,4.67
6231,4.9
6232,4.82
6233,5.0
6234,4.94
6235,5.0
6236,4.63
6237,5.0
6238,5.0
6239,4.5
6240,4.7
6241,4.75
6242,5.0
6243,0.0
6244,0.0
6245,4.5
6246,0.0
6247,4.88
6248,0.0
6249,5.0
6250,4.75
6251,4.93
6252,4.73
6253,4.93
6254,0.0
6255,5.0
6256,0.0
6257,4.32
6258,4.72
6259,0.0
6260,4.88
6261,5.0
6262,5.0
6263,5.0
6264,5.0
6265,3.0
6266,4.79
6267,5.0
6268,4.0
6269,4.95
6270,0.0
6271,4.98
6272,4.9
6273,4.98
6274,0.0
6275,0.0
6276,5.0
6277,5.0
6278,5.0
6279,4.98
6280,4.85
6281,4.96
6282,0.0
6283,4.87
6284,4.74
6285,4.98
6286,4.59
6287,4.17
6288,4.74
6289,0.0
6290,4.93
6291,4.67
6292,4.83
6293,5.0
6294,5.0
6295,4.73
6296,5.0
6297,5.0
6298,0.0
6299,4.83
6300,4.67
6301,0.0
6302,4.33
6303,0.0
6304,4.71
6305,4.33
6306,0.0
6307,5.0
6308,4.75
6309,5.0
6310,4.5
6311,5.0
6312,4.9
6313,4.79
6314,4.82
6315,5.0
6316,5.0
6317,4.92
6318,4.71
6319,0.0
6320,0.0
6321,4.88
6322,4.65
6323,4.82
6324,4.83
6325,5.0
6326,4.5
6327,4.75
6328,4.4
6329,5.0
6330,5.0
6331,4.71
6332,0.0
6333,4.83
6334,0.0
6335,4.71
6336,4.9
6337,4.93
6338,4.96
6339,5.0
6340,5.0
6341,4.9
6342,5.0
6343,4.85
6344,5.0
6345,4.88
6346,3.88
6347,4.88
6348,4.81
6349,5.0
6350,4.5
6351,4.67
6352,5.0
6353,4.64
6354,4.75
6355,5.0
6356,4.97
6357,5.0
6358,4.9
6359,4.95
6360,4.76
6361,0.0
6362,4.9
6363,5.0
6364,5.0
6365,4.29
6366,4.66
6367,4.78
6368,5.0
6369,5.0
6370,4.75
6371,5.0
6372,4.75
6373,5.0
6374,5.0
6375,0.0
6376,0.0
6377,0.0
6378,4.67
6379,0.0
6380,0.0
6381,4.0
6382,0.0
6383,0.0
6384,5.0
6385,5.0
6386,4.89
6387,5.0
6388,4.92
6389,5.0
6390,0.0
6391,4.83
6392,4.67
6393,5.0
6394,5.0
6395,4.96
6396,4.67
6397,4.92
6398,4.86
6399,3.67
6400,2.33
6401,0.0
6402,3.0
6403,4.86
6404,4.5
6405,5.0
6406,0.0
6407,4.33
6408,5.0
6409,0.0
6410,0.0
6411,4.0
6412,0.0
6413,4.38
6414,5.0
6415,3.86
6416,0.0
6417,0.0
6418,4.75
6419,2.0
6420,4.5
6421,5.0
6422,4.0
6423,5.0
6424,4.73
6425,0.0
6426,0.0
6427,5.0
6428,0.0
6429,4.96
6430,4.5
6431,5.0
6432,4.0
6433,5.0
6434,4.63
6435,5.0
6436,5.0
6437,5.0
6438,4.86
6439,4.26
6440,5.0
6441,4.58
6442,0.0
6443,5.0
6444,5.0
6445,0.0
6446,0.0
6447,5.0
6448,4.92
6449,5.0
6450,4.89
6451,4.9
6452,5.0
6453,5.0
6454,5.0
6455,4.93
6456,0.0
6457,4.84
6458,4.79
6459,4.89
6460,5.0
6461,5.0
6462,5.0
6463,5.0
6464,4.87
6465,4.73
6466,4.67
6467,0.0
6468,4.89
6469,5.0
6470,0.0
6471,4.0
6472,5.0
6473,4.89
6474,4.86
6475,4.97
6476,4.85
6477,4.91
6478,4.94
6479,4.86
6480,5.0
6481,4.75
6482,4.79
6483,5.0
6484,4.38
6485,0.0
6486,0.0
6487,0.0
6488,0.0
6489,4.87
6490,4.88
6491,4.55
6492,4.72
6493,4.78
6494,5.0
6495,5.0
6496,4.81
6497,4.89
6498,4.76
6499,4.67
6500,4.57
6501,0.0
6502,4.75
6503,4.83
6504,4.82
6505,4.77
6506,4.66
6507,5.0
6508,5.0
6509,5.0
6510,4.9
6511,5.0
6512,4.84
6513,4.91
6514,4.65
6515,4.5
6516,4.33
6517,5.0
6518,4.78
6519,5.0
6520,0.0
6521,5.0
6522,0.0
6523,5.0
6524,4.88
6525,4.83
6526,5.0
6527,5.0
6528,5.0
6529,4.5
6530,0.0
6531,5.0
6532,4.47
6533,3.0
6534,4.8
6535,4.5
6536,5.0
6537,4.95
6538,4.8
6539,0.0
6540,5.0
6541,0.0
6542,0.0
6543,0.0
6544,4.87
6545,4.83
6546,4.0
6547,4.8
6548,5.0
6549,5.0
6550,4.85
6551,5.0
6552,4.86
6553,4.96
6554,4.85
6555,5.0
6556,0.0
6557,5.0
6558,5.0
6559,4.0
6560,4.71
6561,5.0
6562,4.0
6563,5.0
6564,4.91
6565,5.0
6566,5.0
6567,0.0
6568,5.0
6569,4.77
6570,5.0
6571,4.92
6572,5.0
6573,5.0
6574,0.0
6575,4.89
6576,0.0
6577,5.0
6578,0.0
6579,5.0
6580,5.0
6581,4.68
6582,4.25
6583,3.0
6584,4.97
6585,5.0
6586,0.0
6587,4.0
6588,0.0
6589,4.97
6590,4.88
6591,4.76
6592,4.86
6593,5.0
6594,4.9
6595,4.81
6596,4.75
6597,5.0
6598,4.85
6599,5.0
6600,5.0
6601,5.0
6602,4.94
6603,4.87
6604,4.88
6605,0.0
6606,0.0
6607,0.0
6608,5.0
6609,5.0
6610,5.0
6611,5.0
6612,5.0
6613,4.92
6614,4.86
6615,5.0
6616,4.95
6617,3.83
6618,0.0
6619,3.0
6620,0.0
6621,4.69
6622,5.0
6623,4.81
6624,4.5
6625,4.81
6626,4.77
6627,4.97
6628,4.0
6629,5.0
6630,4.82
6631,4.88
6632,0.0
6633,0.0
6634,4.6
6635,4.5
6636,4.67
6637,5.0
6638,5.0
6639,0.0
6640,4.0
6641,5.0
6642,0.0
6643,0.0
6644,4.7
6645,0.0
6646,4.83
6647,4.87
6648,4.75
6649,4.82
6650,4.93
6651,0.0
6652,5.0
6653,5.0
6654,5.0
6655,0.0
6656,0.0
6657,5.0
6658,4.94
6659,5.0
6660,0.0
6661,5.0
6662,4.8
6663,5.0
6664,4.95
6665,4.94
6666,4.6
6667,4.2
6668,4.14
6669,4.93
6670,4.97
6671,4.7
6672,0.0
6673,5.0
6674,5.0
6675,4.69
6676,5.0
6677,5.0
6678,5.0
6679,5.0
6680,5.0
6681,5.0
6682,4.2
6683,3.67
6684,5.0
6685,4.82
6686,4.82
6687,5.0
6688,4.89
6689,5.0
6690,4.94
6691,3.75
6692,4.0
6693,0.0
6694,5.0
6695,4.78
6696,4.71
6697,4.67
6698,0.0
6699,4.92
6700,4.8
6701,0.0
6702,4.6
6703,5.0
6704,4.53
6705,4.78
6706,4.84
6707,5.0
6708,5.0
6709,0.0
6710,0.0
6711,0.0
6712,4.86
6713,4.7
6714,5.0
6715,5.0
6716,4.89
6717,5.0
6718,5.0
6719,4.78
6720,5.0
6721,4.83
6722,5.0
6723,0.0
6724,5.0
6725,3.0
6726,4.2
6727,4.75
6728,1.0
6729,0.0
6730,4.7
6731,4.74
6732,4.97
6733,4.85
6734,0.0
6735,5.0
6736,5.0
6737,4.57
6738,0.0
6739,5.0
6740,5.0
6741,4.8
6742,4.88
6743,3.67
6744,5.0
6745,5.0
6746,5.0
6747,0.0
6748,0.0
6749,0.0
6750,0.0
6751,0.0
6752,0.0
6753,0.0
6754,0.0
6755,0.0
6756,0.0
6757,0.0
6758,0.0
6759,0.0
6760,0.0
6761,0.0
6762,0.0
6763,0.0
6764,0.0
6765,0.0
6766,0.0
6767,0.0
6768,0.0
6769,0.0
6770,0.0
6771,0.0
6772,0.0
6773,0.0
6774,0.0
6775,0.0
6776,0.0
6777,5.0
6778,5.0
6779,4.67
6780,5.0
6781,4.33
6782,3.5
6783,5.0
6784,0.0
6785,0.0
6786,0.0
6787,0.0
6788,0.0
6789,0.0
6790,0.0
6791,0.0
6792,0.0
6793,0.0
6794,0.0
6795,0.0
6796,0.0
6797,0.0
6798,0.0
6799,0.0
6800,0.0
6801,0.0
6802,0.0
6803,0.0
6804,0.0
6805,0.0
6806,0.0
6807,0.0
6808,0.0
6809,0.0
6810,0.0
6811,0.0
6812,0.0
6813,4.76
6814,5.0
6815,0.0
6816,4.0
6817,4.75
6818,0.0
6819,0.0
6820,0.0
6821,0.0
6822,0.0
6823,0.0
6824,0.0
6825,0.0
6826,0.0
6827,0.0
6828,0.0
6829,0.0
6830,0.0
6831,0.0
6832,0.0
6833,0.0
6834,0.0
6835,0.0
6836,0.0
6837,0.0
6838,0.0
6839,0.0
6840,0.0
6841,0.0
6842,0.0
6843,0.0
6844,0.0
6845,0.0
6846,0.0
6847,0.0
6848,4.73
6849,4.83
6850,5.0
6851,5.0
6852,5.0
6853,5.0
6854,4.8
6855,4.33
6856,5.0
6857,4.67
6858,4.93
6859,4.75
6860,4.43
6861,5.0
6862,5.0
6863,4.69
6864,5.0
6865,5.0
6866,4.69
6867,0.0
6868,0.0
6869,0.0
6870,0.0
6871,0.0
6872,0.0
6873,0.0
6874,0.0
6875,0.0
6876,0.0
6877,0.0
6878,0.0
6879,0.0
6880,0.0
6881,0.0
6882,0.0
6883,0.0
6884,0.0
6885,4.6
6886,0.0
6887,5.0
6888,0.0
6889,0.0
6890,0.0
6891,0.0
6892,0.0
6893,0.0
6894,0.0
6895,0.0
6896,0.0
6897,0.0
6898,0.0
6899,0.0
6900,0.0
6901,0.0
6902,0.0
6903,0.0
6904,0.0
6905,0.0
6906,5.0
6907,4.89
6908,5.0
6909,5.0
6910,3.33
6911,5.0
6912,4.88
6913,4.84
6914,5.0
6915,5.0
6916,5.0
6917,5.0
6918,0.0
6919,0.0
6920,0.0
6921,0.0
6922,0.0
6923,0.0
6924,0.0
6925,0.0
6926,0.0
6927,0.0
6928,0.0
6929,0.0
6930,0.0
6931,0.0
6932,0.0
6933,0.0
6934,0.0
6935,0.0
6936,0.0
6937,0.0
6938,0.0
6939,0.0
6940,5.0
6941,0.0
6942,0.0
6943,0.0
6944,0.0
6945,0.0
6946,0.0
6947,0.0
6948,0.0
6949,0.0
6950,0.0
6951,0.0
6952,0.0
6953,0.0
6954,0.0
6955,0.0
6956,0.0
6957,0.0
6958,0.0
6959,0.0
6960,0.0
6961,0.0
6962,0.0
6963,0.0
6964,0.0
6965,0.0
6966,0.0
6967,0.0
6968,0.0
6969,0.0
6970,0.0
6971,0.0
6972,0.0
6973,0.0
6974,0.0
6975,0.0
6976,0.0
6977,0.0
6978,0.0
6979,0.0
6980,0.0
6981,0.0
6982,0.0
6983,0.0
6984,0.0
6985,0.0
6986,0.0
6987,0.0
6988,0.0
6989,0.0
6990,0.0
6991,0.0
6992,0.0
6993,0.0
6994,0.0
6995,0.0
6996,0.0
6997,0.0
6998,0.0
6999,0.0
7000,0.0
7001,0.0
7002,0.0
7003,0.0
7004,0.0
7005,0.0
7006,0.0
7007,0.0
7008,0.0
7009,0.0
7010,0.0
7011,0.0
7012,0.0
7013,0.0
7014,0.0
7015,0.0
7016,0.0
7017,0.0
7018,0.0
7019,0.0
7020,0.0
7021,0.0
7022,0.0
7023,0.0
7024,0.0
7025,0.0
7026,0.0
7027,0.0
7028,0.0
7029,0.0
7030,4.67
7031,4.71
7032,5.0
7033,5.0
7034,0.0
7035,5.0
7036,4.87
7037,5.0
7038,0.0
7039,4.93
7040,0.0
7041,4.82
7042,4.95
7043,0.0
7044,0.0
7045,4.53
7046,5.0
7047,4.95
7048,4.89
7049,5.0
7050,5.0
7051,0.0
7052,4.93
7053,5.0
7054,5.0
7055,4.5
7056,5.0
7057,4.83
7058,4.9
7059,5.0
7060,4.33
7061,5.0
7062,5.0
7063,5.0
7064,5.0
7065,4.8
7066,5.0
7067,5.0
7068,4.79
7069,0.0
7070,0.0
7071,4.88
7072,0.0
7073,0.0
7074,5.0
7075,0.0
7076,4.53
7077,5.0
7078,4.75
7079,4.87
7080,5.0
7081,0.0
7082,4.86
7083,4.92
7084,5.0
7085,4.51
7086,5.0
7087,4.9
7088,0.0
7089,5.0
7090,4.0
7091,4.58
7092,5.0
7093,5.0
7094,0.0
7095,0.0
7096,4.95
7097,5.0
7098,5.0
7099,4.68
7100,0.0
7101,4.72
7102,0.0
7103,5.0
7104,4.94
7105,5.0
7106,5.0
7107,4.89
7108,4.5
7109,4.87
7110,0.0
7111,4.8
7112,4.97
7113,0.0
7114,5.0
7115,5.0
7116,5.0
7117,4.83
7118,5.0
7119,4.89
7120,4.86
7121,4.67
7122,4.58
7123,4.88
7124,4.96
7125,4.8
7126,4.96
7127,5.0
7128,5.0
7129,5.0
7130,4.3
7131,4.91
7132,4.45
7133,4.5
7134,4.33
7135,4.92
7136,5.0
7137,4.92
7138,5.0
7139,4.6
7140,5.0
7141,5.0
7142,4.75
7143,4.71
7144,5.0
7145,5.0
7146,4.72
7147,5.0
7148,4.78
7149,4.89
7150,4.55
7151,5.0
7152,4.88
7153,5.0
7154,0.0
7155,5.0
7156,0.0
7157,5.0
7158,5.0
7159,5.0
7160,0.0
7161,2.0
7162,4.93
7163,4.83
7164,4.87
7165,0.0
7166,4.69
7167,4.54
7168,5.0
7169,5.0
7170,4.76
7171,4.67
7172,0.0
7173,4.81
7174,4.92
7175,4.91
7176,4.64
7177,4.97
7178,5.0
7179,5.0
7180,4.83
7181,4.88
7182,0.0
7183,0.0
7184,0.0
7185,0.0
7186,4.86
7187,4.93
7188,4.6
7189,5.0
7190,0.0
7191,4.93
7192,4.64
7193,4.74
7194,4.93
7195,0.0
7196,0.0
7197,4.57
7198,5.0
7199,5.0
7200,5.0
7201,4.79
7202,5.0
7203,4.83
7204,5.0
7205,4.76
7206,4.83
7207,4.38
7208,5.0
7209,4.69
7210,5.0
7211,5.0
7212,5.0
7213,5.0
7214,5.0
7215,0.0
7216,4.59
7217,4.31
7218,5.0
7219,5.0
7220,5.0
7221,4.93
7222,4.67
7223,4.5
7224,4.63
7225,5.0
7226,4.89
7227,0.0
7228,0.0
7229,4.0
7230,4.5
7231,4.0
7232,5.0
7233,5.0
7234,4.92
7235,5.0
7236,4.83
7237,4.76
7238,5.0
7239,5.0
7240,4.97
7241,0.0
7242,5.0
7243,5.0
7244,0.0
7245,0.0
7246,4.76
7247,4.9
7248,0.0
7249,5.0
7250,5.0
7251,4.86
7252,4.86
7253,0.0
7254,4.68
7255,5.0
7256,4.89
7257,0.0
7258,5.0
7259,5.0
7260,4.75
7261,4.52
7262,4.5
7263,0.0
7264,5.0
7265,4.67
7266,4.76
7267,4.94
7268,4.53
7269,4.0
7270,4.7
7271,4.8
7272,5.0
7273,4.64
7274,0.0
7275,4.75
7276,4.64
7277,4.55
7278,4.55
7279,5.0
7280,4.93
7281,4.88
7282,4.98
7283,5.0
7284,3.4
7285,4.64
7286,5.0
7287,5.0
7288,4.73
7289,4.73
7290,4.83
7291,4.97
7292,0.0
7293,4.95
7294,4.98
7295,3.0
7296,0.0
7297,0.0
7298,4.92
7299,4.89
7300,0.0
7301,4.86
7302,4.96
7303,5.0
7304,4.92
7305,5.0
7306,5.0
7307,5.0
7308,5.0
7309,4.97
7310,4.94
7311,4.93
7312,0.0
7313,4.85
7314,5.0
7315,0.0
7316,4.95
7317,5.0
7318,4.91
7319,5.0
7320,5.0
7321,5.0
7322,5.0
7323,4.83
7324,4.77
7325,5.0
7326,5.0
7327,5.0
7328,4.97
7329,4.93
7330,0.0
7331,4.5
7332,5.0
7333,5.0
7334,5.0
7335,0.0
7336,5.0
7337,5.0
7338,0.0
7339,4.88
7340,0.0
7341,0.0
7342,5.0
7343,4.92
7344,5.0
7345,0.0
7346,4.93
7347,4.78
7348,4.67
7349,4.88
7350,5.0
7351,4.71
7352,4.79
7353,5.0
7354,0.0
7355,4.81
7356,0.0
7357,0.0
7358,0.0
7359,4.0
7360,4.96
7361,0.0
7362,4.79
7363,5.0
7364,4.96
7365,5.0
7366,4.57
7367,5.0
7368,5.0
7369,4.9
7370,4.96
7371,5.0
7372,4.86
7373,5.0
7374,0.0
7375,5.0
7376,0.0
7377,5.0
7378,4.67
7379,3.0
7380,3.0
7381,5.0
7382,4.74
7383,0.0
7384,5.0
7385,4.81
7386,4.89
7387,5.0
7388,0.0
7389,0.0
7390,5.0
7391,4.72
7392,4.77
7393,4.43
7394,4.67
7395,0.0
7396,0.0
7397,0.0
7398,4.88
7399,5.0
7400,4.95
7401,5.0
7402,5.0
7403,4.0
7404,3.0
7405,5.0
7406,4.82
7407,0.0
7408,5.0
7409,4.86
7410,5.0
7411,0.0
7412,5.0
7413,0.0
7414,0.0
7415,5.0
7416,4.67
7417,5.0
7418,0.0
7419,5.0
7420,0.0
7421,4.65
7422,5.0
7423,5.0
7424,0.0
7425,4.57
7426,4.79
7427,4.92
7428,0.0
7429,4.95
7430,4.85
7431,0.0
7432,0.0
7433,5.0
7434,5.0
7435,5.0
7436,2.0
7437,4.88
7438,5.0
7439,5.0
7440,4.86
7441,5.0
7442,5.0
7443,5.0
7444,0.0
7445,0.0
7446,3.0
7447,5.0
7448,2.0
7449,4.33
7450,3.5
7451,4.9
7452,4.6
7453,4.64
7454,4.87
7455,3.67
7456,4.33
7457,4.75
7458,4.93
7459,5.0
7460,5.0
7461,0.0
7462,4.92
7463,5.0
7464,0.0
7465,4.76
7466,0.0
7467,5.0
7468,5.0
7469,5.0
7470,5.0
7471,5.0
7472,4.92
7473,0.0
7474,5.0
7475,5.0
7476,5.0
7477,4.67
7478,4.0
7479,0.0
7480,4.8
7481,0.0
7482,4.9
7483,4.79
7484,5.0
7485,4.67
7486,5.0
7487,4.5
7488,5.0
7489,5.0
7490,5.0
7491,4.96
7492,5.0
7493,5.0
7494,0.0
7495,4.94
7496,5.0
7497,5.0
7498,5.0
7499,4.93
7500,0.0
7501,0.0
7502,5.0
7503,4.78
7504,4.57
7505,4.4
7506,4.75
7507,4.33
7508,5.0
7509,0.0
7510,5.0
7511,5.0
7512,4.33
7513,5.0
7514,4.67
7515,0.0
7516,0.0
7517,4.94
7518,5.0
7519,5.0
7520,4.76
7521,4.71
7522,5.0
7523,0.0
7524,5.0
7525,4.92
7526,4.0
7527,4.94
7528,4.97
7529,5.0
7530,5.0
7531,4.4
7532,4.81
7533,4.95
7534,4.76
7535,4.96
7536,4.25
7537,5.0
7538,5.0
7539,0.0
7540,5.0
7541,4.7
7542,4.61
7543,4.57
7544,4.5
7545,4.87
7546,5.0
7547,0.0
7548,5.0
7549,0.0
7550,0.0
7551,0.0
7552,5.0
7553,0.0
7554,5.0
7555,0.0
7556,5.0
7557,0.0
7558,0.0
7559,5.0
7560,0.0
7561,5.0
7562,0.0
7563,3.0
7564,4.0
7565,0.0
7566,4.0
7567,0.0
7568,0.0
7569,0.0
7570,0.0
7571,4.0
7572,5.0
7573,5.0
7574,4.0
7575,4.0
7576,0.0
7577,5.0
7578,4.0
7579,4.0
7580,0.0
7581,4.5
7582,0.0
7583,0.0
7584,0.0
7585,5.0
7586,5.0
7587,4.9
7588,0.0
7589,0.0
7590,3.0
7591,5.0
7592,4.95
7593,4.0
7594,5.0
7595,0.0
7596,4.89
7597,4.75
7598,4.91
7599,5.0
7600,0.0
7601,5.0
7602,4.81
7603,4.74
7604,4.7
7605,4.79
7606,5.0
7607,4.33
7608,4.91
7609,4.92
7610,4.8
7611,5.0
7612,5.0
7613,5.0
7614,5.0
7615,5.0
7616,4.44
7617,5.0
7618,5.0
7619,4.83
7620,5.0
7621,4.4
7622,5.0
7623,4.97
7624,5.0
7625,0.0
7626,0.0
7627,5.0
7628,5.0
7629,0.0
7630,5.0
7631,4.87
7632,4.87
7633,4.69
7634,4.8
7635,4.88
7636,4.96
7637,4.96
7638,5.0
7639,0.0
7640,5.0
7641,4.95
7642,5.0
7643,4.75
7644,5.0
7645,5.0
7646,4.83
7647,3.0
7648,4.5
7649,4.83
7650,4.9
7651,4.05
7652,5.0
7653,0.0
7654,0.0
7655,4.8
7656,0.0
7657,4.5
7658,0.0
7659,0.0
7660,4.63
7661,5.0
7662,4.8
7663,0.0
7664,0.0
7665,0.0
7666,0.0
7667,5.0
7668,5.0
7669,5.0
7670,0.0
7671,4.42
7672,5.0
7673,4.67
7674,1.0
7675,5.0
7676,4.83
7677,5.0
7678,5.0
7679,4.93
7680,0.0
7681,0.0
7682,4.95
7683,3.67
7684,5.0
7685,0.0
7686,4.48
7687,5.0
7688,4.93
7689,4.6
7690,0.0
7691,4.86
7692,4.78
7693,4.8
7694,5.0
7695,5.0
7696,5.0
7697,0.0
7698,4.86
7699,4.0
7700,0.0
7701,0.0
7702,4.75
7703,4.8
7704,4.9
7705,5.0
7706,4.67
7707,5.0
7708,5.0
7709,4.6
7710,5.0
7711,5.0
7712,4.93
7713,0.0
7714,4.45
7715,4.86
7716,3.0
7717,0.0
7718,0.0
7719,5.0
7720,5.0
7721,4.94
7722,0.0
7723,5.0
7724,4.75
7725,4.67
7726,4.57
7727,4.8
7728,4.67
7729,4.0
7730,5.0
7731,4.97
7732,4.83
7733,5.0
7734,5.0
7735,4.73
7736,4.85
7737,5.0
7738,0.0
7739,4.9
7740,4.79
7741,4.86
7742,4.93
7743,0.0
7744,0.0
7745,5.0
7746,4.59
7747,5.0
7748,4.82
7749,4.96
7750,0.0
7751,5.0
7752,0.0
7753,0.0
7754,5.0
7755,5.0
7756,5.0
7757,4.88
7758,5.0
7759,4.74
7760,4.92
7761,5.0
7762,0.0
7763,4.75
7764,4.67
7765,5.0
7766,4.86
7767,4.83
7768,0.0
7769,5.0
7770,5.0
7771,5.0
7772,5.0
7773,4.71
7774,0.0
7775,5.0
7776,0.0
7777,4.8
7778,5.0
7779,5.0
7780,4.88
7781,5.0
7782,4.86
7783,4.71
7784,4.58
7785,0.0
7786,4.86
7787,0.0
7788,4.85
7789,0.0
7790,0.0
7791,5.0
7792,4.5
7793,0.0
7794,4.57
7795,4.75
7796,4.63
7797,4.83
7798,4.68
7799,4.82
7800,3.33
7801,4.8
7802,3.0
7803,4.94
7804,5.0
7805,5.0
7806,5.0
7807,4.0
7808,4.64
7809,4.89
7810,0.0
7811,4.0
7812,0.0
7813,5.0
7814,4.86
7815,4.75
7816,3.17
7817,5.0
7818,5.0
7819,5.0
7820,4.54
7821,4.85
7822,4.8
7823,5.0
7824,4.92
7825,5.0
7826,5.0
7827,4.67
7828,5.0
7829,5.0
7830,5.0
7831,4.91
7832,4.92
7833,4.88
7834,4.67
7835,0.0
7836,5.0
7837,5.0
7838,5.0
7839,5.0
7840,0.0
7841,4.94
7842,0.0
7843,4.63
7844,4.9
7845,5.0
7846,5.0
7847,5.0
7848,4.57
7849,5.0
7850,5.0
7851,5.0
7852,4.74
7853,0.0
7854,5.0
7855,0.0
7856,4.92
7857,0.0
7858,0.0
7859,4.89
7860,5.0
7861,4.75
7862,0.0
7863,5.0
7864,5.0
7865,4.73
7866,3.75
7867,5.0
7868,4.88
7869,0.0
7870,5.0
7871,5.0
7872,4.67
7873,0.0
7874,4.5
7875,0.0
7876,5.0
7877,5.0
7878,3.5
7879,4.67
7880,4.5
7881,4.92
7882,0.0
7883,5.0
7884,5.0
7885,5.0
7886,5.0
7887,0.0
7888,5.0
7889,5.0
7890,5.0
7891,5.0
7892,5.0
7893,4.71
7894,4.67
7895,5.0
7896,4.5
7897,5.0
7898,4.8
7899,0.0
7900,4.75
7901,4.9
7902,5.0
7903,5.0
7904,5.0
7905,5.0
7906,5.0
7907,5.0
7908,4.86
7909,5.0
7910,5.0
7911,5.0
7912,5.0
7913,0.0
7914,4.91
7915,5.0
7916,4.88
7917,0.0
7918,4.88
7919,5.0
7920,5.0
7921,4.83
7922,4.77
7923,4.6
7924,5.0
7925,5.0
7926,4.79
7927,0.0
7928,4.92
7929,0.0
7930,0.0
7931,5.0
7932,5.0
7933,5.0
7934,0.0
7935,5.0
7936,5.0
7937,4.94
7938,0.0
7939,4.9
7940,4.0
7941,4.5
7942,5.0
7943,4.5
7944,5.0
7945,0.0
7946,5.0
7947,4.67
7948,4.7
7949,4.76
7950,5.0
7951,4.92
7952,5.0
7953,4.75
7954,4.85
7955,0.0
7956,4.9
7957,5.0
7958,5.0
7959,5.0
7960,5.0
7961,5.0
7962,4.25
7963,4.4
7964,4.8
7965,4.7
7966,4.93
7967,5.0
7968,5.0
7969,0.0
7970,5.0
7971,4.96
7972,4.9
7973,3.0
7974,5.0
7975,4.38
7976,4.8
7977,4.6
7978,4.8
7979,5.0
7980,5.0
7981,0.0
7982,0.0
7983,5.0
7984,0.0
7985,4.5
7986,4.0
7987,0.0
7988,5.0
7989,0.0
7990,4.0
7991,5.0
7992,5.0
7993,4.8
7994,5.0
7995,4.79
7996,4.75
7997,4.89
7998,5.0
7999,4.94
8000,4.8
8001,0.0
8002,5.0
8003,5.0
8004,5.0
8005,4.75
8006,4.91
8007,5.0
8008,4.9
8009,4.89
8010,4.67
8011,5.0
8012,4.71
8013,5.0
8014,4.8
8015,5.0
8016,0.0
8017,5.0
8018,4.96
8019,0.0
8020,4.86
8021,4.75
8022,0.0
8023,5.0
8024,5.0
8025,5.0
8026,0.0
8027,5.0
8028,5.0
8029,0.0
8030,0.0
8031,5.0
8032,5.0
8033,3.67
8034,5.0
8035,0.0
8036,4.75
8037,4.88
8038,5.0
8039,4.82
8040,5.0
8041,5.0
8042,5.0
8043,0.0
8044,0.0
8045,0.0
8046,4.74
8047,4.84
8048,4.83
8049,4.85
8050,5.0
8051,4.5
8052,5.0
8053,0.0
8054,3.0
8055,5.0
8056,4.4
8057,5.0
8058,4.88
8059,5.0
8060,0.0
8061,0.0
8062,4.43
8063,0.0
8064,5.0
8065,5.0
8066,4.77
8067,4.83
8068,4.67
8069,5.0
8070,0.0
8071,5.0
8072,4.93
8073,0.0
8074,4.8
8075,5.0
8076,5.0
8077,5.0
8078,4.0
8079,5.0
8080,5.0
8081,5.0
8082,0.0
8083,5.0
8084,5.0
8085,5.0
8086,5.0
8087,5.0
8088,5.0
8089,0.0
8090,5.0
8091,5.0
8092,4.67
8093,4.5
8094,5.0
8095,4.33
8096,0.0
8097,4.92
8098,5.0
8099,0.0
8100,5.0
8101,5.0
8102,4.89
8103,4.89
8104,5.0
8105,5.0
8106,4.83
8107,5.0
8108,4.86
8109,4.86
8110,5.0
8111,5.0
8112,4.67
8113,5.0
8114,4.5
8115,4.93
8116,4.56
8117,0.0
8118,0.0
8119,0.0
8120,0.0
8121,5.0
8122,4.8
8123,0.0
8124,4.86
8125,0.0
8126,5.0
8127,0.0
8128,4.75
8129,4.67
8130,4.67
8131,5.0
8132,0.0
8133,4.92
8134,5.0
8135,0.0
8136,3.0
8137,4.75
8138,0.0
8139,0.0
8140,5.0
8141,5.0
8142,5.0
8143,4.8
8144,5.0
8145,4.83
8146,0.0
8147,4.67
8148,5.0
8149,4.25
8150,4.88
8151,1.0
8152,0.0
8153,4.67
8154,0.0
8155,5.0
8156,5.0
8157,4.83
8158,4.4
8159,5.0
8160,5.0
8161,4.62
8162,3.0
8163,5.0
8164,5.0
8165,5.0
8166,5.0
8167,5.0
8168,0.0
8169,5.0
8170,4.89
8171,5.0
8172,0.0
8173,0.0
8174,5.0
8175,0.0
8176,5.0
8177,4.93
8178,5.0
8179,4.4
8180,4.78
8181,5.0
8182,4.85
8183,3.89
8184,4.7
8185,4.67
8186,5.0
8187,5.0
8188,5.0
8189,5.0
8190,3.75
8191,4.55
8192,5.0
8193,4.81
8194,5.0
8195,4.33
8196,0.0
8197,0.0
8198,4.86
8199,5.0
8200,4.8
8201,5.0
8202,4.67
8203,5.0
8204,5.0
8205,4.83
8206,4.89
8207,3.0
8208,4.78
8209,5.0
8210,4.92
8211,4.67
8212,5.0
8213,4.67
8214,4.5
8215,5.0
8216,5.0
8217,5.0
8218,4.67
8219,4.85
8220,0.0
8221,5.0
8222,4.86
8223,5.0
8224,5.0
8225,5.0
8226,4.93
8227,0.0
8228,4.3
8229,5.0
8230,4.82
8231,0.0
8232,4.7
8233,4.2
8234,3.0
8235,4.88
8236,5.0
8237,0.0
8238,4.93
8239,5.0
8240,0.0
8241,5.0
8242,0.0
8243,0.0
8244,4.6
8245,4.85
8246,0.0
8247,5.0
8248,0.0
8249,5.0
8250,5.0
8251,4.57
8252,4.91
8253,0.0
8254,4.57
8255,5.0
8256,4.83
8257,4.43
8258,0.0
8259,4.8
8260,5.0
8261,5.0
8262,4.67
8263,5.0
8264,4.67
8265,0.0
8266,4.68
8267,4.5
8268,5.0
8269,4.69
8270,0.0
8271,0.0
8272,5.0
8273,0.0
8274,4.57
8275,5.0
8276,5.0
8277,4.62
8278,5.0
8279,0.0
8280,5.0
8281,0.0
8282,0.0
8283,5.0
8284,5.0
8285,5.0
8286,4.91
8287,5.0
8288,0.0
8289,5.0
8290,5.0
8291,0.0
8292,4.94
8293,5.0
8294,5.0
8295,4.56
8296,0.0
8297,0.0
8298,5.0
8299,4.0
8300,3.5
8301,4.0
8302,5.0
8303,4.75
8304,4.0
8305,0.0
8306,0.0
8307,5.0
8308,0.0
8309,4.91
8310,0.0
8311,5.0
8312,0.0
8313,4.83
8314,5.0
8315,5.0
8316,0.0
8317,5.0
8318,0.0
8319,5.0
8320,5.0
8321,5.0
8322,0.0
8323,5.0
8324,4.86
8325,4.89
8326,0.0
8327,4.8
8328,4.5
8329,5.0
8330,0.0
8331,0.0
8332,5.0
8333,5.0
8334,0.0
8335,4.75
8336,0.0
8337,4.67
8338,4.0
8339,0.0
8340,5.0
8341,5.0
8342,5.0
8343,0.0
8344,5.0
8345,5.0
8346,4.22
8347,4.0
8348,0.0
8349,4.75
8350,4.55
8351,5.0
8352,0.0
8353,5.0
8354,4.5
8355,0.0
8356,5.0
8357,4.33
8358,5.0
8359,5.0
8360,5.0
8361,5.0
8362,4.44
8363,4.5
8364,4.6
8365,4.5
8366,0.0
8367,5.0
8368,0.0
8369,0.0
8370,5.0
8371,4.8
8372,5.0
8373,0.0
8374,4.75
8375,5.0
8376,0.0
8377,5.0
8378,5.0
8379,5.0
8380,3.5
8381,4.88
8382,5.0
8383,5.0
8384,0.0
8385,4.77
8386,4.67
8387,5.0
8388,5.0
8389,0.0
8390,0.0
8391,5.0
8392,5.0
8393,4.67
8394,5.0
8395,5.0
8396,5.0
8397,5.0
8398,5.0
8399,0.0
8400,4.29
8401,4.0
8402,3.33
8403,0.0
8404,3.5
8405,0.0
8406,5.0
8407,5.0
8408,0.0
8409,0.0
8410,0.0
8411,5.0
8412,4.69
8413,5.0
8414,0.0
8415,4.67
8416,5.0
8417,5.0
8418,5.0
8419,4.83
8420,0.0
8421,5.0
8422,4.5
8423,4.6
8424,4.92
8425,5.0
8426,5.0
8427,5.0
8428,0.0
8429,1.0
8430,5.0
8431,4.67
8432,5.0
8433,5.0
8434,4.71
8435,5.0
8436,0.0
8437,5.0
8438,4.57
8439,4.6
8440,5.0
8441,5.0
8442,4.83
8443,5.0
8444,4.88
8445,4.91
8446,5.0
8447,4.5
8448,5.0
8449,4.55
8450,4.88
8451,4.9
8452,0.0
8453,4.67
8454,0.0
8455,2.0
8456,0.0
8457,5.0
8458,4.8
8459,5.0
8460,5.0
8461,5.0
8462,4.86
8463,0.0
8464,0.0
8465,4.75
8466,4.88
8467,0.0
8468,4.93
8469,5.0
8470,0.0
8471,4.5
8472,2.0
8473,4.0
8474,4.5
8475,5.0
8476,5.0
8477,0.0
8478,4.88
8479,5.0
8480,0.0
8481,4.94
8482,5.0
8483,3.0
8484,0.0
8485,4.5
8486,0.0
8487,5.0
8488,4.86
8489,4.5
8490,0.0
8491,5.0
8492,5.0
8493,0.0
8494,5.0
8495,4.0
8496,4.75
8497,5.0
8498,5.0
8499,5.0
8500,0.0
8501,5.0
8502,5.0
8503,0.0
8504,0.0
8505,0.0
8506,0.0
8507,0.0
8508,0.0
8509,0.0
8510,5.0
8511,5.0
8512,0.0
8513,4.7
8514,0.0
8515,0.0
8516,0.0
8517,5.0
8518,0.0
8519,4.81
8520,5.0
8521,2.0
8522,4.5
8523,5.0
8524,0.0
8525,0.0
8526,0.0
8527,5.0
8528,0.0
8529,0.0
8530,4.86
8531,0.0
8532,5.0
8533,0.0
8534,0.0
8535,4.67
8536,4.5
8537,0.0
8538,4.88
8539,5.0
8540,5.0
8541,4.71
8542,4.81
8543,4.75
8544,5.0
8545,0.0
8546,4.5
8547,5.0
8548,4.67
8549,0.0
8550,4.75
8551,4.67
8552,5.0
8553,4.86
8554,5.0
8555,4.57
8556,5.0
8557,4.87
8558,0.0
8559,5.0
8560,5.0
8561,5.0
8562,4.88
8563,4.67
8564,5.0
8565,0.0
8566,4.88
8567,0.0
8568,0.0
8569,0.0
8570,4.83
8571,5.0
8572,5.0
8573,4.8
8574,5.0
8575,0.0
8576,5.0
8577,4.7
8578,4.5
8579,4.33
8580,5.0
8581,0.0
8582,5.0
8583,5.0
8584,3.67
8585,5.0
8586,0.0
8587,5.0
8588,0.0
8589,0.0
8590,5.0
8591,0.0
8592,0.0
8593,0.0
8594,5.0
8595,5.0
8596,0.0
8597,5.0
8598,5.0
8599,5.0
8600,5.0
8601,0.0
8602,5.0
8603,0.0
8604,0.0
8605,0.0
8606,0.0
8607,4.88
8608,5.0
8609,0.0
8610,5.0
8611,0.0
8612,3.0
8613,0.0
8614,5.0
8615,5.0
8616,0.0
8617,5.0
8618,4.5
8619,0.0
8620,4.83
8621,0.0
8622,4.63
8623,5.0
8624,5.0
8625,4.67
8626,3.5
8627,4.27
8628,5.0
8629,5.0
8630,5.0
8631,4.73
8632,5.0
8633,0.0
8634,4.89
8635,5.0
8636,5.0
8637,5.0
8638,5.0
8639,4.0
8640,0.0
8641,4.5
8642,0.0
8643,0.0
8644,5.0
8645,4.89
8646,4.75
8647,4.83
8648,4.9
8649,4.89
8650,4.9
8651,5.0
8652,4.67
8653,0.0
8654,5.0
8655,4.67
8656,0.0
8657,5.0
8658,4.5
8659,0.0
8660,5.0
8661,5.0
8662,5.0
8663,4.75
8664,4.57
8665,4.86
8666,4.7
8667,4.82
8668,4.89
8669,4.92
8670,5.0
8671,0.0
8672,5.0
8673,5.0
8674,5.0
8675,4.83
8676,5.0
8677,4.78
8678,4.6
8679,5.0
8680,5.0
8681,5.0
8682,4.33
8683,5.0
8684,5.0
8685,5.0
8686,0.0
8687,0.0
8688,4.5
8689,5.0
8690,5.0
8691,5.0
8692,0.0
8693,4.95
8694,0.0
8695,5.0
8696,5.0
8697,5.0
8698,5.0
8699,4.67
8700,4.33
8701,5.0
8702,5.0
8703,0.0
8704,0.0
8705,5.0
8706,5.0
8707,0.0
8708,5.0
8709,5.0
8710,5.0
8711,5.0
8712,0.0
8713,5.0
8714,4.75
8715,4.83
8716,5.0
8717,4.91
8718,5.0
8719,5.0
8720,4.93
8721,4.67
8722,4.83
8723,5.0
8724,5.0
8725,0.0
8726,5.0
8727,5.0
8728,5.0
8729,0.0
8730,0.0
8731,5.0
8732,4.83
8733,5.0
8734,4.78
8735,4.33
8736,0.0
8737,0.0
8738,5.0
8739,4.29
8740,0.0
8741,5.0
8742,0.0
8743,3.5
8744,0.0
8745,0.0
8746,5.0
8747,5.0
8748,5.0
8749,0.0
8750,4.0
8751,0.0
8752,0.0
8753,0.0
8754,0.0
8755,5.0
8756,5.0
8757,4.0
8758,5.0
8759,0.0
8760,0.0
8761,4.9
8762,5.0
8763,4.5
8764,0.0
8765,5.0
8766,0.0
8767,5.0
8768,5.0
8769,4.71
8770,4.76
8771,4.06
8772,5.0
8773,0.0
8774,5.0
8775,5.0
8776,4.25
8777,0.0
8778,0.0
8779,4.82
8780,5.0
8781,4.8
8782,4.75
8783,0.0
8784,5.0
8785,4.42
8786,0.0
8787,4.63
8788,4.54
8789,4.67
8790,0.0
8791,0.0
8792,5.0
8793,5.0
8794,0.0
8795,5.0
8796,5.0
8797,5.0
8798,0.0
8799,5.0
8800,0.0
8801,4.91
8802,5.0
8803,0.0
8804,0.0
8805,0.0
8806,0.0
8807,5.0
8808,4.75
8809,4.5
8810,0.0
8811,4.64
8812,0.0
8813,0.0
8814,0.0
8815,4.93
8816,4.88
8817,0.0
8818,0.0
8819,5.0
8820,5.0
8821,5.0
8822,5.0
8823,5.0
8824,5.0
8825,4.4
8826,5.0
8827,5.0
8828,4.93
8829,5.0
8830,4.83
8831,0.0
8832,0.0
8833,0.0
8834,5.0
8835,4.0
8836,2.5
8837,4.38
8838,5.0
8839,5.0
8840,5.0
8841,3.5
8842,4.33
8843,4.75
8844,0.0
8845,5.0
8846,4.82
8847,5.0
8848,4.5
8849,5.0
8850,5.0
8851,5.0
8852,5.0
8853,5.0
8854,4.78
8855,5.0
8856,0.0
8857,5.0
8858,5.0
8859,4.5
8860,5.0
8861,5.0
8862,0.0
8863,5.0
8864,5.0
8865,5.0
8866,0.0
8867,4.43
8868,4.8
8869,5.0
8870,5.0
8871,4.29
8872,5.0
8873,0.0
8874,5.0
8875,0.0
8876,4.0
8877,5.0
8878,5.0
8879,5.0
8880,5.0
8881,4.0
8882,5.0
8883,5.0
8884,4.33
8885,0.0
8886,4.67
8887,0.0
8888,2.0
8889,5.0
8890,0.0
8891,0.0
8892,5.0
8893,5.0
8894,4.13
8895,4.83
8896,5.0
8897,4.2
8898,0.0
8899,5.0
8900,0.0
8901,0.0
8902,5.0
8903,5.0
8904,0.0
8905,4.0
8906,4.0
8907,5.0
8908,0.0
8909,5.0
8910,5.0
8911,0.0
8912,0.0
8913,0.0
8914,5.0
8915,0.0
8916,5.0
8917,4.5
8918,5.0
8919,4.8
8920,0.0
8921,5.0
8922,5.0
8923,4.5
8924,5.0
8925,0.0
8926,5.0
8927,4.0
8928,5.0
8929,5.0
8930,5.0
8931,0.0
8932,5.0
8933,4.5
8934,0.0
8935,4.33
8936,0.0
8937,4.5
8938,5.0
8939,0.0
8940,5.0
8941,4.5
8942,4.0
8943,0.0
8944,5.0
8945,0.0
8946,0.0
8947,0.0
8948,0.0
8949,3.0
8950,5.0
8951,5.0
8952,0.0
8953,5.0
8954,5.0
8955,5.0
8956,5.0
8957,5.0
8958,4.2
8959,3.67
8960,4.83
8961,0.0
8962,5.0
8963,4.8
8964,0.0
8965,0.0
8966,0.0
8967,0.0
8968,5.0
8969,5.0
8970,0.0
8971,5.0
8972,0.0
8973,4.2
8974,4.33
8975,0.0
8976,5.0
8977,4.86
8978,5.0
8979,1.0
8980,0.0
8981,1.0
8982,5.0
8983,5.0
8984,5.0
8985,4.8
8986,5.0
8987,0.0
8988,5.0
8989,5.0
8990,0.0
8991,5.0
8992,3.0
8993,5.0
8994,4.0
8995,4.0
8996,4.67
8997,3.0
8998,5.0
8999,5.0
9000,5.0
9001,0.0
9002,0.0
9003,4.0
9004,5.0
9005,4.0
9006,5.0
9007,5.0
9008,0.0
9009,5.0
9010,5.0
9011,4.71
9012,5.0
9013,5.0
9014,5.0
9015,5.0
9016,0.0
9017,5.0
9018,5.0
9019,4.55
9020,4.4
9021,0.0
9022,5.0
9023,4.0
9024,5.0
9025,5.0
9026,4.0
9027,4.5
9028,4.25
9029,4.5
9030,4.9
9031,5.0
9032,5.0
9033,4.75
9034,0.0
9035,5.0
9036,5.0
9037,0.0
9038,4.83
9039,0.0
9040,4.82
9041,5.0
9042,0.0
9043,0.0
9044,4.75
9045,0.0
9046,0.0
9047,0.0
9048,5.0
9049,0.0
9050,0.0
9051,0.0
9052,0.0
9053,0.0
9054,4.2
9055,0.0
9056,0.0
9057,5.0
9058,0.0
9059,5.0
9060,0.0
9061,5.0
9062,2.5
9063,1.0
9064,5.0
9065,0.0
9066,0.0
9067,3.5
9068,0.0
9069,0.0
9070,4.0
9071,0.0
9072,4.5
9073,0.0
9074,0.0
9075,5.0
9076,0.0
9077,4.0
9078,5.0
9079,5.0
9080,0.0
9081,5.0
9082,5.0
9083,4.67
9084,5.0
9085,0.0
9086,0.0
9087,5.0
9088,0.0
9089,4.5
9090,0.0
9091,0.0
9092,0.0
9093,0.0
9094,5.0
9095,5.0
9096,0.0
9097,0.0
9098,4.0
9099,4.5
9100,0.0
9101,5.0
9102,4.0
9103,5.0
9104,5.0
9105,5.0
9106,4.5
9107,0.0
9108,0.0
9109,0.0
9110,5.0
9111,0.0
9112,5.0
9113,0.0
9114,5.0
9115,0.0
9116,5.0
9117,0.0
9118,4.67
9119,0.0
9120,5.0
9121,0.0
9122,4.75
9123,5.0
9124,5.0
9125,0.0
9126,0.0
9127,0.0
9128,5.0
9129,4.6
9130,0.0
9131,5.0
9132,0.0
9133,3.5
9134,5.0
9135,0.0
9136,4.67
9137,5.0
9138,5.0
9139,5.0
9140,0.0
9141,0.0
9142,5.0
9143,0.0
9144,4.75
9145,5.0
9146,5.0
9147,0.0
9148,5.0
9149,5.0
9150,5.0
9151,0.0
9152,4.0
9153,5.0
9154,4.75
9155,4.75
9156,0.0
9157,0.0
9158,0.0
9159,5.0
9160,0.0
9161,5.0
9162,4.8
9163,5.0
9164,5.0
9165,0.0
9166,5.0
9167,0.0
9168,0.0
9169,3.67
9170,0.0
9171,0.0
9172,0.0
9173,0.0
9174,0.0
9175,5.0
9176,0.0
9177,5.0
9178,0.0
9179,0.0
9180,5.0
9181,0.0
9182,5.0
9183,5.0
9184,0.0
9185,0.0
9186,0.0
9187,0.0
9188,5.0
9189,0.0
9190,5.0
9191,0.0
9192,5.0
9193,0.0
9194,0.0
9195,5.0
9196,0.0
9197,5.0
9198,0.0
9199,0.0
9200,0.0
9201,5.0
9202,5.0
9203,0.0
9204,0.0
9205,0.0
9206,0.0
9207,0.0
9208,5.0
9209,0.0
9210,5.0
9211,5.0
9212,5.0
9213,5.0
9214,5.0
9215,5.0
9216,5.0
9217,0.0
9218,0.0
9219,0.0
9220,5.0
9221,0.0
9222,0.0
9223,0.0
9224,0.0
9225,0.0
9226,5.0
9227,0.0
9228,0.0
9229,5.0
9230,4.25
9231,4.5
9232,0.0
9233,5.0
9234,0.0
9235,3.0
9236,0.0
9237,0.0
9238,0.0
9239,5.0
9240,4.0
9241,5.0
9242,3.0
9243,0.0
9244,0.0
9245,0.0
9246,0.0
9247,0.0
9248,0.0
9249,0.0
9250,5.0
9251,0.0
9252,0.0
9253,5.0
9254,5.0
9255,0.0
9256,0.0
9257,5.0
9258,0.0
9259,0.0
9260,0.0
9261,0.0
9262,0.0
9263,0.0
9264,5.0
9265,0.0
9266,5.0
9267,0.0
9268,0.0
9269,5.0
9270,0.0
9271,5.0
9272,0.0
9273,0.0
9274,0.0
9275,4.5
9276,0.0
9277,0.0
9278,5.0
9279,0.0
9280,5.0
9281,0.0
9282,0.0
9283,0.0
9284,0.0
9285,4.0
9286,0.0
9287,0.0
9288,0.0
9289,5.0
9290,0.0
9291,4.67
9292,0.0
9293,0.0
9294,0.0
9295,5.0
9296,5.0
9297,0.0
9298,0.0
9299,0.0
9300,0.0
9301,0.0
9302,0.0
9303,0.0
9304,5.0
9305,0.0
9306,0.0
9307,0.0
9308,4.0
9309,5.0
9310,5.0
9311,0.0
9312,0.0
9313,5.0
9314,5.0
9315,0.0
9316,0.0
9317,0.0
9318,0.0
9319,0.0
9320,0.0
9321,0.0
9322,0.0
9323,0.0
9324,5.0
9325,5.0
9326,0.0
9327,0.0
9328,5.0
9329,0.0
9330,0.0
9331,0.0
9332,0.0
9333,0.0
9334,0.0
9335,0.0
9336,5.0
9337,0.0
9338,0.0
9339,0.0
9340,5.0
9341,0.0
9342,0.0
9343,4.75
9344,0.0
9345,0.0
9346,5.0
9347,0.0
9348,0.0
9349,0.0
9350,0.0
9351,0.0
9352,0.0
9353,0.0
9354,0.0
9355,0.0
9356,5.0
9357,0.0
9358,0.0
9359,0.0
9360,0.0
9361,0.0
9362,0.0
9363,0.0
9364,0.0
9365,5.0
9366,0.0
9367,5.0
9368,0.0
9369,0.0
9370,0.0
9371,0.0
9372,0.0
9373,0.0
9374,0.0
9375,0.0
9376,0.0
9377,0.0
9378,0.0
9379,0.0
9380,0.0
9381,0.0
9382,0.0
9383,5.0
9384,5.0
9385,5.0
9386,0.0
9387,0.0
9388,0.0
9389,0.0
9390,0.0
9391,0.0
9392,0.0
9393,0.0
9394,5.0
9395,0.0
9396,0.0
9397,0.0
9398,0.0
9399,0.0
9400,0.0
9401,0.0
9402,0.0
9403,0.0
9404,0.0
9405,0.0
9406,5.0
9407,0.0
9408,0.0
9409,0.0
9410,0.0
9411,0.0
9412,0.0
9413,0.0
9414,0.0
9415,0.0
9416,0.0
9417,0.0
9418,0.0
9419,0.0
9420,0.0
9421,5.0
9422,0.0
9423,0.0
9424,0.0
9425,0.0
9426,0.0
9427,0.0
9428,0.0
9429,0.0
9430,0.0
9431,0.0
9432,0.0
9433,0.0
9434,1.0
9435,0.0
9436,5.0
9437,0.0
9438,0.0
9439,0.0
9440,0.0
9441,0.0
9442,0.0
9443,0.0
9444,0.0
9445,0.0
9446,0.0
