,review_scores_accuracy
0,4.68
1,5.0
2,4.7
3,4.9
4,4.64
5,4.38
6,4.89
7,4.89
8,4.87
9,5.0
10,4.47
11,4.83
12,4.78
13,4.84
14,4.59
15,0.0
16,4.81
17,4.85
18,4.83
19,4.31
20,4.86
21,4.77
22,4.67
23,4.74
24,4.83
25,4.69
26,4.64
27,4.75
28,4.84
29,4.97
30,4.96
31,4.48
32,4.86
33,4.83
34,4.71
35,4.86
36,4.95
37,4.71
38,4.92
39,4.89
40,4.88
41,4.67
42,4.91
43,4.82
44,4.63
45,4.89
46,4.47
47,4.83
48,4.9
49,4.78
50,4.71
51,4.64
52,4.7
53,4.94
54,4.94
55,4.84
56,4.93
57,4.89
58,4.68
59,4.44
60,4.96
61,4.85
62,4.82
63,0.0
64,4.71
65,4.94
66,4.9
67,4.55
68,4.43
69,4.86
70,4.89
71,4.78
72,4.94
73,4.74
74,4.65
75,4.79
76,4.68
77,4.65
78,4.79
79,4.82
80,4.88
81,4.79
82,4.93
83,4.14
84,4.68
85,4.7
86,4.52
87,4.95
88,4.74
89,4.67
90,4.82
91,4.87
92,4.75
93,4.79
94,4.86
95,4.62
96,4.82
97,4.72
98,4.84
99,4.9
100,5.0
101,4.96
102,4.85
103,4.63
104,4.96
105,4.93
106,4.45
107,4.76
108,4.62
109,4.75
110,4.73
111,4.73
112,4.72
113,4.57
114,4.88
115,4.92
116,4.63
117,4.9
118,4.59
119,4.85
120,0.0
121,4.84
122,4.81
123,4.59
124,4.86
125,4.89
126,4.3
127,4.66
128,4.75
129,4.85
130,4.55
131,4.86
132,4.82
133,4.78
134,4.72
135,4.84
136,4.72
137,4.51
138,4.75
139,4.94
140,4.89
141,4.64
142,4.71
143,4.88
144,4.87
145,4.73
146,4.88
147,4.72
148,4.92
149,5.0
150,4.95
151,4.79
152,4.96
153,4.83
154,4.67
155,4.92
156,4.71
157,4.67
158,4.67
159,4.67
160,4.57
161,0.0
162,0.0
163,4.67
164,4.77
165,4.93
166,4.79
167,4.96
168,4.88
169,4.91
170,4.71
171,4.88
172,4.86
173,4.9
174,0.0
175,4.93
176,4.67
177,4.63
178,4.87
179,4.82
180,4.72
181,4.63
182,4.75
183,4.86
184,4.77
185,4.88
186,4.75
187,4.83
188,4.83
189,4.79
190,4.93
191,4.75
192,4.81
193,4.93
194,4.87
195,4.78
196,4.91
197,4.79
198,4.6
199,4.94
200,4.69
201,4.88
202,4.73
203,4.9
204,4.56
205,4.87
206,0.0
207,4.95
208,4.58
209,4.73
210,4.92
211,4.53
212,4.93
213,4.94
214,4.79
215,5.0
216,4.94
217,4.9
218,4.94
219,4.71
220,4.7
221,4.92
222,4.54
223,4.85
224,4.96
225,4.72
226,4.72
227,4.81
228,4.55
229,4.92
230,4.93
231,4.84
232,4.63
233,4.93
234,4.75
235,4.93
236,4.94
237,4.84
238,4.76
239,4.81
240,4.64
241,4.45
242,4.58
243,4.28
244,4.48
245,4.33
246,4.88
247,4.77
248,4.79
249,4.91
250,4.89
251,4.56
252,4.75
253,4.58
254,4.93
255,4.86
256,4.92
257,4.93
258,4.9
259,4.89
260,5.0
261,4.92
262,4.86
263,4.76
264,4.73
265,4.91
266,4.77
267,4.75
268,4.42
269,4.94
270,4.8
271,4.87
272,0.0
273,4.7
274,4.95
275,4.12
276,4.76
277,4.78
278,4.37
279,4.89
280,0.0
281,4.94
282,4.92
283,0.0
284,4.85
285,4.67
286,4.82
287,4.88
288,4.85
289,4.77
290,5.0
291,4.95
292,4.86
293,4.68
294,0.0
295,4.93
296,4.8
297,4.93
298,4.75
299,4.84
300,4.93
301,0.0
302,4.74
303,4.62
304,4.86
305,4.9
306,4.86
307,4.85
308,4.56
309,4.76
310,4.97
311,4.56
312,5.0
313,4.33
314,4.67
315,4.61
316,4.95
317,4.75
318,4.88
319,4.57
320,4.87
321,4.77
322,4.0
323,4.64
324,4.95
325,4.88
326,4.69
327,4.88
328,4.9
329,4.69
330,4.83
331,4.7
332,4.55
333,4.91
334,4.82
335,4.87
336,4.87
337,4.52
338,4.73
339,4.57
340,4.67
341,4.66
342,4.71
343,4.86
344,5.0
345,4.86
346,4.87
347,4.83
348,4.5
349,4.94
350,4.8
351,4.89
352,4.9
353,4.93
354,4.86
355,5.0
356,4.46
357,4.61
358,4.89
359,4.87
360,4.93
361,5.0
362,4.82
363,4.98
364,4.81
365,4.75
366,4.95
367,4.1
368,4.85
369,4.71
370,4.84
371,4.89
372,4.69
373,4.92
374,4.63
375,4.95
376,4.87
377,4.8
378,4.83
379,4.32
380,4.96
381,4.82
382,4.84
383,4.73
384,4.87
385,4.83
386,4.79
387,4.82
388,4.83
389,4.7
390,4.91
391,4.73
392,4.9
393,4.9
394,4.92
395,4.5
396,4.9
397,4.86
398,4.91
399,4.6
400,4.77
401,4.67
402,4.94
403,4.75
404,4.89
405,4.82
406,4.75
407,4.87
408,4.94
409,4.82
410,4.96
411,4.97
412,4.86
413,4.86
414,4.73
415,4.92
416,4.8
417,4.88
418,4.91
419,5.0
420,4.74
421,4.68
422,4.91
423,4.8
424,4.58
425,4.82
426,4.72
427,4.91
428,4.88
429,4.96
430,4.81
431,4.89
432,4.67
433,4.0
434,4.79
435,4.91
436,4.92
437,4.84
438,4.84
439,4.7
440,4.67
441,4.87
442,4.32
443,4.93
444,3.67
445,5.0
446,4.84
447,4.84
448,4.81
449,4.77
450,4.98
451,4.9
452,4.91
453,4.97
454,4.5
455,4.64
456,4.88
457,4.88
458,5.0
459,4.94
460,4.84
461,4.98
462,4.68
463,4.67
464,4.84
465,4.2
466,4.86
467,4.63
468,4.71
469,4.89
470,4.72
471,4.85
472,0.0
473,4.86
474,4.92
475,4.92
476,4.9
477,4.73
478,4.94
479,4.57
480,4.7
481,4.95
482,4.84
483,4.74
484,4.4
485,4.94
486,4.7
487,4.67
488,4.82
489,4.78
490,4.72
491,4.36
492,4.7
493,4.82
494,4.8
495,4.83
496,4.81
497,4.88
498,4.79
499,4.76
500,4.5
501,4.82
502,4.56
503,4.96
504,4.68
505,4.93
506,4.58
507,4.85
508,4.86
509,4.92
510,4.95
511,4.99
512,4.87
513,4.78
514,4.73
515,4.92
516,4.88
517,4.93
518,5.0
519,4.87
520,4.79
521,4.97
522,4.89
523,4.97
524,4.92
525,4.89
526,4.76
527,4.82
528,4.89
529,4.88
530,0.0
531,4.79
532,4.96
533,4.67
534,4.74
535,4.93
536,4.91
537,4.82
538,4.9
539,4.96
540,4.84
541,4.63
542,4.85
543,4.86
544,4.85
545,5.0
546,4.97
547,4.64
548,4.88
549,4.63
550,4.52
551,4.83
552,4.95
553,4.76
554,4.45
555,4.54
556,4.2
557,5.0
558,4.5
559,4.57
560,4.8
561,4.29
562,4.66
563,4.53
564,4.68
565,4.87
566,4.71
567,4.67
568,4.61
569,4.72
570,4.74
571,4.67
572,4.74
573,4.66
574,4.83
575,4.14
576,4.66
577,0.0
578,4.77
579,4.0
580,4.33
581,4.89
582,4.63
583,4.71
584,4.66
585,4.66
586,4.73
587,4.79
588,4.8
589,4.54
590,4.83
591,4.82
592,4.92
593,4.92
594,4.89
595,5.0
596,4.98
597,4.83
598,4.95
599,4.88
600,4.84
601,4.34
602,4.87
603,4.87
604,4.85
605,4.95
606,4.77
607,4.96
608,4.94
609,4.95
610,4.92
611,4.99
612,4.97
613,4.86
614,4.95
615,4.76
616,4.89
617,4.68
618,4.81
619,4.77
620,4.13
621,4.67
622,4.0
623,4.52
624,4.43
625,4.46
626,4.0
627,4.71
628,4.91
629,4.72
630,4.97
631,4.85
632,4.88
633,4.72
634,4.75
635,4.56
636,4.79
637,4.86
638,4.9
639,4.88
640,4.34
641,4.5
642,4.9
643,4.95
644,4.95
645,4.6
646,4.99
647,4.05
648,4.92
649,4.85
650,4.89
651,4.91
652,4.68
653,4.63
654,4.67
655,4.0
656,4.78
657,4.83
658,4.91
659,4.87
660,4.64
661,4.57
662,4.81
663,4.93
664,5.0
665,4.45
666,4.98
667,4.79
668,4.84
669,4.94
670,4.7
671,4.75
672,4.89
673,5.0
674,4.93
675,4.93
676,4.72
677,5.0
678,4.88
679,4.94
680,4.6
681,4.86
682,4.87
683,4.84
684,4.95
685,4.86
686,4.88
687,4.8
688,4.86
689,4.85
690,4.9
691,4.48
692,4.95
693,4.9
694,4.65
695,4.83
696,4.88
697,4.71
698,4.8
699,4.85
700,4.79
701,4.83
702,4.75
703,4.8
704,4.78
705,4.77
706,4.4
707,4.88
708,4.84
709,4.68
710,0.0
711,5.0
712,4.67
713,4.85
714,4.9
715,4.95
716,4.78
717,4.6
718,0.0
719,4.86
720,4.75
721,4.6
722,5.0
723,4.9
724,4.91
725,4.78
726,4.73
727,4.79
728,5.0
729,4.85
730,4.62
731,4.93
732,5.0
733,4.91
734,4.68
735,4.96
736,4.19
737,4.86
738,4.93
739,4.83
740,5.0
741,4.84
742,4.9
743,4.97
744,4.89
745,4.84
746,4.87
747,4.33
748,4.97
749,4.96
750,4.94
751,4.45
752,4.73
753,4.86
754,4.67
755,5.0
756,4.73
757,4.67
758,4.63
759,4.59
760,4.73
761,4.69
762,4.93
763,4.8
764,4.93
765,4.69
766,4.87
767,4.8
768,4.92
769,4.93
770,4.59
771,4.86
772,4.65
773,4.82
774,4.88
775,4.7
776,4.85
777,4.8
778,4.1
779,5.0
780,4.91
781,4.73
782,0.0
783,4.67
784,4.85
785,4.79
786,4.6
787,4.65
788,4.93
789,3.0
790,4.79
791,4.73
792,4.85
793,4.94
794,5.0
795,4.95
796,4.84
797,4.89
798,4.92
799,4.57
800,4.74
801,4.21
802,4.87
803,4.33
804,4.75
805,4.64
806,5.0
807,4.78
808,5.0
809,4.88
810,4.79
811,4.54
812,4.94
813,4.65
814,4.88
815,4.91
816,4.59
817,4.27
818,3.67
819,4.83
820,0.0
821,4.69
822,4.8
823,4.67
824,4.55
825,4.83
826,4.76
827,4.98
828,4.9
829,4.83
830,4.72
831,4.97
832,4.69
833,4.9
834,4.67
835,5.0
836,5.0
837,4.93
838,4.95
839,4.97
840,0.0
841,4.95
842,4.57
843,4.58
844,4.97
845,4.5
846,4.5
847,4.93
848,4.83
849,4.59
850,4.86
851,4.93
852,4.96
853,4.79
854,4.88
855,4.83
856,4.69
857,4.95
858,4.95
859,4.67
860,4.95
861,4.81
862,4.85
863,4.96
864,4.85
865,4.8
866,4.79
867,4.88
868,4.94
869,4.78
870,4.48
871,0.0
872,4.81
873,4.79
874,4.92
875,4.8
876,4.94
877,0.0
878,4.95
879,4.75
880,4.84
881,4.94
882,4.64
883,4.5
884,4.67
885,4.27
886,4.65
887,0.0
888,4.67
889,4.63
890,4.67
891,4.68
892,4.85
893,4.89
894,4.87
895,4.87
896,4.9
897,4.93
898,4.83
899,4.62
900,4.87
901,4.39
902,4.48
903,4.47
904,4.67
905,4.54
906,4.56
907,4.69
908,4.0
909,4.52
910,4.58
911,4.57
912,4.96
913,4.83
914,4.82
915,4.88
916,4.54
917,4.93
918,4.93
919,4.73
920,4.9
921,4.33
922,4.86
923,4.88
924,4.93
925,4.61
926,4.44
927,4.95
928,4.73
929,4.75
930,4.85
931,4.89
932,4.74
933,4.81
934,4.72
935,4.94
936,4.94
937,4.92
938,4.86
939,0.0
940,4.92
941,4.88
942,4.97
943,4.91
944,4.67
945,4.83
946,4.8
947,4.31
948,4.9
949,4.86
950,4.75
951,4.93
952,4.96
953,4.94
954,4.96
955,4.78
956,4.83
957,4.83
958,4.73
959,4.86
960,4.91
961,4.92
962,4.63
963,4.84
964,4.64
965,4.75
966,4.37
967,4.84
968,4.96
969,4.89
970,4.73
971,4.93
972,4.83
973,4.85
974,4.59
975,4.77
976,0.0
977,4.83
978,4.53
979,4.74
980,4.85
981,4.76
982,4.84
983,4.72
984,4.33
985,4.92
986,4.83
987,4.59
988,4.17
989,5.0
990,4.93
991,4.83
992,4.72
993,4.98
994,4.94
995,4.7
996,4.92
997,4.69
998,4.68
999,4.17
1000,4.76
1001,4.64
1002,4.87
1003,4.95
1004,4.76
1005,4.71
1006,4.71
1007,4.84
1008,4.48
1009,4.68
1010,4.69
1011,4.79
1012,4.8
1013,4.83
1014,4.78
1015,4.71
1016,4.74
1017,4.73
1018,5.0
1019,4.0
1020,4.49
1021,4.91
1022,4.87
1023,4.83
1024,4.69
1025,4.85
1026,4.64
1027,4.72
1028,4.7
1029,4.98
1030,4.95
1031,4.95
1032,4.81
1033,4.81
1034,4.82
1035,4.82
1036,4.93
1037,4.77
1038,4.63
1039,4.84
1040,4.86
1041,4.84
1042,4.69
1043,4.64
1044,4.65
1045,4.9
1046,4.7
1047,4.8
1048,4.68
1049,4.44
1050,4.79
1051,4.79
1052,4.9
1053,4.88
1054,5.0
1055,0.0
1056,4.89
1057,4.9
1058,4.55
1059,4.61
1060,4.54
1061,4.82
1062,4.65
1063,4.78
1064,4.55
1065,4.91
1066,4.87
1067,4.9
1068,4.9
1069,4.32
1070,4.95
1071,4.96
1072,4.53
1073,4.89
1074,4.83
1075,4.72
1076,5.0
1077,4.91
1078,4.49
1079,4.88
1080,4.44
1081,4.91
1082,4.86
1083,4.93
1084,4.87
1085,0.0
1086,4.96
1087,4.78
1088,4.84
1089,4.89
1090,4.91
1091,4.87
1092,4.89
1093,4.44
1094,4.91
1095,4.74
1096,4.64
1097,5.0
1098,4.7
1099,5.0
1100,5.0
1101,4.8
1102,4.72
1103,4.95
1104,4.8
1105,4.48
1106,4.63
1107,4.82
1108,4.88
1109,4.63
1110,4.87
1111,4.87
1112,4.9
1113,4.92
1114,4.81
1115,4.91
1116,4.91
1117,4.94
1118,4.8
1119,4.78
1120,4.83
1121,4.89
1122,4.84
1123,5.0
1124,4.83
1125,4.4
1126,4.88
1127,4.77
1128,4.95
1129,4.79
1130,4.77
1131,4.53
1132,4.89
1133,4.88
1134,4.73
1135,4.4
1136,4.81
1137,4.85
1138,4.96
1139,4.93
1140,4.78
1141,4.69
1142,4.93
1143,4.92
1144,4.77
1145,4.86
1146,4.91
1147,4.5
1148,4.85
1149,4.98
1150,4.85
1151,4.86
1152,4.5
1153,4.92
1154,4.79
1155,4.6
1156,4.9
1157,4.46
1158,4.87
1159,4.82
1160,4.91
1161,4.95
1162,4.0
1163,4.33
1164,4.8
1165,4.5
1166,4.5
1167,4.75
1168,4.33
1169,4.78
1170,4.82
1171,4.89
1172,4.87
1173,4.93
1174,4.8
1175,4.72
1176,4.79
1177,4.82
1178,4.78
1179,4.61
1180,4.85
1181,4.93
1182,4.75
1183,4.77
1184,4.65
1185,4.6
1186,4.76
1187,4.64
1188,4.87
1189,4.85
1190,4.62
1191,4.89
1192,0.0
1193,4.86
1194,4.88
1195,4.9
1196,4.96
1197,4.85
1198,4.82
1199,5.0
1200,4.77
1201,4.92
1202,4.7
1203,4.69
1204,4.97
1205,4.83
1206,4.8
1207,4.5
1208,5.0
1209,4.57
1210,4.83
1211,4.88
1212,4.77
1213,4.97
1214,4.88
1215,4.77
1216,4.91
1217,4.97
1218,4.9
1219,4.92
1220,4.77
1221,4.86
1222,4.92
1223,4.92
1224,5.0
1225,4.91
1226,4.73
1227,4.48
1228,4.67
1229,4.78
1230,4.84
1231,4.81
1232,4.64
1233,0.0
1234,4.45
1235,4.71
1236,4.99
1237,4.95
1238,4.95
1239,4.9
1240,4.92
1241,4.64
1242,4.79
1243,4.79
1244,4.73
1245,4.93
1246,4.86
1247,4.78
1248,4.33
1249,4.89
1250,4.28
1251,4.19
1252,4.83
1253,4.91
1254,4.59
1255,4.85
1256,4.78
1257,4.69
1258,4.73
1259,4.6
1260,4.87
1261,4.75
1262,4.31
1263,4.44
1264,4.47
1265,4.87
1266,4.79
1267,4.92
1268,4.71
1269,4.9
1270,4.84
1271,4.91
1272,4.33
1273,4.93
1274,5.0
1275,4.68
1276,4.75
1277,3.83
1278,4.88
1279,4.89
1280,4.94
1281,4.85
1282,4.86
1283,4.69
1284,4.82
1285,4.87
1286,4.62
1287,4.53
1288,4.67
1289,4.81
1290,4.78
1291,4.82
1292,4.74
1293,4.81
1294,4.7
1295,4.85
1296,4.96
1297,4.22
1298,4.95
1299,4.92
1300,4.77
1301,4.84
1302,4.78
1303,4.92
1304,4.92
1305,4.95
1306,4.89
1307,4.67
1308,4.39
1309,0.0
1310,4.94
1311,4.91
1312,5.0
1313,4.59
1314,4.78
1315,4.82
1316,4.79
1317,4.98
1318,4.79
1319,4.77
1320,4.93
1321,4.84
1322,4.84
1323,4.82
1324,4.94
1325,4.62
1326,4.86
1327,4.74
1328,4.76
1329,0.0
1330,4.63
1331,4.91
1332,4.78
1333,4.74
1334,4.75
1335,4.87
1336,4.9
1337,4.84
1338,4.88
1339,4.91
1340,4.92
1341,4.92
1342,4.89
1343,4.95
1344,4.99
1345,4.66
1346,4.36
1347,4.76
1348,4.18
1349,4.67
1350,4.0
1351,4.36
1352,4.89
1353,4.65
1354,5.0
1355,4.67
1356,4.84
1357,4.76
1358,4.9
1359,4.86
1360,4.86
1361,4.91
1362,4.87
1363,4.45
1364,4.63
1365,4.83
1366,4.77
1367,4.58
1368,4.7
1369,4.31
1370,4.86
1371,4.94
1372,4.91
1373,4.76
1374,4.63
1375,4.62
1376,4.64
1377,4.78
1378,4.95
1379,4.81
1380,4.8
1381,4.86
1382,4.92
1383,4.72
1384,4.96
1385,4.75
1386,4.65
1387,4.94
1388,4.97
1389,4.86
1390,4.94
1391,4.82
1392,4.86
1393,4.87
1394,4.6
1395,4.76
1396,5.0
1397,5.0
1398,4.57
1399,4.74
1400,4.75
1401,4.94
1402,3.6
1403,4.73
1404,4.74
1405,4.7
1406,4.97
1407,4.83
1408,4.67
1409,4.77
1410,4.93
1411,4.87
1412,4.99
1413,4.5
1414,4.6
1415,4.92
1416,4.87
1417,4.9
1418,4.48
1419,4.14
1420,4.47
1421,4.39
1422,4.93
1423,4.79
1424,4.82
1425,4.87
1426,4.64
1427,4.94
1428,4.55
1429,4.64
1430,4.63
1431,4.88
1432,4.75
1433,4.88
1434,4.88
1435,4.93
1436,4.64
1437,4.84
1438,4.94
1439,4.76
1440,4.66
1441,4.64
1442,4.67
1443,4.71
1444,4.58
1445,4.81
1446,4.88
1447,1.0
1448,4.88
1449,4.82
1450,4.68
1451,4.53
1452,4.64
1453,4.7
1454,4.79
1455,4.8
1456,4.29
1457,4.72
1458,4.5
1459,4.57
1460,4.82
1461,4.73
1462,4.91
1463,3.0
1464,4.73
1465,4.84
1466,4.77
1467,4.81
1468,4.87
1469,4.93
1470,4.5
1471,5.0
1472,5.0
1473,4.67
1474,4.5
1475,4.97
1476,4.87
1477,4.85
1478,4.17
1479,4.8
1480,4.89
1481,4.75
1482,4.56
1483,4.69
1484,4.75
1485,4.5
1486,4.88
1487,4.77
1488,4.71
1489,4.69
1490,4.85
1491,4.93
1492,4.6
1493,4.91
1494,4.37
1495,4.9
1496,4.84
1497,4.64
1498,5.0
1499,4.79
1500,4.83
1501,4.8
1502,4.5
1503,4.88
1504,5.0
1505,4.77
1506,4.91
1507,4.81
1508,4.83
1509,4.85
1510,4.82
1511,4.85
1512,4.96
1513,4.7
1514,4.85
1515,4.84
1516,4.85
1517,4.91
1518,4.82
1519,4.92
1520,4.62
1521,4.6
1522,4.8
1523,4.2
1524,4.56
1525,4.98
1526,4.79
1527,4.84
1528,4.78
1529,4.68
1530,0.0
1531,4.9
1532,3.0
1533,4.36
1534,4.75
1535,4.91
1536,4.5
1537,4.67
1538,4.25
1539,5.0
1540,5.0
1541,4.8
1542,5.0
1543,4.7
1544,4.71
1545,4.83
1546,3.5
1547,4.64
1548,0.0
1549,5.0
1550,4.67
1551,3.67
1552,4.9
1553,0.0
1554,4.8
1555,4.9
1556,4.72
1557,4.6
1558,4.76
1559,4.61
1560,4.67
1561,4.59
1562,4.59
1563,4.55
1564,4.56
1565,4.72
1566,4.5
1567,4.88
1568,4.86
1569,4.84
1570,4.84
1571,4.55
1572,4.7
1573,4.7
1574,4.72
1575,4.96
1576,4.56
1577,5.0
1578,0.0
1579,4.81
1580,4.49
1581,4.83
1582,4.82
1583,4.9
1584,4.97
1585,4.96
1586,4.65
1587,4.6
1588,4.0
1589,4.92
1590,4.71
1591,4.33
1592,4.94
1593,4.7
1594,4.85
1595,4.5
1596,4.88
1597,4.71
1598,4.83
1599,0.0
1600,4.4
1601,4.53
1602,4.77
1603,4.79
1604,4.92
1605,4.5
1606,4.32
1607,4.71
1608,4.82
1609,4.78
1610,4.79
1611,4.47
1612,4.65
1613,4.91
1614,4.78
1615,4.8
1616,4.53
1617,4.69
1618,4.74
1619,4.67
1620,4.95
1621,5.0
1622,4.76
1623,4.78
1624,4.5
1625,4.91
1626,0.0
1627,4.79
1628,4.96
1629,4.98
1630,4.84
1631,4.68
1632,4.83
1633,5.0
1634,4.95
1635,4.89
1636,4.49
1637,4.75
1638,5.0
1639,4.96
1640,5.0
1641,4.81
1642,4.88
1643,4.65
1644,4.91
1645,4.72
1646,4.64
1647,4.98
1648,4.86
1649,4.6
1650,4.88
1651,5.0
1652,4.96
1653,4.17
1654,5.0
1655,4.75
1656,4.76
1657,4.92
1658,4.95
1659,4.95
1660,4.6
1661,4.53
1662,4.67
1663,5.0
1664,4.62
1665,4.87
1666,4.8
1667,4.79
1668,4.52
1669,5.0
1670,4.96
1671,4.88
1672,4.0
1673,5.0
1674,4.94
1675,4.87
1676,4.5
1677,4.65
1678,4.83
1679,4.9
1680,4.66
1681,4.61
1682,4.57
1683,4.42
1684,4.6
1685,4.86
1686,4.93
1687,4.97
1688,4.77
1689,4.75
1690,4.82
1691,4.79
1692,4.8
1693,4.97
1694,4.82
1695,4.81
1696,0.0
1697,3.96
1698,4.89
1699,4.9
1700,4.82
1701,4.81
1702,4.82
1703,4.66
1704,4.48
1705,4.85
1706,4.88
1707,4.84
1708,4.81
1709,4.62
1710,4.8
1711,4.96
1712,4.88
1713,0.0
1714,0.0
1715,4.86
1716,4.85
1717,4.7
1718,4.8
1719,4.86
1720,4.92
1721,4.88
1722,4.97
1723,5.0
1724,4.52
1725,4.69
1726,4.88
1727,4.62
1728,5.0
1729,4.84
1730,4.72
1731,4.9
1732,4.71
1733,4.75
1734,4.7
1735,4.86
1736,4.75
1737,4.57
1738,4.71
1739,4.89
1740,4.96
1741,4.9
1742,5.0
1743,4.83
1744,4.57
1745,4.71
1746,4.87
1747,4.93
1748,4.54
1749,4.72
1750,4.92
1751,4.61
1752,4.81
1753,4.82
1754,4.82
1755,4.91
1756,4.88
1757,4.69
1758,4.55
1759,4.64
1760,4.59
1761,4.82
1762,4.67
1763,4.51
1764,4.57
1765,4.82
1766,4.73
1767,4.81
1768,4.89
1769,4.59
1770,4.73
1771,4.85
1772,4.9
1773,4.86
1774,4.9
1775,4.7
1776,4.57
1777,5.0
1778,4.92
1779,4.88
1780,4.84
1781,4.74
1782,4.98
1783,4.76
1784,4.93
1785,4.95
1786,4.87
1787,4.77
1788,4.92
1789,4.74
1790,4.88
1791,4.56
1792,4.59
1793,4.94
1794,4.8
1795,4.86
1796,4.88
1797,4.7
1798,4.75
1799,4.47
1800,4.77
1801,4.66
1802,4.53
1803,4.6
1804,4.91
1805,4.88
1806,4.78
1807,4.56
1808,4.53
1809,4.81
1810,5.0
1811,4.88
1812,4.94
1813,5.0
1814,4.8
1815,4.77
1816,4.74
1817,4.9
1818,0.0
1819,4.94
1820,4.73
1821,0.0
1822,4.74
1823,4.63
1824,4.76
1825,4.73
1826,4.67
1827,4.86
1828,4.97
1829,4.96
1830,4.71
1831,4.84
1832,4.83
1833,4.94
1834,4.7
1835,4.9
1836,4.68
1837,4.94
1838,4.57
1839,4.9
1840,4.75
1841,4.9
1842,4.59
1843,4.92
1844,4.9
1845,4.89
1846,4.94
1847,4.89
1848,4.84
1849,4.8
1850,4.41
1851,4.74
1852,4.92
1853,4.9
1854,4.69
1855,4.86
1856,5.0
1857,0.0
1858,4.54
1859,4.7
1860,4.61
1861,4.76
1862,5.0
1863,4.67
1864,4.71
1865,4.44
1866,3.44
1867,4.94
1868,0.0
1869,4.95
1870,4.77
1871,4.9
1872,4.85
1873,4.67
1874,4.42
1875,4.81
1876,4.78
1877,4.78
1878,4.66
1879,4.79
1880,4.96
1881,4.86
1882,4.86
1883,4.83
1884,4.45
1885,4.91
1886,4.73
1887,4.6
1888,4.06
1889,0.0
1890,4.78
1891,4.87
1892,4.9
1893,4.79
1894,4.44
1895,4.59
1896,4.88
1897,4.65
1898,4.63
1899,4.82
1900,5.0
1901,5.0
1902,4.93
1903,4.75
1904,4.93
1905,4.93
1906,4.9
1907,4.67
1908,4.83
1909,4.97
1910,4.67
1911,4.76
1912,4.65
1913,4.93
1914,4.91
1915,4.14
1916,4.62
1917,4.88
1918,4.81
1919,4.94
1920,4.62
1921,4.72
1922,4.6
1923,4.65
1924,4.77
1925,4.86
1926,0.0
1927,4.75
1928,4.69
1929,4.9
1930,4.78
1931,5.0
1932,4.61
1933,4.75
1934,4.68
1935,4.68
1936,4.05
1937,4.92
1938,4.97
1939,4.5
1940,4.75
1941,4.73
1942,4.69
1943,4.71
1944,4.69
1945,4.89
1946,4.82
1947,4.7
1948,4.77
1949,4.95
1950,4.75
1951,4.49
1952,4.84
1953,4.86
1954,4.86
1955,4.87
1956,4.86
1957,4.74
1958,4.95
1959,4.65
1960,4.5
1961,4.73
1962,4.8
1963,4.67
1964,4.94
1965,4.69
1966,3.5
1967,0.0
1968,0.0
1969,5.0
1970,5.0
1971,0.0
1972,0.0
1973,0.0
1974,0.0
1975,0.0
1976,0.0
1977,5.0
1978,4.68
1979,4.82
1980,4.8
1981,4.59
1982,4.45
1983,4.85
1984,4.73
1985,4.81
1986,4.91
1987,4.95
1988,4.46
1989,4.73
1990,4.82
1991,4.62
1992,4.67
1993,4.87
1994,4.89
1995,4.96
1996,4.0
1997,4.78
1998,4.83
1999,4.43
2000,4.97
2001,4.56
2002,5.0
2003,4.8
2004,4.55
2005,4.93
2006,4.6
2007,5.0
2008,4.81
2009,4.76
2010,4.78
2011,3.7
2012,4.81
2013,4.76
2014,4.67
2015,4.69
2016,4.61
2017,4.55
2018,4.9
2019,4.94
2020,4.64
2021,4.74
2022,4.84
2023,4.78
2024,4.45
2025,5.0
2026,4.94
2027,4.65
2028,4.5
2029,4.86
2030,4.88
2031,4.33
2032,5.0
2033,5.0
2034,4.89
2035,5.0
2036,4.94
2037,4.86
2038,4.94
2039,4.54
2040,4.78
2041,4.95
2042,5.0
2043,5.0
2044,5.0
2045,4.93
2046,0.0
2047,4.83
2048,4.79
2049,4.66
2050,4.63
2051,4.96
2052,4.86
2053,4.95
2054,4.88
2055,4.78
2056,4.0
2057,4.8
2058,4.69
2059,4.77
2060,5.0
2061,4.75
2062,4.14
2063,4.69
2064,4.72
2065,4.86
2066,4.93
2067,5.0
2068,4.87
2069,4.98
2070,4.94
2071,4.83
2072,4.96
2073,4.75
2074,4.66
2075,0.0
2076,0.0
2077,4.79
2078,4.43
2079,4.8
2080,5.0
2081,4.74
2082,5.0
2083,4.5
2084,4.72
2085,4.74
2086,4.27
2087,4.85
2088,4.94
2089,4.67
2090,4.25
2091,0.0
2092,0.0
2093,4.81
2094,0.0
2095,4.48
2096,4.67
2097,4.88
2098,5.0
2099,4.67
2100,4.32
2101,4.75
2102,4.39
2103,4.47
2104,3.6
2105,5.0
2106,4.66
2107,4.63
2108,4.93
2109,4.93
2110,4.94
2111,4.89
2112,4.89
2113,4.53
2114,4.91
2115,4.56
2116,4.63
2117,4.86
2118,4.73
2119,4.77
2120,4.91
2121,4.45
2122,4.87
2123,4.5
2124,4.46
2125,4.64
2126,4.11
2127,4.88
2128,4.75
2129,0.0
2130,4.82
2131,4.82
2132,0.0
2133,4.8
2134,4.83
2135,4.74
2136,4.45
2137,4.86
2138,5.0
2139,4.94
2140,4.89
2141,4.5
2142,4.66
2143,4.94
2144,4.48
2145,4.93
2146,4.88
2147,4.97
2148,4.95
2149,4.85
2150,4.92
2151,4.0
2152,4.62
2153,4.72
2154,4.4
2155,4.96
2156,4.9
2157,4.49
2158,4.69
2159,4.83
2160,4.73
2161,0.0
2162,4.88
2163,4.93
2164,4.58
2165,4.66
2166,4.82
2167,4.94
2168,5.0
2169,4.84
2170,4.71
2171,4.5
2172,4.92
2173,0.0
2174,4.82
2175,4.82
2176,4.36
2177,4.36
2178,5.0
2179,3.75
2180,0.0
2181,4.96
2182,4.96
2183,4.97
2184,4.93
2185,4.88
2186,4.69
2187,4.39
2188,4.56
2189,4.89
2190,4.93
2191,4.78
2192,4.33
2193,5.0
2194,4.2
2195,5.0
2196,0.0
2197,4.67
2198,4.83
2199,4.95
2200,4.75
2201,4.86
2202,4.81
2203,4.5
2204,4.93
2205,5.0
2206,4.98
2207,5.0
2208,4.36
2209,5.0
2210,4.7
2211,4.56
2212,4.77
2213,5.0
2214,4.55
2215,4.63
2216,4.63
2217,4.85
2218,4.77
2219,5.0
2220,4.65
2221,4.82
2222,0.0
2223,4.6
2224,4.88
2225,3.69
2226,4.52
2227,4.9
2228,4.79
2229,4.5
2230,4.43
2231,4.88
2232,4.63
2233,0.0
2234,4.6
2235,4.39
2236,4.65
2237,5.0
2238,4.66
2239,4.89
2240,4.89
2241,4.87
2242,4.45
2243,4.94
2244,4.88
2245,4.82
2246,4.89
2247,4.95
2248,4.48
2249,4.52
2250,4.7
2251,4.59
2252,4.42
2253,4.48
2254,4.71
2255,4.94
2256,4.91
2257,4.97
2258,4.94
2259,4.74
2260,4.83
2261,4.71
2262,4.96
2263,4.43
2264,4.8
2265,4.73
2266,4.82
2267,4.86
2268,4.71
2269,4.79
2270,4.89
2271,4.79
2272,4.89
2273,4.82
2274,4.91
2275,0.0
2276,0.0
2277,3.0
2278,5.0
2279,4.94
2280,4.8
2281,4.75
2282,4.66
2283,4.72
2284,4.95
2285,4.95
2286,4.66
2287,4.91
2288,4.88
2289,4.93
2290,4.89
2291,4.73
2292,4.85
2293,4.9
2294,4.96
2295,4.5
2296,4.78
2297,4.65
2298,3.0
2299,0.0
2300,5.0
2301,4.94
2302,4.86
2303,4.87
2304,4.73
2305,4.94
2306,4.7
2307,4.88
2308,4.96
2309,5.0
2310,4.29
2311,4.0
2312,4.0
2313,4.77
2314,4.87
2315,4.65
2316,5.0
2317,4.41
2318,5.0
2319,4.66
2320,5.0
2321,4.27
2322,4.83
2323,4.92
2324,4.68
2325,4.89
2326,4.93
2327,4.96
2328,0.0
2329,4.92
2330,4.55
2331,4.91
2332,4.8
2333,0.0
2334,4.86
2335,5.0
2336,4.88
2337,4.77
2338,4.33
2339,4.81
2340,4.69
2341,4.75
2342,4.81
2343,4.46
2344,4.59
2345,4.47
2346,4.39
2347,4.88
2348,4.89
2349,5.0
2350,4.89
2351,4.53
2352,5.0
2353,4.78
2354,4.87
2355,4.83
2356,4.84
2357,4.89
2358,4.84
2359,4.57
2360,4.7
2361,4.48
2362,4.31
2363,4.76
2364,4.75
2365,4.56
2366,4.0
2367,4.4
2368,4.95
2369,4.86
2370,5.0
2371,4.67
2372,3.67
2373,4.0
2374,0.0
2375,0.0
2376,4.74
2377,4.25
2378,5.0
2379,4.86
2380,4.78
2381,4.0
2382,5.0
2383,5.0
2384,4.98
2385,4.85
2386,4.84
2387,4.4
2388,4.25
2389,4.79
2390,4.41
2391,4.73
2392,4.95
2393,4.61
2394,4.84
2395,4.03
2396,4.4
2397,4.4
2398,5.0
2399,3.5
2400,4.45
2401,3.43
2402,4.28
2403,4.67
2404,4.86
2405,5.0
2406,4.83
2407,4.79
2408,4.72
2409,5.0
2410,4.91
2411,4.61
2412,4.72
2413,4.86
2414,4.75
2415,4.5
2416,4.36
2417,5.0
2418,4.63
2419,4.82
2420,4.48
2421,0.0
2422,5.0
2423,4.44
2424,4.0
2425,4.56
2426,5.0
2427,4.75
2428,4.92
2429,4.29
2430,4.39
2431,4.6
2432,4.89
2433,4.75
2434,4.64
2435,4.87
2436,4.83
2437,4.47
2438,4.93
2439,4.5
2440,4.5
2441,4.31
2442,4.69
2443,3.75
2444,4.63
2445,4.48
2446,4.72
2447,5.0
2448,4.89
2449,5.0
2450,4.49
2451,5.0
2452,5.0
2453,4.76
2454,4.59
2455,4.52
2456,4.8
2457,4.65
2458,4.91
2459,4.6
2460,3.96
2461,4.99
2462,4.08
2463,3.9
2464,3.75
2465,4.6
2466,4.56
2467,4.89
2468,4.86
2469,4.65
2470,3.97
2471,4.78
2472,4.5
2473,4.29
2474,4.23
2475,3.75
2476,4.71
2477,4.87
2478,3.89
2479,4.61
2480,4.64
2481,4.97
2482,4.58
2483,4.96
2484,4.83
2485,4.75
2486,4.0
2487,4.0
2488,5.0
2489,4.86
2490,0.0
2491,4.35
2492,4.58
2493,0.0
2494,4.75
2495,4.72
2496,4.89
2497,4.9
2498,5.0
2499,4.0
2500,4.77
2501,4.81
2502,4.94
2503,4.77
2504,5.0
2505,4.67
2506,5.0
2507,4.87
2508,4.9
2509,4.78
2510,4.61
2511,4.81
2512,4.68
2513,4.58
2514,4.74
2515,4.97
2516,4.2
2517,4.69
2518,4.54
2519,4.61
2520,4.83
2521,4.8
2522,4.7
2523,4.57
2524,4.49
2525,4.85
2526,3.96
2527,4.29
2528,4.84
2529,4.56
2530,4.41
2531,4.5
2532,4.54
2533,4.89
2534,4.9
2535,4.56
2536,4.79
2537,0.0
2538,4.73
2539,4.82
2540,4.6
2541,4.62
2542,5.0
2543,4.75
2544,4.0
2545,4.53
2546,4.86
2547,4.67
2548,4.71
2549,4.53
2550,4.79
2551,4.67
2552,4.62
2553,4.81
2554,4.95
2555,4.73
2556,4.94
2557,4.8
2558,5.0
2559,4.89
2560,4.81
2561,4.75
2562,4.84
2563,4.81
2564,4.67
2565,4.72
2566,4.71
2567,5.0
2568,4.67
2569,5.0
2570,4.77
2571,4.8
2572,4.86
2573,4.92
2574,4.9
2575,4.8
2576,4.97
2577,4.84
2578,4.79
2579,4.71
2580,4.6
2581,4.0
2582,4.93
2583,4.73
2584,5.0
2585,4.33
2586,5.0
2587,4.64
2588,4.0
2589,4.96
2590,4.61
2591,5.0
2592,4.75
2593,4.67
2594,4.71
2595,4.91
2596,4.78
2597,4.67
2598,4.68
2599,4.91
2600,4.79
2601,5.0
2602,4.73
2603,4.83
2604,4.48
2605,4.83
2606,4.88
2607,4.7
2608,4.65
2609,4.79
2610,4.68
2611,4.7
2612,4.8
2613,4.59
2614,4.57
2615,4.88
2616,5.0
2617,4.86
2618,4.52
2619,4.64
2620,4.77
2621,4.71
2622,4.45
2623,4.7
2624,5.0
2625,4.64
2626,4.86
2627,4.92
2628,4.54
2629,4.66
2630,4.93
2631,4.93
2632,4.91
2633,4.4
2634,4.93
2635,4.95
2636,4.67
2637,4.67
2638,5.0
2639,4.38
2640,4.44
2641,4.73
2642,4.74
2643,4.33
2644,4.45
2645,4.82
2646,4.81
2647,4.74
2648,4.71
2649,4.5
2650,4.63
2651,3.5
2652,4.85
2653,4.91
2654,4.33
2655,4.71
2656,4.52
2657,4.71
2658,4.85
2659,4.84
2660,5.0
2661,4.95
2662,4.82
2663,4.54
2664,5.0
2665,4.53
2666,4.78
2667,4.61
2668,4.7
2669,4.74
2670,4.5
2671,4.0
2672,4.27
2673,4.44
2674,4.87
2675,5.0
2676,4.76
2677,3.94
2678,5.0
2679,5.0
2680,0.0
2681,4.81
2682,4.3
2683,4.82
2684,3.67
2685,4.38
2686,4.58
2687,4.8
2688,4.9
2689,4.66
2690,4.93
2691,4.89
2692,4.85
2693,4.51
2694,5.0
2695,0.0
2696,5.0
2697,4.94
2698,4.78
2699,4.78
2700,4.29
2701,4.83
2702,4.78
2703,4.87
2704,4.25
2705,4.46
2706,4.77
2707,4.72
2708,4.89
2709,4.52
2710,4.95
2711,4.33
2712,4.4
2713,4.82
2714,4.88
2715,4.67
2716,4.85
2717,4.78
2718,4.42
2719,4.48
2720,4.56
2721,4.69
2722,4.93
2723,4.45
2724,4.55
2725,4.66
2726,4.67
2727,4.94
2728,4.92
2729,4.76
2730,4.9
2731,4.76
2732,4.91
2733,4.67
2734,4.78
2735,4.79
2736,4.91
2737,4.64
2738,4.59
2739,4.98
2740,4.5
2741,4.79
2742,4.51
2743,4.84
2744,4.77
2745,4.68
2746,4.43
2747,0.0
2748,4.73
2749,4.93
2750,4.8
2751,4.84
2752,4.83
2753,4.85
2754,4.79
2755,4.93
2756,4.65
2757,5.0
2758,4.84
2759,4.58
2760,4.93
2761,4.5
2762,4.36
2763,4.85
2764,4.33
2765,4.38
2766,5.0
2767,4.0
2768,4.9
2769,4.72
2770,4.87
2771,4.57
2772,4.59
2773,5.0
2774,4.9
2775,5.0
2776,5.0
2777,4.85
2778,4.59
2779,4.69
2780,4.65
2781,0.0
2782,0.0
2783,4.34
2784,4.78
2785,4.47
2786,4.93
2787,4.33
2788,4.97
2789,4.88
2790,4.0
2791,4.76
2792,3.25
2793,4.35
2794,4.83
2795,4.84
2796,4.53
2797,4.91
2798,4.62
2799,4.83
2800,4.76
2801,4.8
2802,4.2
2803,4.38
2804,4.76
2805,5.0
2806,1.0
2807,4.88
2808,4.82
2809,4.82
2810,4.33
2811,4.82
2812,4.86
2813,4.42
2814,4.74
2815,4.81
2816,4.47
2817,4.75
2818,4.82
2819,4.95
2820,4.25
2821,5.0
2822,4.86
2823,4.74
2824,4.76
2825,4.69
2826,4.73
2827,4.53
2828,4.68
2829,4.43
2830,0.0
2831,4.33
2832,4.78
2833,4.96
2834,4.95
2835,4.94
2836,4.51
2837,4.81
2838,4.96
2839,4.89
2840,4.73
2841,4.96
2842,4.89
2843,4.91
2844,4.74
2845,4.92
2846,4.67
2847,4.77
2848,4.06
2849,4.3
2850,5.0
2851,4.14
2852,4.17
2853,4.81
2854,4.84
2855,4.66
2856,4.5
2857,4.0
2858,5.0
2859,5.0
2860,4.7
2861,5.0
2862,4.4
2863,5.0
2864,5.0
2865,4.94
2866,4.75
2867,4.83
2868,4.55
2869,5.0
2870,4.65
2871,4.41
2872,4.7
2873,4.89
2874,4.75
2875,4.9
2876,4.6
2877,4.72
2878,4.68
2879,4.33
2880,4.95
2881,4.41
2882,4.73
2883,4.23
2884,4.46
2885,4.67
2886,4.88
2887,4.46
2888,4.33
2889,4.96
2890,4.38
2891,3.78
2892,3.87
2893,4.63
2894,4.92
2895,4.0
2896,4.82
2897,4.87
2898,4.95
2899,4.88
2900,4.97
2901,4.41
2902,4.84
2903,4.9
2904,4.8
2905,4.66
2906,4.29
2907,4.78
2908,5.0
2909,4.83
2910,4.93
2911,4.79
2912,4.69
2913,4.04
2914,5.0
2915,4.94
2916,4.63
2917,4.63
2918,4.91
2919,4.85
2920,4.92
2921,4.84
2922,4.86
2923,4.77
2924,4.85
2925,4.97
2926,4.84
2927,4.73
2928,4.84
2929,4.79
2930,4.93
2931,4.8
2932,4.85
2933,4.92
2934,0.0
2935,4.8
2936,4.82
2937,4.67
2938,4.76
2939,4.9
2940,4.74
2941,4.62
2942,4.71
2943,4.92
2944,4.97
2945,4.86
2946,4.92
2947,4.6
2948,4.91
2949,4.44
2950,4.4
2951,4.62
2952,4.73
2953,4.69
2954,4.65
2955,4.94
2956,4.5
2957,4.81
2958,5.0
2959,4.74
2960,5.0
2961,4.74
2962,4.96
2963,4.93
2964,4.72
2965,5.0
2966,4.33
2967,4.5
2968,4.6
2969,5.0
2970,4.87
2971,5.0
2972,0.0
2973,0.0
2974,4.97
2975,4.29
2976,4.93
2977,4.74
2978,4.59
2979,4.85
2980,4.97
2981,4.8
2982,4.62
2983,4.78
2984,4.63
2985,4.56
2986,4.88
2987,4.18
2988,4.71
2989,4.89
2990,4.55
2991,4.64
2992,5.0
2993,0.0
2994,4.67
2995,4.37
2996,4.6
2997,4.8
2998,4.68
2999,4.73
3000,4.92
3001,4.78
3002,4.88
3003,4.82
3004,4.84
3005,4.79
3006,4.92
3007,4.85
3008,5.0
3009,4.78
3010,4.82
3011,5.0
3012,4.79
3013,4.86
3014,4.92
3015,5.0
3016,4.81
3017,4.81
3018,4.57
3019,4.74
3020,4.59
3021,4.88
3022,4.88
3023,4.81
3024,0.0
3025,4.94
3026,4.96
3027,4.5
3028,4.93
3029,4.82
3030,4.74
3031,4.76
3032,4.63
3033,4.9
3034,4.95
3035,4.76
3036,4.86
3037,4.33
3038,4.83
3039,0.0
3040,4.61
3041,4.96
3042,5.0
3043,4.82
3044,0.0
3045,5.0
3046,4.89
3047,4.63
3048,4.79
3049,4.54
3050,0.0
3051,4.86
3052,3.0
3053,4.89
3054,4.33
3055,5.0
3056,4.55
3057,4.6
3058,4.5
3059,4.92
3060,4.75
3061,4.71
3062,4.76
3063,4.6
3064,5.0
3065,4.92
3066,4.74
3067,4.52
3068,4.64
3069,4.56
3070,4.64
3071,4.73
3072,5.0
3073,3.75
3074,4.83
3075,4.57
3076,4.88
3077,4.25
3078,4.7
3079,4.79
3080,4.94
3081,4.44
3082,4.62
3083,4.94
3084,5.0
3085,4.92
3086,4.91
3087,5.0
3088,4.84
3089,0.0
3090,4.73
3091,4.71
3092,4.35
3093,4.37
3094,5.0
3095,4.26
3096,4.83
3097,4.91
3098,4.76
3099,4.89
3100,4.67
3101,5.0
3102,4.98
3103,4.74
3104,4.71
3105,4.96
3106,0.0
3107,0.0
3108,4.86
3109,4.92
3110,4.91
3111,4.84
3112,4.91
3113,5.0
3114,4.92
3115,4.94
3116,4.67
3117,4.84
3118,4.61
3119,4.42
3120,4.49
3121,4.38
3122,4.33
3123,4.51
3124,4.32
3125,4.79
3126,4.8
3127,4.89
3128,4.78
3129,5.0
3130,4.91
3131,4.86
3132,4.42
3133,4.66
3134,4.94
3135,4.75
3136,4.57
3137,4.98
3138,4.42
3139,4.97
3140,4.84
3141,4.68
3142,4.86
3143,4.6
3144,4.97
3145,4.63
3146,4.73
3147,4.96
3148,4.94
3149,4.94
3150,4.51
3151,4.64
3152,4.96
3153,4.98
3154,4.71
3155,4.86
3156,4.2
3157,4.8
3158,4.85
3159,4.78
3160,4.46
3161,3.5
3162,4.93
3163,4.93
3164,4.72
3165,4.96
3166,4.87
3167,4.81
3168,4.71
3169,4.61
3170,5.0
3171,5.0
3172,4.67
3173,5.0
3174,4.6
3175,4.25
3176,0.0
3177,4.0
3178,4.5
3179,4.91
3180,4.97
3181,4.6
3182,4.57
3183,5.0
3184,4.75
3185,4.76
3186,4.85
3187,4.63
3188,4.58
3189,4.73
3190,4.97
3191,4.09
3192,4.86
3193,4.8
3194,4.91
3195,4.81
3196,4.0
3197,4.97
3198,4.69
3199,5.0
3200,3.67
3201,4.74
3202,4.22
3203,4.79
3204,4.84
3205,4.96
3206,4.9
3207,4.88
3208,4.32
3209,4.69
3210,4.48
3211,0.0
3212,0.0
3213,4.67
3214,5.0
3215,4.89
3216,4.74
3217,4.67
3218,3.83
3219,4.7
3220,4.86
3221,4.5
3222,4.63
3223,4.5
3224,4.86
3225,4.78
3226,4.93
3227,4.87
3228,4.97
3229,4.68
3230,4.77
3231,0.0
3232,5.0
3233,3.8
3234,4.8
3235,4.0
3236,4.67
3237,4.95
3238,4.93
3239,4.99
3240,4.31
3241,5.0
3242,4.75
3243,3.38
3244,4.95
3245,4.81
3246,4.94
3247,4.59
3248,4.43
3249,4.31
3250,3.0
3251,3.0
3252,4.8
3253,4.38
3254,0.0
3255,0.0
3256,5.0
3257,4.71
3258,4.91
3259,4.71
3260,4.78
3261,4.57
3262,4.5
3263,4.67
3264,4.8
3265,4.0
3266,1.0
3267,4.0
3268,4.0
3269,4.0
3270,4.0
3271,0.0
3272,4.43
3273,3.0
3274,4.0
3275,4.75
3276,1.0
3277,0.0
3278,4.33
3279,3.0
3280,4.0
3281,5.0
3282,5.0
3283,4.78
3284,4.67
3285,4.71
3286,5.0
3287,0.0
3288,5.0
3289,4.0
3290,4.35
3291,5.0
3292,4.5
3293,4.6
3294,4.25
3295,0.0
3296,5.0
3297,1.5
3298,3.75
3299,4.3
3300,5.0
3301,5.0
3302,3.0
3303,3.33
3304,4.0
3305,5.0
3306,4.5
3307,4.56
3308,5.0
3309,4.33
3310,4.5
3311,0.0
3312,0.0
3313,4.5
3314,4.0
3315,4.3
3316,0.0
3317,0.0
3318,4.71
3319,4.0
3320,0.0
3321,0.0
3322,4.67
3323,4.2
3324,4.8
3325,4.25
3326,5.0
3327,0.0
3328,0.0
3329,5.0
3330,0.0
3331,4.0
3332,0.0
3333,5.0
3334,5.0
3335,0.0
3336,4.98
3337,5.0
3338,4.91
3339,4.78
3340,0.0
3341,4.76
3342,4.87
3343,4.76
3344,4.27
3345,4.57
3346,4.84
3347,4.94
3348,5.0
3349,4.97
3350,4.77
3351,5.0
3352,4.77
3353,4.68
3354,4.64
3355,4.89
3356,4.91
3357,4.11
3358,3.57
3359,4.92
3360,4.97
3361,4.78
3362,4.62
3363,4.6
3364,4.7
3365,4.38
3366,4.89
3367,4.65
3368,4.93
3369,4.62
3370,4.63
3371,4.45
3372,4.83
3373,4.17
3374,4.93
3375,4.8
3376,4.88
3377,4.81
3378,4.91
3379,4.86
3380,4.5
3381,4.66
3382,4.8
3383,4.82
3384,4.77
3385,4.86
3386,0.0
3387,4.93
3388,5.0
3389,4.59
3390,0.0
3391,4.37
3392,4.68
3393,4.8
3394,4.55
3395,4.71
3396,4.59
3397,4.93
3398,4.68
3399,4.63
3400,4.95
3401,4.69
3402,0.0
3403,4.7
3404,4.71
3405,4.72
3406,4.8
3407,4.82
3408,4.63
3409,4.0
3410,4.69
3411,4.57
3412,4.4
3413,4.4
3414,4.8
3415,4.75
3416,5.0
3417,4.42
3418,4.79
3419,4.87
3420,4.89
3421,4.83
3422,5.0
3423,4.67
3424,4.66
3425,4.72
3426,4.61
3427,4.76
3428,4.4
3429,5.0
3430,4.5
3431,0.0
3432,4.73
3433,4.81
3434,4.69
3435,4.46
3436,5.0
3437,4.72
3438,4.69
3439,4.8
3440,4.81
3441,4.63
3442,4.67
3443,4.72
3444,4.61
3445,4.7
3446,4.65
3447,4.82
3448,4.81
3449,4.88
3450,5.0
3451,4.9
3452,4.78
3453,4.37
3454,4.83
3455,4.66
3456,4.63
3457,0.0
3458,0.0
3459,4.89
3460,4.71
3461,4.79
3462,4.74
3463,0.0
3464,0.0
3465,0.0
3466,5.0
3467,0.0
3468,4.33
3469,4.67
3470,4.91
3471,0.0
3472,4.76
3473,4.67
3474,4.73
3475,4.8
3476,4.75
3477,4.5
3478,4.5
3479,4.74
3480,4.89
3481,4.37
3482,4.84
3483,5.0
3484,4.88
3485,4.75
3486,4.4
3487,0.0
3488,0.0
3489,4.88
3490,4.83
3491,5.0
3492,4.67
3493,4.89
3494,5.0
3495,4.0
3496,4.6
3497,4.76
3498,4.67
3499,0.0
3500,0.0
3501,5.0
3502,5.0
3503,4.81
3504,4.86
3505,4.84
3506,4.79
3507,4.82
3508,4.87
3509,4.89
3510,4.52
3511,4.67
3512,0.0
3513,4.86
3514,4.71
3515,4.88
3516,5.0
3517,4.74
3518,4.57
3519,5.0
3520,4.67
3521,5.0
3522,5.0
3523,4.64
3524,4.82
3525,5.0
3526,4.89
3527,4.72
3528,4.73
3529,4.64
3530,3.9
3531,4.77
3532,4.71
3533,4.79
3534,4.75
3535,5.0
3536,4.81
3537,4.53
3538,4.48
3539,4.73
3540,4.09
3541,4.82
3542,4.24
3543,5.0
3544,4.62
3545,4.83
3546,4.75
3547,4.86
3548,4.86
3549,4.78
3550,4.91
3551,4.76
3552,4.73
3553,4.9
3554,4.85
3555,5.0
3556,4.87
3557,4.73
3558,4.83
3559,4.94
3560,4.55
3561,4.8
3562,0.0
3563,4.7
3564,5.0
3565,4.6
3566,4.42
3567,4.86
3568,4.91
3569,0.0
3570,0.0
3571,4.9
3572,4.77
3573,4.57
3574,4.91
3575,4.5
3576,3.91
3577,4.97
3578,5.0
3579,5.0
3580,4.67
3581,4.94
3582,4.96
3583,4.89
3584,4.54
3585,4.88
3586,3.33
3587,4.8
3588,4.33
3589,4.77
3590,4.62
3591,4.47
3592,4.77
3593,4.94
3594,4.54
3595,0.0
3596,4.89
3597,4.82
3598,5.0
3599,4.86
3600,4.44
3601,4.7
3602,4.43
3603,4.84
3604,5.0
3605,4.77
3606,4.0
3607,4.25
3608,4.5
3609,3.67
3610,4.67
3611,4.1
3612,4.75
3613,5.0
3614,4.68
3615,4.58
3616,4.81
3617,4.92
3618,4.83
3619,4.96
3620,4.75
3621,4.95
3622,4.43
3623,4.95
3624,4.95
3625,4.69
3626,4.68
3627,4.73
3628,4.97
3629,4.63
3630,4.8
3631,5.0
3632,4.74
3633,5.0
3634,4.9
3635,4.63
3636,4.51
3637,4.5
3638,4.85
3639,4.88
3640,4.86
3641,4.07
3642,5.0
3643,4.41
3644,4.83
3645,4.82
3646,4.86
3647,4.65
3648,4.87
3649,4.56
3650,4.74
3651,5.0
3652,4.84
3653,4.63
3654,4.84
3655,4.95
3656,4.82
3657,4.86
3658,4.41
3659,4.67
3660,4.59
3661,4.75
3662,4.67
3663,4.23
3664,4.52
3665,4.9
3666,4.77
3667,4.13
3668,4.5
3669,3.5
3670,4.94
3671,4.68
3672,5.0
3673,4.89
3674,4.8
3675,4.81
3676,4.33
3677,3.0
3678,3.25
3679,4.0
3680,4.92
3681,4.67
3682,4.83
3683,4.84
3684,5.0
3685,4.75
3686,4.76
3687,4.87
3688,4.96
3689,4.95
3690,5.0
3691,4.6
3692,4.44
3693,0.0
3694,4.7
3695,4.96
3696,4.14
3697,3.5
3698,0.0
3699,4.14
3700,4.91
3701,4.83
3702,4.92
3703,5.0
3704,4.84
3705,3.78
3706,1.0
3707,4.77
3708,4.9
3709,4.98
3710,4.89
3711,4.81
3712,0.0
3713,1.0
3714,4.67
3715,4.88
3716,4.89
3717,4.6
3718,4.92
3719,4.86
3720,4.64
3721,4.74
3722,4.88
3723,4.22
3724,5.0
3725,4.75
3726,4.97
3727,4.0
3728,4.8
3729,4.6
3730,4.54
3731,4.86
3732,0.0
3733,0.0
3734,0.0
3735,5.0
3736,0.0
3737,0.0
3738,0.0
3739,4.38
3740,4.66
3741,4.67
3742,4.6
3743,4.75
3744,0.0
3745,4.96
3746,4.9
3747,4.71
3748,4.57
3749,5.0
3750,5.0
3751,4.75
3752,4.83
3753,4.64
3754,4.0
3755,4.83
3756,4.92
3757,4.54
3758,4.66
3759,4.88
3760,4.33
3761,5.0
3762,4.45
3763,4.84
3764,4.83
3765,4.92
3766,0.0
3767,4.79
3768,4.83
3769,4.59
3770,4.82
3771,4.59
3772,4.88
3773,4.7
3774,4.88
3775,0.0
3776,4.14
3777,4.93
3778,3.25
3779,4.9
3780,4.69
3781,5.0
3782,4.65
3783,4.33
3784,4.57
3785,4.57
3786,4.65
3787,4.83
3788,4.0
3789,4.67
3790,4.96
3791,4.76
3792,5.0
3793,4.98
3794,4.75
3795,4.83
3796,4.81
3797,4.78
3798,4.72
3799,4.67
3800,0.0
3801,4.18
3802,4.75
3803,4.94
3804,4.91
3805,4.8
3806,4.67
3807,4.76
3808,4.97
3809,4.78
3810,5.0
3811,4.85
3812,4.69
3813,4.98
3814,4.47
3815,4.31
3816,4.51
3817,4.63
3818,4.84
3819,4.69
3820,4.72
3821,4.88
3822,4.65
3823,5.0
3824,4.27
3825,4.88
3826,4.46
3827,4.9
3828,5.0
3829,4.96
3830,5.0
3831,4.13
3832,4.84
3833,4.61
3834,4.56
3835,5.0
3836,0.0
3837,4.8
3838,4.94
3839,5.0
3840,4.71
3841,4.67
3842,4.76
3843,4.87
3844,4.75
3845,4.65
3846,4.72
3847,4.75
3848,5.0
3849,4.84
3850,4.9
3851,4.85
3852,4.94
3853,0.0
3854,4.69
3855,4.92
3856,4.36
3857,5.0
3858,4.9
3859,4.88
3860,4.98
3861,4.74
3862,4.95
3863,4.9
3864,4.87
3865,4.67
3866,4.67
3867,4.54
3868,5.0
3869,4.59
3870,4.93
3871,5.0
3872,4.85
3873,5.0
3874,3.0
3875,4.72
3876,4.58
3877,4.54
3878,4.25
3879,4.78
3880,4.69
3881,5.0
3882,5.0
3883,4.6
3884,3.7
3885,4.67
3886,4.63
3887,4.57
3888,3.94
3889,4.55
3890,5.0
3891,4.5
3892,3.91
3893,4.4
3894,4.88
3895,4.6
3896,4.22
3897,4.86
3898,4.93
3899,3.88
3900,4.75
3901,4.23
3902,4.25
3903,4.67
3904,4.76
3905,4.66
3906,5.0
3907,5.0
3908,4.85
3909,4.94
3910,4.73
3911,4.42
3912,4.5
3913,4.35
3914,4.33
3915,4.59
3916,4.85
3917,4.9
3918,5.0
3919,4.89
3920,4.84
3921,5.0
3922,4.83
3923,4.74
3924,4.85
3925,4.84
3926,4.4
3927,0.0
3928,4.25
3929,4.69
3930,4.62
3931,4.8
3932,4.33
3933,4.66
3934,4.85
3935,5.0
3936,4.93
3937,4.88
3938,0.0
3939,4.84
3940,4.96
3941,4.93
3942,4.94
3943,4.67
3944,4.78
3945,5.0
3946,0.0
3947,0.0
3948,4.88
3949,4.56
3950,4.7
3951,4.87
3952,4.73
3953,4.86
3954,5.0
3955,4.88
3956,3.75
3957,4.73
3958,4.7
3959,4.98
3960,5.0
3961,4.8
3962,4.95
3963,4.91
3964,4.91
3965,4.68
3966,4.79
3967,4.71
3968,4.93
3969,4.83
3970,4.0
3971,4.5
3972,3.33
3973,4.46
3974,4.83
3975,4.67
3976,4.58
3977,4.76
3978,4.77
3979,4.86
3980,4.96
3981,4.79
3982,4.98
3983,4.85
3984,4.68
3985,4.94
3986,4.76
3987,4.7
3988,4.53
3989,0.0
3990,4.49
3991,4.92
3992,4.2
3993,3.4
3994,5.0
3995,5.0
3996,5.0
3997,4.88
3998,0.0
3999,5.0
4000,4.65
4001,4.76
4002,4.87
4003,5.0
4004,4.77
4005,4.85
4006,4.54
4007,4.84
4008,5.0
4009,4.92
4010,4.94
4011,4.5
4012,4.8
4013,4.91
4014,4.78
4015,0.0
4016,4.33
4017,5.0
4018,4.95
4019,4.31
4020,4.77
4021,4.81
4022,5.0
4023,4.42
4024,4.98
4025,4.43
4026,4.06
4027,4.84
4028,4.89
4029,5.0
4030,4.79
4031,4.66
4032,3.0
4033,4.84
4034,4.83
4035,4.94
4036,5.0
4037,4.91
4038,4.79
4039,4.5
4040,4.67
4041,4.7
4042,5.0
4043,4.67
4044,4.67
4045,3.75
4046,4.2
4047,4.77
4048,4.0
4049,5.0
4050,0.0
4051,4.78
4052,4.85
4053,4.5
4054,4.21
4055,4.76
4056,5.0
4057,4.79
4058,4.87
4059,4.54
4060,4.57
4061,4.0
4062,4.67
4063,0.0
4064,4.0
4065,4.94
4066,4.67
4067,4.67
4068,4.56
4069,5.0
4070,4.83
4071,4.9
4072,4.52
4073,4.88
4074,5.0
4075,4.88
4076,1.0
4077,0.0
4078,5.0
4079,4.84
4080,0.0
4081,4.2
4082,4.93
4083,5.0
4084,4.27
4085,4.67
4086,4.61
4087,4.67
4088,4.33
4089,4.17
4090,4.59
4091,4.4
4092,5.0
4093,0.0
4094,4.57
4095,5.0
4096,4.23
4097,4.47
4098,4.68
4099,4.47
4100,4.2
4101,5.0
4102,0.0
4103,5.0
4104,4.73
4105,4.67
4106,4.57
4107,5.0
4108,0.0
4109,4.87
4110,4.33
4111,4.63
4112,4.77
4113,0.0
4114,4.57
4115,5.0
4116,4.98
4117,4.93
4118,4.73
4119,4.72
4120,4.67
4121,4.65
4122,4.56
4123,4.8
4124,4.92
4125,4.77
4126,5.0
4127,4.91
4128,4.8
4129,5.0
4130,4.86
4131,4.91
4132,4.99
4133,4.88
4134,0.0
4135,4.93
4136,4.82
4137,5.0
4138,5.0
4139,4.5
4140,0.0
4141,0.0
4142,5.0
4143,5.0
4144,4.79
4145,0.0
4146,4.95
4147,4.67
4148,4.7
4149,4.78
4150,0.0
4151,0.0
4152,0.0
4153,4.52
4154,4.56
4155,4.67
4156,4.84
4157,4.79
4158,4.56
4159,5.0
4160,4.75
4161,5.0
4162,4.87
4163,4.48
4164,4.67
4165,4.91
4166,4.53
4167,4.96
4168,4.44
4169,4.64
4170,4.78
4171,4.84
4172,5.0
4173,4.92
4174,4.87
4175,4.89
4176,4.54
4177,4.8
4178,5.0
4179,4.85
4180,4.65
4181,4.91
4182,4.87
4183,4.96
4184,0.0
4185,4.8
4186,4.98
4187,4.91
4188,5.0
4189,4.7
4190,4.91
4191,4.75
4192,4.54
4193,4.86
4194,4.91
4195,4.62
4196,4.82
4197,4.91
4198,4.69
4199,4.84
4200,4.83
4201,4.8
4202,5.0
4203,4.9
4204,4.9
4205,4.91
4206,4.88
4207,0.0
4208,4.8
4209,4.78
4210,4.65
4211,4.46
4212,4.69
4213,4.79
4214,4.56
4215,4.73
4216,4.82
4217,4.92
4218,4.91
4219,4.62
4220,4.57
4221,4.7
4222,4.76
4223,4.88
4224,4.95
4225,4.75
4226,4.91
4227,4.64
4228,4.72
4229,4.79
4230,4.74
4231,4.88
4232,4.27
4233,0.0
4234,5.0
4235,3.0
4236,4.92
4237,4.81
4238,4.96
4239,4.93
4240,2.0
4241,4.75
4242,4.5
4243,0.0
4244,4.88
4245,4.86
4246,4.93
4247,4.77
4248,4.82
4249,5.0
4250,4.89
4251,4.9
4252,4.83
4253,0.0
4254,4.82
4255,0.0
4256,4.0
4257,4.76
4258,4.94
4259,4.94
4260,5.0
4261,4.83
4262,4.6
4263,4.75
4264,5.0
4265,4.6
4266,4.61
4267,4.94
4268,0.0
4269,4.48
4270,5.0
4271,3.5
4272,5.0
4273,4.89
4274,4.9
4275,4.92
4276,4.71
4277,4.92
4278,5.0
4279,5.0
4280,4.83
4281,4.64
4282,4.65
4283,5.0
4284,4.77
4285,4.8
4286,0.0
4287,4.84
4288,4.92
4289,4.79
4290,4.38
4291,4.73
4292,4.72
4293,0.0
4294,5.0
4295,4.88
4296,4.89
4297,4.83
4298,4.93
4299,4.74
4300,4.7
4301,4.75
4302,5.0
4303,4.52
4304,3.33
4305,4.88
4306,4.88
4307,4.86
4308,4.48
4309,4.79
4310,4.75
4311,0.0
4312,4.69
4313,4.85
4314,4.62
4315,4.67
4316,5.0
4317,5.0
4318,4.45
4319,4.92
4320,4.75
4321,4.94
4322,5.0
4323,4.88
4324,0.0
4325,4.78
4326,4.68
4327,4.86
4328,4.81
4329,4.89
4330,4.88
4331,4.2
4332,4.75
4333,4.88
4334,4.82
4335,4.97
4336,4.75
4337,5.0
4338,4.85
4339,5.0
4340,0.0
4341,4.33
4342,0.0
4343,4.5
4344,5.0
4345,4.0
4346,3.0
4347,4.83
4348,4.91
4349,4.92
4350,4.83
4351,4.67
4352,4.84
4353,4.49
4354,4.77
4355,4.7
4356,4.78
4357,4.82
4358,4.97
4359,0.0
4360,4.81
4361,5.0
4362,4.93
4363,4.6
4364,4.94
4365,5.0
4366,4.93
4367,4.0
4368,4.73
4369,4.3
4370,4.6
4371,4.67
4372,4.54
4373,4.87
4374,4.93
4375,4.37
4376,4.95
4377,4.88
4378,4.93
4379,4.98
4380,4.8
4381,4.92
4382,0.0
4383,4.74
4384,4.85
4385,5.0
4386,4.8
4387,4.66
4388,4.86
4389,5.0
4390,5.0
4391,0.0
4392,5.0
4393,0.0
4394,4.96
4395,5.0
4396,4.78
4397,4.59
4398,4.56
4399,4.95
4400,1.0
4401,4.1
4402,4.63
4403,4.91
4404,4.93
4405,4.96
4406,4.57
4407,5.0
4408,0.0
4409,4.7
4410,4.74
4411,5.0
4412,4.87
4413,4.92
4414,0.0
4415,3.0
4416,4.8
4417,4.86
4418,4.0
4419,4.74
4420,4.75
4421,4.53
4422,5.0
4423,4.79
4424,0.0
4425,3.0
4426,4.5
4427,4.31
4428,4.95
4429,5.0
4430,4.67
4431,4.95
4432,4.6
4433,4.66
4434,4.36
4435,5.0
4436,4.88
4437,4.9
4438,4.85
4439,4.89
4440,5.0
4441,4.91
4442,4.94
4443,5.0
4444,4.56
4445,4.85
4446,4.56
4447,4.9
4448,0.0
4449,0.0
4450,4.88
4451,4.0
4452,5.0
4453,4.55
4454,4.95
4455,4.9
4456,4.91
4457,4.25
4458,4.93
4459,4.71
4460,0.0
4461,4.36
4462,5.0
4463,4.84
4464,4.38
4465,3.86
4466,4.72
4467,4.65
4468,4.95
4469,5.0
4470,4.7
4471,4.52
4472,4.87
4473,4.89
4474,4.5
4475,0.0
4476,4.94
4477,0.0
4478,4.9
4479,4.8
4480,4.75
4481,4.79
4482,4.54
4483,4.68
4484,4.83
4485,4.88
4486,4.94
4487,4.9
4488,4.74
4489,4.73
4490,4.92
4491,4.92
4492,4.92
4493,4.65
4494,4.42
4495,4.0
4496,4.75
4497,4.5
4498,5.0
4499,5.0
4500,5.0
4501,0.0
4502,5.0
4503,0.0
4504,5.0
4505,5.0
4506,0.0
4507,5.0
4508,0.0
4509,4.88
4510,5.0
4511,4.89
4512,0.0
4513,0.0
4514,0.0
4515,4.93
4516,4.65
4517,4.85
4518,4.92
4519,5.0
4520,4.58
4521,4.87
4522,4.69
4523,4.85
4524,4.88
4525,4.56
4526,5.0
4527,4.38
4528,4.86
4529,4.83
4530,4.89
4531,4.93
4532,4.77
4533,4.76
4534,4.47
4535,4.67
4536,0.0
4537,4.5
4538,3.0
4539,5.0
4540,5.0
4541,0.0
4542,5.0
4543,4.95
4544,4.76
4545,4.75
4546,4.5
4547,4.76
4548,3.5
4549,4.93
4550,4.9
4551,5.0
4552,4.8
4553,4.91
4554,5.0
4555,4.5
4556,4.84
4557,4.94
4558,4.98
4559,4.78
4560,5.0
4561,4.67
4562,5.0
4563,4.67
4564,4.73
4565,0.0
4566,4.52
4567,4.47
4568,5.0
4569,4.45
4570,5.0
4571,4.93
4572,4.95
4573,4.5
4574,4.79
4575,4.68
4576,5.0
4577,4.66
4578,4.81
4579,4.37
4580,4.88
4581,4.5
4582,4.8
4583,4.83
4584,4.82
4585,4.93
4586,4.92
4587,4.72
4588,4.92
4589,4.0
4590,4.44
4591,4.98
4592,0.0
4593,4.84
4594,4.0
4595,4.63
4596,0.0
4597,4.83
4598,4.67
4599,4.0
4600,4.5
4601,4.69
4602,4.81
4603,0.0
4604,4.67
4605,4.81
4606,0.0
4607,4.83
4608,5.0
4609,4.43
4610,4.94
4611,5.0
4612,0.0
4613,4.92
4614,0.0
4615,4.76
4616,4.6
4617,4.89
4618,4.87
4619,4.67
4620,4.77
4621,0.0
4622,4.85
4623,4.88
4624,4.9
4625,4.84
4626,4.74
4627,4.87
4628,4.9
4629,5.0
4630,0.0
4631,4.89
4632,4.67
4633,4.72
4634,4.42
4635,4.47
4636,4.48
4637,4.89
4638,4.12
4639,4.91
4640,4.79
4641,0.0
4642,5.0
4643,4.43
4644,4.17
4645,4.5
4646,4.17
4647,4.11
4648,4.58
4649,4.86
4650,4.77
4651,4.79
4652,4.78
4653,4.77
4654,0.0
4655,4.76
4656,4.96
4657,4.59
4658,4.9
4659,4.14
4660,4.85
4661,0.0
4662,4.82
4663,4.8
4664,0.0
4665,5.0
4666,4.86
4667,4.97
4668,5.0
4669,5.0
4670,4.88
4671,4.76
4672,5.0
4673,4.5
4674,4.0
4675,5.0
4676,5.0
4677,5.0
4678,4.86
4679,4.83
4680,5.0
4681,4.83
4682,5.0
4683,4.47
4684,5.0
4685,5.0
4686,4.67
4687,4.93
4688,4.78
4689,4.91
4690,5.0
4691,5.0
4692,4.88
4693,4.84
4694,5.0
4695,4.55
4696,0.0
4697,0.0
4698,4.94
4699,4.6
4700,4.5
4701,5.0
4702,5.0
4703,3.5
4704,5.0
4705,4.67
4706,4.91
4707,5.0
4708,4.79
4709,0.0
4710,4.42
4711,4.85
4712,4.14
4713,4.33
4714,4.64
4715,4.58
4716,5.0
4717,4.83
4718,4.89
4719,4.8
4720,4.44
4721,4.83
4722,4.62
4723,4.81
4724,4.85
4725,4.61
4726,4.73
4727,4.0
4728,0.0
4729,0.0
4730,4.54
4731,4.43
4732,5.0
4733,0.0
4734,4.79
4735,4.69
4736,4.5
4737,4.76
4738,4.62
4739,4.67
4740,5.0
4741,4.79
4742,4.89
4743,4.83
4744,5.0
4745,4.67
4746,4.5
4747,5.0
4748,4.0
4749,5.0
4750,5.0
4751,5.0
4752,4.77
4753,4.9
4754,5.0
4755,0.0
4756,4.69
4757,5.0
4758,4.23
4759,4.77
4760,4.73
4761,4.46
4762,5.0
4763,4.8
4764,4.81
4765,4.94
4766,4.94
4767,4.91
4768,4.96
4769,4.73
4770,4.84
4771,0.0
4772,4.71
4773,4.92
4774,4.49
4775,4.77
4776,4.61
4777,4.85
4778,4.91
4779,4.62
4780,4.67
4781,4.65
4782,0.0
4783,4.93
4784,4.85
4785,4.81
4786,0.0
4787,0.0
4788,4.64
4789,4.8
4790,4.88
4791,4.64
4792,4.67
4793,4.78
4794,0.0
4795,4.76
4796,4.56
4797,0.0
4798,5.0
4799,4.86
4800,0.0
4801,4.4
4802,4.64
4803,4.74
4804,0.0
4805,4.61
4806,0.0
4807,4.6
4808,0.0
4809,4.84
4810,5.0
4811,4.89
4812,4.95
4813,4.8
4814,5.0
4815,0.0
4816,4.0
4817,4.56
4818,4.92
4819,4.72
4820,4.4
4821,4.86
4822,4.67
4823,5.0
4824,5.0
4825,4.9
4826,4.57
4827,4.5
4828,4.45
4829,4.27
4830,4.7
4831,4.76
4832,4.86
4833,5.0
4834,0.0
4835,4.39
4836,4.72
4837,4.6
4838,4.92
4839,4.75
4840,4.7
4841,4.4
4842,5.0
4843,4.85
4844,4.94
4845,5.0
4846,4.97
4847,4.89
4848,5.0
4849,4.96
4850,4.5
4851,0.0
4852,4.0
4853,4.71
4854,4.91
4855,5.0
4856,4.43
4857,4.78
4858,4.76
4859,4.92
4860,4.7
4861,4.17
4862,3.0
4863,4.82
4864,5.0
4865,4.76
4866,4.91
4867,4.8
4868,4.89
4869,4.78
4870,4.46
4871,4.9
4872,4.0
4873,0.0
4874,4.7
4875,2.5
4876,0.0
4877,4.82
4878,4.98
4879,4.89
4880,4.71
4881,5.0
4882,4.73
4883,4.77
4884,5.0
4885,4.81
4886,0.0
4887,4.93
4888,4.63
4889,3.67
4890,4.8
4891,5.0
4892,4.87
4893,4.88
4894,0.0
4895,5.0
4896,4.38
4897,4.82
4898,5.0
4899,5.0
4900,4.88
4901,4.73
4902,4.77
4903,4.81
4904,4.67
4905,4.53
4906,4.41
4907,4.9
4908,4.5
4909,5.0
4910,4.98
4911,4.89
4912,4.46
4913,4.94
4914,5.0
4915,4.61
4916,4.89
4917,4.7
4918,4.63
4919,4.83
4920,4.0
4921,4.0
4922,4.43
4923,4.9
4924,4.84
4925,3.91
4926,4.63
4927,4.88
4928,4.69
4929,4.8
4930,4.62
4931,5.0
4932,2.0
4933,4.48
4934,4.5
4935,4.71
4936,0.0
4937,4.88
4938,4.9
4939,4.0
4940,4.67
4941,5.0
4942,4.81
4943,4.83
4944,4.93
4945,4.82
4946,4.96
4947,4.81
4948,4.92
4949,4.83
4950,4.85
4951,5.0
4952,4.71
4953,4.78
4954,4.83
4955,4.91
4956,4.79
4957,4.95
4958,0.0
4959,5.0
4960,4.7
4961,4.4
4962,4.85
4963,4.6
4964,4.81
4965,4.92
4966,4.78
4967,4.82
4968,5.0
4969,4.81
4970,0.0
4971,4.0
4972,4.83
4973,4.94
4974,4.85
4975,5.0
4976,3.67
4977,4.0
4978,4.82
4979,4.85
4980,4.0
4981,4.45
4982,4.86
4983,4.68
4984,4.5
4985,4.74
4986,4.84
4987,4.88
4988,4.8
4989,3.92
4990,4.6
4991,4.92
4992,5.0
4993,0.0
4994,4.53
4995,4.71
4996,5.0
4997,4.92
4998,4.92
4999,5.0
5000,4.45
5001,4.55
5002,4.33
5003,5.0
5004,4.35
5005,4.11
5006,4.72
5007,4.83
5008,4.92
5009,4.0
5010,1.0
5011,4.9
5012,4.9
5013,4.58
5014,4.5
5015,3.5
5016,4.85
5017,4.67
5018,4.55
5019,4.73
5020,4.5
5021,0.0
5022,4.75
5023,4.7
5024,4.92
5025,5.0
5026,4.56
5027,4.7
5028,4.57
5029,4.88
5030,5.0
5031,4.54
5032,5.0
5033,4.65
5034,4.83
5035,4.96
5036,4.33
5037,3.5
5038,4.9
5039,4.63
5040,5.0
5041,5.0
5042,5.0
5043,4.5
5044,4.97
5045,4.83
5046,0.0
5047,4.5
5048,5.0
5049,4.56
5050,4.56
5051,4.25
5052,3.0
5053,4.7
5054,4.9
5055,4.67
5056,4.75
5057,4.73
5058,4.67
5059,4.88
5060,4.88
5061,0.0
5062,0.0
5063,0.0
5064,4.33
5065,0.0
5066,0.0
5067,4.87
5068,4.89
5069,5.0
5070,4.71
5071,4.88
5072,4.63
5073,0.0
5074,4.88
5075,4.0
5076,4.78
5077,0.0
5078,3.0
5079,4.57
5080,4.87
5081,3.83
5082,4.89
5083,4.9
5084,4.86
5085,4.7
5086,5.0
5087,4.2
5088,4.94
5089,4.28
5090,4.92
5091,0.0
5092,4.0
5093,4.87
5094,0.0
5095,4.68
5096,4.79
5097,5.0
5098,4.0
5099,4.42
5100,4.91
5101,0.0
5102,5.0
5103,5.0
5104,5.0
5105,4.77
5106,5.0
5107,4.8
5108,3.8
5109,4.33
5110,5.0
5111,4.85
5112,5.0
5113,4.81
5114,4.72
5115,4.67
5116,5.0
5117,5.0
5118,4.81
5119,5.0
5120,4.68
5121,0.0
5122,0.0
5123,0.0
5124,0.0
5125,4.92
5126,5.0
5127,0.0
5128,4.67
5129,0.0
5130,4.4
5131,5.0
5132,4.75
5133,4.8
5134,0.0
5135,0.0
5136,4.92
5137,4.63
5138,4.8
5139,4.82
5140,4.77
5141,3.5
5142,5.0
5143,4.9
5144,4.93
5145,4.82
5146,4.87
5147,4.89
5148,5.0
5149,5.0
5150,4.79
5151,4.92
5152,4.75
5153,4.95
5154,4.63
5155,0.0
5156,4.76
5157,4.74
5158,4.52
5159,4.61
5160,5.0
5161,4.82
5162,0.0
5163,4.91
5164,4.2
5165,4.88
5166,5.0
5167,4.0
5168,4.3
5169,5.0
5170,4.61
5171,5.0
5172,0.0
5173,4.11
5174,4.83
5175,4.55
5176,4.86
5177,0.0
5178,4.63
5179,4.92
5180,4.83
5181,3.33
5182,0.0
5183,5.0
5184,3.8
5185,5.0
5186,0.0
5187,4.71
5188,0.0
5189,0.0
5190,5.0
5191,4.5
5192,4.75
5193,5.0
5194,4.93
5195,4.92
5196,4.73
5197,4.83
5198,4.87
5199,5.0
5200,4.5
5201,2.0
5202,4.87
5203,2.0
5204,4.86
5205,4.92
5206,5.0
5207,4.33
5208,4.63
5209,4.71
5210,4.88
5211,4.75
5212,4.89
5213,4.95
5214,4.85
5215,4.57
5216,4.79
5217,4.83
5218,4.61
5219,5.0
5220,5.0
5221,0.0
5222,4.97
5223,4.87
5224,5.0
5225,5.0
5226,0.0
5227,0.0
5228,4.67
5229,4.29
5230,4.31
5231,3.58
5232,4.6
5233,4.51
5234,5.0
5235,4.97
5236,4.6
5237,4.95
5238,0.0
5239,0.0
5240,0.0
5241,4.8
5242,0.0
5243,4.9
5244,5.0
5245,4.83
5246,3.0
5247,4.31
5248,4.24
5249,4.33
5250,4.83
5251,4.82
5252,0.0
5253,0.0
5254,5.0
5255,4.7
5256,4.56
5257,4.75
5258,4.13
5259,5.0
5260,4.4
5261,4.5
5262,4.5
5263,5.0
5264,4.39
5265,4.89
5266,4.73
5267,0.0
5268,4.84
5269,4.57
5270,4.93
5271,4.0
5272,4.88
5273,4.79
5274,4.0
5275,4.53
5276,4.48
5277,4.9
5278,0.0
5279,4.0
5280,0.0
5281,5.0
5282,4.75
5283,5.0
5284,4.5
5285,4.98
5286,0.0
5287,0.0
5288,0.0
5289,4.67
5290,4.5
5291,4.83
5292,4.5
5293,4.23
5294,4.6
5295,4.0
5296,4.67
5297,4.97
5298,4.81
5299,4.08
5300,4.93
5301,4.64
5302,4.61
5303,0.0
5304,4.13
5305,5.0
5306,4.53
5307,4.87
5308,4.89
5309,0.0
5310,4.8
5311,4.88
5312,4.79
5313,4.71
5314,4.91
5315,0.0
5316,4.78
5317,4.92
5318,4.63
5319,4.25
5320,0.0
5321,4.86
5322,5.0
5323,4.96
5324,4.51
5325,4.67
5326,5.0
5327,5.0
5328,0.0
5329,4.85
5330,4.83
5331,5.0
5332,4.24
5333,4.75
5334,4.83
5335,0.0
5336,4.57
5337,4.93
5338,4.92
5339,4.78
5340,0.0
5341,5.0
5342,0.0
5343,0.0
5344,4.67
5345,5.0
5346,4.5
5347,5.0
5348,5.0
5349,5.0
5350,4.77
5351,5.0
5352,5.0
5353,5.0
5354,0.0
5355,5.0
5356,5.0
5357,0.0
5358,4.75
5359,4.83
5360,4.83
5361,4.78
5362,4.83
5363,4.8
5364,3.4
5365,4.0
5366,5.0
5367,4.0
5368,5.0
5369,4.49
5370,4.75
5371,4.0
5372,0.0
5373,4.83
5374,4.75
5375,4.93
5376,4.57
5377,4.57
5378,5.0
5379,4.96
5380,4.86
5381,4.94
5382,5.0
5383,0.0
5384,4.4
5385,4.81
5386,4.93
5387,4.76
5388,4.58
5389,4.73
5390,4.81
5391,4.75
5392,4.75
5393,0.0
5394,4.91
5395,3.75
5396,5.0
5397,5.0
5398,4.79
5399,4.5
5400,4.74
5401,4.94
5402,5.0
5403,4.67
5404,4.88
5405,4.83
5406,0.0
5407,4.78
5408,4.92
5409,4.47
5410,4.63
5411,5.0
5412,4.7
5413,4.0
5414,4.83
5415,4.7
5416,5.0
5417,5.0
5418,4.81
5419,0.0
5420,4.83
5421,4.33
5422,4.98
5423,5.0
5424,4.95
5425,4.75
5426,4.0
5427,4.8
5428,5.0
5429,4.84
5430,4.62
5431,5.0
5432,4.46
5433,4.69
5434,4.55
5435,4.2
5436,4.83
5437,5.0
5438,4.82
5439,4.56
5440,5.0
5441,4.69
5442,5.0
5443,4.47
5444,5.0
5445,4.96
5446,5.0
5447,4.97
5448,4.89
5449,5.0
5450,0.0
5451,0.0
5452,0.0
5453,4.62
5454,5.0
5455,4.71
5456,0.0
5457,0.0
5458,4.94
5459,4.73
5460,5.0
5461,4.75
5462,4.78
5463,5.0
5464,4.97
5465,5.0
5466,3.67
5467,0.0
5468,4.43
5469,4.69
5470,4.86
5471,4.6
5472,0.0
5473,4.5
5474,4.83
5475,4.9
5476,5.0
5477,4.62
5478,4.58
5479,4.97
5480,5.0
5481,4.61
5482,5.0
5483,5.0
5484,4.57
5485,4.96
5486,3.5
5487,0.0
5488,4.53
5489,4.86
5490,4.7
5491,5.0
5492,4.88
5493,4.88
5494,4.88
5495,4.75
5496,4.75
5497,4.47
5498,4.74
5499,5.0
5500,4.58
5501,0.0
5502,4.88
5503,4.66
5504,4.5
5505,4.98
5506,5.0
5507,0.0
5508,4.75
5509,4.0
5510,4.0
5511,5.0
5512,4.93
5513,4.13
5514,4.81
5515,4.87
5516,4.68
5517,4.72
5518,4.77
5519,4.75
5520,4.68
5521,5.0
5522,4.7
5523,4.96
5524,4.86
5525,5.0
5526,4.97
5527,4.87
5528,4.0
5529,5.0
5530,4.27
5531,4.0
5532,4.94
5533,0.0
5534,4.73
5535,4.85
5536,5.0
5537,4.25
5538,5.0
5539,4.8
5540,5.0
5541,4.91
5542,4.75
5543,4.25
5544,3.75
5545,4.45
5546,4.54
5547,4.4
5548,4.9
5549,4.71
5550,4.61
5551,4.25
5552,4.87
5553,4.63
5554,4.83
5555,5.0
5556,4.58
5557,4.63
5558,4.72
5559,4.9
5560,4.0
5561,4.84
5562,0.0
5563,0.0
5564,4.89
5565,4.5
5566,4.0
5567,4.13
5568,4.48
5569,4.88
5570,4.68
5571,1.0
5572,0.0
5573,4.87
5574,5.0
5575,0.0
5576,4.62
5577,4.59
5578,4.72
5579,4.97
5580,4.63
5581,4.58
5582,2.0
5583,4.83
5584,4.64
5585,4.69
5586,4.75
5587,4.2
5588,4.92
5589,4.94
5590,4.82
5591,0.0
5592,0.0
5593,4.67
5594,4.5
5595,4.67
5596,4.53
5597,4.5
5598,4.65
5599,4.91
5600,4.71
5601,4.7
5602,4.68
5603,0.0
5604,5.0
5605,4.68
5606,1.0
5607,4.2
5608,4.33
5609,4.5
5610,4.67
5611,4.68
5612,5.0
5613,5.0
5614,4.62
5615,4.72
5616,4.94
5617,5.0
5618,4.89
5619,0.0
5620,5.0
5621,4.12
5622,4.94
5623,4.67
5624,0.0
5625,5.0
5626,4.79
5627,5.0
5628,4.83
5629,4.87
5630,4.74
5631,4.73
5632,4.13
5633,4.76
5634,4.46
5635,4.92
5636,4.56
5637,4.86
5638,4.65
5639,5.0
5640,4.82
5641,4.89
5642,4.76
5643,0.0
5644,4.91
5645,5.0
5646,4.8
5647,5.0
5648,5.0
5649,0.0
5650,0.0
5651,4.76
5652,4.85
5653,4.67
5654,4.57
5655,4.84
5656,5.0
5657,4.91
5658,4.89
5659,4.81
5660,4.47
5661,4.8
5662,4.93
5663,4.72
5664,4.59
5665,4.84
5666,4.69
5667,0.0
5668,4.33
5669,4.9
5670,4.44
5671,4.52
5672,5.0
5673,4.88
5674,4.85
5675,4.5
5676,4.62
5677,4.7
5678,4.67
5679,4.54
5680,4.57
5681,4.64
5682,5.0
5683,4.91
5684,5.0
5685,4.88
5686,4.25
5687,0.0
5688,4.96
5689,4.67
5690,4.9
5691,4.81
5692,4.85
5693,4.56
5694,4.0
5695,4.87
5696,5.0
5697,4.73
5698,4.5
5699,5.0
5700,4.8
5701,4.92
5702,4.81
5703,4.47
5704,4.86
5705,0.0
5706,0.0
5707,5.0
5708,5.0
5709,4.5
5710,4.25
5711,4.96
5712,4.77
5713,5.0
5714,4.85
5715,5.0
5716,4.86
5717,4.92
5718,5.0
5719,5.0
5720,4.58
5721,4.33
5722,4.96
5723,4.96
5724,4.79
5725,4.45
5726,4.76
5727,4.52
5728,4.59
5729,5.0
5730,4.76
5731,4.9
5732,3.0
5733,4.57
5734,4.5
5735,4.77
5736,5.0
5737,4.82
5738,5.0
5739,4.95
5740,4.93
5741,1.0
5742,4.87
5743,5.0
5744,0.0
5745,4.86
5746,5.0
5747,4.69
5748,5.0
5749,4.13
5750,4.0
5751,4.77
5752,2.5
5753,0.0
5754,4.73
5755,4.88
5756,4.27
5757,4.81
5758,4.75
5759,4.78
5760,5.0
5761,4.48
5762,4.0
5763,4.82
5764,4.76
5765,5.0
5766,4.76
5767,4.38
5768,4.77
5769,4.75
5770,5.0
5771,4.44
5772,3.8
5773,4.8
5774,4.53
5775,0.0
5776,4.25
5777,5.0
5778,4.95
5779,4.87
5780,4.63
5781,4.89
5782,0.0
5783,4.7
5784,5.0
5785,5.0
5786,0.0
5787,4.0
5788,5.0
5789,0.0
5790,4.5
5791,5.0
5792,0.0
5793,4.85
5794,5.0
5795,5.0
5796,4.72
5797,4.83
5798,4.83
5799,4.75
5800,4.64
5801,4.93
5802,4.67
5803,0.0
5804,4.83
5805,0.0
5806,4.7
5807,5.0
5808,4.9
5809,4.57
5810,4.33
5811,5.0
5812,4.67
5813,4.75
5814,4.96
5815,4.93
5816,4.69
5817,5.0
5818,0.0
5819,4.33
5820,4.8
5821,5.0
5822,3.0
5823,4.77
5824,5.0
5825,0.0
5826,5.0
5827,5.0
5828,4.88
5829,0.0
5830,4.8
5831,4.89
5832,4.68
5833,4.93
5834,4.72
5835,5.0
5836,4.86
5837,4.87
5838,4.9
5839,4.89
5840,4.98
5841,4.94
5842,4.89
5843,5.0
5844,4.73
5845,4.66
5846,4.63
5847,5.0
5848,3.9
5849,2.67
5850,4.36
5851,4.92
5852,5.0
5853,5.0
5854,4.73
5855,4.5
5856,4.95
5857,4.95
5858,4.77
5859,0.0
5860,0.0
5861,4.83
5862,4.67
5863,4.74
5864,5.0
5865,4.83
5866,0.0
5867,4.7
5868,0.0
5869,4.7
5870,5.0
5871,5.0
5872,3.6
5873,4.84
5874,4.79
5875,4.78
5876,4.0
5877,4.32
5878,5.0
5879,4.8
5880,4.61
5881,4.94
5882,4.5
5883,5.0
5884,4.64
5885,4.7
5886,4.0
5887,5.0
5888,4.8
5889,0.0
5890,5.0
5891,4.85
5892,4.75
5893,4.61
5894,4.53
5895,4.66
5896,0.0
5897,0.0
5898,4.88
5899,4.83
5900,0.0
5901,4.93
5902,4.74
5903,0.0
5904,4.75
5905,4.96
5906,4.87
5907,4.92
5908,5.0
5909,4.49
5910,4.55
5911,5.0
5912,5.0
5913,5.0
5914,3.67
5915,5.0
5916,4.33
5917,3.0
5918,4.78
5919,4.8
5920,4.4
5921,4.94
5922,4.58
5923,0.0
5924,5.0
5925,0.0
5926,4.83
5927,4.8
5928,4.87
5929,4.76
5930,5.0
5931,4.8
5932,4.79
5933,4.82
5934,4.78
5935,4.22
5936,4.11
5937,0.0
5938,5.0
5939,0.0
5940,0.0
5941,4.75
5942,5.0
5943,5.0
5944,4.86
5945,4.4
5946,4.89
5947,4.71
5948,4.88
5949,4.6
5950,4.83
5951,5.0
5952,4.5
5953,5.0
5954,4.23
5955,4.32
5956,4.5
5957,5.0
5958,4.41
5959,4.88
5960,4.0
5961,5.0
5962,4.6
5963,4.83
5964,4.45
5965,4.39
5966,0.0
5967,4.78
5968,4.72
5969,4.25
5970,4.74
5971,4.82
5972,4.93
5973,4.96
5974,4.7
5975,5.0
5976,4.73
5977,5.0
5978,4.88
5979,5.0
5980,4.56
5981,0.0
5982,4.37
5983,5.0
5984,5.0
5985,5.0
5986,5.0
5987,5.0
5988,4.95
5989,4.71
5990,4.55
5991,5.0
5992,4.79
5993,4.44
5994,4.96
5995,4.88
5996,4.75
5997,5.0
5998,4.8
5999,4.74
6000,4.8
6001,5.0
6002,4.77
6003,4.98
6004,4.11
6005,4.5
6006,4.81
6007,5.0
6008,4.67
6009,4.88
6010,4.93
6011,5.0
6012,4.86
6013,4.5
6014,4.95
6015,0.0
6016,5.0
6017,4.0
6018,4.86
6019,4.93
6020,4.92
6021,4.68
6022,5.0
6023,4.87
6024,4.72
6025,0.0
6026,4.57
6027,4.75
6028,4.64
6029,4.5
6030,0.0
6031,5.0
6032,4.85
6033,5.0
6034,4.92
6035,5.0
6036,0.0
6037,0.0
6038,4.5
6039,0.0
6040,5.0
6041,4.82
6042,4.89
6043,4.74
6044,5.0
6045,5.0
6046,5.0
6047,2.5
6048,4.84
6049,0.0
6050,4.52
6051,4.31
6052,4.75
6053,4.64
6054,4.44
6055,5.0
6056,5.0
6057,4.69
6058,4.85
6059,4.87
6060,4.78
6061,0.0
6062,4.81
6063,5.0
6064,5.0
6065,4.0
6066,0.0
6067,5.0
6068,4.46
6069,5.0
6070,4.11
6071,4.29
6072,4.68
6073,0.0
6074,4.67
6075,4.78
6076,4.72
6077,5.0
6078,4.6
6079,4.92
6080,4.82
6081,4.0
6082,5.0
6083,4.5
6084,5.0
6085,0.0
6086,4.67
6087,5.0
6088,4.94
6089,4.17
6090,0.0
6091,4.57
6092,5.0
6093,0.0
6094,4.89
6095,0.0
6096,0.0
6097,4.83
6098,4.0
6099,0.0
6100,4.89
6101,4.48
6102,3.0
6103,4.44
6104,5.0
6105,5.0
6106,4.83
6107,4.18
6108,4.59
6109,0.0
6110,0.0
6111,4.0
6112,0.0
6113,0.0
6114,0.0
6115,0.0
6116,0.0
6117,5.0
6118,4.0
6119,4.53
6120,4.79
6121,5.0
6122,5.0
6123,0.0
6124,5.0
6125,4.56
6126,4.87
6127,4.75
6128,4.5
6129,0.0
6130,0.0
6131,4.71
6132,4.79
6133,4.93
6134,4.0
6135,3.0
6136,0.0
6137,0.0
6138,4.78
6139,4.91
6140,3.6
6141,4.83
6142,4.9
6143,5.0
6144,4.81
6145,5.0
6146,0.0
6147,4.56
6148,4.84
6149,4.64
6150,5.0
6151,4.84
6152,3.0
6153,5.0
6154,4.8
6155,4.83
6156,4.75
6157,4.91
6158,4.94
6159,5.0
6160,5.0
6161,4.8
6162,4.74
6163,4.94
6164,4.75
6165,0.0
6166,0.0
6167,4.77
6168,5.0
6169,4.95
6170,0.0
6171,4.8
6172,4.75
6173,4.75
6174,4.76
6175,4.88
6176,4.71
6177,4.65
6178,4.5
6179,4.87
6180,4.93
6181,0.0
6182,4.75
6183,4.57
6184,0.0
6185,4.76
6186,4.59
6187,4.86
6188,4.87
6189,5.0
6190,4.8
6191,4.84
6192,4.5
6193,5.0
6194,4.43
6195,5.0
6196,4.67
6197,4.69
6198,4.88
6199,4.87
6200,5.0
6201,0.0
6202,5.0
6203,4.69
6204,5.0
6205,5.0
6206,4.96
6207,4.75
6208,4.86
6209,4.83
6210,4.43
6211,4.9
6212,4.7
6213,4.5
6214,4.67
6215,4.5
6216,5.0
6217,0.0
6218,5.0
6219,4.71
6220,4.88
6221,5.0
6222,0.0
6223,5.0
6224,4.96
6225,5.0
6226,4.88
6227,5.0
6228,4.7
6229,4.8
6230,4.33
6231,4.8
6232,4.73
6233,5.0
6234,4.84
6235,5.0
6236,4.58
6237,5.0
6238,4.97
6239,4.0
6240,4.9
6241,4.75
6242,5.0
6243,0.0
6244,0.0
6245,4.5
6246,0.0
6247,4.81
6248,0.0
6249,5.0
6250,4.75
6251,4.79
6252,4.56
6253,4.79
6254,0.0
6255,4.83
6256,0.0
6257,4.62
6258,4.89
6259,0.0
6260,4.69
6261,5.0
6262,4.73
6263,4.89
6264,4.8
6265,4.0
6266,4.48
6267,5.0
6268,4.5
6269,4.95
6270,0.0
6271,5.0
6272,4.9
6273,4.93
6274,0.0
6275,0.0
6276,4.86
6277,5.0
6278,4.75
6279,5.0
6280,4.73
6281,4.91
6282,0.0
6283,4.85
6284,4.63
6285,4.98
6286,4.84
6287,4.39
6288,4.78
6289,0.0
6290,4.79
6291,4.67
6292,4.6
6293,5.0
6294,5.0
6295,4.68
6296,5.0
6297,5.0
6298,0.0
6299,4.83
6300,3.67
6301,0.0
6302,4.46
6303,0.0
6304,4.86
6305,4.67
6306,0.0
6307,5.0
6308,4.51
6309,5.0
6310,4.75
6311,5.0
6312,4.52
6313,4.86
6314,4.64
6315,5.0
6316,5.0
6317,4.82
6318,4.76
6319,0.0
6320,0.0
6321,5.0
6322,4.41
6323,4.65
6324,4.92
6325,5.0
6326,4.45
6327,4.75
6328,4.53
6329,5.0
6330,4.8
6331,5.0
6332,0.0
6333,4.83
6334,0.0
6335,4.71
6336,4.65
6337,4.91
6338,4.87
6339,5.0
6340,5.0
6341,4.85
6342,4.33
6343,4.7
6344,5.0
6345,4.81
6346,3.5
6347,4.82
6348,4.69
6349,4.83
6350,5.0
6351,4.67
6352,4.8
6353,4.57
6354,4.75
6355,4.96
6356,4.97
6357,4.88
6358,4.5
6359,4.98
6360,4.42
6361,0.0
6362,4.8
6363,5.0
6364,4.75
6365,3.86
6366,4.41
6367,4.75
6368,4.79
6369,5.0
6370,5.0
6371,5.0
6372,5.0
6373,4.0
6374,5.0
6375,0.0
6376,0.0
6377,0.0
6378,4.5
6379,0.0
6380,0.0
6381,2.5
6382,0.0
6383,0.0
6384,5.0
6385,5.0
6386,4.72
6387,5.0
6388,4.92
6389,5.0
6390,0.0
6391,5.0
6392,4.67
6393,4.67
6394,4.0
6395,5.0
6396,4.56
6397,4.8
6398,4.65
6399,2.33
6400,3.33
6401,0.0
6402,3.0
6403,4.86
6404,3.5
6405,5.0
6406,0.0
6407,4.67
6408,4.0
6409,0.0
6410,0.0
6411,4.2
6412,0.0
6413,4.15
6414,5.0
6415,3.86
6416,0.0
6417,0.0
6418,4.45
6419,1.0
6420,4.0
6421,5.0
6422,3.0
6423,4.0
6424,4.58
6425,0.0
6426,0.0
6427,5.0
6428,0.0
6429,4.88
6430,4.5
6431,5.0
6432,3.5
6433,5.0
6434,4.6
6435,5.0
6436,5.0
6437,5.0
6438,5.0
6439,4.39
6440,5.0
6441,4.58
6442,0.0
6443,5.0
6444,4.0
6445,0.0
6446,0.0
6447,5.0
6448,4.75
6449,5.0
6450,4.79
6451,4.6
6452,4.96
6453,5.0
6454,3.0
6455,4.86
6456,0.0
6457,4.75
6458,4.48
6459,4.89
6460,5.0
6461,5.0
6462,4.86
6463,4.92
6464,4.9
6465,4.68
6466,5.0
6467,0.0
6468,4.94
6469,5.0
6470,0.0
6471,4.0
6472,5.0
6473,4.91
6474,4.0
6475,4.91
6476,4.7
6477,4.94
6478,4.82
6479,5.0
6480,4.87
6481,4.75
6482,4.93
6483,5.0
6484,4.85
6485,0.0
6486,0.0
6487,0.0
6488,0.0
6489,4.8
6490,4.77
6491,4.61
6492,4.74
6493,4.61
6494,4.95
6495,5.0
6496,4.71
6497,4.91
6498,4.76
6499,4.67
6500,4.33
6501,0.0
6502,4.25
6503,4.5
6504,4.82
6505,4.81
6506,4.55
6507,4.64
6508,4.88
6509,5.0
6510,5.0
6511,4.95
6512,4.72
6513,4.91
6514,4.55
6515,4.5
6516,4.33
6517,5.0
6518,4.75
6519,4.84
6520,0.0
6521,5.0
6522,0.0
6523,4.33
6524,4.92
6525,4.83
6526,5.0
6527,5.0
6528,4.44
6529,5.0
6530,0.0
6531,5.0
6532,4.32
6533,3.25
6534,4.4
6535,4.5
6536,5.0
6537,4.89
6538,4.73
6539,0.0
6540,4.96
6541,0.0
6542,0.0
6543,0.0
6544,4.7
6545,4.83
6546,5.0
6547,4.8
6548,4.83
6549,4.97
6550,4.73
6551,5.0
6552,4.79
6553,4.83
6554,4.69
6555,5.0
6556,0.0
6557,4.78
6558,4.83
6559,3.0
6560,5.0
6561,5.0
6562,4.0
6563,4.94
6564,4.79
6565,5.0
6566,4.88
6567,0.0
6568,4.33
6569,4.5
6570,5.0
6571,4.96
6572,5.0
6573,4.93
6574,0.0
6575,5.0
6576,0.0
6577,4.0
6578,0.0
6579,4.83
6580,5.0
6581,4.86
6582,4.25
6583,2.0
6584,4.93
6585,5.0
6586,0.0
6587,4.5
6588,0.0
6589,4.94
6590,4.75
6591,4.71
6592,3.86
6593,5.0
6594,4.95
6595,4.81
6596,4.5
6597,4.88
6598,4.69
6599,5.0
6600,4.83
6601,5.0
6602,4.65
6603,4.53
6604,4.88
6605,0.0
6606,0.0
6607,0.0
6608,5.0
6609,4.0
6610,5.0
6611,5.0
6612,4.88
6613,5.0
6614,4.86
6615,5.0
6616,4.91
6617,4.0
6618,0.0
6619,4.33
6620,0.0
6621,4.69
6622,5.0
6623,4.77
6624,4.5
6625,4.81
6626,4.71
6627,4.88
6628,5.0
6629,5.0
6630,4.64
6631,4.85
6632,0.0
6633,0.0
6634,4.6
6635,4.13
6636,4.67
6637,5.0
6638,5.0
6639,0.0
6640,5.0
6641,4.5
6642,0.0
6643,0.0
6644,4.8
6645,0.0
6646,4.83
6647,4.84
6648,2.75
6649,4.76
6650,4.64
6651,0.0
6652,5.0
6653,5.0
6654,5.0
6655,0.0
6656,0.0
6657,4.75
6658,4.19
6659,5.0
6660,0.0
6661,5.0
6662,4.8
6663,5.0
6664,4.8
6665,4.75
6666,4.8
6667,4.8
6668,4.43
6669,4.76
6670,4.86
6671,4.57
6672,0.0
6673,4.0
6674,5.0
6675,4.58
6676,5.0
6677,5.0
6678,4.88
6679,4.5
6680,5.0
6681,5.0
6682,4.2
6683,2.67
6684,5.0
6685,4.59
6686,4.38
6687,5.0
6688,4.89
6689,5.0
6690,4.88
6691,3.5
6692,5.0
6693,0.0
6694,4.8
6695,4.78
6696,3.86
6697,4.56
6698,0.0
6699,4.67
6700,4.67
6701,0.0
6702,4.6
6703,4.96
6704,4.76
6705,4.78
6706,4.65
6707,5.0
6708,4.33
6709,0.0
6710,0.0
6711,0.0
6712,4.86
6713,4.7
6714,4.93
6715,5.0
6716,4.68
6717,5.0
6718,4.96
6719,4.72
6720,4.85
6721,4.67
6722,4.82
6723,0.0
6724,5.0
6725,5.0
6726,4.4
6727,4.5
6728,3.0
6729,0.0
6730,4.3
6731,4.58
6732,4.89
6733,4.63
6734,0.0
6735,5.0
6736,5.0
6737,5.0
6738,0.0
6739,5.0
6740,4.67
6741,4.6
6742,4.75
6743,3.33
6744,4.75
6745,5.0
6746,5.0
6747,0.0
6748,0.0
6749,0.0
6750,0.0
6751,0.0
6752,0.0
6753,0.0
6754,0.0
6755,0.0
6756,0.0
6757,0.0
6758,0.0
6759,0.0
6760,0.0
6761,0.0
6762,0.0
6763,0.0
6764,0.0
6765,0.0
6766,0.0
6767,0.0
6768,0.0
6769,0.0
6770,0.0
6771,0.0
6772,0.0
6773,0.0
6774,0.0
6775,0.0
6776,0.0
6777,3.0
6778,5.0
6779,4.78
6780,5.0
6781,4.5
6782,3.0
6783,5.0
6784,0.0
6785,0.0
6786,0.0
6787,0.0
6788,0.0
6789,0.0
6790,0.0
6791,0.0
6792,0.0
6793,0.0
6794,0.0
6795,0.0
6796,0.0
6797,0.0
6798,0.0
6799,0.0
6800,0.0
6801,0.0
6802,0.0
6803,0.0
6804,0.0
6805,0.0
6806,0.0
6807,0.0
6808,0.0
6809,0.0
6810,0.0
6811,0.0
6812,0.0
6813,4.53
6814,4.0
6815,0.0
6816,5.0
6817,4.75
6818,0.0
6819,0.0
6820,0.0
6821,0.0
6822,0.0
6823,0.0
6824,0.0
6825,0.0
6826,0.0
6827,0.0
6828,0.0
6829,0.0
6830,0.0
6831,0.0
6832,0.0
6833,0.0
6834,0.0
6835,0.0
6836,0.0
6837,0.0
6838,0.0
6839,0.0
6840,0.0
6841,0.0
6842,0.0
6843,0.0
6844,0.0
6845,0.0
6846,0.0
6847,0.0
6848,4.73
6849,4.83
6850,5.0
6851,5.0
6852,5.0
6853,5.0
6854,4.0
6855,4.0
6856,5.0
6857,4.67
6858,4.75
6859,4.75
6860,4.71
6861,5.0
6862,4.88
6863,4.65
6864,4.73
6865,4.92
6866,4.62
6867,0.0
6868,0.0
6869,0.0
6870,0.0
6871,0.0
6872,0.0
6873,0.0
6874,0.0
6875,0.0
6876,0.0
6877,0.0
6878,0.0
6879,0.0
6880,0.0
6881,0.0
6882,0.0
6883,0.0
6884,0.0
6885,4.8
6886,0.0
6887,5.0
6888,0.0
6889,0.0
6890,0.0
6891,0.0
6892,0.0
6893,0.0
6894,0.0
6895,0.0
6896,0.0
6897,0.0
6898,0.0
6899,0.0
6900,0.0
6901,0.0
6902,0.0
6903,0.0
6904,0.0
6905,0.0
6906,4.93
6907,4.79
6908,5.0
6909,5.0
6910,2.33
6911,5.0
6912,4.47
6913,4.79
6914,4.86
6915,5.0
6916,5.0
6917,5.0
6918,0.0
6919,0.0
6920,0.0
6921,0.0
6922,0.0
6923,0.0
6924,0.0
6925,0.0
6926,0.0
6927,0.0
6928,0.0
6929,0.0
6930,0.0
6931,0.0
6932,0.0
6933,0.0
6934,0.0
6935,0.0
6936,0.0
6937,0.0
6938,0.0
6939,0.0
6940,5.0
6941,0.0
6942,0.0
6943,0.0
6944,0.0
6945,0.0
6946,0.0
6947,0.0
6948,0.0
6949,0.0
6950,0.0
6951,0.0
6952,0.0
6953,0.0
6954,0.0
6955,0.0
6956,0.0
6957,0.0
6958,0.0
6959,0.0
6960,0.0
6961,0.0
6962,0.0
6963,0.0
6964,0.0
6965,0.0
6966,0.0
6967,0.0
6968,0.0
6969,0.0
6970,0.0
6971,0.0
6972,0.0
6973,0.0
6974,0.0
6975,0.0
6976,0.0
6977,0.0
6978,0.0
6979,0.0
6980,0.0
6981,0.0
6982,0.0
6983,0.0
6984,0.0
6985,0.0
6986,0.0
6987,0.0
6988,0.0
6989,0.0
6990,0.0
6991,0.0
6992,0.0
6993,0.0
6994,0.0
6995,0.0
6996,0.0
6997,0.0
6998,0.0
6999,0.0
7000,0.0
7001,0.0
7002,0.0
7003,0.0
7004,0.0
7005,0.0
7006,0.0
7007,0.0
7008,0.0
7009,0.0
7010,0.0
7011,0.0
7012,0.0
7013,0.0
7014,0.0
7015,0.0
7016,0.0
7017,0.0
7018,0.0
7019,0.0
7020,0.0
7021,0.0
7022,0.0
7023,0.0
7024,0.0
7025,0.0
7026,0.0
7027,0.0
7028,0.0
7029,0.0
7030,4.67
7031,4.86
7032,5.0
7033,4.86
7034,0.0
7035,4.94
7036,4.93
7037,5.0
7038,0.0
7039,4.87
7040,0.0
7041,4.45
7042,4.89
7043,0.0
7044,0.0
7045,4.59
7046,4.8
7047,4.79
7048,4.78
7049,5.0
7050,5.0
7051,0.0
7052,4.81
7053,5.0
7054,5.0
7055,4.5
7056,5.0
7057,4.67
7058,4.83
7059,4.0
7060,4.67
7061,5.0
7062,5.0
7063,4.6
7064,4.71
7065,4.9
7066,5.0
7067,5.0
7068,4.64
7069,0.0
7070,0.0
7071,4.88
7072,0.0
7073,0.0
7074,5.0
7075,0.0
7076,4.13
7077,5.0
7078,5.0
7079,4.89
7080,4.83
7081,0.0
7082,4.86
7083,5.0
7084,4.75
7085,4.62
7086,5.0
7087,4.9
7088,0.0
7089,4.67
7090,3.67
7091,4.54
7092,4.83
7093,5.0
7094,0.0
7095,0.0
7096,4.83
7097,4.5
7098,4.9
7099,4.16
7100,0.0
7101,4.92
7102,0.0
7103,5.0
7104,4.94
7105,4.79
7106,4.9
7107,4.89
7108,4.55
7109,4.91
7110,0.0
7111,4.8
7112,4.73
7113,0.0
7114,5.0
7115,5.0
7116,5.0
7117,4.83
7118,5.0
7119,4.44
7120,4.7
7121,5.0
7122,4.74
7123,4.94
7124,4.85
7125,4.8
7126,4.96
7127,5.0
7128,4.92
7129,4.95
7130,4.3
7131,4.88
7132,4.45
7133,4.56
7134,4.17
7135,4.54
7136,4.86
7137,4.92
7138,4.2
7139,4.6
7140,4.53
7141,5.0
7142,4.75
7143,4.56
7144,4.25
7145,5.0
7146,4.64
7147,4.5
7148,4.74
7149,4.79
7150,4.73
7151,4.6
7152,5.0
7153,5.0
7154,0.0
7155,5.0
7156,0.0
7157,5.0
7158,5.0
7159,5.0
7160,0.0
7161,1.0
7162,4.78
7163,4.66
7164,4.82
7165,0.0
7166,4.63
7167,4.62
7168,4.5
7169,4.67
7170,4.43
7171,4.46
7172,0.0
7173,4.81
7174,4.79
7175,4.88
7176,4.29
7177,4.83
7178,5.0
7179,4.57
7180,4.33
7181,4.91
7182,0.0
7183,0.0
7184,0.0
7185,0.0
7186,4.89
7187,4.85
7188,4.7
7189,5.0
7190,0.0
7191,4.93
7192,4.5
7193,4.81
7194,4.96
7195,0.0
7196,0.0
7197,4.71
7198,5.0
7199,4.75
7200,4.87
7201,4.93
7202,5.0
7203,4.74
7204,5.0
7205,4.47
7206,4.79
7207,4.46
7208,5.0
7209,4.63
7210,4.92
7211,5.0
7212,5.0
7213,5.0
7214,5.0
7215,0.0
7216,4.91
7217,4.77
7218,4.75
7219,5.0
7220,5.0
7221,4.93
7222,4.89
7223,4.0
7224,4.38
7225,5.0
7226,4.56
7227,0.0
7228,0.0
7229,5.0
7230,5.0
7231,5.0
7232,4.95
7233,4.89
7234,4.92
7235,5.0
7236,4.67
7237,4.71
7238,5.0
7239,4.75
7240,4.97
7241,0.0
7242,4.0
7243,4.6
7244,0.0
7245,0.0
7246,4.76
7247,4.71
7248,0.0
7249,4.85
7250,4.71
7251,4.71
7252,5.0
7253,0.0
7254,4.62
7255,5.0
7256,4.56
7257,0.0
7258,5.0
7259,4.89
7260,4.5
7261,4.48
7262,4.5
7263,0.0
7264,4.75
7265,4.17
7266,4.59
7267,4.56
7268,4.63
7269,3.5
7270,4.6
7271,4.9
7272,4.87
7273,4.72
7274,0.0
7275,4.63
7276,4.45
7277,4.69
7278,4.35
7279,4.96
7280,4.8
7281,4.81
7282,4.88
7283,4.0
7284,3.6
7285,4.43
7286,5.0
7287,5.0
7288,4.93
7289,4.73
7290,4.5
7291,4.88
7292,0.0
7293,4.65
7294,4.9
7295,4.0
7296,0.0
7297,0.0
7298,4.88
7299,4.83
7300,0.0
7301,4.86
7302,4.52
7303,5.0
7304,4.83
7305,4.25
7306,5.0
7307,5.0
7308,5.0
7309,4.9
7310,4.94
7311,4.73
7312,0.0
7313,4.92
7314,5.0
7315,0.0
7316,4.76
7317,4.86
7318,5.0
7319,4.5
7320,4.67
7321,4.75
7322,5.0
7323,4.83
7324,4.92
7325,4.59
7326,5.0
7327,5.0
7328,4.9
7329,4.68
7330,0.0
7331,4.0
7332,4.9
7333,5.0
7334,4.94
7335,0.0
7336,5.0
7337,4.86
7338,0.0
7339,5.0
7340,0.0
7341,0.0
7342,4.96
7343,4.85
7344,5.0
7345,0.0
7346,4.4
7347,4.83
7348,4.67
7349,5.0
7350,4.86
7351,4.78
7352,4.71
7353,5.0
7354,0.0
7355,4.88
7356,0.0
7357,0.0
7358,0.0
7359,4.27
7360,4.96
7361,0.0
7362,4.68
7363,4.88
7364,4.96
7365,4.88
7366,4.57
7367,5.0
7368,5.0
7369,4.9
7370,5.0
7371,5.0
7372,4.73
7373,5.0
7374,0.0
7375,5.0
7376,0.0
7377,4.89
7378,3.67
7379,4.0
7380,3.0
7381,5.0
7382,4.61
7383,0.0
7384,5.0
7385,4.78
7386,4.78
7387,5.0
7388,0.0
7389,0.0
7390,4.5
7391,4.44
7392,4.85
7393,4.71
7394,5.0
7395,0.0
7396,0.0
7397,0.0
7398,4.88
7399,4.92
7400,4.95
7401,4.89
7402,4.94
7403,4.33
7404,1.0
7405,5.0
7406,4.45
7407,0.0
7408,5.0
7409,5.0
7410,4.67
7411,0.0
7412,5.0
7413,0.0
7414,0.0
7415,5.0
7416,4.67
7417,5.0
7418,0.0
7419,4.67
7420,0.0
7421,4.53
7422,4.75
7423,5.0
7424,0.0
7425,4.64
7426,4.64
7427,4.83
7428,0.0
7429,4.8
7430,4.65
7431,0.0
7432,0.0
7433,4.89
7434,4.63
7435,5.0
7436,3.0
7437,4.79
7438,4.88
7439,4.92
7440,4.71
7441,3.67
7442,5.0
7443,5.0
7444,0.0
7445,0.0
7446,3.0
7447,5.0
7448,1.0
7449,4.67
7450,3.0
7451,4.7
7452,4.4
7453,4.43
7454,4.94
7455,3.67
7456,3.0
7457,3.75
7458,4.86
7459,3.67
7460,5.0
7461,0.0
7462,4.96
7463,4.33
7464,0.0
7465,4.68
7466,0.0
7467,5.0
7468,4.96
7469,4.5
7470,4.82
7471,5.0
7472,4.92
7473,0.0
7474,4.43
7475,4.71
7476,5.0
7477,4.67
7478,5.0
7479,0.0
7480,5.0
7481,0.0
7482,4.9
7483,4.93
7484,4.6
7485,4.33
7486,4.33
7487,4.3
7488,4.62
7489,4.33
7490,4.94
7491,4.92
7492,4.89
7493,4.8
7494,0.0
7495,4.88
7496,5.0
7497,4.33
7498,5.0
7499,4.73
7500,0.0
7501,0.0
7502,4.0
7503,4.78
7504,4.57
7505,5.0
7506,5.0
7507,3.0
7508,4.4
7509,0.0
7510,5.0
7511,4.93
7512,4.67
7513,5.0
7514,3.67
7515,0.0
7516,0.0
7517,4.81
7518,5.0
7519,5.0
7520,4.85
7521,4.64
7522,4.2
7523,0.0
7524,4.9
7525,4.92
7526,4.0
7527,4.82
7528,4.89
7529,4.75
7530,5.0
7531,4.4
7532,4.75
7533,4.95
7534,4.48
7535,4.85
7536,5.0
7537,5.0
7538,5.0
7539,0.0
7540,5.0
7541,4.57
7542,4.56
7543,5.0
7544,5.0
7545,4.8
7546,5.0
7547,0.0
7548,5.0
7549,0.0
7550,0.0
7551,0.0
7552,5.0
7553,0.0
7554,5.0
7555,0.0
7556,5.0
7557,0.0
7558,0.0
7559,5.0
7560,0.0
7561,5.0
7562,0.0
7563,4.0
7564,5.0
7565,0.0
7566,4.0
7567,0.0
7568,0.0
7569,0.0
7570,0.0
7571,3.0
7572,5.0
7573,4.0
7574,3.0
7575,3.0
7576,0.0
7577,5.0
7578,4.0
7579,4.0
7580,0.0
7581,4.5
7582,0.0
7583,0.0
7584,0.0
7585,3.0
7586,4.8
7587,4.8
7588,0.0
7589,0.0
7590,5.0
7591,5.0
7592,4.89
7593,5.0
7594,4.92
7595,0.0
7596,4.78
7597,4.75
7598,4.91
7599,5.0
7600,0.0
7601,4.9
7602,4.84
7603,4.65
7604,4.73
7605,4.62
7606,5.0
7607,3.67
7608,4.91
7609,4.83
7610,4.2
7611,4.78
7612,2.0
7613,5.0
7614,4.5
7615,5.0
7616,4.56
7617,4.0
7618,5.0
7619,4.5
7620,5.0
7621,4.7
7622,5.0
7623,5.0
7624,5.0
7625,0.0
7626,0.0
7627,5.0
7628,5.0
7629,0.0
7630,5.0
7631,4.87
7632,4.87
7633,4.69
7634,4.93
7635,5.0
7636,4.74
7637,4.86
7638,5.0
7639,0.0
7640,5.0
7641,4.9
7642,4.5
7643,4.5
7644,4.57
7645,5.0
7646,4.67
7647,2.0
7648,3.5
7649,4.92
7650,4.8
7651,4.43
7652,4.67
7653,0.0
7654,0.0
7655,4.8
7656,0.0
7657,4.5
7658,0.0
7659,0.0
7660,4.81
7661,5.0
7662,5.0
7663,0.0
7664,0.0
7665,0.0
7666,0.0
7667,5.0
7668,5.0
7669,5.0
7670,0.0
7671,4.92
7672,5.0
7673,4.33
7674,1.0
7675,4.89
7676,5.0
7677,4.96
7678,4.67
7679,4.87
7680,0.0
7681,0.0
7682,4.86
7683,3.67
7684,5.0
7685,0.0
7686,4.29
7687,5.0
7688,5.0
7689,4.4
7690,0.0
7691,4.86
7692,4.33
7693,4.6
7694,5.0
7695,5.0
7696,4.0
7697,0.0
7698,4.71
7699,4.0
7700,0.0
7701,0.0
7702,4.63
7703,4.8
7704,4.87
7705,4.0
7706,4.75
7707,4.83
7708,5.0
7709,4.4
7710,5.0
7711,4.86
7712,4.86
7713,0.0
7714,4.4
7715,4.93
7716,4.5
7717,0.0
7718,0.0
7719,5.0
7720,4.88
7721,4.88
7722,0.0
7723,5.0
7724,4.75
7725,4.5
7726,4.71
7727,4.56
7728,4.0
7729,4.0
7730,4.9
7731,4.62
7732,4.17
7733,5.0
7734,5.0
7735,4.82
7736,4.77
7737,5.0
7738,0.0
7739,4.7
7740,4.57
7741,4.93
7742,4.93
7743,0.0
7744,0.0
7745,5.0
7746,4.65
7747,4.88
7748,4.82
7749,4.96
7750,0.0
7751,4.9
7752,0.0
7753,0.0
7754,5.0
7755,4.93
7756,4.94
7757,4.76
7758,4.92
7759,4.58
7760,4.92
7761,4.9
7762,0.0
7763,4.5
7764,4.17
7765,5.0
7766,5.0
7767,4.83
7768,0.0
7769,5.0
7770,4.83
7771,5.0
7772,5.0
7773,4.43
7774,0.0
7775,4.94
7776,0.0
7777,4.6
7778,4.86
7779,5.0
7780,4.63
7781,4.75
7782,4.86
7783,4.88
7784,4.75
7785,0.0
7786,4.75
7787,0.0
7788,4.67
7789,0.0
7790,0.0
7791,4.85
7792,4.1
7793,0.0
7794,4.57
7795,4.75
7796,4.25
7797,4.94
7798,4.37
7799,4.82
7800,3.33
7801,4.2
7802,2.5
7803,5.0
7804,4.8
7805,5.0
7806,5.0
7807,4.33
7808,4.82
7809,4.89
7810,0.0
7811,4.5
7812,0.0
7813,5.0
7814,4.57
7815,4.58
7816,3.67
7817,5.0
7818,4.92
7819,4.88
7820,4.62
7821,5.0
7822,4.9
7823,4.88
7824,4.85
7825,5.0
7826,4.82
7827,4.78
7828,4.91
7829,4.9
7830,5.0
7831,4.91
7832,4.92
7833,5.0
7834,2.67
7835,0.0
7836,4.9
7837,5.0
7838,5.0
7839,5.0
7840,0.0
7841,4.94
7842,0.0
7843,4.88
7844,4.9
7845,4.75
7846,5.0
7847,5.0
7848,4.52
7849,5.0
7850,4.92
7851,4.94
7852,4.7
7853,0.0
7854,5.0
7855,0.0
7856,4.46
7857,0.0
7858,0.0
7859,5.0
7860,4.79
7861,4.5
7862,0.0
7863,4.93
7864,4.75
7865,4.91
7866,3.25
7867,5.0
7868,4.96
7869,0.0
7870,4.0
7871,4.87
7872,4.67
7873,0.0
7874,4.75
7875,0.0
7876,5.0
7877,4.67
7878,3.0
7879,4.83
7880,4.0
7881,4.83
7882,0.0
7883,5.0
7884,5.0
7885,5.0
7886,5.0
7887,0.0
7888,5.0
7889,5.0
7890,5.0
7891,4.82
7892,4.83
7893,4.71
7894,4.67
7895,5.0
7896,4.75
7897,5.0
7898,4.93
7899,0.0
7900,5.0
7901,4.8
7902,5.0
7903,5.0
7904,5.0
7905,5.0
7906,5.0
7907,5.0
7908,4.86
7909,5.0
7910,4.8
7911,5.0
7912,4.75
7913,0.0
7914,4.86
7915,3.67
7916,4.75
7917,0.0
7918,4.69
7919,4.75
7920,4.94
7921,4.67
7922,4.86
7923,4.72
7924,4.85
7925,5.0
7926,4.74
7927,0.0
7928,4.69
7929,0.0
7930,0.0
7931,4.9
7932,5.0
7933,5.0
7934,0.0
7935,5.0
7936,4.0
7937,4.88
7938,0.0
7939,4.7
7940,4.67
7941,4.5
7942,4.85
7943,4.0
7944,5.0
7945,0.0
7946,4.75
7947,4.6
7948,4.7
7949,4.88
7950,4.9
7951,4.69
7952,5.0
7953,4.83
7954,4.69
7955,0.0
7956,4.7
7957,4.75
7958,5.0
7959,4.75
7960,5.0
7961,5.0
7962,4.5
7963,3.8
7964,4.8
7965,4.8
7966,4.97
7967,5.0
7968,5.0
7969,0.0
7970,4.92
7971,4.78
7972,4.6
7973,2.5
7974,4.75
7975,4.33
7976,4.6
7977,4.8
7978,4.6
7979,5.0
7980,4.6
7981,0.0
7982,0.0
7983,4.4
7984,0.0
7985,5.0
7986,4.0
7987,0.0
7988,4.0
7989,0.0
7990,4.5
7991,5.0
7992,5.0
7993,4.8
7994,5.0
7995,4.54
7996,4.81
7997,4.89
7998,5.0
7999,4.71
8000,4.8
8001,0.0
8002,5.0
8003,4.5
8004,5.0
8005,4.75
8006,4.68
8007,4.0
8008,4.85
8009,4.89
8010,4.56
8011,5.0
8012,4.57
8013,5.0
8014,4.7
8015,5.0
8016,0.0
8017,4.94
8018,5.0
8019,0.0
8020,4.86
8021,3.5
8022,0.0
8023,4.9
8024,4.87
8025,5.0
8026,0.0
8027,5.0
8028,5.0
8029,0.0
8030,0.0
8031,5.0
8032,5.0
8033,3.33
8034,5.0
8035,0.0
8036,4.45
8037,4.63
8038,5.0
8039,4.47
8040,4.83
8041,4.75
8042,5.0
8043,0.0
8044,0.0
8045,0.0
8046,4.59
8047,4.79
8048,4.94
8049,4.77
8050,5.0
8051,4.75
8052,4.8
8053,0.0
8054,2.5
8055,5.0
8056,4.6
8057,3.5
8058,4.88
8059,5.0
8060,0.0
8061,0.0
8062,4.57
8063,0.0
8064,5.0
8065,5.0
8066,4.62
8067,4.92
8068,4.17
8069,5.0
8070,0.0
8071,5.0
8072,4.36
8073,0.0
8074,4.6
8075,5.0
8076,5.0
8077,4.73
8078,4.0
8079,4.83
8080,5.0
8081,5.0
8082,0.0
8083,5.0
8084,5.0
8085,5.0
8086,5.0
8087,4.91
8088,4.5
8089,0.0
8090,5.0
8091,5.0
8092,4.83
8093,4.0
8094,3.5
8095,2.67
8096,0.0
8097,4.58
8098,4.75
8099,0.0
8100,5.0
8101,5.0
8102,4.44
8103,4.67
8104,4.0
8105,5.0
8106,4.67
8107,5.0
8108,5.0
8109,4.86
8110,5.0
8111,5.0
8112,4.56
8113,4.6
8114,3.0
8115,4.64
8116,4.67
8117,0.0
8118,0.0
8119,0.0
8120,0.0
8121,4.83
8122,5.0
8123,0.0
8124,4.59
8125,0.0
8126,5.0
8127,0.0
8128,4.5
8129,4.33
8130,4.67
8131,5.0
8132,0.0
8133,4.75
8134,5.0
8135,0.0
8136,3.5
8137,4.75
8138,0.0
8139,0.0
8140,5.0
8141,5.0
8142,5.0
8143,4.8
8144,5.0
8145,4.5
8146,0.0
8147,4.0
8148,5.0
8149,4.42
8150,4.83
8151,1.0
8152,0.0
8153,4.83
8154,0.0
8155,5.0
8156,5.0
8157,4.33
8158,4.4
8159,4.94
8160,5.0
8161,4.38
8162,3.33
8163,4.33
8164,4.92
8165,4.88
8166,4.83
8167,5.0
8168,0.0
8169,5.0
8170,5.0
8171,4.5
8172,0.0
8173,0.0
8174,4.83
8175,0.0
8176,4.33
8177,5.0
8178,4.92
8179,4.5
8180,4.87
8181,4.86
8182,4.77
8183,4.67
8184,4.9
8185,4.67
8186,4.2
8187,4.8
8188,5.0
8189,4.88
8190,4.25
8191,4.18
8192,5.0
8193,4.48
8194,4.5
8195,4.75
8196,0.0
8197,0.0
8198,5.0
8199,4.77
8200,5.0
8201,5.0
8202,4.0
8203,5.0
8204,4.89
8205,4.56
8206,4.78
8207,4.0
8208,4.61
8209,5.0
8210,4.75
8211,4.25
8212,4.85
8213,4.83
8214,4.6
8215,4.88
8216,5.0
8217,4.89
8218,4.44
8219,4.7
8220,0.0
8221,4.83
8222,4.0
8223,5.0
8224,5.0
8225,5.0
8226,4.71
8227,0.0
8228,4.2
8229,5.0
8230,4.91
8231,0.0
8232,4.8
8233,4.0
8234,3.0
8235,4.88
8236,5.0
8237,0.0
8238,4.79
8239,5.0
8240,0.0
8241,5.0
8242,0.0
8243,0.0
8244,4.8
8245,4.92
8246,0.0
8247,4.94
8248,0.0
8249,5.0
8250,5.0
8251,4.43
8252,4.91
8253,0.0
8254,4.57
8255,4.5
8256,4.58
8257,4.71
8258,0.0
8259,4.7
8260,4.4
8261,4.75
8262,4.78
8263,5.0
8264,5.0
8265,0.0
8266,4.68
8267,5.0
8268,4.0
8269,4.54
8270,0.0
8271,0.0
8272,4.0
8273,0.0
8274,4.43
8275,5.0
8276,5.0
8277,4.54
8278,5.0
8279,0.0
8280,5.0
8281,0.0
8282,0.0
8283,4.0
8284,5.0
8285,4.93
8286,4.82
8287,4.69
8288,0.0
8289,5.0
8290,5.0
8291,0.0
8292,4.78
8293,4.92
8294,4.75
8295,3.89
8296,0.0
8297,0.0
8298,5.0
8299,5.0
8300,3.0
8301,5.0
8302,4.83
8303,4.75
8304,4.25
8305,0.0
8306,0.0
8307,5.0
8308,0.0
8309,4.91
8310,0.0
8311,4.86
8312,0.0
8313,4.83
8314,5.0
8315,5.0
8316,0.0
8317,5.0
8318,0.0
8319,5.0
8320,4.92
8321,5.0
8322,0.0
8323,5.0
8324,4.71
8325,4.83
8326,0.0
8327,4.6
8328,4.0
8329,5.0
8330,0.0
8331,0.0
8332,5.0
8333,5.0
8334,0.0
8335,5.0
8336,0.0
8337,4.67
8338,4.0
8339,0.0
8340,5.0
8341,5.0
8342,5.0
8343,0.0
8344,5.0
8345,5.0
8346,4.67
8347,3.0
8348,0.0
8349,5.0
8350,4.27
8351,4.5
8352,0.0
8353,5.0
8354,4.5
8355,0.0
8356,5.0
8357,4.5
8358,5.0
8359,4.67
8360,5.0
8361,5.0
8362,4.56
8363,2.5
8364,3.4
8365,4.5
8366,0.0
8367,4.0
8368,0.0
8369,0.0
8370,5.0
8371,4.8
8372,5.0
8373,0.0
8374,4.67
8375,4.71
8376,0.0
8377,5.0
8378,5.0
8379,5.0
8380,2.5
8381,4.88
8382,4.86
8383,4.6
8384,0.0
8385,4.68
8386,4.67
8387,5.0
8388,5.0
8389,0.0
8390,0.0
8391,5.0
8392,5.0
8393,4.67
8394,5.0
8395,5.0
8396,5.0
8397,5.0
8398,5.0
8399,0.0
8400,4.0
8401,3.67
8402,3.33
8403,0.0
8404,1.0
8405,0.0
8406,5.0
8407,5.0
8408,0.0
8409,0.0
8410,0.0
8411,4.67
8412,4.69
8413,5.0
8414,0.0
8415,4.5
8416,5.0
8417,5.0
8418,5.0
8419,4.83
8420,0.0
8421,5.0
8422,4.75
8423,4.4
8424,4.92
8425,5.0
8426,5.0
8427,5.0
8428,0.0
8429,4.0
8430,5.0
8431,4.0
8432,5.0
8433,4.92
8434,4.86
8435,5.0
8436,0.0
8437,5.0
8438,3.43
8439,4.6
8440,5.0
8441,4.5
8442,5.0
8443,5.0
8444,4.88
8445,5.0
8446,4.64
8447,4.6
8448,5.0
8449,4.82
8450,4.88
8451,4.9
8452,0.0
8453,4.33
8454,0.0
8455,2.0
8456,0.0
8457,4.5
8458,4.93
8459,5.0
8460,5.0
8461,5.0
8462,4.57
8463,0.0
8464,0.0
8465,5.0
8466,4.63
8467,0.0
8468,4.93
8469,4.89
8470,0.0
8471,3.5
8472,5.0
8473,4.0
8474,5.0
8475,4.75
8476,5.0
8477,0.0
8478,4.94
8479,4.5
8480,0.0
8481,4.88
8482,5.0
8483,3.0
8484,0.0
8485,4.5
8486,0.0
8487,4.67
8488,4.57
8489,5.0
8490,0.0
8491,5.0
8492,5.0
8493,0.0
8494,5.0
8495,5.0
8496,4.75
8497,5.0
8498,4.93
8499,5.0
8500,0.0
8501,5.0
8502,4.5
8503,0.0
8504,0.0
8505,0.0
8506,0.0
8507,0.0
8508,0.0
8509,0.0
8510,4.67
8511,4.5
8512,0.0
8513,4.52
8514,0.0
8515,0.0
8516,0.0
8517,4.83
8518,0.0
8519,4.74
8520,5.0
8521,2.0
8522,5.0
8523,5.0
8524,0.0
8525,0.0
8526,0.0
8527,5.0
8528,0.0
8529,0.0
8530,3.86
8531,0.0
8532,5.0
8533,0.0
8534,0.0
8535,4.0
8536,4.5
8537,0.0
8538,4.75
8539,4.88
8540,5.0
8541,4.53
8542,5.0
8543,4.5
8544,5.0
8545,0.0
8546,4.83
8547,4.0
8548,4.33
8549,0.0
8550,4.25
8551,4.33
8552,5.0
8553,4.86
8554,4.92
8555,4.71
8556,4.75
8557,4.8
8558,0.0
8559,5.0
8560,4.8
8561,4.86
8562,4.88
8563,3.0
8564,4.5
8565,0.0
8566,4.88
8567,0.0
8568,0.0
8569,0.0
8570,4.83
8571,5.0
8572,5.0
8573,4.6
8574,4.5
8575,0.0
8576,4.67
8577,4.8
8578,4.67
8579,4.17
8580,4.6
8581,0.0
8582,5.0
8583,4.5
8584,3.67
8585,5.0
8586,0.0
8587,4.77
8588,0.0
8589,0.0
8590,4.78
8591,0.0
8592,0.0
8593,0.0
8594,5.0
8595,5.0
8596,0.0
8597,5.0
8598,5.0
8599,4.75
8600,5.0
8601,0.0
8602,5.0
8603,0.0
8604,0.0
8605,0.0
8606,0.0
8607,4.75
8608,5.0
8609,0.0
8610,4.0
8611,0.0
8612,5.0
8613,0.0
8614,4.86
8615,5.0
8616,0.0
8617,4.67
8618,4.75
8619,0.0
8620,4.83
8621,0.0
8622,4.38
8623,5.0
8624,5.0
8625,5.0
8626,4.5
8627,4.45
8628,5.0
8629,4.92
8630,5.0
8631,4.82
8632,4.91
8633,0.0
8634,4.89
8635,5.0
8636,4.78
8637,4.0
8638,4.92
8639,5.0
8640,0.0
8641,4.5
8642,0.0
8643,0.0
8644,3.0
8645,4.44
8646,3.0
8647,4.67
8648,4.2
8649,4.67
8650,5.0
8651,5.0
8652,4.67
8653,0.0
8654,5.0
8655,4.67
8656,0.0
8657,4.0
8658,4.0
8659,0.0
8660,5.0
8661,4.0
8662,5.0
8663,4.75
8664,4.43
8665,4.86
8666,4.1
8667,4.82
8668,4.56
8669,4.85
8670,5.0
8671,0.0
8672,5.0
8673,4.67
8674,5.0
8675,4.67
8676,5.0
8677,4.89
8678,4.8
8679,5.0
8680,4.9
8681,5.0
8682,4.33
8683,4.75
8684,5.0
8685,5.0
8686,0.0
8687,0.0
8688,4.5
8689,5.0
8690,4.86
8691,5.0
8692,0.0
8693,4.95
8694,0.0
8695,5.0
8696,4.5
8697,4.67
8698,5.0
8699,3.67
8700,4.33
8701,5.0
8702,5.0
8703,0.0
8704,0.0
8705,4.67
8706,4.67
8707,0.0
8708,4.0
8709,5.0
8710,5.0
8711,5.0
8712,0.0
8713,5.0
8714,5.0
8715,4.67
8716,5.0
8717,4.64
8718,4.33
8719,5.0
8720,4.79
8721,4.33
8722,4.67
8723,4.8
8724,5.0
8725,0.0
8726,5.0
8727,4.86
8728,5.0
8729,0.0
8730,0.0
8731,5.0
8732,4.83
8733,5.0
8734,4.89
8735,4.0
8736,0.0
8737,0.0
8738,5.0
8739,4.14
8740,0.0
8741,5.0
8742,0.0
8743,4.5
8744,0.0
8745,0.0
8746,4.67
8747,5.0
8748,5.0
8749,0.0
8750,4.0
8751,0.0
8752,0.0
8753,0.0
8754,0.0
8755,5.0
8756,4.5
8757,5.0
8758,5.0
8759,0.0
8760,0.0
8761,4.7
8762,5.0
8763,4.75
8764,0.0
8765,5.0
8766,0.0
8767,5.0
8768,4.0
8769,4.29
8770,4.53
8771,4.22
8772,5.0
8773,0.0
8774,5.0
8775,5.0
8776,3.88
8777,0.0
8778,0.0
8779,4.55
8780,5.0
8781,4.2
8782,4.5
8783,0.0
8784,5.0
8785,4.5
8786,0.0
8787,4.75
8788,4.38
8789,4.67
8790,0.0
8791,0.0
8792,5.0
8793,5.0
8794,0.0
8795,4.83
8796,5.0
8797,5.0
8798,0.0
8799,4.8
8800,0.0
8801,5.0
8802,5.0
8803,0.0
8804,0.0
8805,0.0
8806,0.0
8807,5.0
8808,4.25
8809,5.0
8810,0.0
8811,4.73
8812,0.0
8813,0.0
8814,0.0
8815,4.87
8816,5.0
8817,0.0
8818,0.0
8819,5.0
8820,5.0
8821,5.0
8822,5.0
8823,5.0
8824,5.0
8825,2.8
8826,5.0
8827,5.0
8828,4.86
8829,5.0
8830,5.0
8831,0.0
8832,0.0
8833,0.0
8834,5.0
8835,3.75
8836,2.5
8837,4.5
8838,3.5
8839,5.0
8840,4.75
8841,3.5
8842,4.67
8843,5.0
8844,0.0
8845,4.8
8846,5.0
8847,5.0
8848,4.5
8849,5.0
8850,5.0
8851,4.5
8852,5.0
8853,5.0
8854,5.0
8855,4.75
8856,0.0
8857,5.0
8858,5.0
8859,4.75
8860,5.0
8861,5.0
8862,0.0
8863,5.0
8864,5.0
8865,5.0
8866,0.0
8867,4.62
8868,4.8
8869,5.0
8870,5.0
8871,4.57
8872,5.0
8873,0.0
8874,5.0
8875,0.0
8876,4.4
8877,4.33
8878,5.0
8879,5.0
8880,5.0
8881,4.0
8882,5.0
8883,5.0
8884,4.33
8885,0.0
8886,4.67
8887,0.0
8888,5.0
8889,5.0
8890,0.0
8891,0.0
8892,4.71
8893,5.0
8894,4.0
8895,4.58
8896,5.0
8897,4.0
8898,0.0
8899,5.0
8900,0.0
8901,0.0
8902,4.0
8903,4.8
8904,0.0
8905,5.0
8906,3.0
8907,4.75
8908,0.0
8909,5.0
8910,5.0
8911,0.0
8912,0.0
8913,0.0
8914,4.25
8915,0.0
8916,5.0
8917,4.5
8918,5.0
8919,3.9
8920,0.0
8921,4.67
8922,5.0
8923,3.0
8924,5.0
8925,0.0
8926,4.75
8927,3.0
8928,5.0
8929,5.0
8930,5.0
8931,0.0
8932,5.0
8933,4.5
8934,0.0
8935,4.67
8936,0.0
8937,4.0
8938,5.0
8939,0.0
8940,5.0
8941,4.5
8942,5.0
8943,0.0
8944,5.0
8945,0.0
8946,0.0
8947,0.0
8948,0.0
8949,2.0
8950,5.0
8951,5.0
8952,0.0
8953,5.0
8954,5.0
8955,5.0
8956,5.0
8957,5.0
8958,4.6
8959,3.0
8960,4.33
8961,0.0
8962,5.0
8963,4.2
8964,0.0
8965,0.0
8966,0.0
8967,0.0
8968,5.0
8969,5.0
8970,0.0
8971,5.0
8972,0.0
8973,4.3
8974,3.33
8975,0.0
8976,4.83
8977,4.71
8978,5.0
8979,1.0
8980,0.0
8981,1.0
8982,5.0
8983,5.0
8984,5.0
8985,4.9
8986,5.0
8987,0.0
8988,5.0
8989,5.0
8990,0.0
8991,4.0
8992,4.0
8993,5.0
8994,5.0
8995,5.0
8996,5.0
8997,4.67
8998,5.0
8999,5.0
9000,4.8
9001,0.0
9002,0.0
9003,4.5
9004,5.0
9005,4.5
9006,5.0
9007,3.0
9008,0.0
9009,5.0
9010,5.0
9011,4.93
9012,5.0
9013,5.0
9014,5.0
9015,4.91
9016,0.0
9017,5.0
9018,5.0
9019,4.73
9020,4.4
9021,0.0
9022,5.0
9023,4.0
9024,5.0
9025,4.5
9026,4.5
9027,5.0
9028,4.75
9029,2.5
9030,4.5
9031,5.0
9032,4.7
9033,4.5
9034,0.0
9035,4.5
9036,5.0
9037,0.0
9038,5.0
9039,0.0
9040,4.64
9041,4.67
9042,0.0
9043,0.0
9044,5.0
9045,0.0
9046,0.0
9047,0.0
9048,5.0
9049,0.0
9050,0.0
9051,0.0
9052,0.0
9053,0.0
9054,4.0
9055,0.0
9056,0.0
9057,5.0
9058,0.0
9059,5.0
9060,0.0
9061,5.0
9062,5.0
9063,3.0
9064,5.0
9065,0.0
9066,0.0
9067,1.5
9068,0.0
9069,0.0
9070,2.0
9071,0.0
9072,4.5
9073,0.0
9074,0.0
9075,5.0
9076,0.0
9077,2.0
9078,1.0
9079,5.0
9080,0.0
9081,5.0
9082,4.6
9083,3.0
9084,4.93
9085,0.0
9086,0.0
9087,5.0
9088,0.0
9089,4.75
9090,0.0
9091,0.0
9092,0.0
9093,0.0
9094,5.0
9095,5.0
9096,0.0
9097,0.0
9098,4.5
9099,3.5
9100,0.0
9101,5.0
9102,4.0
9103,5.0
9104,5.0
9105,5.0
9106,4.5
9107,0.0
9108,0.0
9109,0.0
9110,4.67
9111,0.0
9112,5.0
9113,0.0
9114,5.0
9115,0.0
9116,5.0
9117,0.0
9118,5.0
9119,0.0
9120,5.0
9121,0.0
9122,5.0
9123,5.0
9124,5.0
9125,0.0
9126,0.0
9127,0.0
9128,5.0
9129,4.2
9130,0.0
9131,5.0
9132,0.0
9133,4.5
9134,5.0
9135,0.0
9136,5.0
9137,5.0
9138,4.0
9139,5.0
9140,0.0
9141,0.0
9142,5.0
9143,0.0
9144,4.75
9145,5.0
9146,4.0
9147,0.0
9148,5.0
9149,5.0
9150,5.0
9151,0.0
9152,4.0
9153,4.83
9154,4.75
9155,4.75
9156,0.0
9157,0.0
9158,0.0
9159,5.0
9160,0.0
9161,4.75
9162,4.6
9163,5.0
9164,5.0
9165,0.0
9166,4.0
9167,0.0
9168,0.0
9169,3.67
9170,0.0
9171,0.0
9172,0.0
9173,0.0
9174,0.0
9175,4.8
9176,0.0
9177,5.0
9178,0.0
9179,0.0
9180,4.67
9181,0.0
9182,5.0
9183,4.5
9184,0.0
9185,0.0
9186,0.0
9187,0.0
9188,5.0
9189,0.0
9190,4.0
9191,0.0
9192,5.0
9193,0.0
9194,0.0
9195,5.0
9196,0.0
9197,5.0
9198,0.0
9199,0.0
9200,0.0
9201,5.0
9202,4.75
9203,0.0
9204,0.0
9205,0.0
9206,0.0
9207,0.0
9208,5.0
9209,0.0
9210,5.0
9211,5.0
9212,5.0
9213,5.0
9214,5.0
9215,5.0
9216,5.0
9217,0.0
9218,0.0
9219,0.0
9220,5.0
9221,0.0
9222,0.0
9223,0.0
9224,0.0
9225,0.0
9226,5.0
9227,0.0
9228,0.0
9229,5.0
9230,4.75
9231,4.5
9232,0.0
9233,4.0
9234,0.0
9235,4.0
9236,0.0
9237,0.0
9238,0.0
9239,5.0
9240,5.0
9241,5.0
9242,4.0
9243,0.0
9244,0.0
9245,0.0
9246,0.0
9247,0.0
9248,0.0
9249,0.0
9250,5.0
9251,0.0
9252,0.0
9253,5.0
9254,5.0
9255,0.0
9256,0.0
9257,5.0
9258,0.0
9259,0.0
9260,0.0
9261,0.0
9262,0.0
9263,0.0
9264,5.0
9265,0.0
9266,5.0
9267,0.0
9268,0.0
9269,5.0
9270,0.0
9271,5.0
9272,0.0
9273,0.0
9274,0.0
9275,4.5
9276,0.0
9277,0.0
9278,5.0
9279,0.0
9280,5.0
9281,0.0
9282,0.0
9283,0.0
9284,0.0
9285,4.0
9286,0.0
9287,0.0
9288,0.0
9289,5.0
9290,0.0
9291,4.67
9292,0.0
9293,0.0
9294,0.0
9295,4.5
9296,4.0
9297,0.0
9298,0.0
9299,0.0
9300,0.0
9301,0.0
9302,0.0
9303,0.0
9304,5.0
9305,0.0
9306,0.0
9307,0.0
9308,4.0
9309,5.0
9310,5.0
9311,0.0
9312,0.0
9313,5.0
9314,5.0
9315,0.0
9316,0.0
9317,0.0
9318,0.0
9319,0.0
9320,0.0
9321,0.0
9322,0.0
9323,0.0
9324,5.0
9325,5.0
9326,0.0
9327,0.0
9328,5.0
9329,0.0
9330,0.0
9331,0.0
9332,0.0
9333,0.0
9334,0.0
9335,0.0
9336,5.0
9337,0.0
9338,0.0
9339,0.0
9340,5.0
9341,0.0
9342,0.0
9343,4.75
9344,0.0
9345,0.0
9346,5.0
9347,0.0
9348,0.0
9349,0.0
9350,0.0
9351,0.0
9352,0.0
9353,0.0
9354,0.0
9355,0.0
9356,4.0
9357,0.0
9358,0.0
9359,0.0
9360,0.0
9361,0.0
9362,0.0
9363,0.0
9364,0.0
9365,5.0
9366,0.0
9367,4.0
9368,0.0
9369,0.0
9370,0.0
9371,0.0
9372,0.0
9373,0.0
9374,0.0
9375,0.0
9376,0.0
9377,0.0
9378,0.0
9379,0.0
9380,0.0
9381,0.0
9382,0.0
9383,5.0
9384,5.0
9385,5.0
9386,0.0
9387,0.0
9388,0.0
9389,0.0
9390,0.0
9391,0.0
9392,0.0
9393,0.0
9394,5.0
9395,0.0
9396,0.0
9397,0.0
9398,0.0
9399,0.0
9400,0.0
9401,0.0
9402,0.0
9403,0.0
9404,0.0
9405,0.0
9406,5.0
9407,0.0
9408,0.0
9409,0.0
9410,0.0
9411,0.0
9412,0.0
9413,0.0
9414,0.0
9415,0.0
9416,0.0
9417,0.0
9418,0.0
9419,0.0
9420,0.0
9421,5.0
9422,0.0
9423,0.0
9424,0.0
9425,0.0
9426,0.0
9427,0.0
9428,0.0
9429,0.0
9430,0.0
9431,0.0
9432,0.0
9433,0.0
9434,1.0
9435,0.0
9436,5.0
9437,0.0
9438,0.0
9439,0.0
9440,0.0
9441,0.0
9442,0.0
9443,0.0
9444,0.0
9445,0.0
9446,0.0
