,review_scores_location
0,4.51
1,4.0
2,4.6
3,4.84
4,4.52
5,4.25
6,4.91
7,4.77
8,4.76
9,5.0
10,4.77
11,4.85
12,4.87
13,4.95
14,4.84
15,0.0
16,4.77
17,4.81
18,4.93
19,4.66
20,4.89
21,4.58
22,4.58
23,4.75
24,4.91
25,4.92
26,4.57
27,4.71
28,4.65
29,4.88
30,4.74
31,4.7
32,4.91
33,4.8
34,4.54
35,4.81
36,4.9
37,4.84
38,4.83
39,4.99
40,4.96
41,4.38
42,4.88
43,4.78
44,4.64
45,4.94
46,4.39
47,4.52
48,4.88
49,4.67
50,4.96
51,4.85
52,4.93
53,4.94
54,4.95
55,4.94
56,4.95
57,4.95
58,4.95
59,4.88
60,4.74
61,4.58
62,4.58
63,0.0
64,4.89
65,4.95
66,4.92
67,4.82
68,4.93
69,4.93
70,4.33
71,4.78
72,4.95
73,4.13
74,5.0
75,4.77
76,4.72
77,4.95
78,4.91
79,4.55
80,4.77
81,4.78
82,4.93
83,4.57
84,4.92
85,4.66
86,4.84
87,4.78
88,4.87
89,4.33
90,4.34
91,4.84
92,4.68
93,4.77
94,4.82
95,4.68
96,4.86
97,4.79
98,4.8
99,4.98
100,5.0
101,4.89
102,4.9
103,4.28
104,4.96
105,4.91
106,4.73
107,4.76
108,4.56
109,4.63
110,4.59
111,4.45
112,4.82
113,4.77
114,4.88
115,4.71
116,3.8
117,4.95
118,4.74
119,4.5
120,0.0
121,4.92
122,4.66
123,4.69
124,4.86
125,4.96
126,4.6
127,4.59
128,4.86
129,4.83
130,4.73
131,4.63
132,4.92
133,4.5
134,4.61
135,4.95
136,4.64
137,4.84
138,4.91
139,4.71
140,4.81
141,4.42
142,4.68
143,4.78
144,4.87
145,4.66
146,4.84
147,4.66
148,4.9
149,5.0
150,4.95
151,4.7
152,4.8
153,4.61
154,4.67
155,4.95
156,4.72
157,4.79
158,4.86
159,4.86
160,4.84
161,0.0
162,0.0
163,4.67
164,4.69
165,4.8
166,4.74
167,4.92
168,4.96
169,4.95
170,4.76
171,4.92
172,4.5
173,4.93
174,0.0
175,4.9
176,4.89
177,4.66
178,4.96
179,4.6
180,4.69
181,4.75
182,4.0
183,4.67
184,4.87
185,4.38
186,4.51
187,4.87
188,4.76
189,4.76
190,4.83
191,4.75
192,4.86
193,4.87
194,4.96
195,4.98
196,4.89
197,4.49
198,4.9
199,4.87
200,4.85
201,4.98
202,5.0
203,4.98
204,4.69
205,4.62
206,0.0
207,4.38
208,4.88
209,4.6
210,4.89
211,4.33
212,4.99
213,4.92
214,4.79
215,5.0
216,4.89
217,4.72
218,4.97
219,4.87
220,4.57
221,4.86
222,4.64
223,4.91
224,4.89
225,4.79
226,4.78
227,4.93
228,4.85
229,4.89
230,4.96
231,4.84
232,4.4
233,4.88
234,4.93
235,4.7
236,4.87
237,4.97
238,4.8
239,4.59
240,4.79
241,4.35
242,4.58
243,4.7
244,4.67
245,4.67
246,4.69
247,4.87
248,4.95
249,4.89
250,4.91
251,4.55
252,4.65
253,4.84
254,4.85
255,4.83
256,4.99
257,4.91
258,4.76
259,4.63
260,5.0
261,4.97
262,4.74
263,4.74
264,4.56
265,4.8
266,4.7
267,4.91
268,4.5
269,4.74
270,4.89
271,4.83
272,0.0
273,4.89
274,4.7
275,4.88
276,4.67
277,5.0
278,4.24
279,4.76
280,0.0
281,4.99
282,4.68
283,0.0
284,4.5
285,4.44
286,4.83
287,4.77
288,4.95
289,4.74
290,5.0
291,4.86
292,4.81
293,4.88
294,0.0
295,4.93
296,4.93
297,4.96
298,4.33
299,4.93
300,4.88
301,0.0
302,4.15
303,4.84
304,4.88
305,4.89
306,4.88
307,5.0
308,4.51
309,4.78
310,4.64
311,4.51
312,5.0
313,4.67
314,4.81
315,5.0
316,4.76
317,4.61
318,4.98
319,4.57
320,4.49
321,4.72
322,4.0
323,4.53
324,4.96
325,4.88
326,4.64
327,4.69
328,4.93
329,4.92
330,4.95
331,4.7
332,4.71
333,4.93
334,4.6
335,4.96
336,4.93
337,4.88
338,4.77
339,4.57
340,4.67
341,4.71
342,4.96
343,4.85
344,5.0
345,4.6
346,4.76
347,4.76
348,4.5
349,4.8
350,4.44
351,4.57
352,4.4
353,4.98
354,4.86
355,5.0
356,4.18
357,4.8
358,4.84
359,4.88
360,4.97
361,4.8
362,4.84
363,4.98
364,4.85
365,4.56
366,4.84
367,4.3
368,4.78
369,4.67
370,4.9
371,4.91
372,4.93
373,4.63
374,4.79
375,4.89
376,4.93
377,4.89
378,4.86
379,4.74
380,4.81
381,4.71
382,4.64
383,4.65
384,4.92
385,4.93
386,4.76
387,4.82
388,4.76
389,4.76
390,4.78
391,4.86
392,4.97
393,4.97
394,4.88
395,4.44
396,4.98
397,4.63
398,4.99
399,4.55
400,4.68
401,4.88
402,4.8
403,4.95
404,4.83
405,4.54
406,4.95
407,4.57
408,4.78
409,4.64
410,4.94
411,5.0
412,4.73
413,4.97
414,4.47
415,4.88
416,4.51
417,4.9
418,4.8
419,4.75
420,4.38
421,4.51
422,4.89
423,4.67
424,4.95
425,4.93
426,4.97
427,4.9
428,4.98
429,4.83
430,4.71
431,4.55
432,4.5
433,4.0
434,4.48
435,4.86
436,4.97
437,4.69
438,4.75
439,4.52
440,4.53
441,4.61
442,4.55
443,4.97
444,4.17
445,4.53
446,4.57
447,4.55
448,4.85
449,4.94
450,4.78
451,4.81
452,4.74
453,4.97
454,4.31
455,4.9
456,4.91
457,4.74
458,3.0
459,4.76
460,4.84
461,4.91
462,4.77
463,3.67
464,4.88
465,4.6
466,4.87
467,4.33
468,4.17
469,4.82
470,4.67
471,4.72
472,0.0
473,4.68
474,4.97
475,4.91
476,4.85
477,4.9
478,4.92
479,4.93
480,4.76
481,4.93
482,4.74
483,4.68
484,4.51
485,4.75
486,4.87
487,4.56
488,4.6
489,4.72
490,4.54
491,4.21
492,4.32
493,4.77
494,4.73
495,4.86
496,4.66
497,4.99
498,4.78
499,4.87
500,4.62
501,4.78
502,4.36
503,4.96
504,3.93
505,4.73
506,4.27
507,4.74
508,4.79
509,4.53
510,4.74
511,4.87
512,4.98
513,4.95
514,4.43
515,4.82
516,4.96
517,4.63
518,4.0
519,4.6
520,4.75
521,4.95
522,4.49
523,4.78
524,4.65
525,4.8
526,4.56
527,4.66
528,4.74
529,4.97
530,0.0
531,4.74
532,4.96
533,4.89
534,4.86
535,4.87
536,4.96
537,4.63
538,4.98
539,4.97
540,4.95
541,4.89
542,4.92
543,4.69
544,4.68
545,4.33
546,4.82
547,4.54
548,4.62
549,4.9
550,4.24
551,4.87
552,4.93
553,4.62
554,4.8
555,4.92
556,5.0
557,4.6
558,5.0
559,4.86
560,4.93
561,5.0
562,4.84
563,4.72
564,4.89
565,4.66
566,4.62
567,4.76
568,4.81
569,4.68
570,4.91
571,4.33
572,4.92
573,4.93
574,4.73
575,4.43
576,4.55
577,0.0
578,4.64
579,4.5
580,4.67
581,4.72
582,3.83
583,4.62
584,4.95
585,4.86
586,4.91
587,4.85
588,4.84
589,4.96
590,4.62
591,4.82
592,4.79
593,4.94
594,4.67
595,4.94
596,4.89
597,4.36
598,4.98
599,4.97
600,4.91
601,4.16
602,4.82
603,4.87
604,4.47
605,4.87
606,4.87
607,4.94
608,4.83
609,4.96
610,4.95
611,4.97
612,4.95
613,4.91
614,4.95
615,4.87
616,4.34
617,4.83
618,4.93
619,4.8
620,4.63
621,5.0
622,5.0
623,4.91
624,5.0
625,4.9
626,5.0
627,4.88
628,4.59
629,4.76
630,4.7
631,4.62
632,4.99
633,4.54
634,4.67
635,4.49
636,4.88
637,4.69
638,4.95
639,4.96
640,4.69
641,4.2
642,4.66
643,4.99
644,4.63
645,4.43
646,4.97
647,4.26
648,4.99
649,4.9
650,4.86
651,4.81
652,4.72
653,4.68
654,4.67
655,5.0
656,4.96
657,4.93
658,4.74
659,4.52
660,4.75
661,4.36
662,4.95
663,4.95
664,5.0
665,4.93
666,4.98
667,4.97
668,4.9
669,4.99
670,4.97
671,4.78
672,4.95
673,4.81
674,4.73
675,4.79
676,4.84
677,5.0
678,4.81
679,4.88
680,4.9
681,4.9
682,4.91
683,4.77
684,4.65
685,4.76
686,4.79
687,4.46
688,4.98
689,4.87
690,4.98
691,4.66
692,4.92
693,4.76
694,4.65
695,4.48
696,4.79
697,4.36
698,4.89
699,4.96
700,4.66
701,4.67
702,4.61
703,4.67
704,4.61
705,4.64
706,4.38
707,5.0
708,4.71
709,4.78
710,0.0
711,5.0
712,5.0
713,4.41
714,4.69
715,4.92
716,4.8
717,4.67
718,0.0
719,4.82
720,4.91
721,4.91
722,4.86
723,4.95
724,4.95
725,4.8
726,4.72
727,4.58
728,4.67
729,4.85
730,4.64
731,4.9
732,4.73
733,4.97
734,4.52
735,4.91
736,4.5
737,4.92
738,4.89
739,4.86
740,4.76
741,4.6
742,4.97
743,4.95
744,4.85
745,4.99
746,4.52
747,5.0
748,4.97
749,4.73
750,4.67
751,4.59
752,4.81
753,4.79
754,4.33
755,5.0
756,4.91
757,5.0
758,4.8
759,4.8
760,4.96
761,4.99
762,4.82
763,4.94
764,4.59
765,4.72
766,4.88
767,5.0
768,4.95
769,4.67
770,4.32
771,4.66
772,4.03
773,4.74
774,4.97
775,4.93
776,4.47
777,4.2
778,5.0
779,4.75
780,4.86
781,4.6
782,0.0
783,4.66
784,4.87
785,4.88
786,4.82
787,4.95
788,4.45
789,5.0
790,4.94
791,4.94
792,4.96
793,4.69
794,5.0
795,4.79
796,4.91
797,4.79
798,4.68
799,4.69
800,4.41
801,4.31
802,4.75
803,4.67
804,4.72
805,4.95
806,4.0
807,4.75
808,5.0
809,4.67
810,4.68
811,4.83
812,4.77
813,4.87
814,4.86
815,4.87
816,4.84
817,4.48
818,5.0
819,4.9
820,0.0
821,4.7
822,4.73
823,5.0
824,4.36
825,4.67
826,4.85
827,4.98
828,4.92
829,5.0
830,4.7
831,4.91
832,4.95
833,4.9
834,4.87
835,5.0
836,5.0
837,4.85
838,4.7
839,4.71
840,0.0
841,4.97
842,4.69
843,4.6
844,5.0
845,4.0
846,4.4
847,4.57
848,4.68
849,4.76
850,4.99
851,4.72
852,4.86
853,4.98
854,4.74
855,4.98
856,4.63
857,4.89
858,4.91
859,4.83
860,4.85
861,4.7
862,4.76
863,4.86
864,4.77
865,4.75
866,4.77
867,4.95
868,4.97
869,4.5
870,4.7
871,0.0
872,4.95
873,4.77
874,4.75
875,4.71
876,4.97
877,0.0
878,4.79
879,4.6
880,4.66
881,4.98
882,4.73
883,4.5
884,4.83
885,4.18
886,4.41
887,0.0
888,4.5
889,4.83
890,4.14
891,4.49
892,4.9
893,4.83
894,4.65
895,4.72
896,4.93
897,4.93
898,4.8
899,4.81
900,4.97
901,4.85
902,5.0
903,4.95
904,4.76
905,4.57
906,4.53
907,4.86
908,4.21
909,4.84
910,4.97
911,4.95
912,4.86
913,4.67
914,4.42
915,4.84
916,4.86
917,4.94
918,4.98
919,4.49
920,5.0
921,3.67
922,4.82
923,4.82
924,4.85
925,4.52
926,4.86
927,4.87
928,4.96
929,4.54
930,4.93
931,4.58
932,4.84
933,4.62
934,4.62
935,4.93
936,4.63
937,4.84
938,4.95
939,0.0
940,4.92
941,4.95
942,4.84
943,4.71
944,4.22
945,4.7
946,4.68
947,4.87
948,4.77
949,4.74
950,4.55
951,4.8
952,4.86
953,4.82
954,4.62
955,4.94
956,4.89
957,4.63
958,4.64
959,5.0
960,4.27
961,4.86
962,4.38
963,4.99
964,4.85
965,4.83
966,4.3
967,4.69
968,4.92
969,4.83
970,4.79
971,4.53
972,4.94
973,4.77
974,4.4
975,4.63
976,0.0
977,4.94
978,4.61
979,4.95
980,4.66
981,4.96
982,4.86
983,4.94
984,4.83
985,4.56
986,4.73
987,4.6
988,4.83
989,5.0
990,4.73
991,4.72
992,4.75
993,4.91
994,4.85
995,4.91
996,4.95
997,4.65
998,4.17
999,4.33
1000,4.94
1001,4.75
1002,4.99
1003,4.72
1004,3.95
1005,4.82
1006,4.71
1007,4.79
1008,4.31
1009,4.62
1010,4.66
1011,4.89
1012,4.69
1013,4.87
1014,4.6
1015,4.88
1016,4.88
1017,4.98
1018,5.0
1019,4.0
1020,4.8
1021,4.84
1022,4.93
1023,4.93
1024,4.89
1025,4.87
1026,4.91
1027,4.62
1028,4.87
1029,4.99
1030,4.87
1031,4.91
1032,4.6
1033,4.32
1034,4.93
1035,4.94
1036,4.44
1037,4.71
1038,4.87
1039,4.96
1040,4.95
1041,4.84
1042,4.89
1043,4.87
1044,4.85
1045,4.72
1046,4.7
1047,4.64
1048,4.9
1049,4.81
1050,4.43
1051,4.9
1052,4.95
1053,4.9
1054,4.76
1055,0.0
1056,4.85
1057,4.77
1058,4.76
1059,4.75
1060,4.4
1061,4.82
1062,4.87
1063,4.96
1064,4.8
1065,4.63
1066,4.66
1067,4.61
1068,4.59
1069,5.0
1070,4.94
1071,4.98
1072,4.7
1073,4.78
1074,4.89
1075,4.44
1076,4.6
1077,4.7
1078,4.69
1079,4.9
1080,4.44
1081,4.89
1082,4.8
1083,4.95
1084,4.77
1085,0.0
1086,4.93
1087,4.76
1088,4.86
1089,4.75
1090,4.95
1091,4.78
1092,4.87
1093,4.6
1094,4.72
1095,4.76
1096,4.35
1097,5.0
1098,4.8
1099,5.0
1100,5.0
1101,4.94
1102,4.72
1103,4.9
1104,4.58
1105,4.56
1106,4.57
1107,4.89
1108,4.92
1109,4.73
1110,4.97
1111,4.43
1112,4.97
1113,4.89
1114,4.97
1115,4.94
1116,4.88
1117,4.69
1118,4.92
1119,4.71
1120,4.96
1121,5.0
1122,4.94
1123,5.0
1124,4.96
1125,4.5
1126,4.73
1127,4.84
1128,4.87
1129,4.28
1130,4.66
1131,4.9
1132,4.93
1133,4.58
1134,4.63
1135,4.45
1136,4.78
1137,4.91
1138,4.88
1139,4.86
1140,4.83
1141,4.89
1142,4.96
1143,4.77
1144,4.96
1145,4.98
1146,4.88
1147,4.28
1148,4.93
1149,4.83
1150,4.36
1151,4.57
1152,5.0
1153,4.96
1154,4.94
1155,4.98
1156,4.61
1157,4.77
1158,4.94
1159,4.81
1160,4.68
1161,5.0
1162,4.5
1163,5.0
1164,5.0
1165,4.75
1166,5.0
1167,5.0
1168,5.0
1169,4.52
1170,4.86
1171,4.47
1172,4.91
1173,4.69
1174,4.94
1175,4.93
1176,4.93
1177,5.0
1178,4.74
1179,4.67
1180,4.69
1181,4.72
1182,4.52
1183,4.94
1184,4.74
1185,4.5
1186,4.58
1187,4.36
1188,4.67
1189,4.9
1190,4.95
1191,4.87
1192,0.0
1193,4.99
1194,4.89
1195,4.83
1196,4.99
1197,5.0
1198,4.84
1199,5.0
1200,4.79
1201,4.92
1202,4.74
1203,4.85
1204,4.93
1205,4.61
1206,4.43
1207,5.0
1208,4.88
1209,4.57
1210,4.99
1211,4.78
1212,4.92
1213,4.65
1214,4.99
1215,4.65
1216,4.94
1217,4.76
1218,4.89
1219,4.85
1220,4.91
1221,4.63
1222,4.96
1223,4.77
1224,4.9
1225,4.78
1226,4.64
1227,4.42
1228,4.97
1229,5.0
1230,4.86
1231,4.68
1232,4.7
1233,0.0
1234,4.78
1235,4.88
1236,4.93
1237,4.9
1238,4.82
1239,5.0
1240,4.85
1241,4.87
1242,4.6
1243,4.71
1244,4.61
1245,4.77
1246,4.97
1247,5.0
1248,4.33
1249,4.78
1250,4.74
1251,4.65
1252,4.58
1253,4.94
1254,4.32
1255,4.94
1256,4.67
1257,4.58
1258,4.65
1259,4.84
1260,4.87
1261,4.81
1262,5.0
1263,4.67
1264,4.72
1265,4.94
1266,4.6
1267,4.73
1268,4.83
1269,4.95
1270,4.86
1271,4.94
1272,5.0
1273,4.89
1274,5.0
1275,4.7
1276,4.23
1277,4.67
1278,4.97
1279,4.98
1280,4.61
1281,4.99
1282,4.75
1283,4.0
1284,4.76
1285,4.74
1286,4.4
1287,4.95
1288,4.54
1289,4.91
1290,4.96
1291,4.9
1292,4.61
1293,4.88
1294,4.97
1295,4.77
1296,4.88
1297,4.11
1298,4.9
1299,4.84
1300,4.65
1301,4.49
1302,4.78
1303,4.94
1304,5.0
1305,5.0
1306,4.89
1307,5.0
1308,4.67
1309,0.0
1310,4.96
1311,4.59
1312,4.96
1313,4.88
1314,4.38
1315,4.27
1316,4.93
1317,5.0
1318,4.64
1319,4.91
1320,4.8
1321,4.82
1322,4.73
1323,4.74
1324,4.91
1325,4.52
1326,4.93
1327,4.96
1328,4.94
1329,0.0
1330,5.0
1331,4.82
1332,4.97
1333,4.6
1334,4.59
1335,4.74
1336,4.88
1337,4.6
1338,4.63
1339,4.68
1340,4.77
1341,4.74
1342,4.93
1343,4.95
1344,4.98
1345,4.79
1346,4.6
1347,4.87
1348,4.52
1349,5.0
1350,4.44
1351,3.45
1352,4.4
1353,4.93
1354,4.67
1355,4.73
1356,4.98
1357,4.85
1358,4.84
1359,4.93
1360,4.95
1361,4.7
1362,4.88
1363,4.87
1364,4.66
1365,4.73
1366,4.62
1367,4.81
1368,4.6
1369,4.07
1370,4.72
1371,5.0
1372,4.09
1373,4.6
1374,4.72
1375,4.86
1376,5.0
1377,4.92
1378,4.82
1379,4.52
1380,4.38
1381,4.8
1382,4.9
1383,4.59
1384,4.97
1385,4.73
1386,4.62
1387,4.76
1388,4.97
1389,4.86
1390,4.95
1391,4.8
1392,4.9
1393,4.99
1394,4.93
1395,4.82
1396,5.0
1397,5.0
1398,4.19
1399,4.87
1400,4.78
1401,5.0
1402,4.6
1403,4.93
1404,4.58
1405,4.72
1406,4.98
1407,4.44
1408,4.64
1409,4.79
1410,4.93
1411,4.92
1412,4.99
1413,4.3
1414,4.8
1415,4.7
1416,4.96
1417,4.47
1418,4.91
1419,4.86
1420,4.95
1421,4.92
1422,4.76
1423,4.74
1424,4.13
1425,4.83
1426,4.5
1427,4.81
1428,4.79
1429,4.86
1430,4.9
1431,4.94
1432,4.68
1433,4.95
1434,4.69
1435,4.98
1436,4.91
1437,4.27
1438,4.94
1439,4.72
1440,4.79
1441,4.74
1442,5.0
1443,4.71
1444,4.83
1445,4.57
1446,4.75
1447,3.0
1448,4.87
1449,4.73
1450,4.79
1451,4.78
1452,4.89
1453,4.82
1454,4.67
1455,4.74
1456,4.67
1457,4.77
1458,4.6
1459,4.91
1460,4.69
1461,4.8
1462,4.96
1463,3.0
1464,4.51
1465,4.5
1466,4.67
1467,4.19
1468,4.93
1469,4.75
1470,4.75
1471,4.8
1472,5.0
1473,4.67
1474,4.5
1475,4.94
1476,4.71
1477,4.95
1478,5.0
1479,4.98
1480,4.63
1481,4.25
1482,4.22
1483,4.89
1484,4.78
1485,4.96
1486,4.76
1487,4.79
1488,4.58
1489,4.31
1490,4.78
1491,4.7
1492,4.6
1493,4.75
1494,4.24
1495,4.97
1496,4.92
1497,4.45
1498,5.0
1499,4.74
1500,4.49
1501,4.84
1502,4.0
1503,4.88
1504,4.83
1505,4.93
1506,4.81
1507,4.9
1508,4.78
1509,4.78
1510,4.7
1511,4.8
1512,4.91
1513,4.85
1514,4.54
1515,4.6
1516,4.69
1517,4.66
1518,4.73
1519,4.51
1520,4.43
1521,4.7
1522,4.85
1523,4.84
1524,4.53
1525,4.84
1526,4.56
1527,4.53
1528,4.9
1529,4.54
1530,0.0
1531,4.63
1532,5.0
1533,4.82
1534,5.0
1535,4.91
1536,4.75
1537,5.0
1538,4.5
1539,5.0
1540,5.0
1541,4.93
1542,5.0
1543,4.96
1544,4.86
1545,5.0
1546,4.0
1547,5.0
1548,0.0
1549,5.0
1550,5.0
1551,5.0
1552,4.91
1553,0.0
1554,4.89
1555,4.2
1556,4.87
1557,4.82
1558,4.6
1559,4.86
1560,4.88
1561,4.84
1562,4.85
1563,4.91
1564,4.83
1565,4.85
1566,4.5
1567,4.92
1568,4.9
1569,4.88
1570,4.59
1571,4.59
1572,4.7
1573,4.79
1574,4.72
1575,4.96
1576,5.0
1577,4.3
1578,0.0
1579,4.85
1580,4.42
1581,4.55
1582,4.81
1583,4.88
1584,4.97
1585,4.99
1586,4.87
1587,4.77
1588,3.17
1589,4.77
1590,4.95
1591,4.63
1592,4.65
1593,4.25
1594,4.91
1595,3.5
1596,4.42
1597,4.41
1598,4.83
1599,0.0
1600,4.64
1601,4.58
1602,4.81
1603,4.92
1604,4.97
1605,4.32
1606,4.77
1607,4.5
1608,4.54
1609,4.87
1610,4.95
1611,4.93
1612,4.32
1613,4.85
1614,4.78
1615,4.88
1616,4.86
1617,4.86
1618,4.89
1619,4.89
1620,4.95
1621,5.0
1622,4.74
1623,4.65
1624,4.69
1625,4.64
1626,0.0
1627,4.89
1628,4.77
1629,4.88
1630,4.9
1631,4.82
1632,4.97
1633,5.0
1634,4.33
1635,4.89
1636,3.43
1637,5.0
1638,5.0
1639,4.83
1640,5.0
1641,4.98
1642,4.42
1643,4.74
1644,4.63
1645,4.92
1646,4.76
1647,4.79
1648,4.83
1649,4.07
1650,4.97
1651,4.86
1652,4.74
1653,4.33
1654,4.94
1655,4.65
1656,4.58
1657,4.79
1658,4.85
1659,4.86
1660,4.54
1661,4.53
1662,4.67
1663,4.91
1664,4.62
1665,5.0
1666,4.55
1667,4.6
1668,4.38
1669,4.0
1670,4.57
1671,4.93
1672,4.0
1673,5.0
1674,4.97
1675,4.9
1676,5.0
1677,4.8
1678,4.76
1679,4.9
1680,4.57
1681,4.77
1682,4.95
1683,4.89
1684,4.53
1685,4.76
1686,4.88
1687,4.78
1688,4.85
1689,4.88
1690,4.87
1691,4.88
1692,4.75
1693,4.69
1694,4.1
1695,4.91
1696,0.0
1697,4.0
1698,4.94
1699,4.88
1700,4.94
1701,4.85
1702,4.59
1703,4.61
1704,4.95
1705,4.9
1706,4.89
1707,4.85
1708,4.26
1709,4.59
1710,4.86
1711,4.8
1712,4.95
1713,0.0
1714,0.0
1715,4.95
1716,4.83
1717,4.54
1718,4.98
1719,4.85
1720,4.92
1721,4.67
1722,4.66
1723,4.89
1724,4.96
1725,5.0
1726,4.73
1727,4.7
1728,5.0
1729,4.72
1730,4.81
1731,4.7
1732,4.18
1733,4.42
1734,4.59
1735,4.59
1736,5.0
1737,4.67
1738,4.81
1739,4.68
1740,4.67
1741,4.87
1742,5.0
1743,4.66
1744,4.29
1745,4.86
1746,4.92
1747,4.71
1748,4.54
1749,4.75
1750,4.8
1751,4.58
1752,4.7
1753,4.82
1754,4.86
1755,4.65
1756,4.38
1757,4.7
1758,4.64
1759,4.74
1760,4.69
1761,4.92
1762,4.73
1763,4.68
1764,4.87
1765,4.69
1766,4.57
1767,4.74
1768,4.68
1769,4.71
1770,4.99
1771,4.96
1772,4.6
1773,4.94
1774,4.67
1775,4.8
1776,4.53
1777,4.75
1778,4.83
1779,4.65
1780,4.81
1781,4.7
1782,4.9
1783,4.44
1784,4.78
1785,4.82
1786,4.64
1787,4.46
1788,4.95
1789,4.75
1790,4.8
1791,4.62
1792,4.74
1793,4.86
1794,4.2
1795,4.97
1796,4.84
1797,5.0
1798,4.71
1799,4.79
1800,4.75
1801,4.76
1802,4.83
1803,4.7
1804,4.91
1805,4.76
1806,4.93
1807,4.62
1808,4.75
1809,4.78
1810,4.83
1811,4.53
1812,5.0
1813,4.97
1814,4.83
1815,4.93
1816,4.93
1817,4.99
1818,0.0
1819,4.78
1820,4.79
1821,0.0
1822,4.91
1823,4.83
1824,4.82
1825,4.94
1826,4.8
1827,4.58
1828,4.78
1829,4.82
1830,4.98
1831,4.43
1832,4.94
1833,4.92
1834,4.94
1835,4.65
1836,4.81
1837,4.76
1838,4.0
1839,4.96
1840,4.87
1841,4.49
1842,4.64
1843,4.67
1844,4.7
1845,4.97
1846,4.49
1847,4.96
1848,4.6
1849,4.45
1850,4.64
1851,4.46
1852,5.0
1853,4.61
1854,4.62
1855,4.82
1856,4.81
1857,0.0
1858,4.8
1859,4.87
1860,4.91
1861,4.75
1862,5.0
1863,4.76
1864,4.68
1865,4.84
1866,4.11
1867,5.0
1868,0.0
1869,4.96
1870,4.84
1871,4.86
1872,4.79
1873,4.64
1874,4.93
1875,4.81
1876,4.65
1877,4.89
1878,4.94
1879,4.79
1880,4.96
1881,4.78
1882,4.94
1883,4.98
1884,4.87
1885,4.56
1886,4.6
1887,4.4
1888,4.25
1889,0.0
1890,4.9
1891,4.63
1892,4.74
1893,4.72
1894,4.74
1895,4.73
1896,4.64
1897,4.56
1898,4.4
1899,4.76
1900,5.0
1901,4.6
1902,4.81
1903,4.92
1904,4.83
1905,4.77
1906,4.78
1907,4.38
1908,4.85
1909,4.9
1910,5.0
1911,4.69
1912,4.62
1913,4.95
1914,4.73
1915,3.57
1916,4.46
1917,4.85
1918,4.74
1919,4.83
1920,4.62
1921,4.95
1922,4.47
1923,4.77
1924,4.92
1925,4.65
1926,0.0
1927,4.96
1928,4.69
1929,4.8
1930,4.54
1931,5.0
1932,4.65
1933,4.52
1934,4.86
1935,4.68
1936,4.59
1937,4.88
1938,4.88
1939,5.0
1940,4.66
1941,4.93
1942,4.88
1943,4.73
1944,4.95
1945,4.64
1946,4.73
1947,4.2
1948,4.95
1949,4.44
1950,4.25
1951,4.75
1952,4.82
1953,4.5
1954,4.97
1955,4.77
1956,4.68
1957,4.53
1958,4.93
1959,4.9
1960,4.45
1961,4.7
1962,4.53
1963,4.57
1964,4.94
1965,4.92
1966,5.0
1967,0.0
1968,0.0
1969,5.0
1970,5.0
1971,0.0
1972,0.0
1973,0.0
1974,0.0
1975,0.0
1976,0.0
1977,5.0
1978,4.63
1979,4.89
1980,4.9
1981,4.5
1982,4.46
1983,4.34
1984,4.9
1985,4.85
1986,4.61
1987,4.97
1988,4.86
1989,4.9
1990,4.73
1991,4.81
1992,4.8
1993,4.83
1994,4.8
1995,4.59
1996,4.5
1997,4.59
1998,4.66
1999,4.29
2000,4.78
2001,4.33
2002,4.75
2003,4.4
2004,4.71
2005,4.94
2006,4.95
2007,5.0
2008,4.37
2009,4.9
2010,4.76
2011,4.3
2012,4.86
2013,4.5
2014,4.67
2015,4.66
2016,4.64
2017,4.81
2018,4.97
2019,4.91
2020,4.93
2021,4.9
2022,4.87
2023,4.9
2024,4.84
2025,5.0
2026,4.71
2027,4.89
2028,4.85
2029,4.97
2030,4.62
2031,5.0
2032,4.4
2033,4.0
2034,4.82
2035,4.83
2036,4.74
2037,4.57
2038,4.92
2039,4.87
2040,3.91
2041,4.97
2042,4.86
2043,5.0
2044,4.0
2045,4.81
2046,0.0
2047,4.75
2048,4.64
2049,3.71
2050,4.87
2051,4.82
2052,4.98
2053,4.97
2054,4.82
2055,4.89
2056,5.0
2057,4.9
2058,4.12
2059,4.57
2060,4.33
2061,4.5
2062,4.48
2063,4.58
2064,4.72
2065,4.56
2066,4.51
2067,5.0
2068,4.34
2069,4.51
2070,4.31
2071,4.17
2072,4.71
2073,4.59
2074,4.81
2075,0.0
2076,0.0
2077,4.58
2078,4.69
2079,4.8
2080,5.0
2081,4.66
2082,4.71
2083,4.69
2084,4.48
2085,4.89
2086,4.39
2087,4.65
2088,4.97
2089,4.67
2090,5.0
2091,0.0
2092,0.0
2093,4.31
2094,0.0
2095,4.61
2096,4.67
2097,4.69
2098,5.0
2099,4.74
2100,4.54
2101,4.75
2102,4.72
2103,4.7
2104,4.0
2105,4.6
2106,4.46
2107,4.8
2108,4.8
2109,4.88
2110,4.9
2111,4.67
2112,4.89
2113,4.68
2114,4.82
2115,4.44
2116,4.47
2117,4.69
2118,4.7
2119,4.93
2120,4.74
2121,4.75
2122,4.94
2123,4.92
2124,4.83
2125,4.92
2126,4.89
2127,4.86
2128,4.85
2129,0.0
2130,4.68
2131,4.36
2132,0.0
2133,4.91
2134,4.75
2135,4.61
2136,4.64
2137,4.89
2138,5.0
2139,4.94
2140,4.52
2141,4.5
2142,4.9
2143,4.79
2144,4.7
2145,5.0
2146,4.91
2147,4.77
2148,4.9
2149,4.45
2150,4.75
2151,5.0
2152,4.69
2153,4.76
2154,4.38
2155,4.82
2156,4.8
2157,4.86
2158,4.62
2159,4.78
2160,4.85
2161,0.0
2162,4.5
2163,4.5
2164,4.58
2165,4.78
2166,4.84
2167,4.92
2168,5.0
2169,4.81
2170,4.34
2171,5.0
2172,4.89
2173,0.0
2174,4.76
2175,4.57
2176,4.45
2177,4.09
2178,4.5
2179,3.75
2180,0.0
2181,4.67
2182,4.78
2183,5.0
2184,4.67
2185,4.81
2186,4.69
2187,4.68
2188,4.75
2189,4.78
2190,4.52
2191,4.91
2192,5.0
2193,4.67
2194,4.2
2195,5.0
2196,0.0
2197,4.89
2198,4.72
2199,4.6
2200,5.0
2201,4.76
2202,4.23
2203,5.0
2204,4.8
2205,5.0
2206,4.86
2207,5.0
2208,4.79
2209,4.57
2210,4.49
2211,4.84
2212,4.63
2213,5.0
2214,4.86
2215,4.94
2216,4.53
2217,4.79
2218,4.54
2219,5.0
2220,4.86
2221,4.99
2222,0.0
2223,5.0
2224,4.43
2225,4.75
2226,4.65
2227,4.86
2228,4.79
2229,4.44
2230,4.79
2231,4.65
2232,4.88
2233,0.0
2234,4.49
2235,4.71
2236,4.49
2237,4.94
2238,4.52
2239,4.83
2240,4.71
2241,4.85
2242,4.8
2243,4.71
2244,4.75
2245,4.92
2246,4.89
2247,4.9
2248,4.93
2249,4.88
2250,4.94
2251,4.91
2252,4.26
2253,4.45
2254,4.54
2255,4.84
2256,4.55
2257,4.95
2258,4.87
2259,4.61
2260,5.0
2261,4.71
2262,4.72
2263,4.71
2264,4.54
2265,4.33
2266,4.95
2267,4.89
2268,4.94
2269,4.89
2270,4.81
2271,4.79
2272,4.89
2273,5.0
2274,4.86
2275,0.0
2276,0.0
2277,5.0
2278,5.0
2279,4.77
2280,4.93
2281,4.5
2282,4.52
2283,4.78
2284,4.82
2285,4.84
2286,4.85
2287,4.73
2288,4.88
2289,4.93
2290,4.66
2291,4.93
2292,4.92
2293,4.76
2294,4.96
2295,4.77
2296,4.69
2297,4.56
2298,3.0
2299,0.0
2300,5.0
2301,4.75
2302,4.79
2303,4.54
2304,5.0
2305,4.74
2306,4.8
2307,4.94
2308,4.91
2309,4.67
2310,4.51
2311,5.0
2312,4.5
2313,4.71
2314,4.93
2315,4.85
2316,4.67
2317,4.18
2318,5.0
2319,4.52
2320,5.0
2321,4.49
2322,4.73
2323,4.81
2324,4.8
2325,5.0
2326,4.95
2327,4.93
2328,0.0
2329,4.54
2330,4.9
2331,4.91
2332,4.98
2333,0.0
2334,4.73
2335,4.75
2336,4.92
2337,5.0
2338,4.33
2339,4.79
2340,4.89
2341,4.56
2342,4.62
2343,4.97
2344,4.71
2345,4.86
2346,4.72
2347,4.63
2348,4.66
2349,5.0
2350,4.89
2351,4.16
2352,5.0
2353,4.67
2354,4.64
2355,4.6
2356,4.6
2357,4.48
2358,4.96
2359,4.4
2360,4.18
2361,4.18
2362,4.23
2363,4.81
2364,4.11
2365,4.81
2366,4.0
2367,4.51
2368,4.78
2369,4.95
2370,5.0
2371,5.0
2372,5.0
2373,4.55
2374,0.0
2375,0.0
2376,4.76
2377,5.0
2378,4.29
2379,4.71
2380,4.84
2381,4.27
2382,4.96
2383,4.5
2384,4.78
2385,4.62
2386,4.56
2387,4.75
2388,4.63
2389,4.71
2390,4.9
2391,4.6
2392,5.0
2393,4.67
2394,4.77
2395,4.36
2396,5.0
2397,4.53
2398,4.0
2399,4.0
2400,4.36
2401,4.57
2402,4.47
2403,4.4
2404,4.43
2405,4.7
2406,4.64
2407,4.95
2408,4.89
2409,5.0
2410,4.73
2411,4.94
2412,4.44
2413,4.88
2414,4.75
2415,4.73
2416,4.64
2417,4.5
2418,4.92
2419,4.97
2420,4.62
2421,0.0
2422,5.0
2423,4.78
2424,5.0
2425,4.69
2426,5.0
2427,4.75
2428,4.89
2429,4.79
2430,4.39
2431,4.76
2432,4.87
2433,4.93
2434,4.93
2435,4.49
2436,4.52
2437,4.56
2438,4.77
2439,4.83
2440,4.84
2441,4.36
2442,4.81
2443,4.0
2444,4.82
2445,4.84
2446,4.82
2447,5.0
2448,5.0
2449,5.0
2450,4.82
2451,4.76
2452,4.97
2453,4.31
2454,4.81
2455,4.88
2456,4.96
2457,4.59
2458,4.66
2459,4.8
2460,4.74
2461,4.95
2462,4.46
2463,4.9
2464,4.63
2465,4.69
2466,4.37
2467,4.79
2468,4.75
2469,4.7
2470,4.88
2471,4.56
2472,4.69
2473,4.81
2474,4.75
2475,4.13
2476,4.57
2477,4.84
2478,3.0
2479,4.99
2480,4.73
2481,4.87
2482,4.67
2483,4.74
2484,4.62
2485,4.41
2486,5.0
2487,4.0
2488,5.0
2489,4.52
2490,0.0
2491,4.53
2492,4.39
2493,0.0
2494,4.68
2495,4.83
2496,4.83
2497,4.8
2498,5.0
2499,4.89
2500,4.63
2501,4.75
2502,4.84
2503,4.81
2504,5.0
2505,5.0
2506,4.93
2507,4.82
2508,4.85
2509,4.56
2510,4.66
2511,4.87
2512,4.86
2513,4.17
2514,4.58
2515,4.74
2516,4.2
2517,4.83
2518,4.83
2519,4.79
2520,4.94
2521,4.91
2522,4.54
2523,4.61
2524,4.85
2525,5.0
2526,4.28
2527,4.29
2528,4.86
2529,4.72
2530,4.48
2531,4.87
2532,4.88
2533,4.74
2534,4.82
2535,4.36
2536,4.67
2537,0.0
2538,4.84
2539,4.64
2540,4.9
2541,4.9
2542,5.0
2543,4.75
2544,5.0
2545,4.6
2546,4.9
2547,4.75
2548,4.82
2549,4.84
2550,4.89
2551,4.83
2552,4.85
2553,4.97
2554,4.84
2555,4.51
2556,4.88
2557,4.95
2558,5.0
2559,4.78
2560,4.94
2561,4.69
2562,4.76
2563,4.67
2564,4.9
2565,4.76
2566,4.83
2567,4.98
2568,5.0
2569,4.89
2570,4.7
2571,4.52
2572,4.58
2573,4.72
2574,4.6
2575,4.74
2576,4.96
2577,4.76
2578,4.89
2579,4.57
2580,4.67
2581,4.0
2582,4.8
2583,4.73
2584,5.0
2585,4.56
2586,5.0
2587,4.64
2588,5.0
2589,4.7
2590,4.73
2591,5.0
2592,4.83
2593,4.67
2594,4.79
2595,4.87
2596,4.74
2597,4.77
2598,4.36
2599,4.84
2600,4.73
2601,4.0
2602,4.56
2603,4.17
2604,4.86
2605,4.61
2606,4.63
2607,4.89
2608,4.8
2609,4.93
2610,4.94
2611,4.75
2612,4.2
2613,4.91
2614,4.92
2615,4.73
2616,4.5
2617,4.75
2618,4.67
2619,4.86
2620,4.64
2621,4.57
2622,4.58
2623,4.91
2624,4.9
2625,4.89
2626,4.97
2627,4.7
2628,4.97
2629,4.88
2630,4.93
2631,4.78
2632,4.96
2633,3.7
2634,4.41
2635,4.83
2636,5.0
2637,5.0
2638,5.0
2639,4.75
2640,4.68
2641,4.99
2642,4.66
2643,4.33
2644,4.85
2645,4.75
2646,3.12
2647,4.7
2648,3.27
2649,4.85
2650,4.96
2651,1.25
2652,4.74
2653,4.8
2654,5.0
2655,4.82
2656,4.04
2657,4.32
2658,4.81
2659,4.72
2660,5.0
2661,5.0
2662,4.82
2663,3.69
2664,5.0
2665,4.35
2666,4.75
2667,4.26
2668,4.65
2669,4.96
2670,4.71
2671,4.81
2672,4.7
2673,4.5
2674,4.68
2675,4.73
2676,4.58
2677,4.63
2678,5.0
2679,5.0
2680,0.0
2681,4.75
2682,4.1
2683,4.47
2684,3.78
2685,4.21
2686,4.0
2687,4.72
2688,4.86
2689,4.86
2690,4.77
2691,4.31
2692,4.63
2693,4.84
2694,5.0
2695,0.0
2696,4.86
2697,4.89
2698,4.17
2699,4.44
2700,5.0
2701,4.59
2702,4.5
2703,4.53
2704,3.5
2705,4.31
2706,4.08
2707,4.97
2708,4.94
2709,4.91
2710,4.89
2711,4.19
2712,4.63
2713,4.23
2714,4.38
2715,4.67
2716,4.81
2717,4.41
2718,4.71
2719,4.91
2720,4.51
2721,4.9
2722,4.75
2723,4.18
2724,4.57
2725,4.8
2726,4.17
2727,4.75
2728,4.92
2729,4.76
2730,4.95
2731,4.55
2732,4.99
2733,5.0
2734,5.0
2735,4.51
2736,4.88
2737,4.91
2738,4.77
2739,4.96
2740,4.5
2741,4.75
2742,4.76
2743,4.96
2744,4.62
2745,4.61
2746,5.0
2747,0.0
2748,4.73
2749,4.93
2750,4.95
2751,4.73
2752,4.93
2753,4.94
2754,4.6
2755,4.81
2756,4.96
2757,4.75
2758,4.65
2759,4.58
2760,4.87
2761,3.5
2762,4.43
2763,4.77
2764,4.67
2765,4.44
2766,4.67
2767,5.0
2768,4.95
2769,4.63
2770,4.97
2771,4.85
2772,4.9
2773,5.0
2774,4.79
2775,5.0
2776,5.0
2777,4.67
2778,4.41
2779,4.31
2780,4.93
2781,0.0
2782,0.0
2783,4.89
2784,4.78
2785,4.17
2786,4.59
2787,4.84
2788,4.76
2789,4.44
2790,5.0
2791,4.96
2792,5.0
2793,4.89
2794,4.43
2795,4.63
2796,4.86
2797,4.64
2798,4.89
2799,4.58
2800,4.54
2801,4.71
2802,5.0
2803,5.0
2804,4.76
2805,4.63
2806,3.0
2807,4.92
2808,4.98
2809,4.72
2810,4.0
2811,4.68
2812,4.93
2813,4.85
2814,4.94
2815,4.65
2816,4.09
2817,4.94
2818,5.0
2819,4.88
2820,4.25
2821,5.0
2822,4.73
2823,4.54
2824,4.6
2825,4.67
2826,4.85
2827,4.24
2828,4.96
2829,4.0
2830,0.0
2831,5.0
2832,4.83
2833,4.68
2834,4.76
2835,4.74
2836,4.71
2837,4.91
2838,4.7
2839,4.72
2840,4.79
2841,4.63
2842,4.53
2843,4.87
2844,4.54
2845,4.84
2846,4.33
2847,4.62
2848,4.71
2849,5.0
2850,5.0
2851,4.86
2852,4.89
2853,4.69
2854,4.64
2855,4.59
2856,5.0
2857,5.0
2858,5.0
2859,5.0
2860,4.91
2861,5.0
2862,4.8
2863,4.83
2864,5.0
2865,4.84
2866,4.45
2867,5.0
2868,4.84
2869,5.0
2870,4.82
2871,4.76
2872,4.1
2873,5.0
2874,4.75
2875,4.8
2876,4.42
2877,4.67
2878,4.58
2879,4.17
2880,4.9
2881,4.91
2882,4.82
2883,4.97
2884,4.97
2885,4.96
2886,4.69
2887,4.31
2888,4.24
2889,4.93
2890,4.88
2891,4.89
2892,3.73
2893,4.89
2894,4.86
2895,4.0
2896,4.91
2897,4.33
2898,5.0
2899,4.51
2900,4.95
2901,4.7
2902,4.55
2903,4.86
2904,4.83
2905,4.63
2906,4.86
2907,4.94
2908,4.7
2909,5.0
2910,4.67
2911,4.67
2912,4.91
2913,4.76
2914,4.4
2915,4.36
2916,3.88
2917,4.25
2918,4.64
2919,4.54
2920,4.54
2921,4.64
2922,4.97
2923,4.9
2924,4.77
2925,4.97
2926,4.91
2927,4.82
2928,4.63
2929,5.0
2930,4.35
2931,4.5
2932,4.55
2933,4.74
2934,0.0
2935,4.89
2936,4.75
2937,4.83
2938,4.92
2939,4.79
2940,4.49
2941,4.64
2942,4.9
2943,4.96
2944,4.77
2945,4.86
2946,4.75
2947,4.69
2948,4.74
2949,4.22
2950,4.76
2951,4.83
2952,4.65
2953,4.9
2954,4.89
2955,4.89
2956,4.9
2957,4.9
2958,5.0
2959,4.79
2960,5.0
2961,4.69
2962,4.92
2963,4.94
2964,4.77
2965,4.67
2966,3.92
2967,3.5
2968,4.6
2969,5.0
2970,4.78
2971,4.73
2972,0.0
2973,0.0
2974,4.97
2975,4.13
2976,4.48
2977,4.48
2978,4.53
2979,4.43
2980,4.97
2981,4.56
2982,4.96
2983,4.83
2984,4.94
2985,4.78
2986,4.98
2987,3.73
2988,4.94
2989,4.98
2990,4.62
2991,4.83
2992,5.0
2993,0.0
2994,4.92
2995,4.16
2996,4.9
2997,5.0
2998,4.55
2999,4.36
3000,4.77
3001,4.78
3002,4.64
3003,4.52
3004,4.52
3005,4.54
3006,4.85
3007,4.85
3008,4.85
3009,4.14
3010,4.89
3011,5.0
3012,4.97
3013,4.95
3014,4.78
3015,4.9
3016,4.95
3017,4.99
3018,4.33
3019,4.6
3020,4.36
3021,4.71
3022,4.88
3023,4.88
3024,0.0
3025,4.76
3026,4.96
3027,4.93
3028,4.89
3029,4.88
3030,4.16
3031,4.92
3032,4.93
3033,4.83
3034,4.86
3035,4.88
3036,4.77
3037,4.83
3038,4.85
3039,0.0
3040,4.53
3041,4.91
3042,4.83
3043,4.82
3044,0.0
3045,5.0
3046,4.94
3047,5.0
3048,4.86
3049,4.58
3050,0.0
3051,5.0
3052,2.5
3053,4.97
3054,4.67
3055,5.0
3056,4.91
3057,4.23
3058,4.83
3059,4.67
3060,4.54
3061,4.7
3062,4.76
3063,3.8
3064,4.94
3065,4.82
3066,4.63
3067,4.42
3068,4.79
3069,4.33
3070,4.64
3071,4.73
3072,4.67
3073,4.0
3074,4.67
3075,4.57
3076,4.88
3077,4.25
3078,4.91
3079,5.0
3080,4.94
3081,4.67
3082,4.83
3083,5.0
3084,5.0
3085,4.77
3086,4.9
3087,5.0
3088,4.95
3089,0.0
3090,4.54
3091,4.89
3092,4.9
3093,4.89
3094,4.8
3095,4.86
3096,4.68
3097,4.35
3098,4.76
3099,4.91
3100,4.56
3101,4.67
3102,4.94
3103,4.89
3104,4.64
3105,4.89
3106,0.0
3107,0.0
3108,4.52
3109,4.75
3110,4.86
3111,4.75
3112,4.55
3113,5.0
3114,4.87
3115,4.71
3116,4.78
3117,4.65
3118,4.76
3119,4.84
3120,4.81
3121,4.74
3122,4.79
3123,4.94
3124,4.86
3125,4.83
3126,4.97
3127,4.89
3128,4.87
3129,4.5
3130,4.84
3131,4.47
3132,4.52
3133,4.82
3134,4.63
3135,4.63
3136,5.0
3137,4.98
3138,4.89
3139,5.0
3140,4.46
3141,4.5
3142,4.73
3143,4.67
3144,4.95
3145,4.94
3146,4.87
3147,4.7
3148,4.9
3149,4.68
3150,4.73
3151,4.73
3152,4.17
3153,4.34
3154,4.81
3155,5.0
3156,4.2
3157,4.8
3158,4.74
3159,4.89
3160,4.69
3161,4.5
3162,4.8
3163,4.94
3164,4.62
3165,4.88
3166,4.9
3167,4.11
3168,4.95
3169,4.97
3170,5.0
3171,5.0
3172,5.0
3173,5.0
3174,4.66
3175,5.0
3176,0.0
3177,5.0
3178,4.17
3179,4.77
3180,4.88
3181,5.0
3182,4.83
3183,4.5
3184,4.82
3185,4.53
3186,4.67
3187,4.63
3188,4.75
3189,4.82
3190,4.76
3191,4.64
3192,4.94
3193,4.61
3194,4.69
3195,4.94
3196,4.89
3197,4.9
3198,4.92
3199,4.89
3200,4.0
3201,4.13
3202,4.78
3203,4.59
3204,4.82
3205,4.88
3206,4.87
3207,4.63
3208,4.79
3209,4.94
3210,4.89
3211,0.0
3212,0.0
3213,5.0
3214,4.89
3215,4.92
3216,4.95
3217,4.5
3218,3.83
3219,4.7
3220,4.71
3221,4.33
3222,4.25
3223,4.5
3224,4.57
3225,4.11
3226,4.55
3227,4.85
3228,4.94
3229,4.84
3230,4.85
3231,0.0
3232,4.95
3233,3.4
3234,4.4
3235,4.5
3236,4.96
3237,4.84
3238,5.0
3239,4.79
3240,4.31
3241,4.6
3242,4.75
3243,3.88
3244,4.74
3245,4.57
3246,4.55
3247,4.84
3248,4.86
3249,4.33
3250,4.5
3251,3.0
3252,4.5
3253,4.75
3254,0.0
3255,0.0
3256,4.0
3257,4.9
3258,4.88
3259,4.68
3260,4.72
3261,4.71
3262,5.0
3263,4.83
3264,4.6
3265,4.5
3266,5.0
3267,5.0
3268,5.0
3269,5.0
3270,5.0
3271,0.0
3272,4.86
3273,5.0
3274,4.67
3275,4.75
3276,3.0
3277,0.0
3278,4.67
3279,5.0
3280,5.0
3281,5.0
3282,5.0
3283,4.89
3284,5.0
3285,5.0
3286,5.0
3287,0.0
3288,5.0
3289,4.23
3290,4.65
3291,5.0
3292,4.5
3293,4.8
3294,4.5
3295,0.0
3296,4.5
3297,2.5
3298,4.25
3299,4.8
3300,5.0
3301,5.0
3302,5.0
3303,4.67
3304,5.0
3305,4.89
3306,5.0
3307,4.67
3308,5.0
3309,5.0
3310,4.0
3311,0.0
3312,0.0
3313,5.0
3314,5.0
3315,4.1
3316,0.0
3317,0.0
3318,4.65
3319,4.0
3320,0.0
3321,0.0
3322,5.0
3323,4.6
3324,5.0
3325,3.75
3326,5.0
3327,0.0
3328,0.0
3329,4.0
3330,0.0
3331,4.5
3332,0.0
3333,5.0
3334,4.97
3335,0.0
3336,4.87
3337,4.89
3338,4.67
3339,4.55
3340,0.0
3341,4.53
3342,4.8
3343,4.72
3344,4.45
3345,4.57
3346,4.94
3347,4.83
3348,4.79
3349,4.89
3350,4.9
3351,5.0
3352,4.92
3353,4.8
3354,4.82
3355,4.89
3356,4.94
3357,3.22
3358,3.0
3359,4.85
3360,4.72
3361,4.94
3362,4.82
3363,4.81
3364,4.75
3365,4.63
3366,4.87
3367,4.87
3368,4.92
3369,4.87
3370,4.81
3371,4.8
3372,4.53
3373,3.33
3374,4.8
3375,4.77
3376,4.88
3377,4.92
3378,4.62
3379,4.54
3380,4.41
3381,4.58
3382,4.28
3383,4.69
3384,4.88
3385,4.68
3386,0.0
3387,4.77
3388,4.92
3389,4.82
3390,0.0
3391,4.84
3392,4.91
3393,4.84
3394,4.82
3395,4.86
3396,4.78
3397,4.97
3398,4.51
3399,4.78
3400,4.85
3401,4.84
3402,0.0
3403,4.3
3404,4.38
3405,4.93
3406,4.73
3407,4.55
3408,4.25
3409,4.0
3410,4.31
3411,4.07
3412,4.0
3413,4.07
3414,4.4
3415,4.64
3416,4.71
3417,4.08
3418,4.29
3419,4.84
3420,4.73
3421,4.79
3422,4.61
3423,4.88
3424,4.84
3425,4.76
3426,4.67
3427,4.83
3428,3.9
3429,4.7
3430,5.0
3431,0.0
3432,4.27
3433,4.97
3434,4.94
3435,4.69
3436,4.38
3437,4.86
3438,4.77
3439,4.85
3440,4.73
3441,4.74
3442,4.79
3443,4.96
3444,4.36
3445,4.86
3446,4.79
3447,4.77
3448,5.0
3449,4.31
3450,4.71
3451,4.4
3452,4.88
3453,4.35
3454,4.5
3455,4.61
3456,4.54
3457,0.0
3458,0.0
3459,4.78
3460,4.36
3461,4.89
3462,4.77
3463,0.0
3464,0.0
3465,0.0
3466,4.5
3467,0.0
3468,3.8
3469,4.78
3470,4.94
3471,0.0
3472,4.87
3473,4.17
3474,4.36
3475,4.2
3476,4.63
3477,5.0
3478,4.78
3479,4.16
3480,4.79
3481,4.32
3482,4.69
3483,5.0
3484,4.66
3485,4.5
3486,4.8
3487,0.0
3488,0.0
3489,4.63
3490,5.0
3491,4.98
3492,4.5
3493,4.97
3494,4.77
3495,4.0
3496,4.26
3497,4.76
3498,5.0
3499,0.0
3500,0.0
3501,5.0
3502,5.0
3503,4.66
3504,4.57
3505,4.63
3506,4.63
3507,5.0
3508,4.53
3509,4.54
3510,4.61
3511,4.48
3512,0.0
3513,4.79
3514,5.0
3515,4.97
3516,5.0
3517,4.3
3518,4.73
3519,5.0
3520,4.33
3521,5.0
3522,5.0
3523,4.67
3524,4.75
3525,5.0
3526,4.78
3527,4.75
3528,4.49
3529,4.21
3530,3.8
3531,4.84
3532,4.91
3533,4.79
3534,4.7
3535,5.0
3536,4.73
3537,4.49
3538,4.27
3539,3.93
3540,3.82
3541,4.53
3542,4.18
3543,4.68
3544,4.46
3545,4.65
3546,4.65
3547,4.57
3548,4.4
3549,4.25
3550,4.69
3551,4.86
3552,4.47
3553,4.59
3554,4.61
3555,4.71
3556,4.51
3557,4.65
3558,4.71
3559,4.82
3560,4.91
3561,4.2
3562,0.0
3563,4.56
3564,5.0
3565,4.7
3566,4.93
3567,4.86
3568,4.82
3569,0.0
3570,0.0
3571,4.67
3572,4.82
3573,4.43
3574,4.83
3575,5.0
3576,3.64
3577,4.92
3578,4.91
3579,5.0
3580,4.33
3581,4.63
3582,5.0
3583,4.74
3584,4.77
3585,4.73
3586,3.67
3587,4.83
3588,4.2
3589,4.55
3590,4.44
3591,4.29
3592,4.55
3593,4.81
3594,4.75
3595,0.0
3596,4.94
3597,4.77
3598,4.81
3599,5.0
3600,4.33
3601,4.78
3602,4.64
3603,4.55
3604,5.0
3605,4.92
3606,5.0
3607,4.75
3608,5.0
3609,3.67
3610,4.33
3611,4.8
3612,4.88
3613,5.0
3614,4.41
3615,4.71
3616,4.77
3617,4.78
3618,4.6
3619,4.84
3620,4.33
3621,4.76
3622,3.71
3623,4.62
3624,4.56
3625,4.31
3626,4.6
3627,4.73
3628,4.79
3629,4.34
3630,4.86
3631,5.0
3632,4.79
3633,5.0
3634,4.59
3635,4.81
3636,4.73
3637,4.67
3638,4.55
3639,4.6
3640,4.85
3641,4.32
3642,5.0
3643,4.0
3644,4.77
3645,4.76
3646,4.65
3647,4.39
3648,4.66
3649,4.94
3650,4.89
3651,5.0
3652,4.77
3653,4.63
3654,4.87
3655,4.9
3656,4.37
3657,4.42
3658,4.16
3659,4.0
3660,4.49
3661,4.75
3662,4.67
3663,4.23
3664,4.42
3665,4.37
3666,4.92
3667,4.13
3668,4.0
3669,3.2
3670,4.93
3671,4.5
3672,5.0
3673,4.74
3674,5.0
3675,4.26
3676,5.0
3677,4.5
3678,4.25
3679,3.5
3680,4.49
3681,4.33
3682,4.98
3683,4.88
3684,5.0
3685,4.86
3686,4.64
3687,4.59
3688,4.93
3689,4.66
3690,5.0
3691,4.78
3692,4.67
3693,0.0
3694,4.5
3695,4.73
3696,4.43
3697,5.0
3698,0.0
3699,5.0
3700,5.0
3701,4.83
3702,4.92
3703,4.9
3704,4.09
3705,4.11
3706,2.0
3707,4.65
3708,4.5
3709,4.73
3710,4.68
3711,4.77
3712,0.0
3713,3.0
3714,4.89
3715,4.38
3716,4.89
3717,4.8
3718,4.63
3719,5.0
3720,4.36
3721,4.86
3722,4.88
3723,4.7
3724,5.0
3725,4.5
3726,4.75
3727,3.7
3728,4.96
3729,4.94
3730,4.69
3731,4.58
3732,0.0
3733,0.0
3734,0.0
3735,5.0
3736,0.0
3737,0.0
3738,0.0
3739,4.53
3740,4.28
3741,5.0
3742,4.6
3743,5.0
3744,0.0
3745,4.98
3746,5.0
3747,3.86
3748,4.59
3749,4.0
3750,5.0
3751,4.84
3752,4.44
3753,4.91
3754,4.5
3755,3.97
3756,4.92
3757,4.64
3758,4.5
3759,4.43
3760,5.0
3761,5.0
3762,4.7
3763,4.68
3764,4.83
3765,4.79
3766,0.0
3767,4.61
3768,4.64
3769,4.9
3770,4.33
3771,4.14
3772,4.96
3773,4.65
3774,4.62
3775,0.0
3776,5.0
3777,4.93
3778,3.75
3779,4.1
3780,4.33
3781,5.0
3782,4.5
3783,4.56
3784,4.14
3785,4.57
3786,4.85
3787,4.94
3788,3.5
3789,4.33
3790,4.96
3791,4.86
3792,4.86
3793,4.75
3794,4.9
3795,4.72
3796,4.77
3797,4.71
3798,4.91
3799,4.92
3800,0.0
3801,4.91
3802,4.3
3803,4.94
3804,4.88
3805,4.02
3806,4.73
3807,4.69
3808,5.0
3809,4.96
3810,5.0
3811,4.97
3812,4.81
3813,4.87
3814,4.68
3815,4.85
3816,4.87
3817,4.35
3818,4.47
3819,4.5
3820,4.71
3821,4.94
3822,4.8
3823,5.0
3824,3.91
3825,4.88
3826,4.69
3827,4.78
3828,4.67
3829,4.96
3830,4.5
3831,4.63
3832,4.65
3833,4.8
3834,5.0
3835,4.5
3836,0.0
3837,4.6
3838,4.92
3839,4.5
3840,4.71
3841,4.0
3842,4.58
3843,4.79
3844,4.75
3845,4.76
3846,4.45
3847,4.92
3848,4.5
3849,4.93
3850,4.77
3851,5.0
3852,4.89
3853,0.0
3854,4.62
3855,5.0
3856,4.45
3857,4.71
3858,4.86
3859,4.72
3860,4.94
3861,4.77
3862,4.95
3863,5.0
3864,4.93
3865,4.67
3866,4.67
3867,4.85
3868,5.0
3869,4.94
3870,4.97
3871,4.0
3872,5.0
3873,5.0
3874,5.0
3875,4.22
3876,4.83
3877,5.0
3878,5.0
3879,4.81
3880,5.0
3881,4.2
3882,5.0
3883,4.6
3884,4.6
3885,4.88
3886,4.31
3887,4.81
3888,4.39
3889,4.88
3890,5.0
3891,5.0
3892,3.64
3893,4.6
3894,4.63
3895,4.8
3896,4.0
3897,4.64
3898,4.67
3899,4.25
3900,4.41
3901,4.69
3902,4.19
3903,4.56
3904,4.82
3905,4.82
3906,5.0
3907,5.0
3908,4.65
3909,4.75
3910,3.51
3911,4.3
3912,5.0
3913,4.84
3914,4.17
3915,4.33
3916,4.33
3917,4.9
3918,4.0
3919,4.22
3920,3.99
3921,4.71
3922,4.8
3923,4.61
3924,4.79
3925,4.77
3926,4.8
3927,0.0
3928,3.25
3929,4.64
3930,4.32
3931,4.47
3932,4.0
3933,4.4
3934,4.21
3935,4.67
3936,4.85
3937,4.97
3938,0.0
3939,4.86
3940,4.75
3941,4.9
3942,4.69
3943,4.42
3944,4.89
3945,4.94
3946,0.0
3947,0.0
3948,4.73
3949,5.0
3950,4.7
3951,4.63
3952,4.93
3953,4.95
3954,5.0
3955,4.8
3956,4.75
3957,4.13
3958,4.67
3959,4.77
3960,5.0
3961,4.8
3962,4.54
3963,4.62
3964,4.96
3965,4.12
3966,4.35
3967,4.35
3968,4.44
3969,4.5
3970,3.67
3971,4.75
3972,4.67
3973,4.31
3974,4.96
3975,4.8
3976,4.33
3977,4.53
3978,4.73
3979,4.79
3980,4.95
3981,4.88
3982,4.71
3983,4.85
3984,4.74
3985,4.65
3986,4.74
3987,4.72
3988,4.72
3989,0.0
3990,4.46
3991,4.83
3992,4.4
3993,4.4
3994,5.0
3995,4.0
3996,5.0
3997,4.85
3998,0.0
3999,4.5
4000,4.54
4001,4.74
4002,4.7
4003,5.0
4004,4.92
4005,4.78
4006,4.77
4007,4.95
4008,5.0
4009,4.96
4010,4.9
4011,4.94
4012,4.7
4013,4.82
4014,4.65
4015,0.0
4016,4.0
4017,4.55
4018,4.93
4019,4.23
4020,4.46
4021,4.76
4022,4.5
4023,4.58
4024,4.94
4025,4.29
4026,4.72
4027,4.95
4028,5.0
4029,5.0
4030,4.88
4031,4.78
4032,3.5
4033,4.71
4034,4.89
4035,4.64
4036,5.0
4037,4.77
4038,4.93
4039,3.75
4040,4.4
4041,4.5
4042,5.0
4043,4.83
4044,4.72
4045,4.5
4046,4.0
4047,4.37
4048,3.5
4049,4.91
4050,0.0
4051,4.78
4052,4.77
4053,4.89
4054,4.74
4055,4.62
4056,5.0
4057,4.82
4058,4.81
4059,4.84
4060,4.43
4061,4.0
4062,4.67
4063,0.0
4064,4.0
4065,4.89
4066,4.67
4067,4.67
4068,4.67
4069,4.67
4070,4.72
4071,4.34
4072,4.84
4073,4.36
4074,5.0
4075,4.88
4076,1.0
4077,0.0
4078,5.0
4079,4.7
4080,0.0
4081,4.52
4082,4.78
4083,5.0
4084,4.91
4085,4.39
4086,4.26
4087,4.93
4088,4.33
4089,5.0
4090,4.82
4091,4.8
4092,5.0
4093,0.0
4094,5.0
4095,5.0
4096,4.77
4097,4.89
4098,4.92
4099,4.88
4100,4.7
4101,5.0
4102,0.0
4103,5.0
4104,4.52
4105,4.75
4106,4.74
4107,4.4
4108,0.0
4109,4.61
4110,4.67
4111,4.69
4112,4.46
4113,0.0
4114,4.18
4115,5.0
4116,4.81
4117,4.83
4118,4.73
4119,4.03
4120,4.8
4121,4.69
4122,4.6
4123,4.7
4124,4.83
4125,4.77
4126,5.0
4127,4.84
4128,4.6
4129,4.75
4130,4.91
4131,4.76
4132,4.84
4133,4.52
4134,0.0
4135,4.98
4136,4.91
4137,5.0
4138,5.0
4139,5.0
4140,0.0
4141,0.0
4142,5.0
4143,5.0
4144,4.83
4145,0.0
4146,4.93
4147,4.83
4148,4.3
4149,5.0
4150,0.0
4151,0.0
4152,0.0
4153,4.88
4154,4.89
4155,4.83
4156,4.85
4157,4.74
4158,4.89
4159,5.0
4160,4.88
4161,4.5
4162,4.6
4163,4.24
4164,4.67
4165,4.84
4166,4.88
4167,4.94
4168,4.78
4169,4.99
4170,5.0
4171,4.68
4172,5.0
4173,5.0
4174,4.91
4175,5.0
4176,4.92
4177,5.0
4178,5.0
4179,4.79
4180,4.85
4181,4.86
4182,4.89
4183,4.86
4184,0.0
4185,4.67
4186,4.83
4187,4.79
4188,4.6
4189,4.35
4190,5.0
4191,4.75
4192,4.93
4193,4.93
4194,4.84
4195,4.38
4196,4.75
4197,4.93
4198,4.36
4199,4.97
4200,4.67
4201,4.0
4202,5.0
4203,4.9
4204,4.88
4205,4.88
4206,4.7
4207,0.0
4208,4.33
4209,4.56
4210,4.24
4211,4.34
4212,4.29
4213,4.66
4214,4.32
4215,4.39
4216,4.44
4217,4.92
4218,4.64
4219,4.53
4220,4.86
4221,4.5
4222,4.56
4223,4.56
4224,4.92
4225,4.46
4226,4.73
4227,4.82
4228,4.84
4229,4.93
4230,4.58
4231,4.86
4232,4.55
4233,0.0
4234,5.0
4235,5.0
4236,4.89
4237,4.74
4238,4.94
4239,4.93
4240,4.5
4241,5.0
4242,4.69
4243,0.0
4244,4.72
4245,5.0
4246,4.72
4247,4.71
4248,4.36
4249,5.0
4250,4.67
4251,4.7
4252,4.92
4253,0.0
4254,4.75
4255,0.0
4256,4.0
4257,4.29
4258,4.87
4259,4.61
4260,5.0
4261,4.0
4262,4.8
4263,4.88
4264,4.83
4265,4.4
4266,4.74
4267,4.49
4268,0.0
4269,4.26
4270,5.0
4271,4.25
4272,4.25
4273,4.64
4274,4.89
4275,4.85
4276,4.71
4277,4.56
4278,5.0
4279,5.0
4280,4.74
4281,4.07
4282,4.52
4283,4.5
4284,4.86
4285,4.6
4286,0.0
4287,4.57
4288,4.89
4289,4.7
4290,4.38
4291,4.83
4292,4.62
4293,0.0
4294,5.0
4295,4.96
4296,4.44
4297,4.33
4298,4.28
4299,4.47
4300,4.44
4301,4.38
4302,5.0
4303,4.45
4304,3.33
4305,4.85
4306,4.84
4307,4.96
4308,4.85
4309,4.96
4310,4.5
4311,0.0
4312,4.54
4313,4.77
4314,4.53
4315,4.6
4316,5.0
4317,4.67
4318,3.95
4319,4.78
4320,4.88
4321,4.91
4322,5.0
4323,4.5
4324,0.0
4325,4.54
4326,4.86
4327,4.57
4328,4.78
4329,4.7
4330,4.22
4331,4.0
4332,4.54
4333,4.98
4334,4.59
4335,4.82
4336,4.75
4337,5.0
4338,4.44
4339,5.0
4340,0.0
4341,4.83
4342,0.0
4343,4.5
4344,5.0
4345,4.0
4346,3.0
4347,4.96
4348,4.98
4349,4.77
4350,4.67
4351,4.92
4352,4.6
4353,4.49
4354,4.39
4355,4.93
4356,4.78
4357,4.82
4358,4.94
4359,0.0
4360,4.73
4361,4.75
4362,4.93
4363,5.0
4364,4.75
4365,4.88
4366,4.62
4367,4.0
4368,4.61
4369,3.9
4370,4.88
4371,4.72
4372,4.96
4373,4.32
4374,4.8
4375,4.55
4376,4.45
4377,4.65
4378,4.84
4379,4.86
4380,4.96
4381,4.78
4382,0.0
4383,4.72
4384,4.0
4385,4.5
4386,4.69
4387,4.36
4388,4.58
4389,5.0
4390,5.0
4391,0.0
4392,5.0
4393,0.0
4394,4.96
4395,4.72
4396,4.96
4397,4.86
4398,4.31
4399,4.95
4400,1.0
4401,5.0
4402,4.88
4403,4.83
4404,4.32
4405,4.54
4406,4.3
4407,5.0
4408,0.0
4409,4.9
4410,4.7
4411,4.67
4412,4.47
4413,4.86
4414,0.0
4415,3.0
4416,5.0
4417,5.0
4418,4.0
4419,4.74
4420,4.88
4421,4.8
4422,5.0
4423,4.82
4424,0.0
4425,4.0
4426,4.3
4427,4.69
4428,4.89
4429,4.93
4430,4.67
4431,4.98
4432,4.31
4433,4.78
4434,4.81
4435,5.0
4436,4.88
4437,4.58
4438,4.85
4439,4.83
4440,4.67
4441,4.5
4442,4.81
4443,4.5
4444,4.0
4445,5.0
4446,3.96
4447,4.76
4448,0.0
4449,0.0
4450,4.77
4451,5.0
4452,5.0
4453,4.28
4454,4.88
4455,4.65
4456,4.61
4457,4.88
4458,4.54
4459,3.71
4460,0.0
4461,4.62
4462,5.0
4463,4.93
4464,4.38
4465,4.43
4466,4.57
4467,4.45
4468,4.62
4469,4.76
4470,4.7
4471,4.22
4472,4.95
4473,5.0
4474,4.5
4475,0.0
4476,4.83
4477,0.0
4478,4.48
4479,4.8
4480,4.9
4481,4.45
4482,4.07
4483,4.42
4484,4.61
4485,4.63
4486,4.44
4487,4.9
4488,4.34
4489,4.82
4490,4.49
4491,4.73
4492,4.94
4493,4.4
4494,4.58
4495,4.5
4496,4.75
4497,4.0
4498,5.0
4499,5.0
4500,5.0
4501,0.0
4502,4.0
4503,0.0
4504,5.0
4505,4.67
4506,0.0
4507,5.0
4508,0.0
4509,4.88
4510,5.0
4511,4.79
4512,0.0
4513,0.0
4514,0.0
4515,4.79
4516,4.87
4517,4.89
4518,4.56
4519,4.91
4520,4.08
4521,4.94
4522,4.06
4523,4.69
4524,4.56
4525,4.94
4526,5.0
4527,4.5
4528,4.88
4529,4.32
4530,4.43
4531,4.69
4532,4.69
4533,4.59
4534,4.68
4535,4.33
4536,0.0
4537,5.0
4538,2.0
4539,5.0
4540,5.0
4541,0.0
4542,5.0
4543,4.95
4544,4.81
4545,4.5
4546,3.5
4547,4.79
4548,3.5
4549,4.93
4550,4.35
4551,4.89
4552,4.5
4553,4.93
4554,5.0
4555,4.63
4556,4.56
4557,4.94
4558,4.88
4559,4.72
4560,5.0
4561,4.78
4562,4.83
4563,4.78
4564,4.94
4565,0.0
4566,4.93
4567,4.64
4568,5.0
4569,4.93
4570,4.8
4571,4.82
4572,4.73
4573,3.83
4574,4.77
4575,4.84
4576,4.6
4577,4.7
4578,3.87
4579,4.23
4580,4.6
4581,4.33
4582,4.65
4583,4.5
4584,4.94
4585,4.8
4586,4.67
4587,4.57
4588,4.76
4589,4.5
4590,4.78
4591,4.9
4592,0.0
4593,4.84
4594,5.0
4595,4.25
4596,0.0
4597,4.56
4598,4.0
4599,5.0
4600,5.0
4601,4.13
4602,4.94
4603,0.0
4604,4.33
4605,4.44
4606,0.0
4607,4.83
4608,4.87
4609,4.31
4610,4.89
4611,5.0
4612,0.0
4613,4.67
4614,0.0
4615,4.91
4616,4.0
4617,4.72
4618,4.8
4619,4.67
4620,4.42
4621,0.0
4622,4.62
4623,4.73
4624,4.93
4625,4.6
4626,4.69
4627,4.4
4628,4.3
4629,4.73
4630,0.0
4631,4.71
4632,4.33
4633,4.39
4634,4.85
4635,4.88
4636,4.14
4637,4.89
4638,3.88
4639,4.51
4640,4.89
4641,0.0
4642,5.0
4643,4.36
4644,3.42
4645,4.25
4646,4.0
4647,3.61
4648,4.58
4649,4.71
4650,4.95
4651,4.68
4652,4.88
4653,4.53
4654,0.0
4655,4.69
4656,4.98
4657,4.59
4658,4.83
4659,3.71
4660,4.62
4661,0.0
4662,4.73
4663,5.0
4664,0.0
4665,4.56
4666,4.9
4667,4.93
4668,5.0
4669,4.67
4670,4.65
4671,4.82
4672,5.0
4673,5.0
4674,4.6
4675,3.0
4676,5.0
4677,5.0
4678,4.57
4679,4.83
4680,5.0
4681,4.83
4682,5.0
4683,4.27
4684,4.89
4685,4.85
4686,4.83
4687,4.83
4688,4.75
4689,4.73
4690,4.5
4691,4.98
4692,4.25
4693,4.95
4694,4.64
4695,4.82
4696,0.0
4697,0.0
4698,4.76
4699,4.6
4700,3.89
4701,4.86
4702,4.87
4703,4.5
4704,4.8
4705,5.0
4706,4.77
4707,5.0
4708,4.69
4709,0.0
4710,4.84
4711,4.24
4712,4.29
4713,4.67
4714,4.0
4715,4.33
4716,5.0
4717,4.86
4718,4.71
4719,4.46
4720,4.67
4721,3.96
4722,4.74
4723,4.96
4724,4.69
4725,4.5
4726,4.43
4727,5.0
4728,0.0
4729,0.0
4730,4.31
4731,4.07
4732,4.14
4733,0.0
4734,4.89
4735,4.3
4736,4.0
4737,4.8
4738,4.74
4739,4.92
4740,5.0
4741,4.37
4742,4.33
4743,5.0
4744,4.0
4745,4.58
4746,4.5
4747,5.0
4748,4.0
4749,4.5
4750,4.33
4751,5.0
4752,4.64
4753,4.9
4754,4.5
4755,0.0
4756,4.81
4757,5.0
4758,4.9
4759,4.61
4760,4.67
4761,3.92
4762,5.0
4763,4.8
4764,4.93
4765,4.38
4766,4.47
4767,4.54
4768,4.67
4769,4.6
4770,4.63
4771,0.0
4772,5.0
4773,4.65
4774,4.46
4775,4.77
4776,4.83
4777,4.83
4778,4.93
4779,4.69
4780,5.0
4781,4.81
4782,0.0
4783,4.77
4784,4.54
4785,4.5
4786,0.0
4787,0.0
4788,4.81
4789,4.8
4790,4.95
4791,4.68
4792,4.58
4793,4.44
4794,0.0
4795,4.87
4796,4.76
4797,0.0
4798,5.0
4799,4.66
4800,0.0
4801,4.8
4802,4.64
4803,4.8
4804,0.0
4805,4.62
4806,0.0
4807,4.8
4808,0.0
4809,4.45
4810,4.56
4811,4.68
4812,4.98
4813,5.0
4814,5.0
4815,0.0
4816,4.0
4817,4.22
4818,4.72
4819,4.81
4820,4.8
4821,4.5
4822,4.67
4823,5.0
4824,4.0
4825,5.0
4826,4.29
4827,4.5
4828,4.77
4829,4.63
4830,4.85
4831,4.53
4832,4.86
4833,4.75
4834,0.0
4835,4.86
4836,4.72
4837,4.8
4838,4.5
4839,4.5
4840,4.02
4841,4.87
4842,5.0
4843,4.88
4844,4.83
4845,5.0
4846,4.94
4847,4.67
4848,5.0
4849,4.68
4850,4.5
4851,0.0
4852,5.0
4853,4.86
4854,4.84
4855,5.0
4856,4.75
4857,4.92
4858,4.71
4859,4.79
4860,4.93
4861,4.0
4862,5.0
4863,4.75
4864,5.0
4865,4.71
4866,4.79
4867,4.2
4868,4.78
4869,4.89
4870,4.86
4871,4.75
4872,4.0
4873,0.0
4874,4.5
4875,4.0
4876,0.0
4877,4.68
4878,4.93
4879,4.67
4880,4.43
4881,4.88
4882,4.89
4883,4.77
4884,4.81
4885,4.83
4886,0.0
4887,4.76
4888,4.5
4889,1.33
4890,4.8
4891,5.0
4892,4.47
4893,4.69
4894,0.0
4895,5.0
4896,4.14
4897,4.56
4898,5.0
4899,5.0
4900,4.75
4901,4.53
4902,4.69
4903,4.52
4904,4.33
4905,4.88
4906,4.47
4907,4.65
4908,4.5
4909,4.94
4910,4.77
4911,4.75
4912,4.83
4913,4.94
4914,4.8
4915,5.0
4916,4.78
4917,4.8
4918,4.69
4919,4.58
4920,4.0
4921,4.33
4922,4.29
4923,4.6
4924,4.48
4925,4.36
4926,4.63
4927,4.33
4928,4.38
4929,4.55
4930,4.66
4931,4.88
4932,2.0
4933,4.33
4934,4.75
4935,4.71
4936,0.0
4937,4.63
4938,4.85
4939,3.8
4940,4.33
4941,5.0
4942,4.57
4943,4.92
4944,4.91
4945,4.47
4946,4.96
4947,4.88
4948,5.0
4949,4.92
4950,5.0
4951,5.0
4952,4.59
4953,4.56
4954,4.83
4955,4.77
4956,4.91
4957,4.97
4958,0.0
4959,4.0
4960,4.77
4961,4.6
4962,4.85
4963,4.0
4964,4.7
4965,4.79
4966,5.0
4967,4.36
4968,4.5
4969,4.71
4970,0.0
4971,3.8
4972,4.78
4973,4.94
4974,4.75
4975,5.0
4976,3.67
4977,4.5
4978,4.9
4979,5.0
4980,3.57
4981,4.59
4982,4.57
4983,4.95
4984,4.67
4985,4.63
4986,4.48
4987,4.48
4988,4.6
4989,4.92
4990,3.87
4991,5.0
4992,4.5
4993,0.0
4994,4.42
4995,4.79
4996,4.82
4997,4.9
4998,4.97
4999,4.71
5000,4.64
5001,4.18
5002,4.17
5003,5.0
5004,4.26
5005,4.13
5006,4.89
5007,4.83
5008,4.73
5009,4.0
5010,1.0
5011,4.83
5012,4.8
5013,4.92
5014,4.83
5015,5.0
5016,4.65
5017,4.83
5018,4.71
5019,4.09
5020,4.42
5021,0.0
5022,4.75
5023,3.9
5024,4.67
5025,5.0
5026,4.33
5027,5.0
5028,4.57
5029,4.35
5030,4.71
5031,4.39
5032,4.57
5033,4.45
5034,4.6
5035,4.96
5036,4.27
5037,3.75
5038,4.98
5039,4.75
5040,5.0
5041,5.0
5042,5.0
5043,4.83
5044,4.97
5045,4.89
5046,0.0
5047,4.5
5048,4.67
5049,3.69
5050,4.83
5051,4.0
5052,5.0
5053,4.8
5054,4.52
5055,4.5
5056,4.96
5057,4.61
5058,4.67
5059,4.51
5060,4.67
5061,0.0
5062,0.0
5063,0.0
5064,4.33
5065,0.0
5066,0.0
5067,4.83
5068,4.51
5069,4.71
5070,4.71
5071,5.0
5072,4.77
5073,0.0
5074,5.0
5075,4.5
5076,4.91
5077,0.0
5078,4.0
5079,4.3
5080,4.64
5081,4.0
5082,4.89
5083,4.8
5084,5.0
5085,4.6
5086,5.0
5087,4.0
5088,4.73
5089,3.31
5090,4.8
5091,0.0
5092,4.0
5093,4.87
5094,0.0
5095,4.25
5096,4.47
5097,4.67
5098,5.0
5099,4.68
5100,4.72
5101,0.0
5102,3.5
5103,4.93
5104,4.62
5105,4.36
5106,4.5
5107,4.88
5108,4.2
5109,4.33
5110,4.5
5111,4.59
5112,5.0
5113,4.6
5114,4.5
5115,5.0
5116,5.0
5117,5.0
5118,4.66
5119,5.0
5120,4.32
5121,0.0
5122,0.0
5123,0.0
5124,0.0
5125,4.92
5126,4.0
5127,0.0
5128,4.44
5129,0.0
5130,4.3
5131,5.0
5132,4.75
5133,4.4
5134,0.0
5135,0.0
5136,4.95
5137,4.21
5138,4.6
5139,4.73
5140,4.74
5141,4.75
5142,5.0
5143,4.98
5144,4.89
5145,4.56
5146,4.85
5147,4.67
5148,5.0
5149,5.0
5150,4.79
5151,4.16
5152,5.0
5153,4.84
5154,4.18
5155,0.0
5156,4.82
5157,4.58
5158,4.65
5159,4.95
5160,5.0
5161,4.74
5162,0.0
5163,4.7
5164,4.4
5165,4.73
5166,5.0
5167,5.0
5168,4.6
5169,5.0
5170,4.32
5171,4.33
5172,0.0
5173,4.67
5174,4.83
5175,4.64
5176,4.57
5177,0.0
5178,4.63
5179,4.92
5180,4.83
5181,3.0
5182,0.0
5183,5.0
5184,3.2
5185,5.0
5186,0.0
5187,4.57
5188,0.0
5189,0.0
5190,5.0
5191,4.63
5192,5.0
5193,4.69
5194,4.59
5195,4.62
5196,4.05
5197,4.69
5198,4.94
5199,5.0
5200,5.0
5201,3.0
5202,4.66
5203,3.0
5204,4.84
5205,4.5
5206,4.85
5207,5.0
5208,4.44
5209,4.43
5210,4.25
5211,5.0
5212,4.75
5213,4.82
5214,4.75
5215,4.57
5216,4.58
5217,4.67
5218,4.67
5219,5.0
5220,4.33
5221,0.0
5222,4.67
5223,4.81
5224,5.0
5225,4.79
5226,0.0
5227,0.0
5228,4.93
5229,4.29
5230,4.62
5231,4.25
5232,4.8
5233,4.13
5234,4.88
5235,4.8
5236,4.92
5237,4.88
5238,0.0
5239,0.0
5240,0.0
5241,4.44
5242,0.0
5243,4.9
5244,5.0
5245,4.66
5246,4.0
5247,4.93
5248,4.27
5249,4.5
5250,4.85
5251,4.11
5252,0.0
5253,0.0
5254,5.0
5255,4.8
5256,3.94
5257,3.75
5258,4.38
5259,4.89
5260,4.2
5261,4.0
5262,4.5
5263,5.0
5264,4.06
5265,4.44
5266,4.21
5267,0.0
5268,4.88
5269,4.65
5270,4.6
5271,4.55
5272,4.75
5273,4.68
5274,5.0
5275,4.31
5276,4.48
5277,4.8
5278,0.0
5279,5.0
5280,0.0
5281,4.75
5282,5.0
5283,4.64
5284,5.0
5285,4.84
5286,0.0
5287,0.0
5288,0.0
5289,4.75
5290,4.75
5291,4.5
5292,4.5
5293,4.54
5294,4.0
5295,4.5
5296,5.0
5297,4.8
5298,4.25
5299,4.5
5300,4.65
5301,4.95
5302,4.74
5303,0.0
5304,4.5
5305,4.75
5306,4.67
5307,4.91
5308,4.5
5309,0.0
5310,4.7
5311,5.0
5312,4.73
5313,4.57
5314,4.91
5315,0.0
5316,4.78
5317,5.0
5318,4.88
5319,4.5
5320,0.0
5321,4.71
5322,4.5
5323,5.0
5324,5.0
5325,5.0
5326,4.92
5327,5.0
5328,0.0
5329,4.56
5330,4.52
5331,4.0
5332,4.65
5333,4.75
5334,4.53
5335,0.0
5336,4.86
5337,4.79
5338,4.83
5339,4.83
5340,0.0
5341,5.0
5342,0.0
5343,0.0
5344,4.08
5345,5.0
5346,4.5
5347,5.0
5348,5.0
5349,5.0
5350,4.64
5351,5.0
5352,5.0
5353,5.0
5354,0.0
5355,5.0
5356,5.0
5357,0.0
5358,4.85
5359,4.17
5360,4.2
5361,4.53
5362,4.61
5363,4.56
5364,4.6
5365,5.0
5366,4.38
5367,5.0
5368,4.84
5369,4.51
5370,4.9
5371,3.0
5372,0.0
5373,4.98
5374,4.69
5375,4.81
5376,4.55
5377,5.0
5378,5.0
5379,4.79
5380,4.97
5381,5.0
5382,4.83
5383,0.0
5384,4.4
5385,4.54
5386,4.71
5387,4.88
5388,4.68
5389,4.87
5390,4.66
5391,5.0
5392,5.0
5393,0.0
5394,4.77
5395,4.42
5396,4.0
5397,4.78
5398,4.74
5399,3.25
5400,4.92
5401,4.94
5402,4.67
5403,4.67
5404,4.81
5405,4.68
5406,0.0
5407,4.62
5408,4.92
5409,4.7
5410,4.5
5411,5.0
5412,4.7
5413,5.0
5414,4.19
5415,4.3
5416,4.86
5417,5.0
5418,4.11
5419,0.0
5420,4.72
5421,4.33
5422,4.53
5423,5.0
5424,4.75
5425,4.65
5426,4.5
5427,4.8
5428,5.0
5429,4.84
5430,4.29
5431,5.0
5432,4.78
5433,4.92
5434,4.09
5435,4.2
5436,4.83
5437,5.0
5438,5.0
5439,4.56
5440,4.9
5441,4.69
5442,4.71
5443,4.71
5444,4.4
5445,4.63
5446,4.67
5447,4.76
5448,4.83
5449,5.0
5450,0.0
5451,0.0
5452,0.0
5453,4.62
5454,4.36
5455,4.57
5456,0.0
5457,0.0
5458,4.71
5459,4.75
5460,4.5
5461,4.46
5462,5.0
5463,4.5
5464,4.89
5465,5.0
5466,4.0
5467,0.0
5468,5.0
5469,4.24
5470,4.49
5471,4.8
5472,0.0
5473,4.5
5474,4.67
5475,4.45
5476,5.0
5477,4.85
5478,5.0
5479,4.67
5480,4.82
5481,4.87
5482,4.0
5483,5.0
5484,4.57
5485,4.74
5486,3.0
5487,0.0
5488,4.0
5489,5.0
5490,4.4
5491,5.0
5492,4.5
5493,5.0
5494,5.0
5495,4.75
5496,4.88
5497,4.59
5498,4.04
5499,4.84
5500,4.63
5501,0.0
5502,4.93
5503,4.66
5504,4.0
5505,4.83
5506,5.0
5507,0.0
5508,5.0
5509,5.0
5510,5.0
5511,4.83
5512,4.82
5513,4.5
5514,4.99
5515,4.71
5516,4.93
5517,4.59
5518,4.57
5519,4.59
5520,4.56
5521,5.0
5522,4.6
5523,4.94
5524,4.86
5525,5.0
5526,4.97
5527,4.48
5528,4.36
5529,5.0
5530,4.82
5531,5.0
5532,4.79
5533,0.0
5534,4.91
5535,4.76
5536,5.0
5537,4.63
5538,5.0
5539,4.8
5540,4.88
5541,5.0
5542,4.68
5543,4.25
5544,4.5
5545,4.55
5546,4.22
5547,4.0
5548,4.44
5549,4.43
5550,4.55
5551,4.25
5552,4.4
5553,4.79
5554,4.81
5555,5.0
5556,4.49
5557,4.5
5558,4.56
5559,4.87
5560,4.5
5561,4.54
5562,0.0
5563,0.0
5564,4.62
5565,4.5
5566,4.44
5567,4.75
5568,4.14
5569,4.73
5570,4.38
5571,1.0
5572,0.0
5573,4.72
5574,4.82
5575,0.0
5576,4.32
5577,4.54
5578,4.89
5579,4.88
5580,4.69
5581,4.83
5582,4.5
5583,4.83
5584,4.57
5585,4.85
5586,4.63
5587,4.8
5588,4.92
5589,4.56
5590,4.64
5591,0.0
5592,0.0
5593,5.0
5594,5.0
5595,4.67
5596,4.78
5597,4.75
5598,4.58
5599,4.43
5600,4.43
5601,4.74
5602,4.76
5603,0.0
5604,4.83
5605,4.61
5606,4.0
5607,4.2
5608,4.67
5609,4.75
5610,5.0
5611,4.55
5612,5.0
5613,5.0
5614,4.36
5615,4.14
5616,4.78
5617,5.0
5618,4.89
5619,0.0
5620,5.0
5621,4.44
5622,4.75
5623,5.0
5624,0.0
5625,4.82
5626,4.89
5627,4.67
5628,4.4
5629,4.8
5630,4.66
5631,4.73
5632,4.38
5633,4.57
5634,4.23
5635,4.68
5636,4.56
5637,4.64
5638,4.73
5639,5.0
5640,5.0
5641,4.68
5642,4.76
5643,0.0
5644,4.94
5645,4.0
5646,4.45
5647,4.76
5648,4.5
5649,0.0
5650,0.0
5651,4.98
5652,4.73
5653,4.78
5654,4.9
5655,4.76
5656,4.0
5657,4.76
5658,4.84
5659,4.63
5660,4.41
5661,4.2
5662,4.76
5663,4.13
5664,4.3
5665,4.14
5666,4.88
5667,0.0
5668,4.83
5669,4.95
5670,4.78
5671,4.7
5672,5.0
5673,4.88
5674,4.79
5675,4.5
5676,4.38
5677,4.86
5678,4.0
5679,4.73
5680,4.14
5681,4.09
5682,5.0
5683,4.73
5684,5.0
5685,4.8
5686,4.31
5687,0.0
5688,4.86
5689,4.47
5690,5.0
5691,4.78
5692,4.85
5693,4.52
5694,5.0
5695,4.87
5696,5.0
5697,4.75
5698,5.0
5699,4.5
5700,4.87
5701,4.69
5702,4.48
5703,4.73
5704,4.73
5705,0.0
5706,0.0
5707,5.0
5708,5.0
5709,4.0
5710,4.38
5711,4.89
5712,4.81
5713,5.0
5714,4.33
5715,4.97
5716,4.71
5717,5.0
5718,5.0
5719,5.0
5720,4.36
5721,4.78
5722,4.74
5723,4.97
5724,5.0
5725,4.82
5726,4.88
5727,4.86
5728,4.67
5729,4.73
5730,4.88
5731,5.0
5732,3.0
5733,4.57
5734,4.0
5735,4.69
5736,5.0
5737,4.91
5738,5.0
5739,4.95
5740,4.71
5741,3.0
5742,4.87
5743,4.5
5744,0.0
5745,4.9
5746,5.0
5747,4.89
5748,4.8
5749,4.27
5750,4.3
5751,4.64
5752,5.0
5753,0.0
5754,4.64
5755,4.75
5756,4.09
5757,4.42
5758,4.63
5759,5.0
5760,4.0
5761,4.39
5762,4.75
5763,4.7
5764,4.84
5765,4.5
5766,5.0
5767,4.62
5768,4.82
5769,5.0
5770,4.86
5771,4.89
5772,4.4
5773,4.6
5774,4.59
5775,0.0
5776,4.0
5777,5.0
5778,4.87
5779,4.7
5780,4.57
5781,4.89
5782,0.0
5783,4.65
5784,5.0
5785,4.88
5786,0.0
5787,4.0
5788,5.0
5789,0.0
5790,5.0
5791,5.0
5792,0.0
5793,4.46
5794,5.0
5795,4.67
5796,4.61
5797,4.85
5798,4.17
5799,4.75
5800,4.32
5801,4.77
5802,4.33
5803,0.0
5804,4.33
5805,0.0
5806,4.62
5807,4.67
5808,4.9
5809,4.76
5810,4.33
5811,5.0
5812,4.67
5813,4.75
5814,4.93
5815,4.53
5816,4.56
5817,5.0
5818,0.0
5819,4.67
5820,3.8
5821,5.0
5822,3.0
5823,4.74
5824,5.0
5825,0.0
5826,5.0
5827,5.0
5828,4.63
5829,0.0
5830,4.43
5831,4.75
5832,4.47
5833,4.97
5834,4.13
5835,4.8
5836,4.7
5837,4.7
5838,4.7
5839,4.78
5840,4.92
5841,4.83
5842,4.96
5843,5.0
5844,4.2
5845,4.49
5846,4.26
5847,5.0
5848,4.14
5849,3.67
5850,3.93
5851,4.92
5852,5.0
5853,5.0
5854,4.73
5855,4.0
5856,4.9
5857,4.88
5858,4.85
5859,0.0
5860,0.0
5861,4.77
5862,4.67
5863,4.57
5864,5.0
5865,4.7
5866,0.0
5867,4.87
5868,0.0
5869,5.0
5870,5.0
5871,5.0
5872,4.6
5873,4.42
5874,4.52
5875,4.26
5876,4.0
5877,4.18
5878,5.0
5879,4.6
5880,4.93
5881,4.7
5882,4.4
5883,4.63
5884,4.64
5885,4.67
5886,4.0
5887,4.75
5888,5.0
5889,0.0
5890,4.44
5891,4.89
5892,4.86
5893,4.95
5894,4.96
5895,4.4
5896,0.0
5897,0.0
5898,4.54
5899,4.85
5900,0.0
5901,4.62
5902,4.33
5903,0.0
5904,4.63
5905,4.83
5906,4.87
5907,4.83
5908,5.0
5909,4.62
5910,4.55
5911,5.0
5912,5.0
5913,5.0
5914,2.67
5915,5.0
5916,3.0
5917,4.33
5918,4.83
5919,5.0
5920,2.95
5921,5.0
5922,4.75
5923,0.0
5924,5.0
5925,0.0
5926,4.25
5927,4.28
5928,4.43
5929,4.43
5930,5.0
5931,4.53
5932,4.25
5933,4.91
5934,4.89
5935,4.61
5936,4.89
5937,0.0
5938,5.0
5939,0.0
5940,0.0
5941,4.63
5942,5.0
5943,5.0
5944,4.88
5945,4.47
5946,5.0
5947,4.63
5948,4.81
5949,4.6
5950,4.67
5951,4.5
5952,4.5
5953,5.0
5954,3.91
5955,4.4
5956,4.0
5957,4.0
5958,4.88
5959,4.88
5960,4.33
5961,4.97
5962,4.6
5963,4.33
5964,4.77
5965,4.83
5966,0.0
5967,4.61
5968,4.36
5969,4.25
5970,4.53
5971,4.56
5972,4.77
5973,4.64
5974,4.45
5975,4.58
5976,4.93
5977,5.0
5978,4.88
5979,5.0
5980,4.65
5981,0.0
5982,4.89
5983,4.91
5984,5.0
5985,5.0
5986,5.0
5987,5.0
5988,4.48
5989,4.47
5990,4.8
5991,5.0
5992,4.64
5993,4.44
5994,4.71
5995,4.88
5996,4.95
5997,5.0
5998,4.8
5999,4.79
6000,4.53
6001,5.0
6002,4.86
6003,4.98
6004,4.06
6005,3.83
6006,4.86
6007,5.0
6008,5.0
6009,4.92
6010,4.93
6011,4.67
6012,4.92
6013,4.78
6014,4.86
6015,0.0
6016,5.0
6017,4.0
6018,4.74
6019,4.93
6020,4.85
6021,4.74
6022,4.0
6023,4.77
6024,4.61
6025,0.0
6026,4.71
6027,5.0
6028,4.74
6029,5.0
6030,0.0
6031,4.83
6032,4.7
6033,4.33
6034,4.54
6035,4.5
6036,0.0
6037,0.0
6038,4.5
6039,0.0
6040,4.67
6041,4.6
6042,4.19
6043,4.26
6044,5.0
6045,5.0
6046,5.0
6047,3.0
6048,4.48
6049,0.0
6050,4.48
6051,5.0
6052,4.75
6053,4.5
6054,4.89
6055,5.0
6056,5.0
6057,4.6
6058,4.33
6059,4.65
6060,5.0
6061,0.0
6062,4.63
6063,2.0
6064,4.5
6065,4.75
6066,0.0
6067,5.0
6068,4.23
6069,5.0
6070,4.0
6071,4.14
6072,4.8
6073,0.0
6074,5.0
6075,5.0
6076,4.94
6077,5.0
6078,4.73
6079,4.82
6080,5.0
6081,5.0
6082,4.95
6083,4.0
6084,5.0
6085,0.0
6086,4.67
6087,4.67
6088,4.44
6089,3.67
6090,0.0
6091,4.71
6092,5.0
6093,0.0
6094,4.64
6095,0.0
6096,0.0
6097,5.0
6098,5.0
6099,0.0
6100,5.0
6101,4.86
6102,4.0
6103,4.92
6104,4.8
6105,5.0
6106,4.67
6107,4.46
6108,4.97
6109,0.0
6110,0.0
6111,5.0
6112,0.0
6113,0.0
6114,0.0
6115,0.0
6116,0.0
6117,5.0
6118,2.0
6119,4.53
6120,4.93
6121,5.0
6122,5.0
6123,0.0
6124,5.0
6125,4.75
6126,4.32
6127,4.14
6128,4.88
6129,0.0
6130,0.0
6131,4.29
6132,4.58
6133,4.33
6134,4.29
6135,3.0
6136,0.0
6137,0.0
6138,4.98
6139,4.82
6140,4.6
6141,4.83
6142,4.7
6143,5.0
6144,4.86
6145,5.0
6146,0.0
6147,4.61
6148,4.97
6149,4.64
6150,4.75
6151,4.7
6152,3.0
6153,4.91
6154,4.6
6155,5.0
6156,4.25
6157,4.63
6158,4.94
6159,4.0
6160,5.0
6161,4.8
6162,4.74
6163,5.0
6164,4.75
6165,0.0
6166,0.0
6167,4.62
6168,4.84
6169,4.9
6170,0.0
6171,4.4
6172,4.25
6173,4.5
6174,4.24
6175,4.72
6176,4.92
6177,4.65
6178,5.0
6179,4.87
6180,4.74
6181,0.0
6182,4.44
6183,4.71
6184,0.0
6185,4.42
6186,4.45
6187,5.0
6188,4.52
6189,5.0
6190,4.3
6191,4.74
6192,4.5
6193,4.67
6194,4.71
6195,5.0
6196,4.81
6197,4.94
6198,4.63
6199,4.61
6200,4.71
6201,0.0
6202,5.0
6203,5.0
6204,4.76
6205,5.0
6206,4.88
6207,4.5
6208,4.57
6209,4.67
6210,4.86
6211,4.94
6212,4.91
6213,4.5
6214,4.67
6215,4.5
6216,4.65
6217,0.0
6218,4.0
6219,4.86
6220,4.98
6221,4.67
6222,0.0
6223,5.0
6224,4.7
6225,5.0
6226,4.32
6227,5.0
6228,4.36
6229,4.6
6230,4.0
6231,4.6
6232,4.68
6233,5.0
6234,4.94
6235,5.0
6236,4.54
6237,4.5
6238,4.97
6239,4.5
6240,4.9
6241,4.63
6242,5.0
6243,0.0
6244,0.0
6245,4.0
6246,0.0
6247,4.55
6248,0.0
6249,5.0
6250,4.0
6251,4.67
6252,4.85
6253,4.86
6254,0.0
6255,4.67
6256,0.0
6257,4.65
6258,4.67
6259,0.0
6260,4.88
6261,4.0
6262,5.0
6263,4.89
6264,5.0
6265,3.0
6266,4.91
6267,4.4
6268,4.5
6269,4.9
6270,0.0
6271,4.76
6272,4.59
6273,4.78
6274,0.0
6275,0.0
6276,4.86
6277,5.0
6278,5.0
6279,4.76
6280,4.45
6281,4.7
6282,0.0
6283,5.0
6284,4.82
6285,4.78
6286,4.72
6287,4.61
6288,4.41
6289,0.0
6290,4.55
6291,5.0
6292,4.91
6293,5.0
6294,5.0
6295,4.79
6296,5.0
6297,4.0
6298,0.0
6299,4.63
6300,4.83
6301,0.0
6302,4.03
6303,0.0
6304,4.0
6305,5.0
6306,0.0
6307,4.5
6308,4.45
6309,5.0
6310,4.25
6311,5.0
6312,4.48
6313,4.64
6314,4.45
6315,5.0
6316,5.0
6317,4.75
6318,4.65
6319,0.0
6320,0.0
6321,5.0
6322,4.53
6323,3.94
6324,4.33
6325,5.0
6326,4.05
6327,4.38
6328,4.6
6329,4.0
6330,4.6
6331,4.57
6332,0.0
6333,4.08
6334,0.0
6335,4.76
6336,4.9
6337,4.86
6338,4.91
6339,4.67
6340,4.9
6341,4.3
6342,5.0
6343,4.75
6344,5.0
6345,4.63
6346,4.75
6347,4.71
6348,4.69
6349,4.44
6350,5.0
6351,4.67
6352,5.0
6353,4.66
6354,4.38
6355,4.96
6356,4.96
6357,5.0
6358,4.8
6359,4.63
6360,4.68
6361,0.0
6362,5.0
6363,4.33
6364,4.5
6365,4.29
6366,4.45
6367,4.72
6368,4.47
6369,4.0
6370,4.75
6371,5.0
6372,5.0
6373,5.0
6374,5.0
6375,0.0
6376,0.0
6377,0.0
6378,4.61
6379,0.0
6380,0.0
6381,2.5
6382,0.0
6383,0.0
6384,5.0
6385,4.67
6386,4.83
6387,5.0
6388,4.75
6389,4.5
6390,0.0
6391,4.83
6392,4.33
6393,4.33
6394,2.5
6395,4.96
6396,4.89
6397,4.67
6398,4.63
6399,3.0
6400,3.0
6401,0.0
6402,5.0
6403,4.86
6404,4.0
6405,4.5
6406,0.0
6407,4.33
6408,4.0
6409,0.0
6410,0.0
6411,3.8
6412,0.0
6413,4.0
6414,5.0
6415,4.29
6416,0.0
6417,0.0
6418,4.1
6419,3.0
6420,4.0
6421,5.0
6422,2.0
6423,5.0
6424,4.67
6425,0.0
6426,0.0
6427,4.67
6428,0.0
6429,4.58
6430,5.0
6431,5.0
6432,4.5
6433,4.67
6434,4.47
6435,5.0
6436,4.86
6437,5.0
6438,4.86
6439,4.87
6440,4.5
6441,4.17
6442,0.0
6443,5.0
6444,3.0
6445,0.0
6446,0.0
6447,5.0
6448,4.63
6449,4.86
6450,4.55
6451,4.6
6452,4.69
6453,4.5
6454,3.0
6455,4.54
6456,0.0
6457,4.53
6458,4.83
6459,4.74
6460,5.0
6461,4.9
6462,4.73
6463,4.58
6464,4.71
6465,4.73
6466,5.0
6467,0.0
6468,4.28
6469,5.0
6470,0.0
6471,4.0
6472,5.0
6473,4.46
6474,4.71
6475,4.88
6476,4.6
6477,4.85
6478,4.74
6479,4.95
6480,4.67
6481,4.25
6482,4.72
6483,5.0
6484,4.54
6485,0.0
6486,0.0
6487,0.0
6488,0.0
6489,4.67
6490,4.48
6491,4.63
6492,4.93
6493,4.61
6494,4.74
6495,4.75
6496,4.94
6497,4.96
6498,4.86
6499,3.33
6500,4.67
6501,0.0
6502,5.0
6503,4.83
6504,4.79
6505,4.91
6506,4.89
6507,4.71
6508,4.25
6509,5.0
6510,5.0
6511,4.8
6512,4.68
6513,4.94
6514,4.55
6515,3.5
6516,4.0
6517,4.0
6518,4.78
6519,4.76
6520,0.0
6521,3.0
6522,0.0
6523,5.0
6524,4.71
6525,4.67
6526,5.0
6527,4.83
6528,4.78
6529,5.0
6530,0.0
6531,4.67
6532,4.74
6533,3.75
6534,4.4
6535,4.5
6536,5.0
6537,4.74
6538,4.53
6539,0.0
6540,4.96
6541,0.0
6542,0.0
6543,0.0
6544,4.83
6545,4.33
6546,4.0
6547,4.8
6548,5.0
6549,4.97
6550,4.49
6551,5.0
6552,4.5
6553,4.67
6554,4.77
6555,5.0
6556,0.0
6557,4.44
6558,4.83
6559,4.0
6560,4.43
6561,4.33
6562,4.0
6563,4.82
6564,4.91
6565,5.0
6566,4.96
6567,0.0
6568,5.0
6569,3.83
6570,5.0
6571,4.75
6572,5.0
6573,4.96
6574,0.0
6575,4.89
6576,0.0
6577,4.0
6578,0.0
6579,4.67
6580,5.0
6581,5.0
6582,4.75
6583,5.0
6584,4.97
6585,4.89
6586,0.0
6587,4.0
6588,0.0
6589,4.73
6590,4.88
6591,4.33
6592,4.14
6593,5.0
6594,4.65
6595,4.52
6596,4.5
6597,5.0
6598,5.0
6599,5.0
6600,4.75
6601,5.0
6602,4.53
6603,4.6
6604,4.59
6605,0.0
6606,0.0
6607,0.0
6608,5.0
6609,5.0
6610,5.0
6611,5.0
6612,4.81
6613,4.92
6614,4.57
6615,5.0
6616,4.77
6617,3.83
6618,0.0
6619,4.0
6620,0.0
6621,4.65
6622,5.0
6623,4.65
6624,4.0
6625,4.7
6626,4.45
6627,4.79
6628,3.67
6629,5.0
6630,4.82
6631,4.73
6632,0.0
6633,0.0
6634,4.0
6635,3.63
6636,4.33
6637,5.0
6638,4.5
6639,0.0
6640,5.0
6641,4.5
6642,0.0
6643,0.0
6644,5.0
6645,0.0
6646,4.58
6647,4.92
6648,4.0
6649,4.82
6650,4.79
6651,0.0
6652,5.0
6653,4.88
6654,4.0
6655,0.0
6656,0.0
6657,4.63
6658,4.13
6659,5.0
6660,0.0
6661,5.0
6662,4.8
6663,5.0
6664,4.75
6665,4.81
6666,4.6
6667,3.8
6668,4.57
6669,4.48
6670,4.52
6671,4.5
6672,0.0
6673,5.0
6674,3.5
6675,3.85
6676,5.0
6677,4.67
6678,4.75
6679,4.0
6680,4.58
6681,4.95
6682,4.8
6683,3.67
6684,5.0
6685,4.71
6686,3.82
6687,5.0
6688,4.94
6689,5.0
6690,4.56
6691,4.5
6692,5.0
6693,0.0
6694,4.8
6695,4.56
6696,4.57
6697,4.78
6698,0.0
6699,4.39
6700,4.6
6701,0.0
6702,4.6
6703,4.88
6704,4.71
6705,4.89
6706,4.39
6707,4.9
6708,4.5
6709,0.0
6710,0.0
6711,0.0
6712,4.71
6713,4.6
6714,4.72
6715,5.0
6716,4.17
6717,5.0
6718,4.91
6719,4.0
6720,4.72
6721,4.75
6722,4.55
6723,0.0
6724,5.0
6725,5.0
6726,4.8
6727,3.5
6728,5.0
6729,0.0
6730,4.5
6731,4.58
6732,4.5
6733,4.3
6734,0.0
6735,4.0
6736,5.0
6737,4.86
6738,0.0
6739,4.0
6740,4.67
6741,4.4
6742,4.06
6743,4.0
6744,4.75
6745,4.97
6746,5.0
6747,0.0
6748,0.0
6749,0.0
6750,0.0
6751,0.0
6752,0.0
6753,0.0
6754,0.0
6755,0.0
6756,0.0
6757,0.0
6758,0.0
6759,0.0
6760,0.0
6761,0.0
6762,0.0
6763,0.0
6764,0.0
6765,0.0
6766,0.0
6767,0.0
6768,0.0
6769,0.0
6770,0.0
6771,0.0
6772,0.0
6773,0.0
6774,0.0
6775,0.0
6776,0.0
6777,5.0
6778,5.0
6779,5.0
6780,5.0
6781,4.33
6782,3.5
6783,5.0
6784,0.0
6785,0.0
6786,0.0
6787,0.0
6788,0.0
6789,0.0
6790,0.0
6791,0.0
6792,0.0
6793,0.0
6794,0.0
6795,0.0
6796,0.0
6797,0.0
6798,0.0
6799,0.0
6800,0.0
6801,0.0
6802,0.0
6803,0.0
6804,0.0
6805,0.0
6806,0.0
6807,0.0
6808,0.0
6809,0.0
6810,0.0
6811,0.0
6812,0.0
6813,4.41
6814,2.0
6815,0.0
6816,5.0
6817,4.25
6818,0.0
6819,0.0
6820,0.0
6821,0.0
6822,0.0
6823,0.0
6824,0.0
6825,0.0
6826,0.0
6827,0.0
6828,0.0
6829,0.0
6830,0.0
6831,0.0
6832,0.0
6833,0.0
6834,0.0
6835,0.0
6836,0.0
6837,0.0
6838,0.0
6839,0.0
6840,0.0
6841,0.0
6842,0.0
6843,0.0
6844,0.0
6845,0.0
6846,0.0
6847,0.0
6848,4.33
6849,4.67
6850,4.89
6851,5.0
6852,4.64
6853,5.0
6854,4.8
6855,4.67
6856,4.47
6857,4.67
6858,4.32
6859,3.75
6860,4.51
6861,4.75
6862,4.63
6863,4.42
6864,4.23
6865,4.58
6866,4.69
6867,0.0
6868,0.0
6869,0.0
6870,0.0
6871,0.0
6872,0.0
6873,0.0
6874,0.0
6875,0.0
6876,0.0
6877,0.0
6878,0.0
6879,0.0
6880,0.0
6881,0.0
6882,0.0
6883,0.0
6884,0.0
6885,4.4
6886,0.0
6887,4.83
6888,0.0
6889,0.0
6890,0.0
6891,0.0
6892,0.0
6893,0.0
6894,0.0
6895,0.0
6896,0.0
6897,0.0
6898,0.0
6899,0.0
6900,0.0
6901,0.0
6902,0.0
6903,0.0
6904,0.0
6905,0.0
6906,4.95
6907,4.63
6908,5.0
6909,5.0
6910,4.33
6911,5.0
6912,4.94
6913,4.53
6914,4.71
6915,3.75
6916,5.0
6917,5.0
6918,0.0
6919,0.0
6920,0.0
6921,0.0
6922,0.0
6923,0.0
6924,0.0
6925,0.0
6926,0.0
6927,0.0
6928,0.0
6929,0.0
6930,0.0
6931,0.0
6932,0.0
6933,0.0
6934,0.0
6935,0.0
6936,0.0
6937,0.0
6938,0.0
6939,0.0
6940,5.0
6941,0.0
6942,0.0
6943,0.0
6944,0.0
6945,0.0
6946,0.0
6947,0.0
6948,0.0
6949,0.0
6950,0.0
6951,0.0
6952,0.0
6953,0.0
6954,0.0
6955,0.0
6956,0.0
6957,0.0
6958,0.0
6959,0.0
6960,0.0
6961,0.0
6962,0.0
6963,0.0
6964,0.0
6965,0.0
6966,0.0
6967,0.0
6968,0.0
6969,0.0
6970,0.0
6971,0.0
6972,0.0
6973,0.0
6974,0.0
6975,0.0
6976,0.0
6977,0.0
6978,0.0
6979,0.0
6980,0.0
6981,0.0
6982,0.0
6983,0.0
6984,0.0
6985,0.0
6986,0.0
6987,0.0
6988,0.0
6989,0.0
6990,0.0
6991,0.0
6992,0.0
6993,0.0
6994,0.0
6995,0.0
6996,0.0
6997,0.0
6998,0.0
6999,0.0
7000,0.0
7001,0.0
7002,0.0
7003,0.0
7004,0.0
7005,0.0
7006,0.0
7007,0.0
7008,0.0
7009,0.0
7010,0.0
7011,0.0
7012,0.0
7013,0.0
7014,0.0
7015,0.0
7016,0.0
7017,0.0
7018,0.0
7019,0.0
7020,0.0
7021,0.0
7022,0.0
7023,0.0
7024,0.0
7025,0.0
7026,0.0
7027,0.0
7028,0.0
7029,0.0
7030,4.67
7031,4.86
7032,5.0
7033,4.43
7034,0.0
7035,4.88
7036,4.4
7037,5.0
7038,0.0
7039,4.9
7040,0.0
7041,4.73
7042,4.74
7043,0.0
7044,0.0
7045,4.44
7046,4.6
7047,4.58
7048,4.44
7049,5.0
7050,5.0
7051,0.0
7052,4.69
7053,4.8
7054,5.0
7055,4.5
7056,5.0
7057,4.83
7058,4.59
7059,4.5
7060,4.33
7061,4.0
7062,4.8
7063,4.8
7064,5.0
7065,4.5
7066,5.0
7067,5.0
7068,4.21
7069,0.0
7070,0.0
7071,4.88
7072,0.0
7073,0.0
7074,5.0
7075,0.0
7076,4.8
7077,5.0
7078,5.0
7079,4.67
7080,4.58
7081,0.0
7082,4.45
7083,4.85
7084,4.25
7085,4.2
7086,5.0
7087,4.94
7088,0.0
7089,4.5
7090,4.0
7091,4.08
7092,4.67
7093,5.0
7094,0.0
7095,0.0
7096,4.26
7097,4.5
7098,4.8
7099,3.84
7100,0.0
7101,4.96
7102,0.0
7103,4.77
7104,4.41
7105,4.71
7106,4.4
7107,4.78
7108,4.3
7109,4.7
7110,0.0
7111,5.0
7112,4.83
7113,0.0
7114,4.92
7115,4.87
7116,4.75
7117,4.78
7118,5.0
7119,4.67
7120,4.0
7121,4.67
7122,4.84
7123,4.69
7124,4.54
7125,4.9
7126,4.52
7127,5.0
7128,4.96
7129,4.8
7130,3.6
7131,4.42
7132,4.64
7133,4.11
7134,4.17
7135,4.69
7136,4.66
7137,4.62
7138,3.8
7139,3.8
7140,4.53
7141,4.75
7142,4.75
7143,4.69
7144,4.75
7145,5.0
7146,4.6
7147,5.0
7148,4.7
7149,4.89
7150,4.36
7151,4.6
7152,4.69
7153,4.86
7154,0.0
7155,4.33
7156,0.0
7157,5.0
7158,5.0
7159,4.67
7160,0.0
7161,3.0
7162,4.48
7163,4.69
7164,4.92
7165,0.0
7166,4.38
7167,4.08
7168,4.75
7169,5.0
7170,4.08
7171,4.58
7172,0.0
7173,4.76
7174,4.96
7175,4.39
7176,4.5
7177,4.71
7178,4.9
7179,4.79
7180,5.0
7181,4.68
7182,0.0
7183,0.0
7184,0.0
7185,0.0
7186,4.74
7187,4.74
7188,4.7
7189,5.0
7190,0.0
7191,4.73
7192,4.61
7193,4.81
7194,4.93
7195,0.0
7196,0.0
7197,4.71
7198,5.0
7199,4.75
7200,4.73
7201,4.29
7202,4.0
7203,4.7
7204,4.93
7205,4.41
7206,4.54
7207,4.31
7208,4.94
7209,4.56
7210,4.92
7211,5.0
7212,5.0
7213,5.0
7214,4.95
7215,0.0
7216,4.79
7217,4.92
7218,5.0
7219,4.33
7220,5.0
7221,4.87
7222,4.67
7223,4.0
7224,4.5
7225,5.0
7226,4.78
7227,0.0
7228,0.0
7229,3.0
7230,4.5
7231,4.5
7232,4.75
7233,4.89
7234,4.58
7235,5.0
7236,4.83
7237,4.5
7238,4.5
7239,4.75
7240,4.79
7241,0.0
7242,5.0
7243,3.4
7244,0.0
7245,0.0
7246,4.96
7247,4.81
7248,0.0
7249,4.56
7250,4.65
7251,5.0
7252,4.86
7253,0.0
7254,3.97
7255,5.0
7256,4.78
7257,0.0
7258,5.0
7259,4.95
7260,4.5
7261,4.95
7262,4.5
7263,0.0
7264,5.0
7265,4.5
7266,4.65
7267,4.63
7268,4.72
7269,3.5
7270,4.95
7271,4.7
7272,4.87
7273,4.6
7274,0.0
7275,4.63
7276,4.14
7277,4.62
7278,3.7
7279,4.65
7280,4.4
7281,4.81
7282,4.54
7283,5.0
7284,4.8
7285,4.04
7286,4.0
7287,5.0
7288,4.27
7289,4.67
7290,4.33
7291,4.91
7292,0.0
7293,4.6
7294,4.98
7295,4.0
7296,0.0
7297,0.0
7298,4.77
7299,4.75
7300,0.0
7301,4.57
7302,3.56
7303,4.91
7304,4.92
7305,4.0
7306,5.0
7307,5.0
7308,5.0
7309,4.71
7310,4.83
7311,4.6
7312,0.0
7313,4.31
7314,5.0
7315,0.0
7316,4.57
7317,4.86
7318,4.86
7319,4.5
7320,4.33
7321,4.67
7322,5.0
7323,4.83
7324,4.46
7325,4.63
7326,3.75
7327,5.0
7328,4.71
7329,4.64
7330,0.0
7331,4.0
7332,4.6
7333,4.9
7334,4.71
7335,0.0
7336,5.0
7337,4.86
7338,0.0
7339,4.75
7340,0.0
7341,0.0
7342,4.67
7343,4.69
7344,5.0
7345,0.0
7346,4.67
7347,4.56
7348,4.33
7349,4.88
7350,4.43
7351,4.49
7352,5.0
7353,4.33
7354,0.0
7355,4.77
7356,0.0
7357,0.0
7358,0.0
7359,4.45
7360,4.96
7361,0.0
7362,4.74
7363,4.58
7364,4.71
7365,5.0
7366,4.29
7367,4.73
7368,5.0
7369,4.86
7370,4.96
7371,4.81
7372,4.91
7373,5.0
7374,0.0
7375,5.0
7376,0.0
7377,4.89
7378,4.67
7379,4.0
7380,4.0
7381,5.0
7382,4.57
7383,0.0
7384,5.0
7385,4.89
7386,4.56
7387,4.6
7388,0.0
7389,0.0
7390,3.83
7391,4.72
7392,4.77
7393,4.57
7394,5.0
7395,0.0
7396,0.0
7397,0.0
7398,4.88
7399,4.85
7400,4.37
7401,4.67
7402,4.41
7403,4.33
7404,4.0
7405,5.0
7406,4.23
7407,0.0
7408,4.89
7409,5.0
7410,4.33
7411,0.0
7412,5.0
7413,0.0
7414,0.0
7415,4.25
7416,4.33
7417,4.29
7418,0.0
7419,4.17
7420,0.0
7421,4.24
7422,4.5
7423,5.0
7424,0.0
7425,4.36
7426,4.79
7427,4.58
7428,0.0
7429,5.0
7430,4.55
7431,0.0
7432,0.0
7433,4.78
7434,4.38
7435,5.0
7436,2.0
7437,4.79
7438,4.13
7439,4.21
7440,4.21
7441,4.67
7442,4.5
7443,4.5
7444,0.0
7445,0.0
7446,3.67
7447,4.0
7448,3.0
7449,4.33
7450,4.0
7451,4.8
7452,3.85
7453,3.86
7454,5.0
7455,3.67
7456,3.67
7457,4.5
7458,4.24
7459,5.0
7460,5.0
7461,0.0
7462,4.48
7463,3.83
7464,0.0
7465,4.72
7466,0.0
7467,5.0
7468,5.0
7469,4.5
7470,4.35
7471,4.86
7472,4.73
7473,0.0
7474,4.0
7475,4.86
7476,4.6
7477,4.33
7478,4.0
7479,0.0
7480,4.8
7481,0.0
7482,4.85
7483,4.29
7484,4.6
7485,4.33
7486,4.67
7487,4.4
7488,4.31
7489,4.33
7490,4.76
7491,4.88
7492,4.78
7493,4.8
7494,0.0
7495,4.88
7496,4.5
7497,4.33
7498,4.56
7499,4.88
7500,0.0
7501,0.0
7502,4.67
7503,4.67
7504,4.57
7505,5.0
7506,3.75
7507,3.33
7508,4.6
7509,0.0
7510,5.0
7511,4.64
7512,4.67
7513,5.0
7514,4.67
7515,0.0
7516,0.0
7517,4.75
7518,4.71
7519,4.89
7520,4.48
7521,4.64
7522,4.6
7523,0.0
7524,4.8
7525,4.77
7526,4.0
7527,4.71
7528,4.71
7529,5.0
7530,5.0
7531,4.8
7532,4.5
7533,4.95
7534,4.4
7535,4.96
7536,4.75
7537,5.0
7538,5.0
7539,0.0
7540,4.88
7541,4.74
7542,4.72
7543,5.0
7544,5.0
7545,4.33
7546,5.0
7547,0.0
7548,5.0
7549,0.0
7550,0.0
7551,0.0
7552,4.0
7553,0.0
7554,5.0
7555,0.0
7556,5.0
7557,0.0
7558,0.0
7559,5.0
7560,0.0
7561,5.0
7562,0.0
7563,4.0
7564,4.0
7565,0.0
7566,4.0
7567,0.0
7568,0.0
7569,0.0
7570,0.0
7571,4.0
7572,5.0
7573,5.0
7574,4.0
7575,4.5
7576,0.0
7577,5.0
7578,4.0
7579,3.0
7580,0.0
7581,4.5
7582,0.0
7583,0.0
7584,0.0
7585,5.0
7586,5.0
7587,4.2
7588,0.0
7589,0.0
7590,5.0
7591,4.75
7592,4.61
7593,5.0
7594,4.85
7595,0.0
7596,4.33
7597,4.75
7598,4.65
7599,5.0
7600,0.0
7601,5.0
7602,4.81
7603,4.97
7604,4.88
7605,4.97
7606,5.0
7607,4.0
7608,4.82
7609,4.58
7610,4.6
7611,4.67
7612,2.0
7613,5.0
7614,4.0
7615,5.0
7616,3.67
7617,5.0
7618,4.5
7619,4.83
7620,5.0
7621,4.9
7622,4.5
7623,4.78
7624,4.75
7625,0.0
7626,0.0
7627,5.0
7628,4.8
7629,0.0
7630,4.75
7631,4.87
7632,4.87
7633,4.88
7634,5.0
7635,4.88
7636,4.87
7637,4.96
7638,5.0
7639,0.0
7640,5.0
7641,5.0
7642,4.0
7643,4.25
7644,4.43
7645,4.5
7646,4.75
7647,4.0
7648,3.0
7649,4.67
7650,4.9
7651,4.71
7652,4.5
7653,0.0
7654,0.0
7655,4.9
7656,0.0
7657,4.5
7658,0.0
7659,0.0
7660,4.0
7661,4.5
7662,4.8
7663,0.0
7664,0.0
7665,0.0
7666,0.0
7667,4.5
7668,4.67
7669,5.0
7670,0.0
7671,5.0
7672,4.75
7673,3.33
7674,3.0
7675,5.0
7676,4.5
7677,4.75
7678,4.67
7679,5.0
7680,0.0
7681,0.0
7682,4.82
7683,4.67
7684,5.0
7685,0.0
7686,4.33
7687,5.0
7688,4.71
7689,4.6
7690,0.0
7691,4.29
7692,4.11
7693,4.4
7694,5.0
7695,5.0
7696,5.0
7697,0.0
7698,4.71
7699,5.0
7700,0.0
7701,0.0
7702,4.75
7703,4.4
7704,4.84
7705,4.0
7706,4.25
7707,4.83
7708,5.0
7709,4.1
7710,4.93
7711,4.29
7712,4.79
7713,0.0
7714,4.35
7715,4.64
7716,5.0
7717,0.0
7718,0.0
7719,4.75
7720,4.69
7721,4.59
7722,0.0
7723,5.0
7724,4.0
7725,5.0
7726,4.71
7727,4.24
7728,4.0
7729,4.0
7730,4.6
7731,4.55
7732,4.39
7733,4.0
7734,4.67
7735,4.36
7736,4.38
7737,4.0
7738,0.0
7739,4.7
7740,4.43
7741,4.29
7742,4.57
7743,0.0
7744,0.0
7745,4.33
7746,4.71
7747,5.0
7748,4.82
7749,4.65
7750,0.0
7751,4.8
7752,0.0
7753,0.0
7754,5.0
7755,4.93
7756,4.94
7757,4.71
7758,5.0
7759,4.58
7760,4.85
7761,4.9
7762,0.0
7763,4.25
7764,4.5
7765,4.64
7766,4.71
7767,4.83
7768,0.0
7769,5.0
7770,5.0
7771,5.0
7772,5.0
7773,4.14
7774,0.0
7775,4.76
7776,0.0
7777,4.6
7778,4.57
7779,5.0
7780,4.88
7781,4.75
7782,4.71
7783,4.94
7784,5.0
7785,0.0
7786,4.82
7787,0.0
7788,4.79
7789,0.0
7790,0.0
7791,4.69
7792,4.4
7793,0.0
7794,4.71
7795,4.88
7796,4.0
7797,4.67
7798,4.63
7799,4.47
7800,3.67
7801,4.0
7802,3.0
7803,4.63
7804,4.4
7805,5.0
7806,5.0
7807,4.0
7808,4.73
7809,5.0
7810,0.0
7811,4.0
7812,0.0
7813,4.33
7814,4.36
7815,4.92
7816,4.17
7817,4.6
7818,4.92
7819,4.88
7820,5.0
7821,4.77
7822,4.7
7823,4.59
7824,4.62
7825,4.91
7826,4.82
7827,4.78
7828,4.82
7829,4.9
7830,5.0
7831,4.64
7832,4.67
7833,4.38
7834,1.83
7835,0.0
7836,4.9
7837,5.0
7838,4.95
7839,5.0
7840,0.0
7841,4.75
7842,0.0
7843,4.63
7844,4.9
7845,4.75
7846,5.0
7847,4.86
7848,4.09
7849,4.83
7850,4.75
7851,4.88
7852,4.59
7853,0.0
7854,3.0
7855,0.0
7856,4.0
7857,0.0
7858,0.0
7859,4.89
7860,4.57
7861,4.5
7862,0.0
7863,4.93
7864,4.5
7865,4.82
7866,4.0
7867,4.4
7868,4.63
7869,0.0
7870,4.5
7871,4.93
7872,4.33
7873,0.0
7874,4.75
7875,0.0
7876,5.0
7877,4.33
7878,4.5
7879,4.33
7880,4.5
7881,4.75
7882,0.0
7883,4.62
7884,5.0
7885,5.0
7886,5.0
7887,0.0
7888,5.0
7889,4.83
7890,5.0
7891,4.27
7892,3.83
7893,4.14
7894,5.0
7895,5.0
7896,5.0
7897,5.0
7898,4.53
7899,0.0
7900,4.75
7901,4.6
7902,4.86
7903,5.0
7904,4.44
7905,4.69
7906,4.87
7907,5.0
7908,4.57
7909,4.78
7910,4.9
7911,5.0
7912,4.75
7913,0.0
7914,4.73
7915,3.33
7916,4.63
7917,0.0
7918,4.81
7919,4.75
7920,5.0
7921,4.83
7922,4.95
7923,4.88
7924,4.92
7925,4.25
7926,4.32
7927,0.0
7928,4.15
7929,0.0
7930,0.0
7931,4.5
7932,5.0
7933,5.0
7934,0.0
7935,5.0
7936,5.0
7937,4.71
7938,0.0
7939,4.6
7940,4.33
7941,4.25
7942,4.65
7943,4.5
7944,4.88
7945,0.0
7946,4.5
7947,4.87
7948,4.65
7949,4.65
7950,4.1
7951,4.92
7952,4.29
7953,4.67
7954,4.31
7955,0.0
7956,4.0
7957,4.5
7958,5.0
7959,4.5
7960,5.0
7961,4.83
7962,4.75
7963,4.8
7964,4.6
7965,4.6
7966,4.83
7967,4.88
7968,5.0
7969,0.0
7970,5.0
7971,4.56
7972,4.8
7973,3.5
7974,4.69
7975,4.29
7976,4.4
7977,4.8
7978,4.4
7979,5.0
7980,4.8
7981,0.0
7982,0.0
7983,5.0
7984,0.0
7985,5.0
7986,2.0
7987,0.0
7988,3.67
7989,0.0
7990,3.0
7991,4.75
7992,4.5
7993,4.8
7994,5.0
7995,4.54
7996,4.63
7997,4.11
7998,5.0
7999,4.41
8000,4.6
8001,0.0
8002,5.0
8003,4.33
8004,4.0
8005,4.25
8006,4.91
8007,4.0
8008,4.6
8009,4.58
8010,4.67
8011,5.0
8012,4.71
8013,4.25
8014,4.6
8015,5.0
8016,0.0
8017,4.39
8018,4.54
8019,0.0
8020,4.71
8021,4.0
8022,0.0
8023,4.71
8024,4.73
8025,5.0
8026,0.0
8027,4.5
8028,4.0
8029,0.0
8030,0.0
8031,5.0
8032,5.0
8033,4.67
8034,4.5
8035,0.0
8036,4.75
8037,4.88
8038,5.0
8039,4.76
8040,5.0
8041,4.25
8042,4.86
8043,0.0
8044,0.0
8045,0.0
8046,4.93
8047,5.0
8048,4.89
8049,4.92
8050,5.0
8051,4.75
8052,4.3
8053,0.0
8054,4.0
8055,5.0
8056,4.4
8057,5.0
8058,4.5
8059,4.5
8060,0.0
8061,0.0
8062,4.43
8063,0.0
8064,5.0
8065,5.0
8066,4.54
8067,4.5
8068,4.33
8069,4.0
8070,0.0
8071,4.82
8072,4.71
8073,0.0
8074,4.5
8075,5.0
8076,4.5
8077,4.73
8078,4.5
8079,4.92
8080,5.0
8081,5.0
8082,0.0
8083,4.0
8084,5.0
8085,5.0
8086,4.65
8087,4.91
8088,4.5
8089,0.0
8090,4.5
8091,5.0
8092,4.67
8093,4.5
8094,5.0
8095,3.67
8096,0.0
8097,4.92
8098,4.0
8099,0.0
8100,5.0
8101,4.0
8102,4.78
8103,4.44
8104,4.5
8105,5.0
8106,5.0
8107,4.67
8108,4.64
8109,4.43
8110,5.0
8111,4.62
8112,4.0
8113,4.2
8114,3.5
8115,4.14
8116,4.78
8117,0.0
8118,0.0
8119,0.0
8120,0.0
8121,5.0
8122,4.4
8123,0.0
8124,4.41
8125,0.0
8126,5.0
8127,0.0
8128,4.75
8129,4.33
8130,4.67
8131,5.0
8132,0.0
8133,4.67
8134,5.0
8135,0.0
8136,5.0
8137,4.25
8138,0.0
8139,0.0
8140,4.5
8141,4.75
8142,5.0
8143,5.0
8144,4.88
8145,5.0
8146,0.0
8147,5.0
8148,5.0
8149,4.33
8150,4.63
8151,1.0
8152,0.0
8153,4.33
8154,0.0
8155,5.0
8156,5.0
8157,5.0
8158,4.9
8159,4.75
8160,5.0
8161,4.31
8162,4.67
8163,4.0
8164,4.83
8165,4.75
8166,5.0
8167,5.0
8168,0.0
8169,5.0
8170,4.78
8171,4.75
8172,0.0
8173,0.0
8174,5.0
8175,0.0
8176,5.0
8177,4.8
8178,4.77
8179,4.4
8180,4.52
8181,4.86
8182,4.85
8183,4.89
8184,5.0
8185,4.67
8186,4.4
8187,3.8
8188,5.0
8189,4.75
8190,4.0
8191,4.55
8192,4.14
8193,4.67
8194,5.0
8195,4.33
8196,0.0
8197,0.0
8198,4.86
8199,4.15
8200,4.0
8201,4.0
8202,3.83
8203,5.0
8204,4.67
8205,4.56
8206,4.89
8207,5.0
8208,4.78
8209,5.0
8210,4.67
8211,4.5
8212,4.9
8213,4.67
8214,4.4
8215,4.5
8216,4.5
8217,4.89
8218,4.22
8219,4.4
8220,0.0
8221,4.83
8222,3.86
8223,4.9
8224,5.0
8225,5.0
8226,4.79
8227,0.0
8228,4.8
8229,5.0
8230,4.82
8231,0.0
8232,4.8
8233,4.2
8234,3.0
8235,4.71
8236,5.0
8237,0.0
8238,4.64
8239,3.0
8240,0.0
8241,4.83
8242,0.0
8243,0.0
8244,3.9
8245,4.77
8246,0.0
8247,5.0
8248,0.0
8249,5.0
8250,5.0
8251,4.86
8252,4.73
8253,0.0
8254,4.64
8255,5.0
8256,4.75
8257,4.14
8258,0.0
8259,4.7
8260,4.8
8261,4.0
8262,4.44
8263,4.12
8264,4.67
8265,0.0
8266,4.58
8267,4.5
8268,4.0
8269,4.69
8270,0.0
8271,0.0
8272,4.0
8273,0.0
8274,5.0
8275,4.33
8276,4.0
8277,4.38
8278,5.0
8279,0.0
8280,5.0
8281,0.0
8282,0.0
8283,5.0
8284,5.0
8285,4.93
8286,5.0
8287,4.81
8288,0.0
8289,5.0
8290,4.67
8291,0.0
8292,4.83
8293,4.96
8294,4.75
8295,3.44
8296,0.0
8297,0.0
8298,4.88
8299,4.0
8300,5.0
8301,5.0
8302,4.83
8303,4.25
8304,4.38
8305,0.0
8306,0.0
8307,5.0
8308,0.0
8309,4.55
8310,0.0
8311,4.57
8312,0.0
8313,4.75
8314,5.0
8315,4.86
8316,0.0
8317,4.75
8318,0.0
8319,5.0
8320,4.83
8321,4.86
8322,0.0
8323,5.0
8324,4.86
8325,4.28
8326,0.0
8327,5.0
8328,5.0
8329,4.71
8330,0.0
8331,0.0
8332,4.82
8333,4.0
8334,0.0
8335,5.0
8336,0.0
8337,5.0
8338,5.0
8339,0.0
8340,5.0
8341,5.0
8342,5.0
8343,0.0
8344,5.0
8345,3.5
8346,4.33
8347,4.0
8348,0.0
8349,4.75
8350,4.82
8351,5.0
8352,0.0
8353,5.0
8354,5.0
8355,0.0
8356,5.0
8357,4.17
8358,4.0
8359,4.0
8360,4.75
8361,5.0
8362,4.44
8363,4.5
8364,4.0
8365,4.5
8366,0.0
8367,4.0
8368,0.0
8369,0.0
8370,5.0
8371,4.1
8372,5.0
8373,0.0
8374,4.42
8375,4.86
8376,0.0
8377,5.0
8378,5.0
8379,5.0
8380,5.0
8381,4.88
8382,4.14
8383,5.0
8384,0.0
8385,4.32
8386,5.0
8387,5.0
8388,5.0
8389,0.0
8390,0.0
8391,5.0
8392,5.0
8393,3.67
8394,5.0
8395,5.0
8396,5.0
8397,5.0
8398,5.0
8399,0.0
8400,4.57
8401,4.33
8402,4.33
8403,0.0
8404,3.5
8405,0.0
8406,5.0
8407,5.0
8408,0.0
8409,0.0
8410,0.0
8411,4.67
8412,4.69
8413,5.0
8414,0.0
8415,4.83
8416,4.8
8417,5.0
8418,5.0
8419,4.83
8420,0.0
8421,5.0
8422,4.0
8423,4.4
8424,4.92
8425,4.67
8426,5.0
8427,5.0
8428,0.0
8429,5.0
8430,5.0
8431,4.33
8432,5.0
8433,4.77
8434,5.0
8435,4.55
8436,0.0
8437,4.67
8438,4.57
8439,4.4
8440,4.67
8441,4.5
8442,5.0
8443,4.83
8444,4.88
8445,5.0
8446,5.0
8447,4.9
8448,5.0
8449,4.55
8450,4.5
8451,5.0
8452,0.0
8453,4.0
8454,0.0
8455,4.0
8456,0.0
8457,4.5
8458,4.4
8459,5.0
8460,5.0
8461,5.0
8462,4.86
8463,0.0
8464,0.0
8465,4.25
8466,4.38
8467,0.0
8468,5.0
8469,4.84
8470,0.0
8471,4.5
8472,4.0
8473,3.0
8474,5.0
8475,5.0
8476,5.0
8477,0.0
8478,4.69
8479,4.5
8480,0.0
8481,4.82
8482,4.83
8483,4.5
8484,0.0
8485,4.0
8486,0.0
8487,4.67
8488,4.71
8489,4.5
8490,0.0
8491,5.0
8492,4.25
8493,0.0
8494,5.0
8495,5.0
8496,4.5
8497,5.0
8498,4.87
8499,5.0
8500,0.0
8501,5.0
8502,4.33
8503,0.0
8504,0.0
8505,0.0
8506,0.0
8507,0.0
8508,0.0
8509,0.0
8510,5.0
8511,5.0
8512,0.0
8513,4.52
8514,0.0
8515,0.0
8516,0.0
8517,4.83
8518,0.0
8519,4.81
8520,5.0
8521,3.0
8522,5.0
8523,5.0
8524,0.0
8525,0.0
8526,0.0
8527,5.0
8528,0.0
8529,0.0
8530,4.43
8531,0.0
8532,5.0
8533,0.0
8534,0.0
8535,4.33
8536,3.5
8537,0.0
8538,4.75
8539,4.41
8540,5.0
8541,3.71
8542,4.38
8543,4.0
8544,4.67
8545,0.0
8546,5.0
8547,5.0
8548,4.67
8549,0.0
8550,4.75
8551,5.0
8552,5.0
8553,4.86
8554,4.92
8555,3.86
8556,5.0
8557,4.27
8558,0.0
8559,5.0
8560,4.6
8561,4.45
8562,4.63
8563,4.67
8564,4.5
8565,0.0
8566,4.5
8567,0.0
8568,0.0
8569,0.0
8570,4.67
8571,5.0
8572,5.0
8573,4.6
8574,5.0
8575,0.0
8576,4.78
8577,4.9
8578,4.5
8579,4.5
8580,4.4
8581,0.0
8582,5.0
8583,5.0
8584,4.0
8585,4.5
8586,0.0
8587,4.77
8588,0.0
8589,0.0
8590,4.56
8591,0.0
8592,0.0
8593,0.0
8594,5.0
8595,4.75
8596,0.0
8597,5.0
8598,5.0
8599,4.25
8600,5.0
8601,0.0
8602,5.0
8603,0.0
8604,0.0
8605,0.0
8606,0.0
8607,4.75
8608,5.0
8609,0.0
8610,5.0
8611,0.0
8612,3.0
8613,0.0
8614,4.14
8615,5.0
8616,0.0
8617,5.0
8618,4.25
8619,0.0
8620,4.67
8621,0.0
8622,4.88
8623,5.0
8624,4.0
8625,4.67
8626,4.0
8627,4.64
8628,5.0
8629,4.75
8630,4.86
8631,4.82
8632,4.91
8633,0.0
8634,4.89
8635,4.0
8636,4.56
8637,2.0
8638,4.92
8639,5.0
8640,0.0
8641,4.75
8642,0.0
8643,0.0
8644,4.0
8645,4.67
8646,2.25
8647,4.5
8648,4.6
8649,4.56
8650,4.8
8651,4.83
8652,4.33
8653,0.0
8654,5.0
8655,5.0
8656,0.0
8657,5.0
8658,4.0
8659,0.0
8660,5.0
8661,4.5
8662,4.83
8663,4.0
8664,4.71
8665,4.71
8666,4.8
8667,4.82
8668,5.0
8669,5.0
8670,5.0
8671,0.0
8672,5.0
8673,4.67
8674,5.0
8675,5.0
8676,5.0
8677,4.78
8678,4.6
8679,5.0
8680,4.9
8681,4.0
8682,4.33
8683,4.67
8684,5.0
8685,5.0
8686,0.0
8687,0.0
8688,4.5
8689,5.0
8690,5.0
8691,5.0
8692,0.0
8693,4.7
8694,0.0
8695,5.0
8696,4.5
8697,4.33
8698,5.0
8699,4.0
8700,5.0
8701,3.5
8702,4.33
8703,0.0
8704,0.0
8705,5.0
8706,4.67
8707,0.0
8708,5.0
8709,4.0
8710,5.0
8711,5.0
8712,0.0
8713,5.0
8714,4.5
8715,4.67
8716,5.0
8717,4.82
8718,4.67
8719,4.75
8720,4.5
8721,5.0
8722,4.83
8723,4.2
8724,5.0
8725,0.0
8726,5.0
8727,4.57
8728,5.0
8729,0.0
8730,0.0
8731,5.0
8732,4.83
8733,5.0
8734,4.0
8735,4.33
8736,0.0
8737,0.0
8738,4.67
8739,4.43
8740,0.0
8741,4.8
8742,0.0
8743,4.0
8744,0.0
8745,0.0
8746,5.0
8747,5.0
8748,4.0
8749,0.0
8750,4.0
8751,0.0
8752,0.0
8753,0.0
8754,0.0
8755,5.0
8756,4.5
8757,4.0
8758,5.0
8759,0.0
8760,0.0
8761,4.8
8762,5.0
8763,4.5
8764,0.0
8765,5.0
8766,0.0
8767,4.5
8768,5.0
8769,4.0
8770,4.88
8771,4.39
8772,4.5
8773,0.0
8774,5.0
8775,4.0
8776,4.25
8777,0.0
8778,0.0
8779,4.64
8780,4.75
8781,4.6
8782,4.5
8783,0.0
8784,5.0
8785,4.33
8786,0.0
8787,4.13
8788,4.31
8789,4.22
8790,0.0
8791,0.0
8792,5.0
8793,4.4
8794,0.0
8795,3.83
8796,5.0
8797,4.5
8798,0.0
8799,5.0
8800,0.0
8801,4.64
8802,4.8
8803,0.0
8804,0.0
8805,0.0
8806,0.0
8807,4.0
8808,4.75
8809,5.0
8810,0.0
8811,4.73
8812,0.0
8813,0.0
8814,0.0
8815,4.8
8816,4.75
8817,0.0
8818,0.0
8819,5.0
8820,5.0
8821,5.0
8822,5.0
8823,5.0
8824,4.8
8825,4.0
8826,5.0
8827,4.67
8828,4.79
8829,5.0
8830,4.83
8831,0.0
8832,0.0
8833,0.0
8834,5.0
8835,4.25
8836,3.0
8837,4.5
8838,5.0
8839,5.0
8840,4.25
8841,3.5
8842,4.33
8843,5.0
8844,0.0
8845,4.8
8846,4.64
8847,5.0
8848,4.5
8849,5.0
8850,5.0
8851,4.5
8852,5.0
8853,5.0
8854,4.33
8855,4.5
8856,0.0
8857,5.0
8858,4.86
8859,4.5
8860,5.0
8861,5.0
8862,0.0
8863,4.67
8864,4.67
8865,5.0
8866,0.0
8867,4.86
8868,5.0
8869,5.0
8870,5.0
8871,4.57
8872,5.0
8873,0.0
8874,5.0
8875,0.0
8876,5.0
8877,4.33
8878,4.0
8879,5.0
8880,5.0
8881,4.0
8882,5.0
8883,5.0
8884,4.67
8885,0.0
8886,4.33
8887,0.0
8888,5.0
8889,5.0
8890,0.0
8891,0.0
8892,4.29
8893,5.0
8894,4.75
8895,4.5
8896,5.0
8897,4.2
8898,0.0
8899,5.0
8900,0.0
8901,0.0
8902,5.0
8903,4.6
8904,0.0
8905,4.0
8906,4.0
8907,4.75
8908,0.0
8909,5.0
8910,4.5
8911,0.0
8912,0.0
8913,0.0
8914,4.75
8915,0.0
8916,5.0
8917,4.5
8918,4.5
8919,4.5
8920,0.0
8921,4.67
8922,5.0
8923,3.0
8924,5.0
8925,0.0
8926,4.0
8927,5.0
8928,4.0
8929,5.0
8930,5.0
8931,0.0
8932,4.0
8933,5.0
8934,0.0
8935,4.33
8936,0.0
8937,2.0
8938,4.5
8939,0.0
8940,5.0
8941,3.5
8942,5.0
8943,0.0
8944,5.0
8945,0.0
8946,0.0
8947,0.0
8948,0.0
8949,3.0
8950,4.5
8951,5.0
8952,0.0
8953,5.0
8954,3.0
8955,5.0
8956,5.0
8957,5.0
8958,4.6
8959,3.0
8960,4.17
8961,0.0
8962,4.5
8963,4.2
8964,0.0
8965,0.0
8966,0.0
8967,0.0
8968,5.0
8969,4.5
8970,0.0
8971,4.5
8972,0.0
8973,4.6
8974,4.0
8975,0.0
8976,3.83
8977,4.29
8978,5.0
8979,3.0
8980,0.0
8981,2.0
8982,5.0
8983,5.0
8984,5.0
8985,5.0
8986,5.0
8987,0.0
8988,5.0
8989,5.0
8990,0.0
8991,4.5
8992,4.0
8993,5.0
8994,5.0
8995,5.0
8996,4.67
8997,3.0
8998,5.0
8999,5.0
9000,4.8
9001,0.0
9002,0.0
9003,4.0
9004,5.0
9005,4.5
9006,5.0
9007,3.0
9008,0.0
9009,5.0
9010,5.0
9011,4.86
9012,5.0
9013,5.0
9014,5.0
9015,4.64
9016,0.0
9017,4.0
9018,5.0
9019,3.82
9020,3.6
9021,0.0
9022,5.0
9023,4.5
9024,4.5
9025,4.0
9026,4.5
9027,4.5
9028,4.75
9029,5.0
9030,4.3
9031,5.0
9032,4.6
9033,4.0
9034,0.0
9035,4.5
9036,4.67
9037,0.0
9038,4.67
9039,0.0
9040,4.45
9041,4.33
9042,0.0
9043,0.0
9044,5.0
9045,0.0
9046,0.0
9047,0.0
9048,5.0
9049,0.0
9050,0.0
9051,0.0
9052,0.0
9053,0.0
9054,4.0
9055,0.0
9056,0.0
9057,5.0
9058,0.0
9059,5.0
9060,0.0
9061,5.0
9062,5.0
9063,2.0
9064,4.0
9065,0.0
9066,0.0
9067,4.5
9068,0.0
9069,0.0
9070,1.0
9071,0.0
9072,4.5
9073,0.0
9074,0.0
9075,4.5
9076,0.0
9077,4.0
9078,4.0
9079,5.0
9080,0.0
9081,3.0
9082,3.6
9083,3.33
9084,4.79
9085,0.0
9086,0.0
9087,4.0
9088,0.0
9089,4.75
9090,0.0
9091,0.0
9092,0.0
9093,0.0
9094,5.0
9095,5.0
9096,0.0
9097,0.0
9098,4.5
9099,3.5
9100,0.0
9101,4.0
9102,4.0
9103,4.5
9104,5.0
9105,5.0
9106,4.0
9107,0.0
9108,0.0
9109,0.0
9110,5.0
9111,0.0
9112,5.0
9113,0.0
9114,4.25
9115,0.0
9116,4.0
9117,0.0
9118,4.67
9119,0.0
9120,5.0
9121,0.0
9122,4.5
9123,4.86
9124,5.0
9125,0.0
9126,0.0
9127,0.0
9128,5.0
9129,4.6
9130,0.0
9131,5.0
9132,0.0
9133,4.0
9134,5.0
9135,0.0
9136,5.0
9137,5.0
9138,5.0
9139,4.6
9140,0.0
9141,0.0
9142,5.0
9143,0.0
9144,5.0
9145,4.5
9146,4.0
9147,0.0
9148,4.0
9149,3.0
9150,5.0
9151,0.0
9152,2.0
9153,4.5
9154,5.0
9155,4.75
9156,0.0
9157,0.0
9158,0.0
9159,4.5
9160,0.0
9161,4.25
9162,4.8
9163,4.5
9164,5.0
9165,0.0
9166,5.0
9167,0.0
9168,0.0
9169,3.33
9170,0.0
9171,0.0
9172,0.0
9173,0.0
9174,0.0
9175,4.0
9176,0.0
9177,5.0
9178,0.0
9179,0.0
9180,5.0
9181,0.0
9182,5.0
9183,5.0
9184,0.0
9185,0.0
9186,0.0
9187,0.0
9188,5.0
9189,0.0
9190,5.0
9191,0.0
9192,5.0
9193,0.0
9194,0.0
9195,4.5
9196,0.0
9197,4.0
9198,0.0
9199,0.0
9200,0.0
9201,5.0
9202,4.75
9203,0.0
9204,0.0
9205,0.0
9206,0.0
9207,0.0
9208,5.0
9209,0.0
9210,4.0
9211,5.0
9212,4.5
9213,5.0
9214,5.0
9215,5.0
9216,5.0
9217,0.0
9218,0.0
9219,0.0
9220,5.0
9221,0.0
9222,0.0
9223,0.0
9224,0.0
9225,0.0
9226,4.0
9227,0.0
9228,0.0
9229,3.0
9230,4.25
9231,4.25
9232,0.0
9233,4.5
9234,0.0
9235,3.0
9236,0.0
9237,0.0
9238,0.0
9239,5.0
9240,4.0
9241,5.0
9242,5.0
9243,0.0
9244,0.0
9245,0.0
9246,0.0
9247,0.0
9248,0.0
9249,0.0
9250,5.0
9251,0.0
9252,0.0
9253,3.0
9254,5.0
9255,0.0
9256,0.0
9257,5.0
9258,0.0
9259,0.0
9260,0.0
9261,0.0
9262,0.0
9263,0.0
9264,5.0
9265,0.0
9266,5.0
9267,0.0
9268,0.0
9269,5.0
9270,0.0
9271,5.0
9272,0.0
9273,0.0
9274,0.0
9275,4.0
9276,0.0
9277,0.0
9278,5.0
9279,0.0
9280,4.0
9281,0.0
9282,0.0
9283,0.0
9284,0.0
9285,4.0
9286,0.0
9287,0.0
9288,0.0
9289,5.0
9290,0.0
9291,4.67
9292,0.0
9293,0.0
9294,0.0
9295,4.5
9296,5.0
9297,0.0
9298,0.0
9299,0.0
9300,0.0
9301,0.0
9302,0.0
9303,0.0
9304,5.0
9305,0.0
9306,0.0
9307,0.0
9308,4.0
9309,3.0
9310,5.0
9311,0.0
9312,0.0
9313,4.0
9314,5.0
9315,0.0
9316,0.0
9317,0.0
9318,0.0
9319,0.0
9320,0.0
9321,0.0
9322,0.0
9323,0.0
9324,5.0
9325,5.0
9326,0.0
9327,0.0
9328,5.0
9329,0.0
9330,0.0
9331,0.0
9332,0.0
9333,0.0
9334,0.0
9335,0.0
9336,5.0
9337,0.0
9338,0.0
9339,0.0
9340,5.0
9341,0.0
9342,0.0
9343,4.75
9344,0.0
9345,0.0
9346,5.0
9347,0.0
9348,0.0
9349,0.0
9350,0.0
9351,0.0
9352,0.0
9353,0.0
9354,0.0
9355,0.0
9356,5.0
9357,0.0
9358,0.0
9359,0.0
9360,0.0
9361,0.0
9362,0.0
9363,0.0
9364,0.0
9365,5.0
9366,0.0
9367,3.0
9368,0.0
9369,0.0
9370,0.0
9371,0.0
9372,0.0
9373,0.0
9374,0.0
9375,0.0
9376,0.0
9377,0.0
9378,0.0
9379,0.0
9380,0.0
9381,0.0
9382,0.0
9383,5.0
9384,5.0
9385,4.0
9386,0.0
9387,0.0
9388,0.0
9389,0.0
9390,0.0
9391,0.0
9392,0.0
9393,0.0
9394,5.0
9395,0.0
9396,0.0
9397,0.0
9398,0.0
9399,0.0
9400,0.0
9401,0.0
9402,0.0
9403,0.0
9404,0.0
9405,0.0
9406,5.0
9407,0.0
9408,0.0
9409,0.0
9410,0.0
9411,0.0
9412,0.0
9413,0.0
9414,0.0
9415,0.0
9416,0.0
9417,0.0
9418,0.0
9419,0.0
9420,0.0
9421,5.0
9422,0.0
9423,0.0
9424,0.0
9425,0.0
9426,0.0
9427,0.0
9428,0.0
9429,0.0
9430,0.0
9431,0.0
9432,0.0
9433,0.0
9434,4.0
9435,0.0
9436,5.0
9437,0.0
9438,0.0
9439,0.0
9440,0.0
9441,0.0
9442,0.0
9443,0.0
9444,0.0
9445,0.0
9446,0.0
