,tasa_de_aceptaci√≥n_host
0,93%
1,93%
2,100%
3,100%
4,80%
5,83%
6,96%
7,94%
8,94%
9,83%
10,99%
11,96%
12,96%
13,79%
14,86%
15,0%
16,96%
17,100%
18,79%
19,99%
20,100%
21,98%
22,100%
23,98%
24,100%
25,91%
26,N/A
27,100%
28,100%
29,100%
30,95%
31,100%
32,96%
33,77%
34,100%
35,100%
36,87%
37,100%
38,96%
39,99%
40,85%
41,98%
42,100%
43,100%
44,100%
45,100%
46,93%
47,100%
48,87%
49,100%
50,94%
51,93%
52,100%
53,100%
54,99%
55,100%
56,99%
57,100%
58,100%
59,61%
60,89%
61,100%
62,100%
63,N/A
64,100%
65,100%
66,83%
67,16%
68,16%
69,68%
70,N/A
71,100%
72,89%
73,99%
74,100%
75,99%
76,100%
77,100%
78,96%
79,46%
80,93%
81,100%
82,100%
83,0%
84,99%
85,100%
86,89%
87,97%
88,77%
89,100%
90,100%
91,100%
92,100%
93,100%
94,100%
95,64%
96,95%
97,100%
98,50%
99,85%
100,78%
101,99%
102,91%
103,100%
104,88%
105,57%
106,99%
107,97%
108,100%
109,97%
110,86%
111,50%
112,94%
113,97%
114,100%
115,100%
116,67%
117,96%
118,97%
119,100%
120,0%
121,100%
122,100%
123,97%
124,43%
125,97%
126,91%
127,99%
128,98%
129,83%
130,94%
131,100%
132,95%
133,100%
134,87%
135,N/A
136,100%
137,94%
138,99%
139,68%
140,86%
141,100%
142,100%
143,90%
144,100%
145,96%
146,86%
147,99%
148,98%
149,0%
150,100%
151,96%
152,70%
153,67%
154,0%
155,99%
156,97%
157,70%
158,77%
159,99%
160,100%
161,93%
162,93%
163,50%
164,100%
165,N/A
166,96%
167,51%
168,100%
169,100%
170,83%
171,80%
172,100%
173,100%
174,N/A
175,93%
176,94%
177,86%
178,100%
179,90%
180,84%
181,67%
182,67%
183,100%
184,100%
185,88%
186,71%
187,90%
188,98%
189,93%
190,N/A
191,N/A
192,100%
193,55%
194,100%
195,100%
196,100%
197,98%
198,97%
199,87%
200,96%
201,96%
202,90%
203,96%
204,78%
205,97%
206,0%
207,0%
208,96%
209,68%
210,100%
211,78%
212,99%
213,98%
214,100%
215,100%
216,99%
217,100%
218,98%
219,99%
220,93%
221,100%
222,91%
223,86%
224,N/A
225,100%
226,100%
227,83%
228,99%
229,100%
230,99%
231,96%
232,100%
233,87%
234,100%
235,0%
236,98%
237,100%
238,94%
239,94%
240,94%
241,94%
242,94%
243,94%
244,94%
245,94%
246,0%
247,82%
248,94%
249,93%
250,100%
251,100%
252,85%
253,99%
254,98%
255,68%
256,100%
257,100%
258,100%
259,94%
260,60%
261,N/A
262,0%
263,41%
264,100%
265,98%
266,99%
267,91%
268,67%
269,97%
270,61%
271,22%
272,50%
273,97%
274,98%
275,16%
276,100%
277,79%
278,82%
279,100%
280,N/A
281,100%
282,100%
283,87%
284,85%
285,100%
286,100%
287,94%
288,100%
289,100%
290,N/A
291,92%
292,100%
293,99%
294,93%
295,96%
296,65%
297,97%
298,100%
299,100%
300,100%
301,0%
302,0%
303,97%
304,100%
305,89%
306,100%
307,63%
308,100%
309,100%
310,100%
311,66%
312,100%
313,100%
314,96%
315,100%
316,96%
317,77%
318,95%
319,99%
320,100%
321,94%
322,80%
323,95%
324,31%
325,100%
326,99%
327,100%
328,100%
329,100%
330,99%
331,7%
332,100%
333,100%
334,100%
335,100%
336,100%
337,94%
338,94%
339,94%
340,94%
341,94%
342,100%
343,100%
344,25%
345,100%
346,94%
347,90%
348,0%
349,100%
350,100%
351,100%
352,98%
353,100%
354,N/A
355,95%
356,100%
357,100%
358,84%
359,100%
360,42%
361,97%
362,85%
363,57%
364,100%
365,100%
366,99%
367,78%
368,100%
369,100%
370,95%
371,91%
372,97%
373,100%
374,91%
375,73%
376,100%
377,100%
378,99%
379,N/A
380,100%
381,98%
382,100%
383,100%
384,90%
385,98%
386,79%
387,95%
388,100%
389,100%
390,96%
391,90%
392,96%
393,96%
394,88%
395,100%
396,95%
397,97%
398,95%
399,0%
400,96%
401,53%
402,98%
403,100%
404,100%
405,100%
406,100%
407,100%
408,98%
409,100%
410,100%
411,95%
412,100%
413,100%
414,93%
415,98%
416,78%
417,100%
418,97%
419,100%
420,100%
421,98%
422,100%
423,94%
424,50%
425,100%
426,99%
427,97%
428,95%
429,N/A
430,99%
431,97%
432,100%
433,100%
434,100%
435,100%
436,100%
437,99%
438,100%
439,98%
440,100%
441,82%
442,0%
443,95%
444,40%
445,97%
446,92%
447,90%
448,100%
449,100%
450,86%
451,99%
452,99%
453,100%
454,100%
455,51%
456,98%
457,98%
458,82%
459,100%
460,100%
461,100%
462,77%
463,100%
464,100%
465,44%
466,98%
467,30%
468,97%
469,77%
470,98%
471,68%
472,50%
473,100%
474,99%
475,100%
476,100%
477,100%
478,100%
479,100%
480,86%
481,100%
482,98%
483,83%
484,100%
485,100%
486,100%
487,100%
488,88%
489,86%
490,80%
491,78%
492,58%
493,95%
494,99%
495,100%
496,100%
497,100%
498,100%
499,86%
500,99%
501,100%
502,0%
503,100%
504,100%
505,100%
506,93%
507,100%
508,89%
509,100%
510,90%
511,96%
512,100%
513,100%
514,100%
515,100%
516,100%
517,91%
518,20%
519,100%
520,77%
521,100%
522,100%
523,100%
524,100%
525,96%
526,85%
527,100%
528,47%
529,86%
530,0%
531,100%
532,100%
533,44%
534,83%
535,0%
536,100%
537,100%
538,92%
539,97%
540,100%
541,100%
542,100%
543,90%
544,100%
545,82%
546,86%
547,100%
548,98%
549,99%
550,93%
551,100%
552,100%
553,100%
554,96%
555,96%
556,96%
557,96%
558,96%
559,96%
560,96%
561,96%
562,96%
563,96%
564,77%
565,100%
566,77%
567,78%
568,91%
569,100%
570,100%
571,67%
572,100%
573,100%
574,99%
575,44%
576,100%
577,N/A
578,100%
579,44%
580,44%
581,100%
582,100%
583,99%
584,16%
585,99%
586,100%
587,15%
588,78%
589,90%
590,73%
591,93%
592,100%
593,98%
594,46%
595,N/A
596,42%
597,95%
598,86%
599,100%
600,95%
601,100%
602,95%
603,50%
604,98%
605,100%
606,100%
607,94%
608,96%
609,100%
610,100%
611,100%
612,86%
613,100%
614,100%
615,78%
616,100%
617,88%
618,100%
619,44%
620,99%
621,99%
622,99%
623,99%
624,99%
625,99%
626,99%
627,99%
628,88%
629,96%
630,N/A
631,100%
632,100%
633,87%
634,100%
635,80%
636,100%
637,N/A
638,99%
639,100%
640,86%
641,89%
642,100%
643,87%
644,93%
645,59%
646,100%
647,100%
648,100%
649,100%
650,98%
651,62%
652,86%
653,100%
654,0%
655,N/A
656,96%
657,100%
658,100%
659,87%
660,99%
661,96%
662,100%
663,100%
664,0%
665,99%
666,63%
667,100%
668,97%
669,100%
670,100%
671,95%
672,100%
673,100%
674,100%
675,100%
676,100%
677,100%
678,100%
679,100%
680,N/A
681,100%
682,85%
683,99%
684,95%
685,88%
686,100%
687,100%
688,100%
689,97%
690,100%
691,100%
692,100%
693,100%
694,100%
695,100%
696,82%
697,100%
698,22%
699,96%
700,100%
701,100%
702,100%
703,100%
704,100%
705,100%
706,97%
707,86%
708,67%
709,100%
710,100%
711,100%
712,100%
713,N/A
714,90%
715,96%
716,79%
717,92%
718,N/A
719,92%
720,100%
721,100%
722,100%
723,95%
724,95%
725,98%
726,86%
727,100%
728,N/A
729,N/A
730,50%
731,97%
732,N/A
733,100%
734,91%
735,100%
736,32%
737,99%
738,95%
739,98%
740,N/A
741,100%
742,95%
743,100%
744,95%
745,99%
746,43%
747,0%
748,100%
749,78%
750,100%
751,77%
752,100%
753,82%
754,82%
755,82%
756,82%
757,96%
758,100%
759,100%
760,100%
761,0%
762,99%
763,97%
764,100%
765,100%
766,97%
767,96%
768,99%
769,67%
770,100%
771,97%
772,100%
773,99%
774,100%
775,100%
776,99%
777,100%
778,100%
779,85%
780,100%
781,100%
782,N/A
783,100%
784,99%
785,99%
786,100%
787,94%
788,100%
789,99%
790,100%
791,91%
792,96%
793,0%
794,82%
795,100%
796,98%
797,100%
798,100%
799,95%
800,100%
801,95%
802,100%
803,50%
804,99%
805,90%
806,0%
807,98%
808,50%
809,94%
810,100%
811,100%
812,90%
813,100%
814,100%
815,100%
816,100%
817,100%
818,16%
819,93%
820,N/A
821,100%
822,100%
823,0%
824,0%
825,100%
826,94%
827,89%
828,98%
829,100%
830,81%
831,100%
832,98%
833,100%
834,100%
835,100%
836,100%
837,N/A
838,100%
839,100%
840,N/A
841,97%
842,100%
843,100%
844,N/A
845,92%
846,96%
847,100%
848,100%
849,100%
850,91%
851,100%
852,100%
853,90%
854,0%
855,0%
856,100%
857,0%
858,100%
859,100%
860,91%
861,100%
862,82%
863,100%
864,100%
865,100%
866,100%
867,100%
868,99%
869,50%
870,100%
871,N/A
872,82%
873,100%
874,100%
875,96%
876,N/A
877,0%
878,78%
879,99%
880,91%
881,99%
882,97%
883,97%
884,97%
885,97%
886,97%
887,97%
888,64%
889,100%
890,69%
891,91%
892,100%
893,100%
894,88%
895,76%
896,85%
897,92%
898,N/A
899,100%
900,100%
901,96%
902,96%
903,96%
904,96%
905,96%
906,96%
907,96%
908,96%
909,96%
910,96%
911,96%
912,97%
913,100%
914,90%
915,93%
916,51%
917,99%
918,100%
919,81%
920,100%
921,100%
922,82%
923,97%
924,100%
925,91%
926,91%
927,94%
928,100%
929,100%
930,85%
931,100%
932,100%
933,96%
934,100%
935,98%
936,100%
937,100%
938,100%
939,N/A
940,100%
941,99%
942,93%
943,57%
944,N/A
945,99%
946,99%
947,99%
948,96%
949,100%
950,98%
951,95%
952,100%
953,100%
954,98%
955,85%
956,99%
957,100%
958,76%
959,93%
960,76%
961,100%
962,100%
963,97%
964,100%
965,100%
966,100%
967,100%
968,100%
969,100%
970,100%
971,100%
972,100%
973,93%
974,80%
975,91%
976,0%
977,50%
978,100%
979,100%
980,98%
981,82%
982,100%
983,100%
984,96%
985,75%
986,100%
987,98%
988,100%
989,86%
990,79%
991,99%
992,91%
993,100%
994,100%
995,100%
996,100%
997,100%
998,98%
999,44%
1000,68%
1001,99%
1002,100%
1003,100%
1004,95%
1005,86%
1006,99%
1007,100%
1008,100%
1009,99%
1010,93%
1011,100%
1012,96%
1013,100%
1014,58%
1015,86%
1016,100%
1017,N/A
1018,50%
1019,25%
1020,99%
1021,100%
1022,100%
1023,100%
1024,N/A
1025,99%
1026,87%
1027,N/A
1028,78%
1029,100%
1030,99%
1031,100%
1032,100%
1033,100%
1034,98%
1035,99%
1036,100%
1037,98%
1038,94%
1039,100%
1040,99%
1041,97%
1042,91%
1043,91%
1044,91%
1045,100%
1046,100%
1047,99%
1048,91%
1049,95%
1050,11%
1051,87%
1052,76%
1053,100%
1054,94%
1055,77%
1056,100%
1057,100%
1058,44%
1059,100%
1060,86%
1061,78%
1062,44%
1063,100%
1064,62%
1065,100%
1066,100%
1067,100%
1068,100%
1069,99%
1070,97%
1071,98%
1072,91%
1073,60%
1074,100%
1075,100%
1076,17%
1077,86%
1078,95%
1079,0%
1080,96%
1081,91%
1082,96%
1083,98%
1084,94%
1085,100%
1086,86%
1087,100%
1088,99%
1089,100%
1090,94%
1091,100%
1092,100%
1093,100%
1094,100%
1095,94%
1096,99%
1097,100%
1098,100%
1099,100%
1100,100%
1101,100%
1102,100%
1103,97%
1104,96%
1105,94%
1106,100%
1107,100%
1108,100%
1109,100%
1110,100%
1111,100%
1112,99%
1113,95%
1114,100%
1115,98%
1116,92%
1117,98%
1118,98%
1119,91%
1120,96%
1121,100%
1122,100%
1123,N/A
1124,99%
1125,N/A
1126,100%
1127,99%
1128,59%
1129,100%
1130,98%
1131,99%
1132,96%
1133,98%
1134,50%
1135,68%
1136,99%
1137,94%
1138,97%
1139,99%
1140,89%
1141,100%
1142,100%
1143,87%
1144,100%
1145,100%
1146,91%
1147,76%
1148,100%
1149,99%
1150,100%
1151,95%
1152,67%
1153,100%
1154,100%
1155,100%
1156,100%
1157,60%
1158,100%
1159,100%
1160,30%
1161,100%
1162,99%
1163,99%
1164,99%
1165,99%
1166,99%
1167,99%
1168,99%
1169,100%
1170,22%
1171,98%
1172,97%
1173,100%
1174,100%
1175,94%
1176,100%
1177,94%
1178,92%
1179,96%
1180,96%
1181,100%
1182,91%
1183,82%
1184,59%
1185,76%
1186,100%
1187,76%
1188,100%
1189,94%
1190,100%
1191,100%
1192,100%
1193,100%
1194,96%
1195,100%
1196,95%
1197,85%
1198,89%
1199,50%
1200,100%
1201,100%
1202,92%
1203,88%
1204,100%
1205,0%
1206,100%
1207,99%
1208,53%
1209,64%
1210,100%
1211,100%
1212,44%
1213,93%
1214,88%
1215,98%
1216,N/A
1217,89%
1218,100%
1219,0%
1220,100%
1221,94%
1222,100%
1223,89%
1224,100%
1225,82%
1226,N/A
1227,99%
1228,100%
1229,95%
1230,N/A
1231,100%
1232,98%
1233,N/A
1234,11%
1235,100%
1236,100%
1237,98%
1238,97%
1239,95%
1240,100%
1241,100%
1242,98%
1243,89%
1244,100%
1245,67%
1246,100%
1247,44%
1248,0%
1249,100%
1250,100%
1251,100%
1252,97%
1253,99%
1254,100%
1255,100%
1256,100%
1257,100%
1258,100%
1259,100%
1260,100%
1261,100%
1262,100%
1263,100%
1264,100%
1265,89%
1266,99%
1267,100%
1268,99%
1269,95%
1270,100%
1271,94%
1272,17%
1273,100%
1274,100%
1275,100%
1276,85%
1277,95%
1278,N/A
1279,99%
1280,89%
1281,97%
1282,100%
1283,38%
1284,100%
1285,100%
1286,85%
1287,100%
1288,100%
1289,100%
1290,99%
1291,100%
1292,N/A
1293,96%
1294,100%
1295,93%
1296,100%
1297,N/A
1298,96%
1299,82%
1300,100%
1301,93%
1302,0%
1303,97%
1304,67%
1305,95%
1306,95%
1307,100%
1308,100%
1309,N/A
1310,100%
1311,100%
1312,100%
1313,82%
1314,88%
1315,100%
1316,100%
1317,94%
1318,80%
1319,99%
1320,79%
1321,100%
1322,100%
1323,98%
1324,97%
1325,99%
1326,100%
1327,100%
1328,100%
1329,N/A
1330,99%
1331,100%
1332,97%
1333,100%
1334,91%
1335,100%
1336,89%
1337,87%
1338,99%
1339,100%
1340,100%
1341,98%
1342,100%
1343,N/A
1344,100%
1345,100%
1346,93%
1347,100%
1348,93%
1349,100%
1350,93%
1351,100%
1352,100%
1353,100%
1354,0%
1355,100%
1356,100%
1357,100%
1358,98%
1359,100%
1360,98%
1361,98%
1362,98%
1363,100%
1364,91%
1365,99%
1366,N/A
1367,100%
1368,N/A
1369,95%
1370,89%
1371,80%
1372,100%
1373,100%
1374,100%
1375,96%
1376,96%
1377,97%
1378,90%
1379,100%
1380,100%
1381,99%
1382,82%
1383,99%
1384,100%
1385,100%
1386,100%
1387,99%
1388,100%
1389,0%
1390,82%
1391,85%
1392,100%
1393,N/A
1394,100%
1395,100%
1396,87%
1397,87%
1398,100%
1399,91%
1400,99%
1401,79%
1402,99%
1403,100%
1404,100%
1405,100%
1406,99%
1407,98%
1408,98%
1409,100%
1410,83%
1411,100%
1412,95%
1413,99%
1414,99%
1415,100%
1416,100%
1417,100%
1418,84%
1419,84%
1420,84%
1421,84%
1422,87%
1423,67%
1424,99%
1425,98%
1426,100%
1427,76%
1428,96%
1429,96%
1430,98%
1431,100%
1432,98%
1433,100%
1434,100%
1435,98%
1436,100%
1437,100%
1438,84%
1439,100%
1440,N/A
1441,100%
1442,71%
1443,100%
1444,0%
1445,100%
1446,83%
1447,0%
1448,73%
1449,100%
1450,91%
1451,80%
1452,80%
1453,99%
1454,100%
1455,N/A
1456,98%
1457,80%
1458,95%
1459,98%
1460,95%
1461,98%
1462,100%
1463,36%
1464,83%
1465,63%
1466,89%
1467,100%
1468,78%
1469,100%
1470,99%
1471,99%
1472,99%
1473,99%
1474,99%
1475,100%
1476,100%
1477,100%
1478,100%
1479,100%
1480,80%
1481,100%
1482,100%
1483,99%
1484,99%
1485,99%
1486,73%
1487,0%
1488,N/A
1489,0%
1490,100%
1491,100%
1492,76%
1493,100%
1494,100%
1495,N/A
1496,100%
1497,71%
1498,0%
1499,100%
1500,100%
1501,98%
1502,83%
1503,N/A
1504,78%
1505,97%
1506,98%
1507,96%
1508,100%
1509,100%
1510,100%
1511,93%
1512,100%
1513,99%
1514,71%
1515,100%
1516,100%
1517,100%
1518,70%
1519,75%
1520,95%
1521,52%
1522,100%
1523,98%
1524,93%
1525,100%
1526,93%
1527,100%
1528,95%
1529,100%
1530,0%
1531,100%
1532,100%
1533,100%
1534,100%
1535,100%
1536,100%
1537,100%
1538,100%
1539,100%
1540,100%
1541,100%
1542,100%
1543,100%
1544,100%
1545,100%
1546,100%
1547,100%
1548,100%
1549,100%
1550,100%
1551,100%
1552,100%
1553,N/A
1554,100%
1555,100%
1556,100%
1557,100%
1558,98%
1559,100%
1560,100%
1561,100%
1562,100%
1563,100%
1564,100%
1565,100%
1566,N/A
1567,100%
1568,100%
1569,100%
1570,98%
1571,99%
1572,90%
1573,100%
1574,79%
1575,92%
1576,96%
1577,100%
1578,0%
1579,0%
1580,98%
1581,100%
1582,100%
1583,100%
1584,100%
1585,100%
1586,94%
1587,98%
1588,N/A
1589,100%
1590,98%
1591,100%
1592,64%
1593,100%
1594,100%
1595,N/A
1596,92%
1597,100%
1598,89%
1599,N/A
1600,99%
1601,93%
1602,100%
1603,100%
1604,99%
1605,99%
1606,96%
1607,96%
1608,100%
1609,100%
1610,100%
1611,100%
1612,100%
1613,100%
1614,100%
1615,N/A
1616,100%
1617,100%
1618,100%
1619,100%
1620,94%
1621,64%
1622,99%
1623,100%
1624,93%
1625,67%
1626,N/A
1627,100%
1628,100%
1629,93%
1630,100%
1631,99%
1632,94%
1633,N/A
1634,100%
1635,48%
1636,85%
1637,80%
1638,100%
1639,100%
1640,57%
1641,99%
1642,100%
1643,100%
1644,94%
1645,100%
1646,8%
1647,N/A
1648,96%
1649,89%
1650,99%
1651,80%
1652,83%
1653,100%
1654,100%
1655,57%
1656,98%
1657,100%
1658,100%
1659,100%
1660,91%
1661,61%
1662,61%
1663,0%
1664,99%
1665,50%
1666,91%
1667,100%
1668,100%
1669,100%
1670,100%
1671,100%
1672,100%
1673,100%
1674,100%
1675,0%
1676,71%
1677,100%
1678,85%
1679,97%
1680,100%
1681,97%
1682,100%
1683,100%
1684,100%
1685,85%
1686,98%
1687,100%
1688,99%
1689,99%
1690,99%
1691,99%
1692,97%
1693,68%
1694,100%
1695,100%
1696,84%
1697,100%
1698,100%
1699,87%
1700,100%
1701,100%
1702,99%
1703,98%
1704,100%
1705,100%
1706,99%
1707,99%
1708,100%
1709,100%
1710,100%
1711,100%
1712,N/A
1713,100%
1714,N/A
1715,99%
1716,98%
1717,100%
1718,98%
1719,100%
1720,100%
1721,97%
1722,100%
1723,17%
1724,100%
1725,100%
1726,100%
1727,100%
1728,100%
1729,91%
1730,99%
1731,99%
1732,96%
1733,96%
1734,89%
1735,89%
1736,94%
1737,100%
1738,100%
1739,99%
1740,100%
1741,100%
1742,0%
1743,93%
1744,25%
1745,71%
1746,98%
1747,0%
1748,100%
1749,100%
1750,100%
1751,98%
1752,98%
1753,98%
1754,30%
1755,100%
1756,100%
1757,91%
1758,91%
1759,91%
1760,91%
1761,100%
1762,91%
1763,91%
1764,56%
1765,89%
1766,87%
1767,100%
1768,100%
1769,98%
1770,100%
1771,99%
1772,100%
1773,98%
1774,95%
1775,50%
1776,98%
1777,95%
1778,100%
1779,100%
1780,97%
1781,69%
1782,95%
1783,100%
1784,98%
1785,83%
1786,100%
1787,90%
1788,100%
1789,100%
1790,100%
1791,98%
1792,87%
1793,96%
1794,88%
1795,97%
1796,81%
1797,98%
1798,100%
1799,93%
1800,99%
1801,95%
1802,100%
1803,100%
1804,100%
1805,100%
1806,92%
1807,100%
1808,98%
1809,95%
1810,99%
1811,99%
1812,94%
1813,100%
1814,99%
1815,100%
1816,100%
1817,100%
1818,N/A
1819,88%
1820,100%
1821,80%
1822,92%
1823,100%
1824,98%
1825,100%
1826,62%
1827,80%
1828,98%
1829,98%
1830,100%
1831,100%
1832,99%
1833,100%
1834,100%
1835,95%
1836,100%
1837,100%
1838,0%
1839,100%
1840,98%
1841,89%
1842,95%
1843,96%
1844,96%
1845,100%
1846,97%
1847,100%
1848,97%
1849,97%
1850,100%
1851,96%
1852,100%
1853,98%
1854,99%
1855,79%
1856,89%
1857,N/A
1858,100%
1859,100%
1860,100%
1861,97%
1862,100%
1863,99%
1864,63%
1865,100%
1866,100%
1867,95%
1868,89%
1869,81%
1870,100%
1871,100%
1872,95%
1873,98%
1874,98%
1875,98%
1876,91%
1877,99%
1878,100%
1879,N/A
1880,100%
1881,91%
1882,100%
1883,100%
1884,95%
1885,69%
1886,91%
1887,91%
1888,91%
1889,91%
1890,100%
1891,99%
1892,100%
1893,100%
1894,97%
1895,100%
1896,97%
1897,100%
1898,100%
1899,100%
1900,67%
1901,86%
1902,95%
1903,100%
1904,N/A
1905,N/A
1906,N/A
1907,99%
1908,91%
1909,95%
1910,73%
1911,99%
1912,96%
1913,100%
1914,100%
1915,99%
1916,99%
1917,98%
1918,100%
1919,98%
1920,99%
1921,96%
1922,90%
1923,99%
1924,100%
1925,96%
1926,64%
1927,100%
1928,90%
1929,100%
1930,100%
1931,N/A
1932,100%
1933,100%
1934,93%
1935,99%
1936,N/A
1937,84%
1938,100%
1939,N/A
1940,100%
1941,99%
1942,99%
1943,89%
1944,100%
1945,100%
1946,100%
1947,N/A
1948,100%
1949,98%
1950,100%
1951,100%
1952,100%
1953,92%
1954,100%
1955,100%
1956,95%
1957,92%
1958,97%
1959,96%
1960,50%
1961,89%
1962,82%
1963,89%
1964,87%
1965,100%
1966,99%
1967,99%
1968,99%
1969,99%
1970,99%
1971,99%
1972,99%
1973,99%
1974,99%
1975,99%
1976,99%
1977,99%
1978,97%
1979,93%
1980,100%
1981,96%
1982,96%
1983,98%
1984,99%
1985,100%
1986,85%
1987,94%
1988,94%
1989,100%
1990,97%
1991,100%
1992,99%
1993,99%
1994,90%
1995,98%
1996,50%
1997,100%
1998,100%
1999,100%
2000,100%
2001,100%
2002,100%
2003,100%
2004,83%
2005,85%
2006,100%
2007,100%
2008,99%
2009,100%
2010,99%
2011,50%
2012,92%
2013,91%
2014,N/A
2015,96%
2016,100%
2017,100%
2018,99%
2019,86%
2020,99%
2021,97%
2022,97%
2023,91%
2024,94%
2025,50%
2026,N/A
2027,94%
2028,100%
2029,100%
2030,61%
2031,100%
2032,100%
2033,100%
2034,54%
2035,63%
2036,100%
2037,100%
2038,100%
2039,100%
2040,100%
2041,100%
2042,80%
2043,96%
2044,100%
2045,96%
2046,N/A
2047,79%
2048,62%
2049,100%
2050,94%
2051,91%
2052,96%
2053,97%
2054,100%
2055,93%
2056,7%
2057,98%
2058,99%
2059,99%
2060,90%
2061,94%
2062,100%
2063,99%
2064,33%
2065,100%
2066,96%
2067,0%
2068,98%
2069,98%
2070,98%
2071,98%
2072,85%
2073,99%
2074,94%
2075,N/A
2076,N/A
2077,99%
2078,98%
2079,98%
2080,83%
2081,100%
2082,100%
2083,82%
2084,86%
2085,78%
2086,40%
2087,93%
2088,100%
2089,0%
2090,100%
2091,N/A
2092,N/A
2093,85%
2094,N/A
2095,91%
2096,100%
2097,81%
2098,89%
2099,98%
2100,98%
2101,97%
2102,98%
2103,98%
2104,98%
2105,96%
2106,100%
2107,96%
2108,96%
2109,100%
2110,100%
2111,100%
2112,96%
2113,99%
2114,97%
2115,97%
2116,97%
2117,99%
2118,100%
2119,96%
2120,99%
2121,97%
2122,100%
2123,100%
2124,100%
2125,100%
2126,100%
2127,100%
2128,100%
2129,29%
2130,95%
2131,100%
2132,N/A
2133,100%
2134,100%
2135,100%
2136,98%
2137,100%
2138,100%
2139,100%
2140,94%
2141,0%
2142,74%
2143,99%
2144,N/A
2145,N/A
2146,100%
2147,96%
2148,97%
2149,99%
2150,99%
2151,93%
2152,96%
2153,96%
2154,96%
2155,96%
2156,95%
2157,80%
2158,100%
2159,100%
2160,100%
2161,N/A
2162,98%
2163,100%
2164,99%
2165,96%
2166,100%
2167,100%
2168,71%
2169,100%
2170,100%
2171,84%
2172,84%
2173,N/A
2174,100%
2175,98%
2176,100%
2177,100%
2178,100%
2179,100%
2180,100%
2181,98%
2182,96%
2183,99%
2184,96%
2185,100%
2186,100%
2187,99%
2188,100%
2189,100%
2190,100%
2191,87%
2192,0%
2193,33%
2194,89%
2195,89%
2196,100%
2197,100%
2198,100%
2199,100%
2200,100%
2201,77%
2202,98%
2203,100%
2204,100%
2205,81%
2206,96%
2207,100%
2208,91%
2209,82%
2210,97%
2211,98%
2212,100%
2213,N/A
2214,N/A
2215,N/A
2216,85%
2217,99%
2218,99%
2219,100%
2220,72%
2221,100%
2222,N/A
2223,50%
2224,66%
2225,98%
2226,93%
2227,93%
2228,94%
2229,100%
2230,100%
2231,100%
2232,99%
2233,0%
2234,99%
2235,100%
2236,99%
2237,94%
2238,100%
2239,89%
2240,100%
2241,100%
2242,92%
2243,100%
2244,100%
2245,58%
2246,90%
2247,100%
2248,96%
2249,96%
2250,96%
2251,96%
2252,N/A
2253,N/A
2254,N/A
2255,100%
2256,100%
2257,100%
2258,100%
2259,93%
2260,100%
2261,100%
2262,100%
2263,100%
2264,97%
2265,96%
2266,98%
2267,100%
2268,98%
2269,100%
2270,94%
2271,100%
2272,100%
2273,100%
2274,79%
2275,40%
2276,40%
2277,40%
2278,46%
2279,100%
2280,100%
2281,100%
2282,100%
2283,100%
2284,97%
2285,97%
2286,99%
2287,100%
2288,100%
2289,N/A
2290,100%
2291,99%
2292,100%
2293,62%
2294,100%
2295,100%
2296,98%
2297,98%
2298,51%
2299,N/A
2300,0%
2301,80%
2302,88%
2303,99%
2304,100%
2305,100%
2306,48%
2307,99%
2308,100%
2309,100%
2310,97%
2311,71%
2312,71%
2313,100%
2314,100%
2315,72%
2316,N/A
2317,97%
2318,97%
2319,97%
2320,86%
2321,100%
2322,87%
2323,95%
2324,99%
2325,100%
2326,99%
2327,99%
2328,0%
2329,100%
2330,100%
2331,98%
2332,100%
2333,100%
2334,95%
2335,100%
2336,100%
2337,100%
2338,90%
2339,56%
2340,78%
2341,100%
2342,100%
2343,98%
2344,98%
2345,96%
2346,96%
2347,100%
2348,95%
2349,17%
2350,100%
2351,99%
2352,99%
2353,75%
2354,100%
2355,100%
2356,100%
2357,100%
2358,95%
2359,100%
2360,99%
2361,100%
2362,0%
2363,94%
2364,100%
2365,95%
2366,91%
2367,98%
2368,96%
2369,100%
2370,N/A
2371,95%
2372,95%
2373,95%
2374,95%
2375,95%
2376,93%
2377,97%
2378,98%
2379,82%
2380,31%
2381,95%
2382,78%
2383,83%
2384,99%
2385,99%
2386,100%
2387,100%
2388,N/A
2389,77%
2390,100%
2391,100%
2392,100%
2393,97%
2394,N/A
2395,100%
2396,100%
2397,100%
2398,100%
2399,100%
2400,100%
2401,100%
2402,100%
2403,100%
2404,100%
2405,100%
2406,98%
2407,100%
2408,95%
2409,0%
2410,100%
2411,95%
2412,95%
2413,100%
2414,95%
2415,95%
2416,95%
2417,100%
2418,100%
2419,100%
2420,100%
2421,100%
2422,100%
2423,100%
2424,100%
2425,100%
2426,100%
2427,100%
2428,91%
2429,100%
2430,100%
2431,97%
2432,95%
2433,100%
2434,94%
2435,95%
2436,95%
2437,100%
2438,98%
2439,99%
2440,99%
2441,83%
2442,95%
2443,N/A
2444,100%
2445,100%
2446,99%
2447,N/A
2448,N/A
2449,N/A
2450,100%
2451,99%
2452,71%
2453,98%
2454,100%
2455,98%
2456,72%
2457,99%
2458,100%
2459,88%
2460,98%
2461,95%
2462,100%
2463,78%
2464,98%
2465,98%
2466,99%
2467,100%
2468,100%
2469,98%
2470,98%
2471,51%
2472,91%
2473,95%
2474,95%
2475,98%
2476,78%
2477,91%
2478,100%
2479,89%
2480,67%
2481,98%
2482,78%
2483,100%
2484,90%
2485,90%
2486,100%
2487,100%
2488,100%
2489,100%
2490,N/A
2491,100%
2492,51%
2493,N/A
2494,99%
2495,78%
2496,100%
2497,62%
2498,73%
2499,57%
2500,72%
2501,72%
2502,100%
2503,83%
2504,100%
2505,100%
2506,0%
2507,76%
2508,98%
2509,0%
2510,100%
2511,98%
2512,100%
2513,96%
2514,72%
2515,90%
2516,36%
2517,99%
2518,99%
2519,99%
2520,99%
2521,94%
2522,100%
2523,99%
2524,99%
2525,99%
2526,100%
2527,56%
2528,92%
2529,91%
2530,92%
2531,99%
2532,100%
2533,99%
2534,100%
2535,51%
2536,72%
2537,100%
2538,99%
2539,82%
2540,100%
2541,0%
2542,100%
2543,100%
2544,N/A
2545,98%
2546,98%
2547,98%
2548,98%
2549,98%
2550,98%
2551,98%
2552,0%
2553,72%
2554,100%
2555,88%
2556,100%
2557,72%
2558,N/A
2559,100%
2560,72%
2561,87%
2562,100%
2563,67%
2564,100%
2565,100%
2566,85%
2567,83%
2568,72%
2569,93%
2570,98%
2571,100%
2572,100%
2573,100%
2574,100%
2575,94%
2576,98%
2577,100%
2578,100%
2579,98%
2580,95%
2581,25%
2582,92%
2583,85%
2584,100%
2585,100%
2586,100%
2587,0%
2588,78%
2589,100%
2590,100%
2591,99%
2592,100%
2593,78%
2594,78%
2595,78%
2596,100%
2597,88%
2598,94%
2599,100%
2600,93%
2601,N/A
2602,99%
2603,57%
2604,92%
2605,99%
2606,100%
2607,95%
2608,95%
2609,100%
2610,99%
2611,100%
2612,100%
2613,99%
2614,99%
2615,79%
2616,100%
2617,100%
2618,100%
2619,100%
2620,100%
2621,100%
2622,100%
2623,90%
2624,94%
2625,100%
2626,81%
2627,100%
2628,100%
2629,100%
2630,77%
2631,98%
2632,67%
2633,100%
2634,100%
2635,100%
2636,100%
2637,100%
2638,100%
2639,100%
2640,100%
2641,100%
2642,85%
2643,99%
2644,83%
2645,N/A
2646,100%
2647,94%
2648,100%
2649,91%
2650,91%
2651,N/A
2652,100%
2653,100%
2654,N/A
2655,88%
2656,100%
2657,100%
2658,3%
2659,100%
2660,N/A
2661,100%
2662,93%
2663,66%
2664,100%
2665,N/A
2666,100%
2667,100%
2668,80%
2669,100%
2670,94%
2671,99%
2672,98%
2673,98%
2674,100%
2675,92%
2676,93%
2677,100%
2678,100%
2679,N/A
2680,0%
2681,100%
2682,100%
2683,100%
2684,100%
2685,100%
2686,100%
2687,99%
2688,100%
2689,91%
2690,100%
2691,98%
2692,98%
2693,99%
2694,N/A
2695,N/A
2696,67%
2697,76%
2698,100%
2699,100%
2700,100%
2701,98%
2702,100%
2703,98%
2704,100%
2705,100%
2706,100%
2707,100%
2708,100%
2709,100%
2710,80%
2711,51%
2712,76%
2713,64%
2714,64%
2715,99%
2716,90%
2717,100%
2718,91%
2719,100%
2720,98%
2721,96%
2722,100%
2723,76%
2724,99%
2725,100%
2726,100%
2727,98%
2728,N/A
2729,89%
2730,94%
2731,100%
2732,100%
2733,100%
2734,100%
2735,100%
2736,100%
2737,100%
2738,100%
2739,90%
2740,100%
2741,99%
2742,99%
2743,100%
2744,0%
2745,99%
2746,99%
2747,N/A
2748,100%
2749,99%
2750,100%
2751,100%
2752,100%
2753,100%
2754,100%
2755,100%
2756,100%
2757,99%
2758,99%
2759,99%
2760,100%
2761,100%
2762,99%
2763,100%
2764,100%
2765,98%
2766,50%
2767,78%
2768,88%
2769,100%
2770,97%
2771,100%
2772,100%
2773,99%
2774,96%
2775,99%
2776,100%
2777,95%
2778,99%
2779,50%
2780,98%
2781,N/A
2782,N/A
2783,87%
2784,100%
2785,96%
2786,94%
2787,100%
2788,100%
2789,88%
2790,99%
2791,100%
2792,99%
2793,99%
2794,N/A
2795,100%
2796,100%
2797,100%
2798,99%
2799,100%
2800,100%
2801,100%
2802,98%
2803,98%
2804,56%
2805,97%
2806,99%
2807,79%
2808,98%
2809,100%
2810,0%
2811,94%
2812,100%
2813,100%
2814,99%
2815,74%
2816,97%
2817,100%
2818,78%
2819,96%
2820,75%
2821,91%
2822,91%
2823,91%
2824,91%
2825,91%
2826,91%
2827,100%
2828,100%
2829,0%
2830,0%
2831,57%
2832,100%
2833,99%
2834,99%
2835,99%
2836,100%
2837,91%
2838,99%
2839,100%
2840,100%
2841,98%
2842,100%
2843,97%
2844,99%
2845,87%
2846,83%
2847,100%
2848,99%
2849,99%
2850,99%
2851,99%
2852,99%
2853,91%
2854,91%
2855,91%
2856,99%
2857,99%
2858,99%
2859,99%
2860,99%
2861,99%
2862,99%
2863,99%
2864,0%
2865,100%
2866,100%
2867,56%
2868,100%
2869,100%
2870,97%
2871,99%
2872,93%
2873,100%
2874,98%
2875,100%
2876,100%
2877,78%
2878,99%
2879,97%
2880,99%
2881,99%
2882,50%
2883,99%
2884,99%
2885,99%
2886,100%
2887,0%
2888,99%
2889,100%
2890,99%
2891,99%
2892,100%
2893,100%
2894,98%
2895,100%
2896,79%
2897,98%
2898,0%
2899,98%
2900,92%
2901,91%
2902,100%
2903,99%
2904,99%
2905,100%
2906,100%
2907,90%
2908,98%
2909,100%
2910,100%
2911,100%
2912,100%
2913,71%
2914,100%
2915,100%
2916,100%
2917,100%
2918,100%
2919,100%
2920,100%
2921,100%
2922,99%
2923,100%
2924,98%
2925,98%
2926,81%
2927,100%
2928,100%
2929,100%
2930,98%
2931,88%
2932,100%
2933,98%
2934,100%
2935,87%
2936,100%
2937,100%
2938,99%
2939,100%
2940,90%
2941,89%
2942,99%
2943,100%
2944,100%
2945,75%
2946,100%
2947,100%
2948,100%
2949,100%
2950,99%
2951,100%
2952,88%
2953,91%
2954,91%
2955,100%
2956,56%
2957,100%
2958,97%
2959,84%
2960,50%
2961,100%
2962,81%
2963,100%
2964,100%
2965,100%
2966,100%
2967,99%
2968,99%
2969,99%
2970,100%
2971,100%
2972,50%
2973,57%
2974,100%
2975,69%
2976,71%
2977,100%
2978,100%
2979,100%
2980,56%
2981,100%
2982,99%
2983,99%
2984,99%
2985,100%
2986,100%
2987,100%
2988,98%
2989,98%
2990,100%
2991,100%
2992,99%
2993,78%
2994,99%
2995,67%
2996,100%
2997,N/A
2998,98%
2999,98%
3000,98%
3001,98%
3002,98%
3003,100%
3004,100%
3005,98%
3006,98%
3007,98%
3008,98%
3009,98%
3010,100%
3011,N/A
3012,N/A
3013,96%
3014,100%
3015,0%
3016,85%
3017,N/A
3018,100%
3019,100%
3020,100%
3021,100%
3022,100%
3023,100%
3024,83%
3025,100%
3026,100%
3027,98%
3028,95%
3029,100%
3030,100%
3031,81%
3032,100%
3033,78%
3034,99%
3035,100%
3036,100%
3037,100%
3038,87%
3039,67%
3040,95%
3041,98%
3042,0%
3043,100%
3044,0%
3045,100%
3046,100%
3047,100%
3048,100%
3049,99%
3050,N/A
3051,0%
3052,100%
3053,99%
3054,71%
3055,N/A
3056,100%
3057,100%
3058,100%
3059,100%
3060,100%
3061,100%
3062,100%
3063,87%
3064,94%
3065,99%
3066,N/A
3067,91%
3068,94%
3069,99%
3070,99%
3071,99%
3072,99%
3073,99%
3074,99%
3075,99%
3076,99%
3077,99%
3078,99%
3079,99%
3080,99%
3081,100%
3082,100%
3083,100%
3084,100%
3085,99%
3086,99%
3087,80%
3088,93%
3089,75%
3090,99%
3091,99%
3092,94%
3093,99%
3094,94%
3095,99%
3096,100%
3097,100%
3098,100%
3099,97%
3100,97%
3101,100%
3102,98%
3103,100%
3104,93%
3105,98%
3106,N/A
3107,0%
3108,83%
3109,93%
3110,100%
3111,97%
3112,55%
3113,94%
3114,98%
3115,98%
3116,100%
3117,100%
3118,100%
3119,100%
3120,100%
3121,100%
3122,100%
3123,100%
3124,100%
3125,77%
3126,100%
3127,100%
3128,99%
3129,100%
3130,99%
3131,100%
3132,96%
3133,99%
3134,100%
3135,100%
3136,27%
3137,84%
3138,99%
3139,96%
3140,100%
3141,99%
3142,100%
3143,99%
3144,99%
3145,100%
3146,100%
3147,93%
3148,100%
3149,82%
3150,91%
3151,100%
3152,98%
3153,98%
3154,99%
3155,N/A
3156,64%
3157,74%
3158,100%
3159,100%
3160,96%
3161,64%
3162,98%
3163,99%
3164,100%
3165,100%
3166,100%
3167,99%
3168,0%
3169,100%
3170,50%
3171,7%
3172,7%
3173,46%
3174,96%
3175,99%
3176,99%
3177,99%
3178,64%
3179,100%
3180,100%
3181,66%
3182,94%
3183,84%
3184,95%
3185,61%
3186,90%
3187,99%
3188,99%
3189,91%
3190,100%
3191,71%
3192,99%
3193,100%
3194,96%
3195,85%
3196,64%
3197,83%
3198,97%
3199,100%
3200,63%
3201,99%
3202,100%
3203,100%
3204,100%
3205,100%
3206,100%
3207,96%
3208,100%
3209,92%
3210,99%
3211,0%
3212,N/A
3213,100%
3214,0%
3215,100%
3216,100%
3217,100%
3218,100%
3219,99%
3220,99%
3221,97%
3222,97%
3223,97%
3224,100%
3225,80%
3226,100%
3227,100%
3228,100%
3229,99%
3230,100%
3231,100%
3232,100%
3233,100%
3234,96%
3235,60%
3236,91%
3237,98%
3238,35%
3239,98%
3240,100%
3241,99%
3242,100%
3243,63%
3244,100%
3245,100%
3246,97%
3247,100%
3248,100%
3249,86%
3250,99%
3251,99%
3252,99%
3253,99%
3254,99%
3255,99%
3256,99%
3257,100%
3258,100%
3259,100%
3260,100%
3261,100%
3262,100%
3263,64%
3264,100%
3265,96%
3266,96%
3267,96%
3268,96%
3269,96%
3270,96%
3271,96%
3272,96%
3273,96%
3274,96%
3275,96%
3276,96%
3277,96%
3278,96%
3279,96%
3280,96%
3281,96%
3282,96%
3283,96%
3284,96%
3285,96%
3286,96%
3287,96%
3288,96%
3289,96%
3290,96%
3291,96%
3292,96%
3293,96%
3294,96%
3295,96%
3296,96%
3297,96%
3298,96%
3299,96%
3300,96%
3301,96%
3302,96%
3303,96%
3304,96%
3305,96%
3306,96%
3307,96%
3308,96%
3309,96%
3310,96%
3311,96%
3312,96%
3313,96%
3314,96%
3315,96%
3316,96%
3317,96%
3318,96%
3319,96%
3320,96%
3321,96%
3322,96%
3323,96%
3324,96%
3325,96%
3326,96%
3327,96%
3328,96%
3329,96%
3330,96%
3331,96%
3332,0%
3333,100%
3334,100%
3335,0%
3336,100%
3337,0%
3338,100%
3339,67%
3340,29%
3341,76%
3342,99%
3343,91%
3344,100%
3345,0%
3346,100%
3347,100%
3348,100%
3349,100%
3350,100%
3351,85%
3352,69%
3353,18%
3354,100%
3355,100%
3356,96%
3357,100%
3358,100%
3359,100%
3360,99%
3361,67%
3362,91%
3363,91%
3364,100%
3365,100%
3366,98%
3367,99%
3368,95%
3369,99%
3370,99%
3371,99%
3372,97%
3373,100%
3374,100%
3375,100%
3376,100%
3377,100%
3378,100%
3379,100%
3380,100%
3381,100%
3382,100%
3383,100%
3384,100%
3385,94%
3386,0%
3387,59%
3388,100%
3389,85%
3390,0%
3391,100%
3392,100%
3393,100%
3394,94%
3395,100%
3396,N/A
3397,100%
3398,99%
3399,99%
3400,98%
3401,98%
3402,0%
3403,50%
3404,100%
3405,99%
3406,100%
3407,100%
3408,100%
3409,100%
3410,100%
3411,100%
3412,100%
3413,100%
3414,100%
3415,100%
3416,100%
3417,100%
3418,100%
3419,100%
3420,79%
3421,100%
3422,96%
3423,100%
3424,91%
3425,91%
3426,91%
3427,91%
3428,85%
3429,87%
3430,83%
3431,N/A
3432,83%
3433,100%
3434,100%
3435,96%
3436,87%
3437,97%
3438,96%
3439,96%
3440,96%
3441,96%
3442,96%
3443,96%
3444,100%
3445,94%
3446,91%
3447,92%
3448,100%
3449,100%
3450,57%
3451,80%
3452,100%
3453,100%
3454,80%
3455,100%
3456,100%
3457,83%
3458,83%
3459,63%
3460,94%
3461,98%
3462,58%
3463,83%
3464,83%
3465,83%
3466,0%
3467,0%
3468,100%
3469,47%
3470,99%
3471,0%
3472,96%
3473,60%
3474,95%
3475,100%
3476,100%
3477,50%
3478,91%
3479,94%
3480,89%
3481,36%
3482,100%
3483,17%
3484,100%
3485,46%
3486,71%
3487,N/A
3488,N/A
3489,99%
3490,80%
3491,100%
3492,0%
3493,100%
3494,100%
3495,29%
3496,82%
3497,97%
3498,56%
3499,29%
3500,29%
3501,29%
3502,56%
3503,100%
3504,85%
3505,99%
3506,99%
3507,100%
3508,100%
3509,99%
3510,80%
3511,100%
3512,0%
3513,100%
3514,96%
3515,96%
3516,0%
3517,91%
3518,67%
3519,100%
3520,58%
3521,0%
3522,33%
3523,100%
3524,92%
3525,20%
3526,99%
3527,99%
3528,94%
3529,94%
3530,40%
3531,99%
3532,94%
3533,89%
3534,96%
3535,81%
3536,100%
3537,100%
3538,97%
3539,100%
3540,100%
3541,100%
3542,99%
3543,100%
3544,97%
3545,100%
3546,100%
3547,100%
3548,99%
3549,100%
3550,100%
3551,100%
3552,93%
3553,100%
3554,100%
3555,100%
3556,100%
3557,100%
3558,100%
3559,98%
3560,98%
3561,64%
3562,99%
3563,98%
3564,100%
3565,85%
3566,98%
3567,100%
3568,0%
3569,4%
3570,4%
3571,100%
3572,100%
3573,99%
3574,99%
3575,92%
3576,83%
3577,N/A
3578,92%
3579,100%
3580,39%
3581,33%
3582,N/A
3583,99%
3584,98%
3585,99%
3586,100%
3587,99%
3588,67%
3589,100%
3590,74%
3591,74%
3592,100%
3593,100%
3594,99%
3595,29%
3596,61%
3597,100%
3598,100%
3599,35%
3600,35%
3601,100%
3602,100%
3603,99%
3604,96%
3605,92%
3606,96%
3607,96%
3608,96%
3609,96%
3610,96%
3611,92%
3612,0%
3613,93%
3614,N/A
3615,100%
3616,100%
3617,99%
3618,98%
3619,100%
3620,100%
3621,100%
3622,35%
3623,99%
3624,99%
3625,N/A
3626,99%
3627,100%
3628,83%
3629,N/A
3630,100%
3631,50%
3632,97%
3633,100%
3634,99%
3635,100%
3636,100%
3637,100%
3638,100%
3639,100%
3640,92%
3641,0%
3642,61%
3643,98%
3644,92%
3645,99%
3646,100%
3647,100%
3648,100%
3649,100%
3650,100%
3651,98%
3652,98%
3653,100%
3654,100%
3655,100%
3656,100%
3657,100%
3658,100%
3659,100%
3660,100%
3661,75%
3662,N/A
3663,100%
3664,100%
3665,99%
3666,100%
3667,100%
3668,100%
3669,100%
3670,98%
3671,85%
3672,0%
3673,100%
3674,100%
3675,100%
3676,96%
3677,96%
3678,96%
3679,96%
3680,99%
3681,99%
3682,90%
3683,90%
3684,29%
3685,100%
3686,92%
3687,88%
3688,100%
3689,98%
3690,4%
3691,75%
3692,75%
3693,N/A
3694,85%
3695,92%
3696,96%
3697,96%
3698,4%
3699,100%
3700,99%
3701,96%
3702,99%
3703,100%
3704,100%
3705,0%
3706,4%
3707,99%
3708,35%
3709,100%
3710,82%
3711,86%
3712,4%
3713,4%
3714,99%
3715,100%
3716,100%
3717,N/A
3718,100%
3719,97%
3720,50%
3721,95%
3722,0%
3723,73%
3724,N/A
3725,65%
3726,100%
3727,100%
3728,47%
3729,100%
3730,98%
3731,100%
3732,99%
3733,99%
3734,99%
3735,99%
3736,99%
3737,99%
3738,99%
3739,100%
3740,97%
3741,0%
3742,100%
3743,99%
3744,4%
3745,100%
3746,90%
3747,100%
3748,100%
3749,100%
3750,N/A
3751,94%
3752,100%
3753,100%
3754,0%
3755,95%
3756,55%
3757,100%
3758,100%
3759,98%
3760,0%
3761,56%
3762,100%
3763,100%
3764,100%
3765,100%
3766,4%
3767,100%
3768,100%
3769,98%
3770,93%
3771,97%
3772,100%
3773,97%
3774,100%
3775,4%
3776,0%
3777,N/A
3778,99%
3779,100%
3780,100%
3781,100%
3782,100%
3783,N/A
3784,73%
3785,100%
3786,91%
3787,96%
3788,4%
3789,0%
3790,82%
3791,91%
3792,72%
3793,100%
3794,100%
3795,100%
3796,100%
3797,100%
3798,100%
3799,100%
3800,0%
3801,100%
3802,98%
3803,99%
3804,100%
3805,96%
3806,86%
3807,100%
3808,99%
3809,81%
3810,100%
3811,100%
3812,100%
3813,98%
3814,96%
3815,96%
3816,96%
3817,100%
3818,92%
3819,90%
3820,87%
3821,99%
3822,78%
3823,64%
3824,92%
3825,77%
3826,83%
3827,72%
3828,83%
3829,91%
3830,55%
3831,100%
3832,100%
3833,96%
3834,98%
3835,75%
3836,56%
3837,83%
3838,92%
3839,53%
3840,84%
3841,100%
3842,80%
3843,100%
3844,99%
3845,100%
3846,91%
3847,100%
3848,0%
3849,100%
3850,100%
3851,97%
3852,100%
3853,0%
3854,99%
3855,99%
3856,100%
3857,55%
3858,100%
3859,100%
3860,99%
3861,99%
3862,90%
3863,100%
3864,69%
3865,99%
3866,99%
3867,99%
3868,100%
3869,96%
3870,100%
3871,96%
3872,90%
3873,100%
3874,99%
3875,99%
3876,99%
3877,99%
3878,99%
3879,99%
3880,99%
3881,99%
3882,99%
3883,99%
3884,99%
3885,99%
3886,99%
3887,99%
3888,99%
3889,99%
3890,83%
3891,100%
3892,100%
3893,100%
3894,100%
3895,100%
3896,100%
3897,100%
3898,100%
3899,N/A
3900,100%
3901,99%
3902,100%
3903,69%
3904,96%
3905,96%
3906,99%
3907,99%
3908,98%
3909,94%
3910,100%
3911,99%
3912,100%
3913,100%
3914,43%
3915,100%
3916,100%
3917,34%
3918,80%
3919,100%
3920,100%
3921,98%
3922,100%
3923,96%
3924,100%
3925,99%
3926,99%
3927,0%
3928,97%
3929,98%
3930,99%
3931,99%
3932,99%
3933,99%
3934,100%
3935,99%
3936,100%
3937,90%
3938,100%
3939,97%
3940,100%
3941,67%
3942,100%
3943,64%
3944,97%
3945,99%
3946,99%
3947,99%
3948,100%
3949,82%
3950,100%
3951,100%
3952,100%
3953,100%
3954,100%
3955,98%
3956,61%
3957,94%
3958,99%
3959,95%
3960,100%
3961,97%
3962,100%
3963,100%
3964,98%
3965,80%
3966,99%
3967,99%
3968,61%
3969,80%
3970,24%
3971,24%
3972,24%
3973,24%
3974,100%
3975,50%
3976,100%
3977,95%
3978,100%
3979,100%
3980,93%
3981,100%
3982,94%
3983,100%
3984,97%
3985,100%
3986,97%
3987,91%
3988,85%
3989,0%
3990,91%
3991,98%
3992,100%
3993,100%
3994,100%
3995,100%
3996,100%
3997,97%
3998,100%
3999,64%
4000,99%
4001,99%
4002,100%
4003,100%
4004,72%
4005,100%
4006,100%
4007,100%
4008,50%
4009,54%
4010,100%
4011,94%
4012,79%
4013,98%
4014,100%
4015,50%
4016,100%
4017,100%
4018,100%
4019,99%
4020,97%
4021,81%
4022,100%
4023,100%
4024,100%
4025,82%
4026,100%
4027,100%
4028,55%
4029,100%
4030,92%
4031,92%
4032,43%
4033,98%
4034,100%
4035,100%
4036,26%
4037,77%
4038,100%
4039,88%
4040,92%
4041,64%
4042,100%
4043,99%
4044,100%
4045,100%
4046,99%
4047,94%
4048,100%
4049,68%
4050,0%
4051,100%
4052,100%
4053,96%
4054,96%
4055,N/A
4056,94%
4057,100%
4058,97%
4059,91%
4060,64%
4061,64%
4062,99%
4063,18%
4064,100%
4065,100%
4066,100%
4067,40%
4068,81%
4069,100%
4070,100%
4071,98%
4072,100%
4073,97%
4074,100%
4075,100%
4076,7%
4077,18%
4078,100%
4079,100%
4080,N/A
4081,100%
4082,96%
4083,100%
4084,97%
4085,83%
4086,83%
4087,99%
4088,99%
4089,99%
4090,99%
4091,99%
4092,99%
4093,99%
4094,99%
4095,99%
4096,99%
4097,99%
4098,99%
4099,99%
4100,99%
4101,99%
4102,99%
4103,98%
4104,100%
4105,97%
4106,9%
4107,75%
4108,N/A
4109,98%
4110,100%
4111,100%
4112,86%
4113,50%
4114,100%
4115,55%
4116,97%
4117,100%
4118,100%
4119,100%
4120,92%
4121,97%
4122,100%
4123,71%
4124,84%
4125,64%
4126,80%
4127,100%
4128,99%
4129,100%
4130,100%
4131,83%
4132,97%
4133,99%
4134,0%
4135,100%
4136,100%
4137,78%
4138,78%
4139,78%
4140,78%
4141,0%
4142,100%
4143,64%
4144,100%
4145,40%
4146,100%
4147,64%
4148,0%
4149,99%
4150,99%
4151,99%
4152,99%
4153,100%
4154,100%
4155,100%
4156,98%
4157,51%
4158,100%
4159,100%
4160,33%
4161,100%
4162,99%
4163,96%
4164,87%
4165,100%
4166,100%
4167,100%
4168,100%
4169,100%
4170,100%
4171,100%
4172,24%
4173,100%
4174,76%
4175,64%
4176,N/A
4177,100%
4178,7%
4179,97%
4180,100%
4181,N/A
4182,100%
4183,100%
4184,N/A
4185,100%
4186,100%
4187,100%
4188,99%
4189,97%
4190,100%
4191,100%
4192,100%
4193,94%
4194,100%
4195,97%
4196,97%
4197,100%
4198,99%
4199,72%
4200,32%
4201,100%
4202,95%
4203,86%
4204,100%
4205,100%
4206,96%
4207,99%
4208,88%
4209,100%
4210,97%
4211,97%
4212,97%
4213,90%
4214,97%
4215,97%
4216,97%
4217,100%
4218,100%
4219,99%
4220,100%
4221,100%
4222,100%
4223,58%
4224,93%
4225,100%
4226,90%
4227,61%
4228,100%
4229,100%
4230,100%
4231,100%
4232,96%
4233,0%
4234,0%
4235,81%
4236,98%
4237,96%
4238,100%
4239,100%
4240,96%
4241,98%
4242,88%
4243,100%
4244,79%
4245,56%
4246,95%
4247,99%
4248,100%
4249,99%
4250,100%
4251,98%
4252,96%
4253,0%
4254,N/A
4255,60%
4256,60%
4257,99%
4258,100%
4259,100%
4260,4%
4261,24%
4262,100%
4263,99%
4264,100%
4265,64%
4266,72%
4267,N/A
4268,0%
4269,98%
4270,96%
4271,24%
4272,0%
4273,100%
4274,93%
4275,56%
4276,34%
4277,100%
4278,100%
4279,63%
4280,97%
4281,99%
4282,99%
4283,100%
4284,100%
4285,24%
4286,N/A
4287,99%
4288,100%
4289,99%
4290,100%
4291,90%
4292,100%
4293,N/A
4294,64%
4295,92%
4296,99%
4297,98%
4298,100%
4299,93%
4300,93%
4301,93%
4302,6%
4303,87%
4304,100%
4305,100%
4306,93%
4307,100%
4308,100%
4309,100%
4310,75%
4311,0%
4312,91%
4313,99%
4314,97%
4315,100%
4316,61%
4317,100%
4318,87%
4319,100%
4320,75%
4321,92%
4322,11%
4323,98%
4324,67%
4325,100%
4326,100%
4327,98%
4328,100%
4329,93%
4330,100%
4331,100%
4332,84%
4333,90%
4334,100%
4335,94%
4336,99%
4337,0%
4338,100%
4339,57%
4340,88%
4341,17%
4342,N/A
4343,100%
4344,95%
4345,95%
4346,100%
4347,100%
4348,100%
4349,47%
4350,80%
4351,100%
4352,53%
4353,100%
4354,92%
4355,98%
4356,100%
4357,56%
4358,83%
4359,100%
4360,100%
4361,100%
4362,100%
4363,98%
4364,83%
4365,99%
4366,100%
4367,66%
4368,99%
4369,95%
4370,94%
4371,100%
4372,100%
4373,98%
4374,50%
4375,94%
4376,100%
4377,98%
4378,100%
4379,80%
4380,99%
4381,100%
4382,N/A
4383,96%
4384,54%
4385,100%
4386,100%
4387,99%
4388,99%
4389,56%
4390,100%
4391,100%
4392,100%
4393,100%
4394,95%
4395,100%
4396,100%
4397,100%
4398,78%
4399,100%
4400,25%
4401,47%
4402,100%
4403,99%
4404,100%
4405,96%
4406,100%
4407,99%
4408,N/A
4409,83%
4410,100%
4411,0%
4412,100%
4413,99%
4414,0%
4415,50%
4416,N/A
4417,100%
4418,79%
4419,91%
4420,99%
4421,98%
4422,50%
4423,50%
4424,4%
4425,4%
4426,79%
4427,100%
4428,93%
4429,33%
4430,97%
4431,100%
4432,100%
4433,96%
4434,95%
4435,100%
4436,95%
4437,88%
4438,100%
4439,100%
4440,62%
4441,100%
4442,100%
4443,100%
4444,100%
4445,76%
4446,100%
4447,99%
4448,N/A
4449,N/A
4450,100%
4451,99%
4452,8%
4453,100%
4454,100%
4455,99%
4456,99%
4457,92%
4458,100%
4459,92%
4460,4%
4461,100%
4462,64%
4463,92%
4464,100%
4465,0%
4466,100%
4467,100%
4468,100%
4469,36%
4470,93%
4471,54%
4472,92%
4473,100%
4474,84%
4475,40%
4476,73%
4477,30%
4478,0%
4479,65%
4480,94%
4481,100%
4482,99%
4483,99%
4484,99%
4485,99%
4486,99%
4487,100%
4488,100%
4489,100%
4490,100%
4491,100%
4492,100%
4493,100%
4494,N/A
4495,99%
4496,99%
4497,99%
4498,99%
4499,99%
4500,99%
4501,99%
4502,85%
4503,0%
4504,100%
4505,100%
4506,0%
4507,N/A
4508,N/A
4509,100%
4510,100%
4511,62%
4512,N/A
4513,N/A
4514,0%
4515,100%
4516,N/A
4517,97%
4518,82%
4519,88%
4520,36%
4521,97%
4522,96%
4523,100%
4524,88%
4525,37%
4526,100%
4527,100%
4528,44%
4529,100%
4530,100%
4531,90%
4532,100%
4533,100%
4534,97%
4535,99%
4536,99%
4537,99%
4538,99%
4539,99%
4540,99%
4541,99%
4542,0%
4543,97%
4544,100%
4545,99%
4546,38%
4547,91%
4548,38%
4549,61%
4550,100%
4551,100%
4552,100%
4553,98%
4554,100%
4555,94%
4556,100%
4557,78%
4558,100%
4559,94%
4560,100%
4561,67%
4562,100%
4563,100%
4564,93%
4565,4%
4566,100%
4567,91%
4568,100%
4569,100%
4570,61%
4571,99%
4572,100%
4573,0%
4574,84%
4575,85%
4576,100%
4577,90%
4578,90%
4579,100%
4580,99%
4581,90%
4582,100%
4583,100%
4584,100%
4585,51%
4586,0%
4587,100%
4588,73%
4589,100%
4590,100%
4591,96%
4592,98%
4593,96%
4594,N/A
4595,99%
4596,89%
4597,99%
4598,100%
4599,78%
4600,4%
4601,98%
4602,100%
4603,50%
4604,100%
4605,90%
4606,4%
4607,61%
4608,97%
4609,100%
4610,86%
4611,67%
4612,4%
4613,93%
4614,78%
4615,100%
4616,77%
4617,100%
4618,100%
4619,100%
4620,98%
4621,89%
4622,89%
4623,98%
4624,96%
4625,88%
4626,88%
4627,88%
4628,88%
4629,88%
4630,0%
4631,98%
4632,100%
4633,71%
4634,N/A
4635,100%
4636,98%
4637,65%
4638,99%
4639,100%
4640,100%
4641,99%
4642,71%
4643,99%
4644,99%
4645,99%
4646,99%
4647,99%
4648,100%
4649,75%
4650,100%
4651,100%
4652,99%
4653,98%
4654,4%
4655,98%
4656,99%
4657,99%
4658,100%
4659,100%
4660,97%
4661,4%
4662,100%
4663,98%
4664,4%
4665,100%
4666,99%
4667,95%
4668,100%
4669,100%
4670,96%
4671,100%
4672,63%
4673,63%
4674,63%
4675,63%
4676,63%
4677,100%
4678,64%
4679,64%
4680,100%
4681,66%
4682,67%
4683,57%
4684,100%
4685,98%
4686,99%
4687,91%
4688,83%
4689,99%
4690,0%
4691,100%
4692,100%
4693,100%
4694,100%
4695,70%
4696,100%
4697,29%
4698,65%
4699,29%
4700,100%
4701,100%
4702,97%
4703,100%
4704,100%
4705,100%
4706,50%
4707,99%
4708,99%
4709,100%
4710,99%
4711,100%
4712,99%
4713,64%
4714,100%
4715,100%
4716,96%
4717,100%
4718,100%
4719,98%
4720,100%
4721,55%
4722,62%
4723,84%
4724,78%
4725,100%
4726,100%
4727,87%
4728,4%
4729,4%
4730,100%
4731,88%
4732,88%
4733,88%
4734,100%
4735,92%
4736,98%
4737,98%
4738,100%
4739,100%
4740,87%
4741,100%
4742,100%
4743,0%
4744,100%
4745,50%
4746,40%
4747,100%
4748,100%
4749,100%
4750,100%
4751,100%
4752,94%
4753,54%
4754,47%
4755,100%
4756,100%
4757,96%
4758,91%
4759,100%
4760,98%
4761,100%
4762,0%
4763,95%
4764,96%
4765,100%
4766,100%
4767,100%
4768,100%
4769,100%
4770,100%
4771,4%
4772,82%
4773,100%
4774,100%
4775,100%
4776,100%
4777,95%
4778,95%
4779,99%
4780,98%
4781,98%
4782,N/A
4783,100%
4784,100%
4785,100%
4786,4%
4787,0%
4788,99%
4789,78%
4790,100%
4791,100%
4792,75%
4793,100%
4794,4%
4795,100%
4796,91%
4797,0%
4798,N/A
4799,98%
4800,N/A
4801,100%
4802,99%
4803,99%
4804,87%
4805,100%
4806,64%
4807,64%
4808,87%
4809,100%
4810,99%
4811,59%
4812,100%
4813,100%
4814,100%
4815,83%
4816,100%
4817,99%
4818,99%
4819,57%
4820,87%
4821,97%
4822,100%
4823,100%
4824,100%
4825,100%
4826,100%
4827,64%
4828,100%
4829,100%
4830,100%
4831,100%
4832,57%
4833,81%
4834,4%
4835,100%
4836,100%
4837,100%
4838,94%
4839,99%
4840,98%
4841,100%
4842,57%
4843,96%
4844,94%
4845,81%
4846,100%
4847,96%
4848,100%
4849,97%
4850,100%
4851,100%
4852,87%
4853,88%
4854,99%
4855,100%
4856,100%
4857,100%
4858,19%
4859,97%
4860,100%
4861,99%
4862,87%
4863,100%
4864,84%
4865,96%
4866,96%
4867,0%
4868,50%
4869,85%
4870,87%
4871,100%
4872,17%
4873,4%
4874,23%
4875,100%
4876,N/A
4877,52%
4878,76%
4879,99%
4880,89%
4881,81%
4882,98%
4883,96%
4884,57%
4885,97%
4886,0%
4887,66%
4888,100%
4889,92%
4890,100%
4891,20%
4892,98%
4893,100%
4894,4%
4895,67%
4896,99%
4897,100%
4898,100%
4899,97%
4900,100%
4901,100%
4902,100%
4903,100%
4904,91%
4905,99%
4906,92%
4907,92%
4908,100%
4909,39%
4910,89%
4911,97%
4912,100%
4913,100%
4914,78%
4915,94%
4916,90%
4917,100%
4918,96%
4919,87%
4920,98%
4921,74%
4922,95%
4923,N/A
4924,N/A
4925,100%
4926,100%
4927,99%
4928,99%
4929,99%
4930,90%
4931,100%
4932,4%
4933,91%
4934,67%
4935,97%
4936,33%
4937,55%
4938,100%
4939,6%
4940,53%
4941,100%
4942,100%
4943,36%
4944,99%
4945,100%
4946,99%
4947,65%
4948,99%
4949,99%
4950,99%
4951,100%
4952,100%
4953,100%
4954,100%
4955,100%
4956,99%
4957,89%
4958,4%
4959,100%
4960,95%
4961,96%
4962,97%
4963,100%
4964,98%
4965,99%
4966,14%
4967,100%
4968,100%
4969,66%
4970,N/A
4971,85%
4972,96%
4973,100%
4974,43%
4975,78%
4976,17%
4977,100%
4978,93%
4979,99%
4980,87%
4981,82%
4982,98%
4983,96%
4984,96%
4985,100%
4986,100%
4987,100%
4988,98%
4989,27%
4990,97%
4991,100%
4992,95%
4993,100%
4994,100%
4995,97%
4996,95%
4997,87%
4998,98%
4999,100%
5000,29%
5001,99%
5002,100%
5003,100%
5004,99%
5005,100%
5006,81%
5007,81%
5008,92%
5009,100%
5010,100%
5011,85%
5012,100%
5013,100%
5014,100%
5015,100%
5016,100%
5017,67%
5018,91%
5019,100%
5020,100%
5021,0%
5022,85%
5023,67%
5024,43%
5025,80%
5026,N/A
5027,100%
5028,100%
5029,100%
5030,100%
5031,100%
5032,100%
5033,98%
5034,98%
5035,N/A
5036,100%
5037,100%
5038,99%
5039,100%
5040,50%
5041,99%
5042,33%
5043,96%
5044,100%
5045,96%
5046,0%
5047,98%
5048,90%
5049,97%
5050,60%
5051,71%
5052,100%
5053,91%
5054,100%
5055,93%
5056,90%
5057,100%
5058,98%
5059,100%
5060,100%
5061,0%
5062,0%
5063,0%
5064,100%
5065,0%
5066,15%
5067,97%
5068,100%
5069,100%
5070,75%
5071,75%
5072,72%
5073,50%
5074,90%
5075,98%
5076,100%
5077,0%
5078,N/A
5079,100%
5080,100%
5081,100%
5082,100%
5083,100%
5084,99%
5085,2%
5086,50%
5087,94%
5088,100%
5089,92%
5090,15%
5091,99%
5092,100%
5093,91%
5094,100%
5095,100%
5096,100%
5097,100%
5098,91%
5099,90%
5100,100%
5101,0%
5102,96%
5103,100%
5104,71%
5105,94%
5106,95%
5107,100%
5108,100%
5109,100%
5110,67%
5111,100%
5112,97%
5113,100%
5114,99%
5115,0%
5116,43%
5117,0%
5118,100%
5119,100%
5120,100%
5121,100%
5122,29%
5123,29%
5124,100%
5125,32%
5126,80%
5127,100%
5128,90%
5129,4%
5130,98%
5131,73%
5132,96%
5133,100%
5134,50%
5135,100%
5136,100%
5137,100%
5138,100%
5139,99%
5140,99%
5141,100%
5142,100%
5143,99%
5144,97%
5145,100%
5146,97%
5147,100%
5148,75%
5149,100%
5150,100%
5151,100%
5152,0%
5153,90%
5154,92%
5155,0%
5156,43%
5157,100%
5158,94%
5159,99%
5160,96%
5161,85%
5162,0%
5163,100%
5164,95%
5165,96%
5166,100%
5167,83%
5168,83%
5169,96%
5170,97%
5171,63%
5172,100%
5173,100%
5174,89%
5175,89%
5176,90%
5177,87%
5178,43%
5179,43%
5180,43%
5181,82%
5182,78%
5183,78%
5184,76%
5185,71%
5186,78%
5187,97%
5188,78%
5189,78%
5190,78%
5191,72%
5192,100%
5193,98%
5194,98%
5195,98%
5196,100%
5197,90%
5198,77%
5199,89%
5200,80%
5201,20%
5202,100%
5203,4%
5204,98%
5205,95%
5206,100%
5207,50%
5208,98%
5209,65%
5210,100%
5211,50%
5212,100%
5213,97%
5214,100%
5215,95%
5216,100%
5217,75%
5218,43%
5219,60%
5220,99%
5221,N/A
5222,96%
5223,100%
5224,84%
5225,96%
5226,100%
5227,67%
5228,92%
5229,100%
5230,100%
5231,82%
5232,100%
5233,100%
5234,100%
5235,100%
5236,100%
5237,85%
5238,N/A
5239,4%
5240,100%
5241,100%
5242,65%
5243,97%
5244,67%
5245,96%
5246,6%
5247,99%
5248,99%
5249,100%
5250,99%
5251,99%
5252,0%
5253,0%
5254,95%
5255,100%
5256,92%
5257,92%
5258,87%
5259,96%
5260,100%
5261,6%
5262,100%
5263,100%
5264,28%
5265,88%
5266,98%
5267,N/A
5268,71%
5269,100%
5270,93%
5271,21%
5272,76%
5273,97%
5274,96%
5275,100%
5276,100%
5277,99%
5278,N/A
5279,96%
5280,29%
5281,0%
5282,100%
5283,47%
5284,35%
5285,100%
5286,67%
5287,67%
5288,67%
5289,85%
5290,86%
5291,64%
5292,99%
5293,85%
5294,99%
5295,6%
5296,86%
5297,100%
5298,100%
5299,98%
5300,96%
5301,100%
5302,100%
5303,N/A
5304,100%
5305,100%
5306,88%
5307,100%
5308,100%
5309,100%
5310,95%
5311,100%
5312,100%
5313,100%
5314,92%
5315,4%
5316,76%
5317,99%
5318,100%
5319,100%
5320,100%
5321,100%
5322,97%
5323,92%
5324,92%
5325,0%
5326,44%
5327,47%
5328,N/A
5329,99%
5330,99%
5331,44%
5332,100%
5333,67%
5334,99%
5335,0%
5336,100%
5337,88%
5338,100%
5339,88%
5340,78%
5341,78%
5342,78%
5343,78%
5344,87%
5345,78%
5346,29%
5347,78%
5348,78%
5349,78%
5350,95%
5351,78%
5352,78%
5353,78%
5354,78%
5355,78%
5356,43%
5357,67%
5358,100%
5359,100%
5360,100%
5361,99%
5362,99%
5363,99%
5364,67%
5365,67%
5366,100%
5367,0%
5368,94%
5369,99%
5370,99%
5371,100%
5372,0%
5373,100%
5374,94%
5375,99%
5376,99%
5377,100%
5378,100%
5379,95%
5380,90%
5381,100%
5382,95%
5383,0%
5384,98%
5385,99%
5386,93%
5387,83%
5388,83%
5389,83%
5390,99%
5391,100%
5392,71%
5393,0%
5394,87%
5395,100%
5396,86%
5397,87%
5398,96%
5399,60%
5400,100%
5401,100%
5402,75%
5403,4%
5404,96%
5405,99%
5406,0%
5407,100%
5408,74%
5409,96%
5410,100%
5411,100%
5412,100%
5413,22%
5414,100%
5415,98%
5416,65%
5417,83%
5418,100%
5419,17%
5420,89%
5421,0%
5422,95%
5423,33%
5424,100%
5425,57%
5426,35%
5427,15%
5428,91%
5429,100%
5430,96%
5431,25%
5432,100%
5433,100%
5434,98%
5435,98%
5436,98%
5437,98%
5438,98%
5439,98%
5440,98%
5441,100%
5442,98%
5443,91%
5444,98%
5445,98%
5446,98%
5447,98%
5448,89%
5449,50%
5450,100%
5451,100%
5452,0%
5453,100%
5454,86%
5455,99%
5456,0%
5457,0%
5458,68%
5459,100%
5460,0%
5461,98%
5462,20%
5463,61%
5464,77%
5465,61%
5466,0%
5467,0%
5468,100%
5469,100%
5470,100%
5471,64%
5472,0%
5473,0%
5474,87%
5475,98%
5476,100%
5477,99%
5478,99%
5479,100%
5480,46%
5481,99%
5482,100%
5483,9%
5484,100%
5485,96%
5486,100%
5487,100%
5488,100%
5489,65%
5490,80%
5491,100%
5492,100%
5493,100%
5494,91%
5495,51%
5496,100%
5497,99%
5498,85%
5499,100%
5500,93%
5501,100%
5502,99%
5503,94%
5504,100%
5505,100%
5506,53%
5507,100%
5508,50%
5509,43%
5510,43%
5511,0%
5512,99%
5513,67%
5514,100%
5515,87%
5516,97%
5517,100%
5518,100%
5519,100%
5520,100%
5521,96%
5522,99%
5523,99%
5524,69%
5525,58%
5526,100%
5527,100%
5528,98%
5529,97%
5530,97%
5531,88%
5532,95%
5533,N/A
5534,95%
5535,91%
5536,100%
5537,92%
5538,100%
5539,88%
5540,88%
5541,100%
5542,95%
5543,86%
5544,96%
5545,99%
5546,99%
5547,89%
5548,98%
5549,100%
5550,100%
5551,91%
5552,97%
5553,85%
5554,98%
5555,78%
5556,99%
5557,99%
5558,55%
5559,100%
5560,100%
5561,95%
5562,91%
5563,N/A
5564,100%
5565,0%
5566,29%
5567,53%
5568,93%
5569,96%
5570,100%
5571,100%
5572,N/A
5573,99%
5574,95%
5575,40%
5576,100%
5577,98%
5578,100%
5579,88%
5580,100%
5581,100%
5582,100%
5583,100%
5584,100%
5585,100%
5586,100%
5587,100%
5588,99%
5589,62%
5590,100%
5591,99%
5592,99%
5593,99%
5594,96%
5595,100%
5596,96%
5597,62%
5598,99%
5599,99%
5600,99%
5601,91%
5602,100%
5603,N/A
5604,86%
5605,100%
5606,89%
5607,75%
5608,92%
5609,92%
5610,100%
5611,100%
5612,N/A
5613,79%
5614,96%
5615,96%
5616,100%
5617,50%
5618,100%
5619,N/A
5620,75%
5621,100%
5622,100%
5623,100%
5624,N/A
5625,83%
5626,96%
5627,100%
5628,100%
5629,99%
5630,100%
5631,82%
5632,100%
5633,91%
5634,91%
5635,91%
5636,91%
5637,91%
5638,91%
5639,100%
5640,97%
5641,100%
5642,96%
5643,83%
5644,99%
5645,76%
5646,99%
5647,83%
5648,50%
5649,50%
5650,100%
5651,99%
5652,99%
5653,100%
5654,93%
5655,95%
5656,99%
5657,100%
5658,95%
5659,96%
5660,96%
5661,71%
5662,98%
5663,100%
5664,100%
5665,100%
5666,95%
5667,100%
5668,97%
5669,61%
5670,91%
5671,91%
5672,74%
5673,N/A
5674,99%
5675,100%
5676,98%
5677,87%
5678,64%
5679,100%
5680,99%
5681,99%
5682,52%
5683,100%
5684,99%
5685,99%
5686,100%
5687,100%
5688,100%
5689,100%
5690,99%
5691,100%
5692,98%
5693,100%
5694,7%
5695,96%
5696,29%
5697,100%
5698,99%
5699,100%
5700,99%
5701,100%
5702,100%
5703,87%
5704,100%
5705,N/A
5706,0%
5707,100%
5708,98%
5709,99%
5710,71%
5711,82%
5712,100%
5713,86%
5714,100%
5715,97%
5716,90%
5717,99%
5718,99%
5719,99%
5720,100%
5721,100%
5722,96%
5723,100%
5724,100%
5725,100%
5726,94%
5727,100%
5728,100%
5729,97%
5730,83%
5731,66%
5732,8%
5733,78%
5734,32%
5735,99%
5736,54%
5737,45%
5738,99%
5739,99%
5740,92%
5741,29%
5742,99%
5743,99%
5744,N/A
5745,99%
5746,99%
5747,100%
5748,100%
5749,100%
5750,50%
5751,92%
5752,96%
5753,N/A
5754,94%
5755,97%
5756,74%
5757,99%
5758,48%
5759,100%
5760,0%
5761,92%
5762,71%
5763,99%
5764,100%
5765,50%
5766,100%
5767,99%
5768,100%
5769,61%
5770,99%
5771,97%
5772,97%
5773,97%
5774,100%
5775,0%
5776,100%
5777,64%
5778,100%
5779,97%
5780,99%
5781,93%
5782,N/A
5783,96%
5784,100%
5785,71%
5786,99%
5787,99%
5788,99%
5789,99%
5790,99%
5791,56%
5792,3%
5793,98%
5794,93%
5795,64%
5796,100%
5797,94%
5798,92%
5799,99%
5800,99%
5801,100%
5802,99%
5803,0%
5804,86%
5805,8%
5806,100%
5807,100%
5808,97%
5809,100%
5810,80%
5811,44%
5812,99%
5813,79%
5814,100%
5815,100%
5816,88%
5817,100%
5818,67%
5819,99%
5820,100%
5821,96%
5822,100%
5823,100%
5824,100%
5825,N/A
5826,98%
5827,100%
5828,99%
5829,N/A
5830,100%
5831,100%
5832,100%
5833,100%
5834,100%
5835,99%
5836,100%
5837,100%
5838,100%
5839,91%
5840,100%
5841,89%
5842,100%
5843,98%
5844,100%
5845,98%
5846,99%
5847,100%
5848,95%
5849,99%
5850,95%
5851,100%
5852,100%
5853,33%
5854,96%
5855,90%
5856,100%
5857,99%
5858,100%
5859,0%
5860,100%
5861,100%
5862,99%
5863,100%
5864,33%
5865,95%
5866,0%
5867,54%
5868,0%
5869,73%
5870,88%
5871,97%
5872,100%
5873,100%
5874,100%
5875,100%
5876,100%
5877,95%
5878,30%
5879,64%
5880,100%
5881,98%
5882,98%
5883,81%
5884,99%
5885,83%
5886,41%
5887,99%
5888,89%
5889,0%
5890,94%
5891,100%
5892,100%
5893,100%
5894,100%
5895,100%
5896,0%
5897,0%
5898,100%
5899,99%
5900,29%
5901,100%
5902,100%
5903,40%
5904,98%
5905,99%
5906,99%
5907,75%
5908,N/A
5909,100%
5910,N/A
5911,100%
5912,100%
5913,100%
5914,100%
5915,100%
5916,100%
5917,91%
5918,83%
5919,100%
5920,100%
5921,98%
5922,62%
5923,100%
5924,100%
5925,N/A
5926,100%
5927,100%
5928,100%
5929,100%
5930,99%
5931,100%
5932,100%
5933,98%
5934,98%
5935,100%
5936,100%
5937,3%
5938,54%
5939,N/A
5940,N/A
5941,96%
5942,67%
5943,83%
5944,98%
5945,99%
5946,80%
5947,91%
5948,78%
5949,97%
5950,97%
5951,81%
5952,81%
5953,40%
5954,95%
5955,95%
5956,86%
5957,100%
5958,100%
5959,100%
5960,69%
5961,100%
5962,97%
5963,100%
5964,97%
5965,100%
5966,99%
5967,100%
5968,100%
5969,69%
5970,100%
5971,100%
5972,100%
5973,100%
5974,98%
5975,100%
5976,96%
5977,99%
5978,99%
5979,99%
5980,94%
5981,83%
5982,98%
5983,46%
5984,99%
5985,20%
5986,83%
5987,83%
5988,99%
5989,99%
5990,100%
5991,96%
5992,83%
5993,95%
5994,97%
5995,82%
5996,98%
5997,99%
5998,100%
5999,100%
6000,100%
6001,100%
6002,90%
6003,98%
6004,97%
6005,94%
6006,95%
6007,79%
6008,99%
6009,99%
6010,99%
6011,67%
6012,99%
6013,100%
6014,99%
6015,100%
6016,91%
6017,100%
6018,87%
6019,99%
6020,82%
6021,99%
6022,100%
6023,100%
6024,79%
6025,0%
6026,98%
6027,46%
6028,98%
6029,100%
6030,0%
6031,100%
6032,97%
6033,93%
6034,100%
6035,93%
6036,64%
6037,99%
6038,100%
6039,76%
6040,18%
6041,100%
6042,100%
6043,100%
6044,52%
6045,52%
6046,52%
6047,100%
6048,100%
6049,76%
6050,98%
6051,99%
6052,100%
6053,100%
6054,99%
6055,78%
6056,100%
6057,100%
6058,100%
6059,94%
6060,77%
6061,0%
6062,91%
6063,100%
6064,93%
6065,93%
6066,93%
6067,93%
6068,99%
6069,67%
6070,99%
6071,99%
6072,100%
6073,100%
6074,100%
6075,100%
6076,89%
6077,91%
6078,100%
6079,100%
6080,99%
6081,57%
6082,100%
6083,100%
6084,100%
6085,100%
6086,99%
6087,99%
6088,99%
6089,100%
6090,N/A
6091,64%
6092,80%
6093,100%
6094,100%
6095,N/A
6096,N/A
6097,100%
6098,64%
6099,100%
6100,99%
6101,99%
6102,67%
6103,99%
6104,78%
6105,100%
6106,71%
6107,97%
6108,N/A
6109,67%
6110,67%
6111,100%
6112,67%
6113,67%
6114,67%
6115,67%
6116,67%
6117,67%
6118,50%
6119,99%
6120,100%
6121,99%
6122,100%
6123,0%
6124,81%
6125,86%
6126,100%
6127,100%
6128,100%
6129,99%
6130,99%
6131,100%
6132,100%
6133,100%
6134,100%
6135,100%
6136,100%
6137,100%
6138,100%
6139,68%
6140,100%
6141,100%
6142,100%
6143,67%
6144,99%
6145,67%
6146,67%
6147,89%
6148,60%
6149,99%
6150,100%
6151,90%
6152,100%
6153,100%
6154,100%
6155,99%
6156,99%
6157,100%
6158,99%
6159,100%
6160,90%
6161,100%
6162,100%
6163,97%
6164,100%
6165,50%
6166,N/A
6167,99%
6168,99%
6169,99%
6170,100%
6171,95%
6172,95%
6173,95%
6174,100%
6175,100%
6176,100%
6177,93%
6178,18%
6179,89%
6180,100%
6181,10%
6182,100%
6183,99%
6184,7%
6185,94%
6186,94%
6187,91%
6188,100%
6189,78%
6190,100%
6191,100%
6192,100%
6193,100%
6194,97%
6195,75%
6196,100%
6197,100%
6198,100%
6199,82%
6200,100%
6201,25%
6202,100%
6203,98%
6204,89%
6205,71%
6206,69%
6207,100%
6208,100%
6209,100%
6210,89%
6211,100%
6212,100%
6213,19%
6214,89%
6215,77%
6216,99%
6217,4%
6218,71%
6219,100%
6220,100%
6221,100%
6222,0%
6223,13%
6224,100%
6225,100%
6226,100%
6227,33%
6228,100%
6229,83%
6230,27%
6231,74%
6232,99%
6233,100%
6234,99%
6235,89%
6236,95%
6237,96%
6238,100%
6239,99%
6240,99%
6241,99%
6242,99%
6243,100%
6244,98%
6245,98%
6246,98%
6247,100%
6248,98%
6249,100%
6250,100%
6251,100%
6252,100%
6253,79%
6254,33%
6255,97%
6256,95%
6257,96%
6258,97%
6259,67%
6260,90%
6261,67%
6262,100%
6263,81%
6264,61%
6265,100%
6266,100%
6267,67%
6268,100%
6269,94%
6270,10%
6271,100%
6272,100%
6273,100%
6274,50%
6275,0%
6276,89%
6277,30%
6278,100%
6279,100%
6280,100%
6281,100%
6282,87%
6283,100%
6284,95%
6285,100%
6286,100%
6287,93%
6288,100%
6289,0%
6290,100%
6291,99%
6292,99%
6293,98%
6294,99%
6295,100%
6296,93%
6297,100%
6298,93%
6299,96%
6300,100%
6301,100%
6302,100%
6303,4%
6304,95%
6305,98%
6306,N/A
6307,63%
6308,100%
6309,95%
6310,100%
6311,43%
6312,95%
6313,63%
6314,99%
6315,88%
6316,67%
6317,99%
6318,97%
6319,4%
6320,2%
6321,73%
6322,96%
6323,100%
6324,86%
6325,100%
6326,100%
6327,99%
6328,100%
6329,100%
6330,99%
6331,99%
6332,100%
6333,89%
6334,N/A
6335,100%
6336,100%
6337,94%
6338,100%
6339,100%
6340,85%
6341,100%
6342,96%
6343,98%
6344,50%
6345,99%
6346,87%
6347,88%
6348,99%
6349,98%
6350,22%
6351,100%
6352,60%
6353,93%
6354,86%
6355,99%
6356,94%
6357,96%
6358,100%
6359,99%
6360,100%
6361,N/A
6362,100%
6363,100%
6364,100%
6365,93%
6366,96%
6367,100%
6368,100%
6369,100%
6370,100%
6371,98%
6372,100%
6373,98%
6374,98%
6375,98%
6376,98%
6377,98%
6378,100%
6379,98%
6380,98%
6381,96%
6382,98%
6383,98%
6384,76%
6385,100%
6386,100%
6387,75%
6388,100%
6389,100%
6390,100%
6391,100%
6392,100%
6393,100%
6394,96%
6395,96%
6396,96%
6397,100%
6398,100%
6399,96%
6400,96%
6401,96%
6402,96%
6403,88%
6404,96%
6405,96%
6406,96%
6407,96%
6408,96%
6409,96%
6410,96%
6411,96%
6412,96%
6413,96%
6414,96%
6415,96%
6416,96%
6417,96%
6418,93%
6419,96%
6420,96%
6421,96%
6422,96%
6423,100%
6424,100%
6425,0%
6426,11%
6427,100%
6428,100%
6429,71%
6430,52%
6431,27%
6432,85%
6433,100%
6434,100%
6435,100%
6436,100%
6437,100%
6438,100%
6439,100%
6440,98%
6441,100%
6442,98%
6443,98%
6444,98%
6445,98%
6446,98%
6447,33%
6448,100%
6449,100%
6450,100%
6451,63%
6452,100%
6453,100%
6454,100%
6455,100%
6456,78%
6457,99%
6458,100%
6459,98%
6460,100%
6461,74%
6462,95%
6463,97%
6464,92%
6465,99%
6466,64%
6467,100%
6468,96%
6469,100%
6470,100%
6471,38%
6472,100%
6473,100%
6474,69%
6475,90%
6476,90%
6477,90%
6478,90%
6479,90%
6480,90%
6481,93%
6482,99%
6483,80%
6484,93%
6485,0%
6486,99%
6487,99%
6488,99%
6489,100%
6490,96%
6491,97%
6492,99%
6493,97%
6494,96%
6495,85%
6496,99%
6497,99%
6498,99%
6499,85%
6500,99%
6501,0%
6502,26%
6503,37%
6504,99%
6505,99%
6506,99%
6507,100%
6508,100%
6509,100%
6510,100%
6511,100%
6512,95%
6513,94%
6514,95%
6515,77%
6516,77%
6517,100%
6518,97%
6519,98%
6520,100%
6521,82%
6522,N/A
6523,98%
6524,100%
6525,100%
6526,100%
6527,100%
6528,100%
6529,100%
6530,N/A
6531,100%
6532,90%
6533,90%
6534,90%
6535,90%
6536,100%
6537,100%
6538,100%
6539,100%
6540,100%
6541,100%
6542,100%
6543,100%
6544,100%
6545,88%
6546,99%
6547,85%
6548,100%
6549,100%
6550,88%
6551,100%
6552,98%
6553,99%
6554,100%
6555,57%
6556,0%
6557,93%
6558,100%
6559,99%
6560,99%
6561,99%
6562,99%
6563,100%
6564,81%
6565,30%
6566,95%
6567,100%
6568,90%
6569,100%
6570,100%
6571,93%
6572,100%
6573,100%
6574,99%
6575,97%
6576,100%
6577,100%
6578,100%
6579,93%
6580,100%
6581,100%
6582,100%
6583,100%
6584,100%
6585,100%
6586,99%
6587,99%
6588,0%
6589,99%
6590,100%
6591,78%
6592,98%
6593,18%
6594,100%
6595,99%
6596,99%
6597,97%
6598,97%
6599,52%
6600,94%
6601,52%
6602,100%
6603,91%
6604,99%
6605,76%
6606,96%
6607,96%
6608,96%
6609,96%
6610,100%
6611,100%
6612,98%
6613,90%
6614,99%
6615,100%
6616,90%
6617,98%
6618,N/A
6619,100%
6620,100%
6621,100%
6622,100%
6623,100%
6624,96%
6625,100%
6626,97%
6627,100%
6628,100%
6629,52%
6630,77%
6631,100%
6632,50%
6633,0%
6634,100%
6635,100%
6636,100%
6637,30%
6638,100%
6639,100%
6640,100%
6641,30%
6642,30%
6643,30%
6644,67%
6645,81%
6646,100%
6647,100%
6648,99%
6649,98%
6650,81%
6651,N/A
6652,100%
6653,63%
6654,99%
6655,99%
6656,99%
6657,100%
6658,97%
6659,100%
6660,91%
6661,64%
6662,100%
6663,92%
6664,100%
6665,93%
6666,100%
6667,100%
6668,100%
6669,100%
6670,92%
6671,98%
6672,100%
6673,63%
6674,100%
6675,100%
6676,100%
6677,100%
6678,100%
6679,100%
6680,99%
6681,98%
6682,63%
6683,76%
6684,43%
6685,91%
6686,100%
6687,99%
6688,88%
6689,50%
6690,99%
6691,96%
6692,30%
6693,N/A
6694,61%
6695,91%
6696,100%
6697,61%
6698,5%
6699,N/A
6700,91%
6701,0%
6702,100%
6703,95%
6704,97%
6705,91%
6706,90%
6707,100%
6708,100%
6709,58%
6710,30%
6711,30%
6712,89%
6713,100%
6714,100%
6715,100%
6716,100%
6717,100%
6718,87%
6719,100%
6720,100%
6721,99%
6722,98%
6723,N/A
6724,100%
6725,96%
6726,100%
6727,87%
6728,96%
6729,0%
6730,79%
6731,80%
6732,93%
6733,100%
6734,100%
6735,100%
6736,99%
6737,99%
6738,85%
6739,30%
6740,28%
6741,86%
6742,100%
6743,100%
6744,92%
6745,94%
6746,83%
6747,78%
6748,100%
6749,100%
6750,100%
6751,100%
6752,100%
6753,100%
6754,100%
6755,100%
6756,100%
6757,100%
6758,100%
6759,100%
6760,100%
6761,100%
6762,100%
6763,100%
6764,100%
6765,100%
6766,100%
6767,100%
6768,100%
6769,100%
6770,100%
6771,100%
6772,100%
6773,100%
6774,100%
6775,33%
6776,52%
6777,87%
6778,44%
6779,100%
6780,78%
6781,80%
6782,67%
6783,100%
6784,100%
6785,100%
6786,100%
6787,100%
6788,100%
6789,100%
6790,100%
6791,100%
6792,100%
6793,100%
6794,100%
6795,100%
6796,100%
6797,100%
6798,100%
6799,100%
6800,100%
6801,100%
6802,100%
6803,100%
6804,100%
6805,100%
6806,100%
6807,100%
6808,100%
6809,100%
6810,100%
6811,100%
6812,100%
6813,93%
6814,98%
6815,100%
6816,98%
6817,98%
6818,100%
6819,100%
6820,100%
6821,100%
6822,100%
6823,100%
6824,100%
6825,100%
6826,100%
6827,100%
6828,100%
6829,100%
6830,100%
6831,100%
6832,100%
6833,100%
6834,100%
6835,100%
6836,100%
6837,100%
6838,100%
6839,100%
6840,100%
6841,100%
6842,100%
6843,100%
6844,100%
6845,100%
6846,100%
6847,100%
6848,100%
6849,43%
6850,90%
6851,27%
6852,97%
6853,70%
6854,100%
6855,64%
6856,100%
6857,88%
6858,100%
6859,95%
6860,96%
6861,99%
6862,99%
6863,100%
6864,100%
6865,99%
6866,91%
6867,100%
6868,100%
6869,100%
6870,100%
6871,100%
6872,100%
6873,100%
6874,100%
6875,100%
6876,100%
6877,100%
6878,100%
6879,100%
6880,100%
6881,100%
6882,100%
6883,100%
6884,100%
6885,27%
6886,100%
6887,100%
6888,100%
6889,100%
6890,100%
6891,100%
6892,100%
6893,100%
6894,100%
6895,100%
6896,100%
6897,100%
6898,100%
6899,100%
6900,100%
6901,100%
6902,100%
6903,100%
6904,100%
6905,100%
6906,99%
6907,99%
6908,99%
6909,99%
6910,99%
6911,99%
6912,100%
6913,99%
6914,99%
6915,99%
6916,99%
6917,100%
6918,100%
6919,100%
6920,100%
6921,100%
6922,100%
6923,100%
6924,100%
6925,100%
6926,100%
6927,100%
6928,100%
6929,100%
6930,100%
6931,100%
6932,100%
6933,100%
6934,100%
6935,100%
6936,100%
6937,100%
6938,100%
6939,100%
6940,100%
6941,100%
6942,100%
6943,100%
6944,100%
6945,100%
6946,100%
6947,100%
6948,100%
6949,100%
6950,100%
6951,100%
6952,100%
6953,100%
6954,100%
6955,100%
6956,100%
6957,100%
6958,100%
6959,100%
6960,100%
6961,100%
6962,100%
6963,100%
6964,100%
6965,100%
6966,100%
6967,100%
6968,100%
6969,100%
6970,100%
6971,100%
6972,100%
6973,100%
6974,100%
6975,100%
6976,100%
6977,100%
6978,100%
6979,100%
6980,100%
6981,100%
6982,100%
6983,100%
6984,100%
6985,100%
6986,100%
6987,100%
6988,100%
6989,100%
6990,100%
6991,100%
6992,100%
6993,100%
6994,100%
6995,100%
6996,100%
6997,100%
6998,100%
6999,100%
7000,100%
7001,100%
7002,100%
7003,100%
7004,100%
7005,100%
7006,100%
7007,100%
7008,100%
7009,100%
7010,100%
7011,100%
7012,100%
7013,100%
7014,100%
7015,100%
7016,100%
7017,100%
7018,100%
7019,100%
7020,100%
7021,100%
7022,100%
7023,100%
7024,100%
7025,100%
7026,100%
7027,100%
7028,100%
7029,98%
7030,100%
7031,93%
7032,100%
7033,99%
7034,98%
7035,100%
7036,83%
7037,85%
7038,37%
7039,99%
7040,98%
7041,89%
7042,89%
7043,99%
7044,99%
7045,98%
7046,100%
7047,97%
7048,96%
7049,64%
7050,99%
7051,99%
7052,100%
7053,100%
7054,100%
7055,25%
7056,52%
7057,99%
7058,60%
7059,77%
7060,100%
7061,99%
7062,99%
7063,100%
7064,100%
7065,98%
7066,100%
7067,100%
7068,98%
7069,100%
7070,N/A
7071,99%
7072,3%
7073,N/A
7074,75%
7075,99%
7076,93%
7077,87%
7078,62%
7079,100%
7080,88%
7081,0%
7082,100%
7083,94%
7084,80%
7085,99%
7086,100%
7087,83%
7088,99%
7089,99%
7090,100%
7091,82%
7092,100%
7093,100%
7094,50%
7095,N/A
7096,100%
7097,100%
7098,100%
7099,99%
7100,71%
7101,100%
7102,N/A
7103,100%
7104,90%
7105,90%
7106,100%
7107,83%
7108,99%
7109,98%
7110,N/A
7111,46%
7112,100%
7113,4%
7114,57%
7115,100%
7116,53%
7117,94%
7118,100%
7119,99%
7120,91%
7121,100%
7122,100%
7123,100%
7124,100%
7125,99%
7126,100%
7127,100%
7128,74%
7129,98%
7130,98%
7131,95%
7132,98%
7133,98%
7134,95%
7135,94%
7136,97%
7137,99%
7138,92%
7139,92%
7140,67%
7141,70%
7142,95%
7143,100%
7144,95%
7145,20%
7146,96%
7147,50%
7148,96%
7149,100%
7150,76%
7151,75%
7152,83%
7153,83%
7154,99%
7155,100%
7156,78%
7157,85%
7158,100%
7159,90%
7160,100%
7161,87%
7162,98%
7163,100%
7164,100%
7165,100%
7166,86%
7167,90%
7168,100%
7169,100%
7170,100%
7171,100%
7172,N/A
7173,97%
7174,99%
7175,100%
7176,100%
7177,100%
7178,100%
7179,100%
7180,84%
7181,100%
7182,30%
7183,30%
7184,30%
7185,30%
7186,99%
7187,100%
7188,98%
7189,88%
7190,0%
7191,100%
7192,100%
7193,100%
7194,100%
7195,95%
7196,0%
7197,100%
7198,50%
7199,68%
7200,85%
7201,96%
7202,100%
7203,100%
7204,99%
7205,100%
7206,99%
7207,73%
7208,94%
7209,74%
7210,100%
7211,100%
7212,100%
7213,50%
7214,82%
7215,25%
7216,96%
7217,99%
7218,44%
7219,90%
7220,86%
7221,44%
7222,90%
7223,100%
7224,74%
7225,100%
7226,44%
7227,17%
7228,99%
7229,99%
7230,99%
7231,99%
7232,99%
7233,56%
7234,100%
7235,100%
7236,73%
7237,100%
7238,100%
7239,100%
7240,100%
7241,0%
7242,100%
7243,100%
7244,98%
7245,100%
7246,N/A
7247,100%
7248,N/A
7249,98%
7250,97%
7251,91%
7252,100%
7253,50%
7254,100%
7255,95%
7256,90%
7257,100%
7258,100%
7259,64%
7260,100%
7261,100%
7262,47%
7263,N/A
7264,99%
7265,44%
7266,91%
7267,100%
7268,100%
7269,98%
7270,100%
7271,98%
7272,80%
7273,100%
7274,61%
7275,90%
7276,96%
7277,100%
7278,96%
7279,100%
7280,98%
7281,96%
7282,100%
7283,100%
7284,87%
7285,100%
7286,65%
7287,100%
7288,100%
7289,96%
7290,46%
7291,97%
7292,94%
7293,96%
7294,98%
7295,100%
7296,N/A
7297,33%
7298,98%
7299,100%
7300,4%
7301,47%
7302,100%
7303,99%
7304,99%
7305,89%
7306,100%
7307,52%
7308,52%
7309,93%
7310,86%
7311,96%
7312,50%
7313,99%
7314,91%
7315,91%
7316,99%
7317,100%
7318,99%
7319,67%
7320,99%
7321,99%
7322,89%
7323,77%
7324,97%
7325,100%
7326,100%
7327,88%
7328,100%
7329,99%
7330,100%
7331,99%
7332,100%
7333,99%
7334,71%
7335,0%
7336,100%
7337,99%
7338,0%
7339,100%
7340,0%
7341,0%
7342,100%
7343,99%
7344,100%
7345,85%
7346,100%
7347,99%
7348,100%
7349,100%
7350,100%
7351,100%
7352,97%
7353,100%
7354,98%
7355,96%
7356,29%
7357,29%
7358,29%
7359,100%
7360,100%
7361,99%
7362,99%
7363,100%
7364,92%
7365,97%
7366,99%
7367,99%
7368,46%
7369,100%
7370,100%
7371,100%
7372,99%
7373,99%
7374,30%
7375,29%
7376,N/A
7377,98%
7378,100%
7379,100%
7380,100%
7381,76%
7382,100%
7383,100%
7384,100%
7385,98%
7386,90%
7387,100%
7388,0%
7389,58%
7390,67%
7391,100%
7392,97%
7393,31%
7394,99%
7395,67%
7396,35%
7397,33%
7398,56%
7399,98%
7400,100%
7401,96%
7402,100%
7403,100%
7404,59%
7405,59%
7406,80%
7407,35%
7408,76%
7409,100%
7410,100%
7411,56%
7412,80%
7413,100%
7414,100%
7415,80%
7416,80%
7417,83%
7418,0%
7419,98%
7420,99%
7421,96%
7422,47%
7423,100%
7424,0%
7425,100%
7426,96%
7427,100%
7428,3%
7429,93%
7430,99%
7431,83%
7432,7%
7433,61%
7434,97%
7435,97%
7436,100%
7437,95%
7438,100%
7439,100%
7440,100%
7441,100%
7442,100%
7443,100%
7444,100%
7445,99%
7446,100%
7447,100%
7448,67%
7449,67%
7450,67%
7451,84%
7452,100%
7453,100%
7454,100%
7455,100%
7456,100%
7457,100%
7458,99%
7459,85%
7460,100%
7461,N/A
7462,100%
7463,100%
7464,N/A
7465,100%
7466,100%
7467,20%
7468,83%
7469,100%
7470,100%
7471,90%
7472,100%
7473,0%
7474,100%
7475,95%
7476,99%
7477,100%
7478,100%
7479,57%
7480,90%
7481,N/A
7482,100%
7483,95%
7484,100%
7485,100%
7486,100%
7487,100%
7488,100%
7489,100%
7490,100%
7491,98%
7492,96%
7493,100%
7494,99%
7495,84%
7496,62%
7497,90%
7498,96%
7499,93%
7500,100%
7501,75%
7502,100%
7503,93%
7504,100%
7505,100%
7506,90%
7507,86%
7508,59%
7509,100%
7510,100%
7511,100%
7512,100%
7513,100%
7514,91%
7515,N/A
7516,N/A
7517,91%
7518,96%
7519,100%
7520,100%
7521,100%
7522,99%
7523,N/A
7524,100%
7525,100%
7526,100%
7527,100%
7528,100%
7529,94%
7530,92%
7531,92%
7532,98%
7533,94%
7534,100%
7535,100%
7536,100%
7537,80%
7538,80%
7539,100%
7540,99%
7541,100%
7542,99%
7543,95%
7544,85%
7545,90%
7546,57%
7547,100%
7548,100%
7549,100%
7550,100%
7551,100%
7552,100%
7553,100%
7554,100%
7555,100%
7556,100%
7557,100%
7558,100%
7559,100%
7560,100%
7561,100%
7562,100%
7563,100%
7564,100%
7565,100%
7566,100%
7567,100%
7568,100%
7569,100%
7570,100%
7571,100%
7572,100%
7573,80%
7574,100%
7575,100%
7576,100%
7577,100%
7578,100%
7579,100%
7580,100%
7581,100%
7582,100%
7583,100%
7584,100%
7585,100%
7586,99%
7587,90%
7588,N/A
7589,50%
7590,100%
7591,95%
7592,82%
7593,74%
7594,93%
7595,59%
7596,99%
7597,100%
7598,100%
7599,67%
7600,83%
7601,100%
7602,99%
7603,99%
7604,99%
7605,99%
7606,80%
7607,67%
7608,87%
7609,87%
7610,93%
7611,100%
7612,100%
7613,98%
7614,80%
7615,92%
7616,91%
7617,80%
7618,100%
7619,82%
7620,43%
7621,94%
7622,100%
7623,100%
7624,99%
7625,100%
7626,100%
7627,18%
7628,100%
7629,75%
7630,100%
7631,100%
7632,100%
7633,100%
7634,100%
7635,100%
7636,100%
7637,100%
7638,100%
7639,25%
7640,100%
7641,100%
7642,61%
7643,100%
7644,67%
7645,89%
7646,90%
7647,87%
7648,99%
7649,93%
7650,81%
7651,99%
7652,86%
7653,100%
7654,50%
7655,99%
7656,99%
7657,100%
7658,100%
7659,25%
7660,100%
7661,100%
7662,91%
7663,67%
7664,0%
7665,N/A
7666,75%
7667,100%
7668,100%
7669,94%
7670,0%
7671,99%
7672,100%
7673,100%
7674,75%
7675,88%
7676,100%
7677,97%
7678,33%
7679,100%
7680,0%
7681,100%
7682,97%
7683,99%
7684,66%
7685,82%
7686,82%
7687,87%
7688,100%
7689,100%
7690,82%
7691,100%
7692,100%
7693,100%
7694,82%
7695,82%
7696,82%
7697,82%
7698,82%
7699,82%
7700,82%
7701,100%
7702,82%
7703,99%
7704,100%
7705,60%
7706,94%
7707,100%
7708,64%
7709,99%
7710,98%
7711,100%
7712,100%
7713,0%
7714,100%
7715,100%
7716,100%
7717,0%
7718,50%
7719,19%
7720,93%
7721,100%
7722,100%
7723,100%
7724,19%
7725,100%
7726,73%
7727,100%
7728,50%
7729,99%
7730,100%
7731,100%
7732,100%
7733,91%
7734,100%
7735,99%
7736,100%
7737,80%
7738,96%
7739,99%
7740,100%
7741,100%
7742,100%
7743,69%
7744,99%
7745,91%
7746,100%
7747,91%
7748,100%
7749,100%
7750,N/A
7751,95%
7752,N/A
7753,25%
7754,100%
7755,100%
7756,100%
7757,98%
7758,100%
7759,100%
7760,100%
7761,96%
7762,67%
7763,91%
7764,100%
7765,96%
7766,100%
7767,100%
7768,83%
7769,83%
7770,82%
7771,98%
7772,13%
7773,74%
7774,67%
7775,76%
7776,100%
7777,100%
7778,100%
7779,96%
7780,100%
7781,100%
7782,100%
7783,99%
7784,99%
7785,98%
7786,99%
7787,60%
7788,99%
7789,60%
7790,60%
7791,100%
7792,100%
7793,N/A
7794,100%
7795,71%
7796,100%
7797,100%
7798,99%
7799,100%
7800,100%
7801,100%
7802,83%
7803,52%
7804,100%
7805,29%
7806,57%
7807,100%
7808,72%
7809,72%
7810,100%
7811,100%
7812,100%
7813,100%
7814,100%
7815,93%
7816,80%
7817,80%
7818,100%
7819,100%
7820,99%
7821,100%
7822,100%
7823,96%
7824,100%
7825,100%
7826,100%
7827,100%
7828,100%
7829,100%
7830,29%
7831,100%
7832,100%
7833,90%
7834,93%
7835,33%
7836,N/A
7837,100%
7838,100%
7839,36%
7840,100%
7841,100%
7842,100%
7843,99%
7844,100%
7845,100%
7846,100%
7847,100%
7848,100%
7849,100%
7850,100%
7851,100%
7852,100%
7853,67%
7854,100%
7855,N/A
7856,100%
7857,48%
7858,48%
7859,100%
7860,100%
7861,100%
7862,94%
7863,100%
7864,56%
7865,100%
7866,81%
7867,100%
7868,100%
7869,100%
7870,100%
7871,100%
7872,89%
7873,0%
7874,62%
7875,N/A
7876,100%
7877,100%
7878,100%
7879,100%
7880,100%
7881,100%
7882,N/A
7883,99%
7884,100%
7885,95%
7886,95%
7887,0%
7888,32%
7889,96%
7890,60%
7891,96%
7892,100%
7893,88%
7894,87%
7895,30%
7896,69%
7897,100%
7898,98%
7899,17%
7900,100%
7901,98%
7902,100%
7903,100%
7904,98%
7905,98%
7906,100%
7907,100%
7908,100%
7909,100%
7910,100%
7911,50%
7912,86%
7913,N/A
7914,100%
7915,88%
7916,92%
7917,15%
7918,93%
7919,93%
7920,100%
7921,99%
7922,99%
7923,99%
7924,100%
7925,99%
7926,99%
7927,82%
7928,85%
7929,82%
7930,82%
7931,99%
7932,98%
7933,100%
7934,60%
7935,100%
7936,100%
7937,92%
7938,100%
7939,100%
7940,100%
7941,100%
7942,100%
7943,30%
7944,100%
7945,100%
7946,100%
7947,100%
7948,93%
7949,92%
7950,92%
7951,100%
7952,100%
7953,100%
7954,100%
7955,100%
7956,98%
7957,99%
7958,99%
7959,94%
7960,100%
7961,99%
7962,57%
7963,99%
7964,86%
7965,95%
7966,100%
7967,99%
7968,91%
7969,91%
7970,97%
7971,100%
7972,89%
7973,99%
7974,90%
7975,98%
7976,98%
7977,58%
7978,100%
7979,98%
7980,67%
7981,61%
7982,29%
7983,99%
7984,0%
7985,100%
7986,100%
7987,N/A
7988,100%
7989,50%
7990,80%
7991,100%
7992,100%
7993,93%
7994,97%
7995,100%
7996,87%
7997,99%
7998,100%
7999,100%
8000,67%
8001,N/A
8002,100%
8003,96%
8004,96%
8005,96%
8006,100%
8007,85%
8008,95%
8009,100%
8010,93%
8011,100%
8012,58%
8013,98%
8014,100%
8015,100%
8016,N/A
8017,100%
8018,100%
8019,100%
8020,94%
8021,100%
8022,99%
8023,100%
8024,100%
8025,83%
8026,97%
8027,89%
8028,88%
8029,82%
8030,99%
8031,100%
8032,87%
8033,87%
8034,100%
8035,99%
8036,100%
8037,70%
8038,46%
8039,94%
8040,86%
8041,99%
8042,96%
8043,100%
8044,97%
8045,60%
8046,99%
8047,99%
8048,99%
8049,99%
8050,19%
8051,63%
8052,100%
8053,100%
8054,69%
8055,99%
8056,47%
8057,79%
8058,93%
8059,100%
8060,100%
8061,4%
8062,100%
8063,100%
8064,100%
8065,100%
8066,100%
8067,100%
8068,99%
8069,71%
8070,100%
8071,100%
8072,100%
8073,100%
8074,83%
8075,100%
8076,100%
8077,93%
8078,100%
8079,97%
8080,97%
8081,87%
8082,97%
8083,97%
8084,100%
8085,100%
8086,100%
8087,80%
8088,100%
8089,100%
8090,100%
8091,99%
8092,91%
8093,99%
8094,99%
8095,99%
8096,0%
8097,100%
8098,71%
8099,99%
8100,67%
8101,98%
8102,99%
8103,100%
8104,99%
8105,99%
8106,99%
8107,94%
8108,100%
8109,92%
8110,100%
8111,100%
8112,98%
8113,98%
8114,54%
8115,N/A
8116,100%
8117,48%
8118,48%
8119,48%
8120,48%
8121,93%
8122,93%
8123,94%
8124,100%
8125,25%
8126,94%
8127,25%
8128,100%
8129,50%
8130,99%
8131,64%
8132,48%
8133,100%
8134,100%
8135,64%
8136,100%
8137,99%
8138,99%
8139,N/A
8140,37%
8141,58%
8142,50%
8143,100%
8144,100%
8145,100%
8146,85%
8147,99%
8148,75%
8149,74%
8150,100%
8151,50%
8152,100%
8153,100%
8154,100%
8155,29%
8156,100%
8157,100%
8158,100%
8159,100%
8160,100%
8161,100%
8162,99%
8163,99%
8164,100%
8165,100%
8166,91%
8167,46%
8168,0%
8169,98%
8170,100%
8171,96%
8172,20%
8173,98%
8174,100%
8175,98%
8176,98%
8177,82%
8178,91%
8179,98%
8180,99%
8181,96%
8182,69%
8183,100%
8184,100%
8185,89%
8186,100%
8187,100%
8188,38%
8189,100%
8190,89%
8191,100%
8192,97%
8193,75%
8194,69%
8195,96%
8196,100%
8197,0%
8198,91%
8199,100%
8200,95%
8201,100%
8202,100%
8203,90%
8204,96%
8205,100%
8206,98%
8207,85%
8208,91%
8209,68%
8210,92%
8211,100%
8212,100%
8213,99%
8214,100%
8215,100%
8216,99%
8217,100%
8218,99%
8219,100%
8220,0%
8221,93%
8222,91%
8223,83%
8224,71%
8225,71%
8226,99%
8227,N/A
8228,91%
8229,58%
8230,91%
8231,100%
8232,91%
8233,100%
8234,100%
8235,89%
8236,100%
8237,22%
8238,89%
8239,100%
8240,22%
8241,100%
8242,25%
8243,100%
8244,100%
8245,81%
8246,N/A
8247,95%
8248,33%
8249,100%
8250,98%
8251,93%
8252,88%
8253,57%
8254,100%
8255,100%
8256,91%
8257,100%
8258,100%
8259,100%
8260,25%
8261,100%
8262,100%
8263,100%
8264,99%
8265,100%
8266,95%
8267,100%
8268,24%
8269,100%
8270,56%
8271,56%
8272,56%
8273,56%
8274,94%
8275,99%
8276,50%
8277,98%
8278,35%
8279,N/A
8280,20%
8281,100%
8282,98%
8283,54%
8284,100%
8285,95%
8286,95%
8287,95%
8288,57%
8289,100%
8290,99%
8291,100%
8292,95%
8293,97%
8294,85%
8295,100%
8296,N/A
8297,69%
8298,100%
8299,89%
8300,73%
8301,100%
8302,93%
8303,90%
8304,100%
8305,50%
8306,98%
8307,100%
8308,N/A
8309,41%
8310,17%
8311,99%
8312,95%
8313,100%
8314,90%
8315,84%
8316,N/A
8317,N/A
8318,100%
8319,100%
8320,100%
8321,69%
8322,35%
8323,100%
8324,85%
8325,100%
8326,96%
8327,100%
8328,82%
8329,N/A
8330,N/A
8331,100%
8332,100%
8333,100%
8334,0%
8335,80%
8336,57%
8337,80%
8338,100%
8339,100%
8340,100%
8341,100%
8342,100%
8343,30%
8344,100%
8345,100%
8346,100%
8347,100%
8348,100%
8349,100%
8350,94%
8351,99%
8352,100%
8353,99%
8354,100%
8355,0%
8356,76%
8357,100%
8358,100%
8359,100%
8360,63%
8361,100%
8362,95%
8363,100%
8364,94%
8365,100%
8366,100%
8367,99%
8368,54%
8369,64%
8370,100%
8371,100%
8372,100%
8373,54%
8374,100%
8375,67%
8376,95%
8377,100%
8378,100%
8379,92%
8380,99%
8381,100%
8382,86%
8383,79%
8384,N/A
8385,100%
8386,100%
8387,100%
8388,82%
8389,100%
8390,99%
8391,99%
8392,99%
8393,98%
8394,95%
8395,58%
8396,95%
8397,91%
8398,95%
8399,100%
8400,95%
8401,95%
8402,95%
8403,95%
8404,95%
8405,100%
8406,71%
8407,100%
8408,0%
8409,97%
8410,100%
8411,100%
8412,100%
8413,80%
8414,50%
8415,80%
8416,80%
8417,80%
8418,100%
8419,80%
8420,N/A
8421,99%
8422,64%
8423,100%
8424,100%
8425,100%
8426,96%
8427,100%
8428,100%
8429,100%
8430,100%
8431,100%
8432,92%
8433,96%
8434,95%
8435,100%
8436,100%
8437,99%
8438,75%
8439,100%
8440,100%
8441,81%
8442,90%
8443,100%
8444,99%
8445,100%
8446,74%
8447,54%
8448,100%
8449,99%
8450,99%
8451,99%
8452,0%
8453,67%
8454,0%
8455,28%
8456,100%
8457,99%
8458,98%
8459,98%
8460,41%
8461,99%
8462,65%
8463,N/A
8464,100%
8465,95%
8466,100%
8467,22%
8468,100%
8469,100%
8470,100%
8471,89%
8472,99%
8473,99%
8474,99%
8475,97%
8476,100%
8477,57%
8478,100%
8479,45%
8480,100%
8481,N/A
8482,100%
8483,78%
8484,13%
8485,53%
8486,24%
8487,54%
8488,100%
8489,100%
8490,93%
8491,100%
8492,100%
8493,27%
8494,100%
8495,100%
8496,99%
8497,99%
8498,N/A
8499,100%
8500,98%
8501,100%
8502,100%
8503,N/A
8504,N/A
8505,N/A
8506,N/A
8507,N/A
8508,N/A
8509,N/A
8510,92%
8511,100%
8512,N/A
8513,100%
8514,98%
8515,98%
8516,98%
8517,73%
8518,100%
8519,57%
8520,100%
8521,75%
8522,75%
8523,75%
8524,98%
8525,98%
8526,98%
8527,100%
8528,0%
8529,99%
8530,N/A
8531,100%
8532,100%
8533,N/A
8534,0%
8535,75%
8536,67%
8537,100%
8538,100%
8539,100%
8540,83%
8541,98%
8542,100%
8543,100%
8544,98%
8545,85%
8546,91%
8547,60%
8548,100%
8549,85%
8550,73%
8551,73%
8552,37%
8553,100%
8554,100%
8555,90%
8556,100%
8557,100%
8558,0%
8559,100%
8560,90%
8561,97%
8562,91%
8563,63%
8564,95%
8565,0%
8566,71%
8567,41%
8568,41%
8569,41%
8570,98%
8571,44%
8572,100%
8573,N/A
8574,N/A
8575,0%
8576,100%
8577,100%
8578,90%
8579,99%
8580,89%
8581,4%
8582,100%
8583,82%
8584,97%
8585,100%
8586,N/A
8587,96%
8588,100%
8589,100%
8590,99%
8591,100%
8592,4%
8593,22%
8594,63%
8595,94%
8596,60%
8597,100%
8598,100%
8599,100%
8600,86%
8601,67%
8602,57%
8603,100%
8604,100%
8605,100%
8606,22%
8607,88%
8608,100%
8609,41%
8610,41%
8611,99%
8612,41%
8613,41%
8614,100%
8615,100%
8616,41%
8617,100%
8618,82%
8619,N/A
8620,83%
8621,N/A
8622,75%
8623,100%
8624,85%
8625,100%
8626,93%
8627,83%
8628,83%
8629,86%
8630,92%
8631,100%
8632,87%
8633,56%
8634,100%
8635,54%
8636,100%
8637,100%
8638,100%
8639,100%
8640,22%
8641,81%
8642,22%
8643,N/A
8644,81%
8645,99%
8646,100%
8647,100%
8648,99%
8649,71%
8650,95%
8651,95%
8652,75%
8653,99%
8654,100%
8655,94%
8656,95%
8657,100%
8658,100%
8659,97%
8660,97%
8661,90%
8662,100%
8663,92%
8664,91%
8665,100%
8666,99%
8667,99%
8668,99%
8669,99%
8670,100%
8671,100%
8672,63%
8673,77%
8674,100%
8675,94%
8676,100%
8677,96%
8678,74%
8679,100%
8680,96%
8681,97%
8682,100%
8683,100%
8684,100%
8685,100%
8686,80%
8687,N/A
8688,57%
8689,62%
8690,77%
8691,84%
8692,0%
8693,93%
8694,81%
8695,100%
8696,100%
8697,100%
8698,96%
8699,100%
8700,94%
8701,100%
8702,90%
8703,16%
8704,16%
8705,100%
8706,90%
8707,99%
8708,16%
8709,50%
8710,100%
8711,33%
8712,92%
8713,100%
8714,100%
8715,100%
8716,91%
8717,100%
8718,100%
8719,100%
8720,93%
8721,83%
8722,100%
8723,100%
8724,100%
8725,97%
8726,89%
8727,94%
8728,100%
8729,48%
8730,22%
8731,99%
8732,100%
8733,100%
8734,100%
8735,100%
8736,30%
8737,30%
8738,100%
8739,86%
8740,99%
8741,92%
8742,90%
8743,90%
8744,48%
8745,48%
8746,100%
8747,99%
8748,97%
8749,97%
8750,100%
8751,71%
8752,50%
8753,0%
8754,N/A
8755,92%
8756,71%
8757,8%
8758,100%
8759,100%
8760,N/A
8761,93%
8762,92%
8763,96%
8764,96%
8765,100%
8766,100%
8767,100%
8768,100%
8769,86%
8770,98%
8771,98%
8772,71%
8773,68%
8774,56%
8775,90%
8776,100%
8777,98%
8778,100%
8779,100%
8780,100%
8781,100%
8782,43%
8783,N/A
8784,95%
8785,100%
8786,50%
8787,83%
8788,100%
8789,100%
8790,79%
8791,79%
8792,100%
8793,100%
8794,99%
8795,100%
8796,100%
8797,100%
8798,64%
8799,65%
8800,76%
8801,100%
8802,100%
8803,97%
8804,97%
8805,78%
8806,81%
8807,75%
8808,91%
8809,73%
8810,60%
8811,99%
8812,N/A
8813,99%
8814,95%
8815,97%
8816,99%
8817,95%
8818,95%
8819,88%
8820,75%
8821,88%
8822,91%
8823,22%
8824,100%
8825,100%
8826,100%
8827,82%
8828,100%
8829,100%
8830,100%
8831,98%
8832,57%
8833,100%
8834,57%
8835,100%
8836,100%
8837,100%
8838,100%
8839,93%
8840,100%
8841,100%
8842,96%
8843,81%
8844,0%
8845,100%
8846,100%
8847,100%
8848,99%
8849,100%
8850,22%
8851,100%
8852,100%
8853,100%
8854,91%
8855,100%
8856,43%
8857,71%
8858,100%
8859,99%
8860,80%
8861,100%
8862,95%
8863,100%
8864,100%
8865,100%
8866,100%
8867,100%
8868,85%
8869,99%
8870,100%
8871,100%
8872,91%
8873,91%
8874,67%
8875,100%
8876,100%
8877,57%
8878,99%
8879,60%
8880,87%
8881,87%
8882,87%
8883,86%
8884,98%
8885,100%
8886,98%
8887,67%
8888,67%
8889,67%
8890,67%
8891,0%
8892,82%
8893,82%
8894,89%
8895,98%
8896,100%
8897,92%
8898,N/A
8899,99%
8900,17%
8901,100%
8902,87%
8903,99%
8904,100%
8905,99%
8906,96%
8907,99%
8908,82%
8909,94%
8910,95%
8911,100%
8912,100%
8913,100%
8914,87%
8915,N/A
8916,87%
8917,35%
8918,99%
8919,93%
8920,100%
8921,80%
8922,100%
8923,100%
8924,100%
8925,N/A
8926,100%
8927,100%
8928,80%
8929,87%
8930,73%
8931,50%
8932,100%
8933,98%
8934,98%
8935,100%
8936,N/A
8937,83%
8938,79%
8939,100%
8940,72%
8941,81%
8942,81%
8943,82%
8944,81%
8945,82%
8946,82%
8947,N/A
8948,82%
8949,100%
8950,90%
8951,100%
8952,99%
8953,99%
8954,100%
8955,100%
8956,97%
8957,100%
8958,100%
8959,100%
8960,100%
8961,77%
8962,100%
8963,100%
8964,22%
8965,100%
8966,99%
8967,100%
8968,100%
8969,67%
8970,71%
8971,100%
8972,98%
8973,82%
8974,100%
8975,100%
8976,N/A
8977,96%
8978,100%
8979,92%
8980,N/A
8981,91%
8982,75%
8983,78%
8984,100%
8985,100%
8986,100%
8987,100%
8988,100%
8989,100%
8990,100%
8991,100%
8992,92%
8993,100%
8994,100%
8995,100%
8996,67%
8997,99%
8998,99%
8999,100%
9000,100%
9001,100%
9002,67%
9003,96%
9004,50%
9005,100%
9006,99%
9007,90%
9008,N/A
9009,39%
9010,67%
9011,96%
9012,100%
9013,100%
9014,92%
9015,96%
9016,50%
9017,100%
9018,100%
9019,94%
9020,94%
9021,100%
9022,71%
9023,70%
9024,100%
9025,100%
9026,96%
9027,70%
9028,70%
9029,30%
9030,100%
9031,20%
9032,100%
9033,100%
9034,100%
9035,70%
9036,100%
9037,N/A
9038,99%
9039,50%
9040,100%
9041,100%
9042,0%
9043,50%
9044,79%
9045,N/A
9046,53%
9047,0%
9048,100%
9049,96%
9050,96%
9051,96%
9052,96%
9053,N/A
9054,100%
9055,91%
9056,100%
9057,80%
9058,98%
9059,98%
9060,100%
9061,100%
9062,93%
9063,99%
9064,100%
9065,100%
9066,87%
9067,100%
9068,96%
9069,N/A
9070,100%
9071,100%
9072,99%
9073,100%
9074,100%
9075,100%
9076,22%
9077,100%
9078,100%
9079,100%
9080,100%
9081,100%
9082,99%
9083,76%
9084,99%
9085,N/A
9086,100%
9087,100%
9088,0%
9089,90%
9090,N/A
9091,N/A
9092,100%
9093,96%
9094,100%
9095,100%
9096,100%
9097,0%
9098,100%
9099,100%
9100,100%
9101,80%
9102,100%
9103,97%
9104,97%
9105,88%
9106,100%
9107,61%
9108,91%
9109,100%
9110,100%
9111,99%
9112,79%
9113,43%
9114,99%
9115,99%
9116,99%
9117,0%
9118,100%
9119,98%
9120,100%
9121,100%
9122,93%
9123,97%
9124,98%
9125,100%
9126,100%
9127,82%
9128,73%
9129,96%
9130,N/A
9131,96%
9132,N/A
9133,99%
9134,92%
9135,100%
9136,99%
9137,100%
9138,100%
9139,100%
9140,100%
9141,100%
9142,100%
9143,97%
9144,75%
9145,71%
9146,38%
9147,100%
9148,100%
9149,96%
9150,96%
9151,83%
9152,100%
9153,100%
9154,73%
9155,97%
9156,0%
9157,100%
9158,N/A
9159,98%
9160,100%
9161,99%
9162,N/A
9163,100%
9164,99%
9165,99%
9166,33%
9167,57%
9168,100%
9169,99%
9170,100%
9171,86%
9172,100%
9173,77%
9174,100%
9175,69%
9176,96%
9177,96%
9178,96%
9179,100%
9180,89%
9181,95%
9182,100%
9183,98%
9184,100%
9185,N/A
9186,99%
9187,86%
9188,99%
9189,95%
9190,98%
9191,100%
9192,99%
9193,100%
9194,100%
9195,71%
9196,100%
9197,99%
9198,88%
9199,77%
9200,N/A
9201,100%
9202,86%
9203,97%
9204,0%
9205,99%
9206,99%
9207,99%
9208,99%
9209,100%
9210,100%
9211,100%
9212,100%
9213,100%
9214,100%
9215,100%
9216,100%
9217,100%
9218,100%
9219,91%
9220,99%
9221,0%
9222,95%
9223,67%
9224,67%
9225,100%
9226,100%
9227,100%
9228,100%
9229,99%
9230,98%
9231,99%
9232,0%
9233,82%
9234,57%
9235,100%
9236,92%
9237,100%
9238,67%
9239,100%
9240,100%
9241,100%
9242,88%
9243,67%
9244,100%
9245,100%
9246,100%
9247,100%
9248,97%
9249,50%
9250,91%
9251,100%
9252,100%
9253,100%
9254,100%
9255,98%
9256,0%
9257,100%
9258,100%
9259,100%
9260,100%
9261,100%
9262,98%
9263,100%
9264,91%
9265,91%
9266,100%
9267,99%
9268,57%
9269,100%
9270,100%
9271,99%
9272,86%
9273,98%
9274,100%
9275,100%
9276,99%
9277,0%
9278,85%
9279,95%
9280,98%
9281,67%
9282,95%
9283,95%
9284,100%
9285,99%
9286,N/A
9287,99%
9288,99%
9289,100%
9290,95%
9291,93%
9292,57%
9293,0%
9294,N/A
9295,100%
9296,44%
9297,82%
9298,95%
9299,100%
9300,N/A
9301,56%
9302,100%
9303,99%
9304,80%
9305,80%
9306,87%
9307,67%
9308,100%
9309,100%
9310,100%
9311,29%
9312,0%
9313,79%
9314,84%
9315,97%
9316,13%
9317,100%
9318,N/A
9319,100%
9320,89%
9321,89%
9322,97%
9323,100%
9324,N/A
9325,100%
9326,100%
9327,0%
9328,100%
9329,100%
9330,0%
9331,100%
9332,100%
9333,100%
9334,100%
9335,79%
9336,100%
9337,57%
9338,75%
9339,100%
9340,100%
9341,N/A
9342,89%
9343,100%
9344,82%
9345,82%
9346,11%
9347,90%
9348,N/A
9349,98%
9350,91%
9351,96%
9352,N/A
9353,100%
9354,92%
9355,75%
9356,100%
9357,100%
9358,90%
9359,N/A
9360,N/A
9361,67%
9362,75%
9363,73%
9364,85%
9365,98%
9366,62%
9367,95%
9368,N/A
9369,100%
9370,100%
9371,100%
9372,100%
9373,67%
9374,100%
9375,82%
9376,90%
9377,75%
9378,75%
9379,91%
9380,100%
9381,100%
9382,75%
9383,100%
9384,99%
9385,99%
9386,99%
9387,99%
9388,99%
9389,N/A
9390,99%
9391,100%
9392,100%
9393,100%
9394,67%
9395,100%
9396,75%
9397,100%
9398,100%
9399,100%
9400,100%
9401,100%
9402,67%
9403,67%
9404,100%
9405,100%
9406,100%
9407,100%
9408,100%
9409,92%
9410,100%
9411,100%
9412,100%
9413,100%
9414,100%
9415,100%
9416,100%
9417,100%
9418,N/A
9419,100%
9420,67%
9421,75%
9422,0%
9423,25%
9424,25%
9425,80%
9426,88%
9427,99%
9428,99%
9429,50%
9430,N/A
9431,100%
9432,100%
9433,98%
9434,100%
9435,82%
9436,N/A
9437,80%
9438,93%
9439,100%
9440,99%
9441,100%
9442,N/A
9443,75%
9444,N/A
9445,46%
9446,46%
