,tasa_respuesta_host
0,100%
1,100%
2,100%
3,86%
4,93%
5,100%
6,100%
7,100%
8,100%
9,100%
10,100%
11,100%
12,100%
13,60%
14,100%
15,100%
16,100%
17,100%
18,100%
19,100%
20,100%
21,73%
22,N/A
23,100%
24,100%
25,100%
26,N/A
27,100%
28,90%
29,100%
30,100%
31,90%
32,100%
33,70%
34,100%
35,100%
36,100%
37,100%
38,100%
39,100%
40,100%
41,73%
42,100%
43,100%
44,100%
45,100%
46,100%
47,100%
48,100%
49,100%
50,100%
51,100%
52,100%
53,100%
54,100%
55,100%
56,100%
57,100%
58,100%
59,95%
60,100%
61,100%
62,100%
63,0%
64,100%
65,100%
66,100%
67,72%
68,72%
69,100%
70,N/A
71,100%
72,100%
73,100%
74,100%
75,100%
76,100%
77,100%
78,100%
79,100%
80,100%
81,N/A
82,100%
83,N/A
84,100%
85,100%
86,90%
87,100%
88,100%
89,100%
90,100%
91,92%
92,100%
93,100%
94,100%
95,100%
96,80%
97,100%
98,100%
99,100%
100,100%
101,100%
102,100%
103,100%
104,100%
105,60%
106,100%
107,100%
108,100%
109,100%
110,100%
111,100%
112,100%
113,100%
114,100%
115,100%
116,N/A
117,100%
118,100%
119,100%
120,100%
121,100%
122,96%
123,100%
124,100%
125,100%
126,100%
127,100%
128,100%
129,100%
130,100%
131,100%
132,100%
133,100%
134,100%
135,N/A
136,100%
137,100%
138,100%
139,100%
140,100%
141,100%
142,N/A
143,100%
144,100%
145,100%
146,100%
147,93%
148,100%
149,29%
150,100%
151,100%
152,100%
153,100%
154,N/A
155,100%
156,100%
157,83%
158,100%
159,100%
160,100%
161,100%
162,100%
163,100%
164,100%
165,N/A
166,100%
167,67%
168,100%
169,100%
170,100%
171,N/A
172,100%
173,100%
174,N/A
175,100%
176,100%
177,100%
178,100%
179,100%
180,100%
181,80%
182,80%
183,100%
184,92%
185,100%
186,100%
187,100%
188,90%
189,100%
190,N/A
191,N/A
192,100%
193,100%
194,100%
195,100%
196,100%
197,96%
198,100%
199,100%
200,100%
201,100%
202,100%
203,100%
204,97%
205,100%
206,100%
207,100%
208,100%
209,100%
210,100%
211,100%
212,100%
213,100%
214,100%
215,100%
216,100%
217,100%
218,100%
219,100%
220,100%
221,100%
222,100%
223,100%
224,N/A
225,100%
226,100%
227,100%
228,100%
229,100%
230,100%
231,100%
232,100%
233,100%
234,100%
235,100%
236,100%
237,100%
238,100%
239,100%
240,100%
241,100%
242,100%
243,100%
244,100%
245,100%
246,0%
247,90%
248,100%
249,100%
250,100%
251,100%
252,100%
253,100%
254,100%
255,100%
256,100%
257,86%
258,100%
259,100%
260,100%
261,N/A
262,N/A
263,52%
264,100%
265,100%
266,100%
267,100%
268,80%
269,100%
270,83%
271,75%
272,100%
273,100%
274,100%
275,72%
276,100%
277,100%
278,100%
279,100%
280,N/A
281,100%
282,100%
283,100%
284,100%
285,N/A
286,100%
287,100%
288,100%
289,100%
290,N/A
291,100%
292,100%
293,94%
294,100%
295,100%
296,100%
297,100%
298,100%
299,100%
300,100%
301,N/A
302,100%
303,100%
304,100%
305,100%
306,100%
307,N/A
308,100%
309,100%
310,100%
311,100%
312,67%
313,67%
314,100%
315,100%
316,100%
317,100%
318,100%
319,100%
320,100%
321,100%
322,100%
323,100%
324,60%
325,100%
326,100%
327,100%
328,100%
329,100%
330,100%
331,100%
332,N/A
333,100%
334,100%
335,100%
336,100%
337,100%
338,100%
339,100%
340,100%
341,100%
342,100%
343,100%
344,100%
345,100%
346,100%
347,100%
348,N/A
349,100%
350,100%
351,100%
352,100%
353,100%
354,100%
355,80%
356,90%
357,100%
358,100%
359,100%
360,100%
361,100%
362,80%
363,100%
364,100%
365,100%
366,100%
367,100%
368,100%
369,100%
370,100%
371,100%
372,100%
373,100%
374,100%
375,100%
376,100%
377,100%
378,97%
379,N/A
380,100%
381,100%
382,100%
383,100%
384,100%
385,100%
386,100%
387,100%
388,100%
389,100%
390,100%
391,100%
392,100%
393,100%
394,100%
395,100%
396,100%
397,100%
398,100%
399,N/A
400,100%
401,100%
402,100%
403,100%
404,100%
405,100%
406,100%
407,100%
408,100%
409,100%
410,100%
411,100%
412,100%
413,100%
414,100%
415,100%
416,100%
417,100%
418,100%
419,100%
420,100%
421,100%
422,100%
423,100%
424,0%
425,100%
426,100%
427,100%
428,100%
429,N/A
430,100%
431,100%
432,100%
433,100%
434,100%
435,100%
436,100%
437,100%
438,100%
439,96%
440,100%
441,100%
442,N/A
443,100%
444,83%
445,100%
446,100%
447,100%
448,88%
449,100%
450,100%
451,100%
452,100%
453,100%
454,100%
455,83%
456,100%
457,100%
458,100%
459,100%
460,100%
461,N/A
462,100%
463,100%
464,100%
465,68%
466,100%
467,N/A
468,100%
469,100%
470,100%
471,100%
472,N/A
473,100%
474,100%
475,100%
476,100%
477,100%
478,100%
479,100%
480,100%
481,100%
482,100%
483,100%
484,100%
485,100%
486,100%
487,100%
488,100%
489,100%
490,93%
491,100%
492,100%
493,100%
494,100%
495,100%
496,100%
497,100%
498,100%
499,100%
500,100%
501,100%
502,10%
503,100%
504,100%
505,100%
506,100%
507,100%
508,100%
509,100%
510,100%
511,100%
512,100%
513,100%
514,100%
515,100%
516,100%
517,100%
518,100%
519,N/A
520,100%
521,100%
522,100%
523,100%
524,100%
525,100%
526,90%
527,100%
528,100%
529,100%
530,N/A
531,100%
532,100%
533,68%
534,100%
535,N/A
536,100%
537,100%
538,100%
539,100%
540,100%
541,100%
542,100%
543,100%
544,100%
545,100%
546,100%
547,88%
548,100%
549,100%
550,100%
551,100%
552,100%
553,100%
554,78%
555,78%
556,78%
557,78%
558,78%
559,78%
560,78%
561,78%
562,78%
563,78%
564,100%
565,100%
566,100%
567,97%
568,100%
569,100%
570,100%
571,100%
572,100%
573,100%
574,100%
575,68%
576,100%
577,N/A
578,100%
579,68%
580,68%
581,100%
582,100%
583,93%
584,72%
585,97%
586,100%
587,100%
588,97%
589,100%
590,100%
591,100%
592,100%
593,100%
594,N/A
595,N/A
596,100%
597,100%
598,100%
599,100%
600,100%
601,100%
602,100%
603,100%
604,100%
605,100%
606,100%
607,90%
608,83%
609,100%
610,100%
611,100%
612,100%
613,100%
614,100%
615,97%
616,100%
617,100%
618,100%
619,100%
620,100%
621,100%
622,100%
623,100%
624,100%
625,100%
626,100%
627,100%
628,100%
629,100%
630,N/A
631,100%
632,100%
633,100%
634,N/A
635,93%
636,100%
637,N/A
638,100%
639,100%
640,100%
641,98%
642,92%
643,100%
644,100%
645,N/A
646,N/A
647,92%
648,100%
649,100%
650,100%
651,100%
652,100%
653,100%
654,100%
655,N/A
656,100%
657,100%
658,100%
659,100%
660,100%
661,100%
662,100%
663,100%
664,N/A
665,100%
666,100%
667,100%
668,100%
669,100%
670,100%
671,100%
672,100%
673,100%
674,100%
675,100%
676,100%
677,100%
678,100%
679,100%
680,N/A
681,100%
682,100%
683,100%
684,N/A
685,100%
686,100%
687,100%
688,100%
689,100%
690,100%
691,100%
692,100%
693,100%
694,100%
695,90%
696,100%
697,100%
698,75%
699,78%
700,100%
701,100%
702,100%
703,100%
704,100%
705,100%
706,100%
707,100%
708,100%
709,100%
710,100%
711,100%
712,100%
713,N/A
714,100%
715,100%
716,100%
717,86%
718,N/A
719,100%
720,100%
721,100%
722,100%
723,100%
724,100%
725,100%
726,100%
727,100%
728,100%
729,N/A
730,100%
731,100%
732,N/A
733,100%
734,100%
735,100%
736,100%
737,100%
738,100%
739,100%
740,N/A
741,100%
742,100%
743,100%
744,100%
745,100%
746,100%
747,38%
748,100%
749,60%
750,N/A
751,100%
752,100%
753,100%
754,100%
755,100%
756,100%
757,78%
758,100%
759,100%
760,100%
761,N/A
762,100%
763,100%
764,100%
765,100%
766,100%
767,78%
768,100%
769,N/A
770,100%
771,100%
772,100%
773,100%
774,100%
775,100%
776,100%
777,100%
778,100%
779,100%
780,100%
781,100%
782,N/A
783,100%
784,100%
785,100%
786,100%
787,100%
788,N/A
789,100%
790,100%
791,100%
792,100%
793,N/A
794,100%
795,100%
796,100%
797,100%
798,100%
799,100%
800,100%
801,100%
802,100%
803,100%
804,100%
805,N/A
806,N/A
807,100%
808,100%
809,100%
810,100%
811,100%
812,92%
813,100%
814,100%
815,100%
816,100%
817,100%
818,72%
819,100%
820,N/A
821,100%
822,100%
823,N/A
824,N/A
825,100%
826,100%
827,100%
828,100%
829,N/A
830,97%
831,100%
832,90%
833,100%
834,100%
835,100%
836,100%
837,N/A
838,100%
839,100%
840,N/A
841,100%
842,100%
843,100%
844,N/A
845,92%
846,100%
847,100%
848,100%
849,N/A
850,100%
851,100%
852,100%
853,100%
854,N/A
855,50%
856,100%
857,100%
858,100%
859,100%
860,100%
861,100%
862,100%
863,100%
864,100%
865,100%
866,100%
867,100%
868,100%
869,N/A
870,71%
871,N/A
872,N/A
873,100%
874,100%
875,100%
876,N/A
877,100%
878,100%
879,100%
880,100%
881,100%
882,100%
883,100%
884,100%
885,100%
886,100%
887,100%
888,100%
889,100%
890,N/A
891,100%
892,100%
893,100%
894,100%
895,N/A
896,100%
897,100%
898,N/A
899,100%
900,100%
901,99%
902,99%
903,99%
904,99%
905,99%
906,99%
907,99%
908,99%
909,99%
910,99%
911,99%
912,100%
913,N/A
914,100%
915,100%
916,83%
917,100%
918,100%
919,97%
920,100%
921,N/A
922,100%
923,100%
924,100%
925,100%
926,100%
927,100%
928,100%
929,100%
930,100%
931,100%
932,100%
933,100%
934,100%
935,100%
936,100%
937,100%
938,100%
939,100%
940,100%
941,100%
942,100%
943,100%
944,N/A
945,100%
946,100%
947,98%
948,100%
949,N/A
950,100%
951,100%
952,100%
953,100%
954,100%
955,100%
956,98%
957,100%
958,100%
959,100%
960,100%
961,100%
962,33%
963,100%
964,100%
965,100%
966,100%
967,100%
968,100%
969,100%
970,100%
971,100%
972,100%
973,100%
974,100%
975,100%
976,N/A
977,N/A
978,100%
979,100%
980,100%
981,90%
982,100%
983,100%
984,78%
985,100%
986,100%
987,90%
988,100%
989,91%
990,100%
991,100%
992,100%
993,100%
994,100%
995,100%
996,100%
997,100%
998,100%
999,68%
1000,100%
1001,97%
1002,100%
1003,100%
1004,100%
1005,100%
1006,93%
1007,100%
1008,100%
1009,100%
1010,100%
1011,100%
1012,100%
1013,100%
1014,100%
1015,100%
1016,100%
1017,N/A
1018,N/A
1019,83%
1020,97%
1021,100%
1022,100%
1023,100%
1024,N/A
1025,97%
1026,67%
1027,N/A
1028,97%
1029,100%
1030,100%
1031,100%
1032,100%
1033,100%
1034,100%
1035,100%
1036,100%
1037,100%
1038,87%
1039,100%
1040,94%
1041,100%
1042,100%
1043,100%
1044,100%
1045,100%
1046,100%
1047,100%
1048,100%
1049,100%
1050,71%
1051,67%
1052,90%
1053,100%
1054,100%
1055,100%
1056,100%
1057,100%
1058,15%
1059,100%
1060,100%
1061,97%
1062,15%
1063,100%
1064,100%
1065,100%
1066,100%
1067,100%
1068,100%
1069,100%
1070,100%
1071,100%
1072,100%
1073,N/A
1074,100%
1075,100%
1076,25%
1077,100%
1078,100%
1079,100%
1080,78%
1081,100%
1082,100%
1083,80%
1084,100%
1085,100%
1086,100%
1087,100%
1088,94%
1089,100%
1090,50%
1091,100%
1092,100%
1093,100%
1094,100%
1095,100%
1096,100%
1097,100%
1098,100%
1099,100%
1100,100%
1101,100%
1102,100%
1103,100%
1104,100%
1105,100%
1106,100%
1107,100%
1108,100%
1109,100%
1110,100%
1111,100%
1112,100%
1113,100%
1114,100%
1115,73%
1116,N/A
1117,100%
1118,100%
1119,100%
1120,100%
1121,N/A
1122,100%
1123,0%
1124,94%
1125,N/A
1126,100%
1127,100%
1128,100%
1129,100%
1130,90%
1131,100%
1132,100%
1133,100%
1134,100%
1135,92%
1136,100%
1137,100%
1138,100%
1139,100%
1140,100%
1141,100%
1142,100%
1143,100%
1144,100%
1145,100%
1146,100%
1147,100%
1148,100%
1149,100%
1150,100%
1151,100%
1152,N/A
1153,100%
1154,100%
1155,100%
1156,100%
1157,100%
1158,100%
1159,100%
1160,31%
1161,N/A
1162,100%
1163,100%
1164,100%
1165,100%
1166,100%
1167,100%
1168,100%
1169,100%
1170,75%
1171,100%
1172,100%
1173,100%
1174,100%
1175,100%
1176,100%
1177,100%
1178,100%
1179,78%
1180,78%
1181,100%
1182,100%
1183,90%
1184,90%
1185,100%
1186,100%
1187,100%
1188,100%
1189,100%
1190,100%
1191,100%
1192,100%
1193,100%
1194,100%
1195,100%
1196,100%
1197,100%
1198,100%
1199,70%
1200,100%
1201,100%
1202,100%
1203,100%
1204,100%
1205,0%
1206,100%
1207,100%
1208,100%
1209,N/A
1210,100%
1211,100%
1212,15%
1213,100%
1214,100%
1215,100%
1216,N/A
1217,100%
1218,100%
1219,0%
1220,100%
1221,100%
1222,100%
1223,100%
1224,100%
1225,100%
1226,N/A
1227,100%
1228,N/A
1229,80%
1230,N/A
1231,100%
1232,96%
1233,N/A
1234,17%
1235,N/A
1236,100%
1237,100%
1238,100%
1239,80%
1240,100%
1241,100%
1242,96%
1243,75%
1244,90%
1245,100%
1246,100%
1247,75%
1248,N/A
1249,100%
1250,100%
1251,100%
1252,100%
1253,97%
1254,100%
1255,100%
1256,100%
1257,100%
1258,100%
1259,100%
1260,100%
1261,100%
1262,100%
1263,100%
1264,100%
1265,100%
1266,100%
1267,100%
1268,100%
1269,100%
1270,100%
1271,100%
1272,25%
1273,100%
1274,N/A
1275,100%
1276,89%
1277,80%
1278,100%
1279,100%
1280,100%
1281,100%
1282,100%
1283,70%
1284,100%
1285,100%
1286,100%
1287,100%
1288,N/A
1289,100%
1290,100%
1291,100%
1292,N/A
1293,100%
1294,100%
1295,100%
1296,100%
1297,N/A
1298,100%
1299,100%
1300,100%
1301,100%
1302,100%
1303,100%
1304,N/A
1305,80%
1306,80%
1307,100%
1308,100%
1309,N/A
1310,100%
1311,100%
1312,100%
1313,100%
1314,100%
1315,N/A
1316,100%
1317,100%
1318,93%
1319,100%
1320,100%
1321,100%
1322,100%
1323,100%
1324,100%
1325,100%
1326,100%
1327,100%
1328,100%
1329,N/A
1330,100%
1331,100%
1332,100%
1333,100%
1334,100%
1335,98%
1336,N/A
1337,100%
1338,100%
1339,100%
1340,98%
1341,100%
1342,100%
1343,N/A
1344,100%
1345,100%
1346,100%
1347,100%
1348,100%
1349,100%
1350,100%
1351,100%
1352,100%
1353,83%
1354,0%
1355,100%
1356,100%
1357,100%
1358,100%
1359,100%
1360,100%
1361,100%
1362,100%
1363,100%
1364,100%
1365,100%
1366,N/A
1367,100%
1368,N/A
1369,100%
1370,100%
1371,100%
1372,N/A
1373,N/A
1374,100%
1375,78%
1376,78%
1377,100%
1378,99%
1379,100%
1380,98%
1381,100%
1382,100%
1383,100%
1384,100%
1385,100%
1386,100%
1387,100%
1388,100%
1389,0%
1390,100%
1391,100%
1392,100%
1393,100%
1394,100%
1395,100%
1396,100%
1397,100%
1398,100%
1399,100%
1400,100%
1401,100%
1402,100%
1403,100%
1404,100%
1405,100%
1406,100%
1407,100%
1408,100%
1409,100%
1410,100%
1411,100%
1412,100%
1413,100%
1414,100%
1415,100%
1416,100%
1417,100%
1418,100%
1419,100%
1420,100%
1421,100%
1422,100%
1423,N/A
1424,100%
1425,100%
1426,100%
1427,83%
1428,99%
1429,99%
1430,96%
1431,100%
1432,100%
1433,100%
1434,100%
1435,100%
1436,100%
1437,100%
1438,90%
1439,N/A
1440,N/A
1441,100%
1442,100%
1443,100%
1444,0%
1445,100%
1446,100%
1447,N/A
1448,100%
1449,100%
1450,100%
1451,100%
1452,100%
1453,97%
1454,83%
1455,N/A
1456,96%
1457,100%
1458,100%
1459,96%
1460,100%
1461,96%
1462,100%
1463,5%
1464,100%
1465,100%
1466,84%
1467,100%
1468,100%
1469,98%
1470,100%
1471,100%
1472,100%
1473,100%
1474,100%
1475,100%
1476,100%
1477,100%
1478,100%
1479,100%
1480,100%
1481,100%
1482,100%
1483,100%
1484,100%
1485,100%
1486,100%
1487,100%
1488,N/A
1489,0%
1490,100%
1491,100%
1492,100%
1493,100%
1494,100%
1495,N/A
1496,100%
1497,86%
1498,0%
1499,100%
1500,100%
1501,100%
1502,100%
1503,100%
1504,97%
1505,100%
1506,100%
1507,100%
1508,100%
1509,100%
1510,100%
1511,100%
1512,100%
1513,100%
1514,100%
1515,100%
1516,100%
1517,100%
1518,75%
1519,100%
1520,100%
1521,90%
1522,100%
1523,96%
1524,100%
1525,100%
1526,100%
1527,67%
1528,90%
1529,67%
1530,N/A
1531,100%
1532,70%
1533,70%
1534,70%
1535,70%
1536,70%
1537,70%
1538,70%
1539,70%
1540,70%
1541,70%
1542,70%
1543,70%
1544,70%
1545,70%
1546,70%
1547,70%
1548,70%
1549,70%
1550,70%
1551,70%
1552,100%
1553,100%
1554,100%
1555,100%
1556,100%
1557,100%
1558,100%
1559,100%
1560,100%
1561,100%
1562,100%
1563,100%
1564,100%
1565,100%
1566,N/A
1567,100%
1568,100%
1569,100%
1570,100%
1571,100%
1572,99%
1573,100%
1574,100%
1575,100%
1576,78%
1577,100%
1578,0%
1579,0%
1580,100%
1581,100%
1582,100%
1583,100%
1584,100%
1585,100%
1586,100%
1587,96%
1588,N/A
1589,100%
1590,100%
1591,71%
1592,100%
1593,98%
1594,100%
1595,N/A
1596,100%
1597,67%
1598,100%
1599,N/A
1600,100%
1601,100%
1602,100%
1603,100%
1604,100%
1605,94%
1606,99%
1607,99%
1608,96%
1609,100%
1610,100%
1611,100%
1612,100%
1613,100%
1614,100%
1615,N/A
1616,96%
1617,96%
1618,96%
1619,96%
1620,100%
1621,100%
1622,100%
1623,100%
1624,N/A
1625,100%
1626,N/A
1627,100%
1628,100%
1629,100%
1630,100%
1631,100%
1632,100%
1633,100%
1634,100%
1635,100%
1636,89%
1637,N/A
1638,100%
1639,100%
1640,100%
1641,100%
1642,100%
1643,100%
1644,100%
1645,100%
1646,86%
1647,N/A
1648,100%
1649,100%
1650,100%
1651,N/A
1652,100%
1653,100%
1654,N/A
1655,100%
1656,100%
1657,100%
1658,N/A
1659,N/A
1660,100%
1661,100%
1662,100%
1663,0%
1664,100%
1665,N/A
1666,100%
1667,100%
1668,100%
1669,N/A
1670,N/A
1671,100%
1672,70%
1673,70%
1674,100%
1675,50%
1676,100%
1677,98%
1678,100%
1679,100%
1680,N/A
1681,100%
1682,100%
1683,100%
1684,100%
1685,100%
1686,100%
1687,100%
1688,100%
1689,100%
1690,100%
1691,100%
1692,100%
1693,100%
1694,100%
1695,100%
1696,100%
1697,100%
1698,100%
1699,100%
1700,100%
1701,100%
1702,100%
1703,90%
1704,100%
1705,100%
1706,100%
1707,100%
1708,100%
1709,100%
1710,100%
1711,100%
1712,N/A
1713,N/A
1714,N/A
1715,100%
1716,100%
1717,100%
1718,100%
1719,100%
1720,100%
1721,100%
1722,100%
1723,N/A
1724,100%
1725,100%
1726,100%
1727,64%
1728,64%
1729,100%
1730,100%
1731,100%
1732,97%
1733,97%
1734,100%
1735,100%
1736,100%
1737,100%
1738,100%
1739,100%
1740,100%
1741,100%
1742,100%
1743,N/A
1744,0%
1745,100%
1746,100%
1747,0%
1748,100%
1749,100%
1750,100%
1751,100%
1752,100%
1753,100%
1754,39%
1755,100%
1756,N/A
1757,100%
1758,100%
1759,100%
1760,100%
1761,100%
1762,100%
1763,100%
1764,0%
1765,100%
1766,100%
1767,100%
1768,100%
1769,96%
1770,100%
1771,100%
1772,100%
1773,100%
1774,100%
1775,N/A
1776,100%
1777,100%
1778,100%
1779,100%
1780,100%
1781,70%
1782,100%
1783,N/A
1784,100%
1785,100%
1786,100%
1787,100%
1788,100%
1789,100%
1790,100%
1791,100%
1792,100%
1793,100%
1794,100%
1795,100%
1796,100%
1797,96%
1798,100%
1799,100%
1800,100%
1801,100%
1802,100%
1803,N/A
1804,100%
1805,100%
1806,100%
1807,100%
1808,96%
1809,100%
1810,100%
1811,100%
1812,100%
1813,100%
1814,100%
1815,100%
1816,100%
1817,100%
1818,N/A
1819,100%
1820,100%
1821,100%
1822,100%
1823,100%
1824,100%
1825,100%
1826,100%
1827,100%
1828,100%
1829,100%
1830,100%
1831,100%
1832,97%
1833,100%
1834,100%
1835,100%
1836,100%
1837,100%
1838,100%
1839,100%
1840,96%
1841,100%
1842,100%
1843,100%
1844,100%
1845,100%
1846,100%
1847,100%
1848,100%
1849,100%
1850,100%
1851,100%
1852,100%
1853,100%
1854,100%
1855,100%
1856,100%
1857,N/A
1858,100%
1859,98%
1860,100%
1861,100%
1862,100%
1863,100%
1864,100%
1865,100%
1866,100%
1867,100%
1868,100%
1869,100%
1870,100%
1871,100%
1872,100%
1873,100%
1874,96%
1875,94%
1876,100%
1877,100%
1878,100%
1879,N/A
1880,100%
1881,100%
1882,100%
1883,100%
1884,100%
1885,90%
1886,100%
1887,100%
1888,100%
1889,100%
1890,100%
1891,100%
1892,98%
1893,100%
1894,92%
1895,100%
1896,100%
1897,100%
1898,100%
1899,100%
1900,80%
1901,100%
1902,100%
1903,100%
1904,N/A
1905,N/A
1906,N/A
1907,100%
1908,100%
1909,100%
1910,97%
1911,94%
1912,100%
1913,100%
1914,100%
1915,100%
1916,100%
1917,100%
1918,100%
1919,100%
1920,100%
1921,100%
1922,100%
1923,94%
1924,100%
1925,100%
1926,100%
1927,100%
1928,100%
1929,100%
1930,99%
1931,N/A
1932,100%
1933,100%
1934,90%
1935,94%
1936,N/A
1937,100%
1938,100%
1939,N/A
1940,100%
1941,100%
1942,100%
1943,84%
1944,100%
1945,100%
1946,100%
1947,N/A
1948,100%
1949,100%
1950,N/A
1951,100%
1952,100%
1953,100%
1954,100%
1955,100%
1956,100%
1957,100%
1958,100%
1959,100%
1960,67%
1961,84%
1962,100%
1963,100%
1964,100%
1965,100%
1966,100%
1967,100%
1968,100%
1969,100%
1970,100%
1971,100%
1972,100%
1973,100%
1974,100%
1975,100%
1976,100%
1977,100%
1978,100%
1979,100%
1980,100%
1981,97%
1982,97%
1983,100%
1984,100%
1985,100%
1986,100%
1987,100%
1988,100%
1989,90%
1990,100%
1991,100%
1992,100%
1993,100%
1994,100%
1995,96%
1996,67%
1997,100%
1998,100%
1999,N/A
2000,100%
2001,N/A
2002,N/A
2003,N/A
2004,80%
2005,100%
2006,100%
2007,100%
2008,100%
2009,100%
2010,100%
2011,67%
2012,100%
2013,100%
2014,N/A
2015,100%
2016,100%
2017,100%
2018,100%
2019,0%
2020,100%
2021,100%
2022,100%
2023,100%
2024,100%
2025,100%
2026,N/A
2027,100%
2028,86%
2029,100%
2030,100%
2031,90%
2032,90%
2033,92%
2034,90%
2035,100%
2036,92%
2037,92%
2038,100%
2039,100%
2040,100%
2041,100%
2042,100%
2043,100%
2044,90%
2045,100%
2046,N/A
2047,100%
2048,94%
2049,71%
2050,100%
2051,91%
2052,100%
2053,100%
2054,N/A
2055,100%
2056,100%
2057,96%
2058,100%
2059,100%
2060,100%
2061,100%
2062,100%
2063,100%
2064,50%
2065,100%
2066,100%
2067,N/A
2068,100%
2069,100%
2070,100%
2071,100%
2072,89%
2073,100%
2074,100%
2075,0%
2076,N/A
2077,100%
2078,100%
2079,100%
2080,67%
2081,86%
2082,100%
2083,100%
2084,100%
2085,80%
2086,100%
2087,90%
2088,100%
2089,100%
2090,N/A
2091,N/A
2092,N/A
2093,100%
2094,N/A
2095,100%
2096,N/A
2097,100%
2098,67%
2099,100%
2100,91%
2101,100%
2102,91%
2103,91%
2104,91%
2105,100%
2106,100%
2107,100%
2108,100%
2109,100%
2110,100%
2111,100%
2112,100%
2113,100%
2114,100%
2115,100%
2116,100%
2117,100%
2118,100%
2119,100%
2120,100%
2121,100%
2122,100%
2123,100%
2124,100%
2125,100%
2126,100%
2127,100%
2128,100%
2129,100%
2130,100%
2131,100%
2132,N/A
2133,100%
2134,100%
2135,100%
2136,90%
2137,100%
2138,100%
2139,100%
2140,100%
2141,N/A
2142,70%
2143,100%
2144,N/A
2145,N/A
2146,100%
2147,100%
2148,100%
2149,100%
2150,100%
2151,90%
2152,99%
2153,99%
2154,99%
2155,100%
2156,100%
2157,93%
2158,100%
2159,90%
2160,100%
2161,100%
2162,100%
2163,100%
2164,100%
2165,97%
2166,100%
2167,100%
2168,100%
2169,100%
2170,100%
2171,100%
2172,80%
2173,N/A
2174,100%
2175,100%
2176,83%
2177,83%
2178,83%
2179,83%
2180,83%
2181,100%
2182,100%
2183,100%
2184,100%
2185,100%
2186,100%
2187,100%
2188,100%
2189,100%
2190,100%
2191,100%
2192,N/A
2193,N/A
2194,100%
2195,100%
2196,N/A
2197,N/A
2198,83%
2199,83%
2200,83%
2201,100%
2202,100%
2203,100%
2204,100%
2205,100%
2206,100%
2207,100%
2208,100%
2209,100%
2210,90%
2211,96%
2212,100%
2213,0%
2214,N/A
2215,N/A
2216,100%
2217,100%
2218,100%
2219,N/A
2220,100%
2221,100%
2222,0%
2223,100%
2224,90%
2225,91%
2226,90%
2227,100%
2228,100%
2229,100%
2230,100%
2231,100%
2232,100%
2233,100%
2234,94%
2235,100%
2236,94%
2237,100%
2238,100%
2239,100%
2240,100%
2241,100%
2242,100%
2243,100%
2244,100%
2245,80%
2246,99%
2247,100%
2248,99%
2249,99%
2250,99%
2251,99%
2252,N/A
2253,N/A
2254,N/A
2255,100%
2256,100%
2257,100%
2258,100%
2259,100%
2260,100%
2261,100%
2262,100%
2263,100%
2264,90%
2265,100%
2266,90%
2267,100%
2268,90%
2269,100%
2270,100%
2271,90%
2272,90%
2273,100%
2274,100%
2275,83%
2276,83%
2277,83%
2278,100%
2279,100%
2280,100%
2281,100%
2282,100%
2283,98%
2284,100%
2285,100%
2286,100%
2287,100%
2288,100%
2289,N/A
2290,100%
2291,100%
2292,100%
2293,100%
2294,100%
2295,100%
2296,100%
2297,100%
2298,90%
2299,100%
2300,100%
2301,100%
2302,100%
2303,100%
2304,N/A
2305,100%
2306,90%
2307,100%
2308,100%
2309,100%
2310,100%
2311,86%
2312,86%
2313,100%
2314,100%
2315,100%
2316,N/A
2317,0%
2318,0%
2319,0%
2320,100%
2321,100%
2322,100%
2323,90%
2324,97%
2325,100%
2326,100%
2327,100%
2328,N/A
2329,100%
2330,N/A
2331,100%
2332,100%
2333,100%
2334,90%
2335,100%
2336,100%
2337,100%
2338,100%
2339,60%
2340,97%
2341,100%
2342,100%
2343,96%
2344,100%
2345,99%
2346,99%
2347,100%
2348,90%
2349,33%
2350,100%
2351,100%
2352,100%
2353,80%
2354,100%
2355,100%
2356,100%
2357,100%
2358,100%
2359,100%
2360,100%
2361,100%
2362,N/A
2363,100%
2364,100%
2365,91%
2366,100%
2367,96%
2368,100%
2369,100%
2370,N/A
2371,91%
2372,91%
2373,91%
2374,91%
2375,91%
2376,100%
2377,0%
2378,100%
2379,100%
2380,80%
2381,91%
2382,100%
2383,100%
2384,100%
2385,100%
2386,100%
2387,100%
2388,100%
2389,100%
2390,100%
2391,100%
2392,100%
2393,100%
2394,N/A
2395,90%
2396,90%
2397,90%
2398,90%
2399,90%
2400,90%
2401,90%
2402,90%
2403,90%
2404,90%
2405,100%
2406,100%
2407,100%
2408,80%
2409,13%
2410,100%
2411,100%
2412,100%
2413,100%
2414,100%
2415,100%
2416,100%
2417,100%
2418,100%
2419,100%
2420,100%
2421,100%
2422,100%
2423,100%
2424,100%
2425,100%
2426,100%
2427,100%
2428,100%
2429,N/A
2430,90%
2431,100%
2432,100%
2433,100%
2434,100%
2435,100%
2436,100%
2437,100%
2438,100%
2439,93%
2440,93%
2441,100%
2442,80%
2443,100%
2444,100%
2445,100%
2446,94%
2447,100%
2448,100%
2449,N/A
2450,100%
2451,100%
2452,100%
2453,100%
2454,100%
2455,100%
2456,100%
2457,100%
2458,100%
2459,100%
2460,91%
2461,100%
2462,92%
2463,97%
2464,91%
2465,91%
2466,100%
2467,100%
2468,100%
2469,100%
2470,91%
2471,90%
2472,100%
2473,91%
2474,91%
2475,91%
2476,100%
2477,100%
2478,100%
2479,100%
2480,100%
2481,100%
2482,97%
2483,100%
2484,99%
2485,99%
2486,20%
2487,20%
2488,20%
2489,100%
2490,100%
2491,100%
2492,90%
2493,N/A
2494,100%
2495,97%
2496,100%
2497,95%
2498,100%
2499,77%
2500,100%
2501,100%
2502,100%
2503,100%
2504,20%
2505,20%
2506,10%
2507,60%
2508,100%
2509,N/A
2510,100%
2511,100%
2512,100%
2513,100%
2514,100%
2515,100%
2516,50%
2517,99%
2518,99%
2519,99%
2520,100%
2521,100%
2522,100%
2523,99%
2524,99%
2525,99%
2526,N/A
2527,90%
2528,100%
2529,100%
2530,100%
2531,99%
2532,100%
2533,100%
2534,100%
2535,90%
2536,100%
2537,100%
2538,100%
2539,100%
2540,100%
2541,50%
2542,100%
2543,100%
2544,100%
2545,96%
2546,96%
2547,96%
2548,96%
2549,96%
2550,96%
2551,96%
2552,N/A
2553,100%
2554,100%
2555,100%
2556,100%
2557,100%
2558,0%
2559,100%
2560,100%
2561,100%
2562,90%
2563,N/A
2564,100%
2565,100%
2566,50%
2567,100%
2568,100%
2569,100%
2570,100%
2571,100%
2572,100%
2573,100%
2574,100%
2575,100%
2576,100%
2577,100%
2578,100%
2579,100%
2580,100%
2581,89%
2582,100%
2583,100%
2584,100%
2585,100%
2586,100%
2587,13%
2588,100%
2589,100%
2590,100%
2591,100%
2592,100%
2593,100%
2594,97%
2595,97%
2596,100%
2597,100%
2598,93%
2599,100%
2600,96%
2601,100%
2602,94%
2603,N/A
2604,100%
2605,100%
2606,100%
2607,100%
2608,100%
2609,100%
2610,99%
2611,100%
2612,100%
2613,99%
2614,99%
2615,100%
2616,100%
2617,100%
2618,100%
2619,100%
2620,100%
2621,N/A
2622,100%
2623,100%
2624,89%
2625,100%
2626,100%
2627,100%
2628,80%
2629,80%
2630,100%
2631,100%
2632,100%
2633,100%
2634,100%
2635,100%
2636,100%
2637,100%
2638,100%
2639,100%
2640,100%
2641,100%
2642,89%
2643,94%
2644,100%
2645,N/A
2646,100%
2647,100%
2648,100%
2649,100%
2650,100%
2651,N/A
2652,N/A
2653,100%
2654,N/A
2655,100%
2656,86%
2657,100%
2658,0%
2659,100%
2660,N/A
2661,100%
2662,100%
2663,90%
2664,100%
2665,N/A
2666,100%
2667,80%
2668,100%
2669,100%
2670,100%
2671,98%
2672,91%
2673,91%
2674,100%
2675,100%
2676,100%
2677,100%
2678,100%
2679,N/A
2680,0%
2681,100%
2682,N/A
2683,N/A
2684,N/A
2685,N/A
2686,N/A
2687,100%
2688,100%
2689,100%
2690,100%
2691,100%
2692,100%
2693,99%
2694,N/A
2695,N/A
2696,80%
2697,100%
2698,100%
2699,100%
2700,90%
2701,100%
2702,100%
2703,100%
2704,100%
2705,100%
2706,100%
2707,100%
2708,100%
2709,100%
2710,100%
2711,90%
2712,100%
2713,38%
2714,38%
2715,100%
2716,99%
2717,100%
2718,100%
2719,100%
2720,100%
2721,100%
2722,100%
2723,100%
2724,94%
2725,N/A
2726,100%
2727,100%
2728,N/A
2729,100%
2730,100%
2731,100%
2732,100%
2733,90%
2734,90%
2735,N/A
2736,N/A
2737,100%
2738,100%
2739,100%
2740,100%
2741,100%
2742,100%
2743,100%
2744,0%
2745,100%
2746,94%
2747,N/A
2748,100%
2749,100%
2750,100%
2751,100%
2752,100%
2753,100%
2754,100%
2755,100%
2756,100%
2757,94%
2758,94%
2759,94%
2760,100%
2761,100%
2762,94%
2763,100%
2764,100%
2765,90%
2766,75%
2767,100%
2768,100%
2769,100%
2770,100%
2771,100%
2772,100%
2773,100%
2774,100%
2775,94%
2776,0%
2777,100%
2778,94%
2779,100%
2780,100%
2781,0%
2782,0%
2783,100%
2784,100%
2785,100%
2786,100%
2787,100%
2788,100%
2789,100%
2790,100%
2791,100%
2792,94%
2793,94%
2794,N/A
2795,100%
2796,100%
2797,100%
2798,100%
2799,99%
2800,N/A
2801,99%
2802,100%
2803,100%
2804,60%
2805,100%
2806,94%
2807,100%
2808,100%
2809,99%
2810,N/A
2811,100%
2812,100%
2813,98%
2814,100%
2815,90%
2816,100%
2817,100%
2818,83%
2819,100%
2820,70%
2821,100%
2822,100%
2823,100%
2824,100%
2825,100%
2826,100%
2827,100%
2828,100%
2829,0%
2830,100%
2831,77%
2832,100%
2833,100%
2834,100%
2835,100%
2836,100%
2837,100%
2838,100%
2839,100%
2840,100%
2841,100%
2842,100%
2843,100%
2844,100%
2845,100%
2846,88%
2847,100%
2848,94%
2849,94%
2850,94%
2851,94%
2852,94%
2853,100%
2854,100%
2855,100%
2856,94%
2857,94%
2858,94%
2859,94%
2860,94%
2861,94%
2862,94%
2863,94%
2864,N/A
2865,100%
2866,N/A
2867,100%
2868,100%
2869,N/A
2870,100%
2871,94%
2872,62%
2873,100%
2874,N/A
2875,100%
2876,100%
2877,97%
2878,94%
2879,100%
2880,100%
2881,94%
2882,100%
2883,94%
2884,94%
2885,94%
2886,100%
2887,N/A
2888,98%
2889,100%
2890,94%
2891,94%
2892,100%
2893,100%
2894,100%
2895,100%
2896,90%
2897,100%
2898,17%
2899,100%
2900,100%
2901,100%
2902,100%
2903,100%
2904,94%
2905,100%
2906,100%
2907,100%
2908,100%
2909,N/A
2910,100%
2911,100%
2912,100%
2913,100%
2914,100%
2915,100%
2916,100%
2917,100%
2918,100%
2919,100%
2920,100%
2921,100%
2922,100%
2923,100%
2924,100%
2925,100%
2926,100%
2927,100%
2928,100%
2929,100%
2930,100%
2931,100%
2932,100%
2933,100%
2934,100%
2935,100%
2936,100%
2937,100%
2938,100%
2939,100%
2940,100%
2941,84%
2942,99%
2943,100%
2944,100%
2945,0%
2946,100%
2947,100%
2948,96%
2949,100%
2950,94%
2951,100%
2952,100%
2953,100%
2954,100%
2955,N/A
2956,100%
2957,100%
2958,100%
2959,100%
2960,100%
2961,100%
2962,100%
2963,100%
2964,100%
2965,100%
2966,100%
2967,100%
2968,100%
2969,100%
2970,100%
2971,N/A
2972,100%
2973,77%
2974,100%
2975,33%
2976,90%
2977,100%
2978,100%
2979,100%
2980,100%
2981,100%
2982,100%
2983,99%
2984,100%
2985,N/A
2986,100%
2987,100%
2988,100%
2989,100%
2990,100%
2991,90%
2992,100%
2993,100%
2994,94%
2995,100%
2996,100%
2997,N/A
2998,100%
2999,100%
3000,100%
3001,100%
3002,100%
3003,100%
3004,100%
3005,100%
3006,100%
3007,100%
3008,100%
3009,100%
3010,100%
3011,N/A
3012,N/A
3013,100%
3014,100%
3015,50%
3016,90%
3017,N/A
3018,100%
3019,100%
3020,100%
3021,100%
3022,100%
3023,100%
3024,100%
3025,100%
3026,100%
3027,100%
3028,100%
3029,100%
3030,100%
3031,100%
3032,100%
3033,89%
3034,100%
3035,100%
3036,100%
3037,100%
3038,100%
3039,100%
3040,100%
3041,100%
3042,0%
3043,100%
3044,17%
3045,100%
3046,100%
3047,100%
3048,100%
3049,94%
3050,N/A
3051,N/A
3052,N/A
3053,100%
3054,86%
3055,N/A
3056,100%
3057,100%
3058,83%
3059,100%
3060,100%
3061,100%
3062,100%
3063,100%
3064,100%
3065,100%
3066,N/A
3067,100%
3068,100%
3069,97%
3070,97%
3071,97%
3072,97%
3073,97%
3074,97%
3075,97%
3076,97%
3077,97%
3078,100%
3079,99%
3080,100%
3081,100%
3082,90%
3083,100%
3084,100%
3085,100%
3086,100%
3087,100%
3088,100%
3089,100%
3090,100%
3091,100%
3092,100%
3093,50%
3094,100%
3095,50%
3096,100%
3097,100%
3098,100%
3099,100%
3100,100%
3101,100%
3102,100%
3103,100%
3104,96%
3105,100%
3106,N/A
3107,100%
3108,90%
3109,100%
3110,100%
3111,100%
3112,100%
3113,100%
3114,100%
3115,100%
3116,100%
3117,100%
3118,90%
3119,90%
3120,90%
3121,90%
3122,90%
3123,90%
3124,90%
3125,70%
3126,90%
3127,100%
3128,100%
3129,100%
3130,100%
3131,100%
3132,78%
3133,94%
3134,100%
3135,100%
3136,N/A
3137,94%
3138,99%
3139,100%
3140,100%
3141,100%
3142,100%
3143,100%
3144,100%
3145,98%
3146,100%
3147,100%
3148,100%
3149,100%
3150,100%
3151,100%
3152,100%
3153,100%
3154,100%
3155,N/A
3156,97%
3157,90%
3158,100%
3159,100%
3160,99%
3161,97%
3162,100%
3163,100%
3164,100%
3165,100%
3166,100%
3167,100%
3168,0%
3169,100%
3170,100%
3171,100%
3172,100%
3173,89%
3174,100%
3175,94%
3176,94%
3177,94%
3178,97%
3179,100%
3180,100%
3181,100%
3182,100%
3183,100%
3184,100%
3185,83%
3186,100%
3187,100%
3188,100%
3189,100%
3190,100%
3191,80%
3192,100%
3193,100%
3194,100%
3195,100%
3196,97%
3197,100%
3198,100%
3199,100%
3200,100%
3201,100%
3202,100%
3203,100%
3204,100%
3205,100%
3206,100%
3207,0%
3208,100%
3209,100%
3210,100%
3211,20%
3212,N/A
3213,100%
3214,50%
3215,100%
3216,100%
3217,100%
3218,100%
3219,100%
3220,100%
3221,100%
3222,100%
3223,100%
3224,100%
3225,100%
3226,100%
3227,100%
3228,100%
3229,100%
3230,100%
3231,80%
3232,100%
3233,100%
3234,0%
3235,100%
3236,100%
3237,100%
3238,100%
3239,100%
3240,100%
3241,100%
3242,90%
3243,100%
3244,100%
3245,100%
3246,86%
3247,100%
3248,100%
3249,100%
3250,100%
3251,100%
3252,100%
3253,100%
3254,100%
3255,100%
3256,100%
3257,100%
3258,100%
3259,100%
3260,100%
3261,100%
3262,100%
3263,97%
3264,100%
3265,78%
3266,78%
3267,78%
3268,78%
3269,78%
3270,78%
3271,78%
3272,78%
3273,78%
3274,78%
3275,78%
3276,78%
3277,78%
3278,78%
3279,78%
3280,78%
3281,78%
3282,78%
3283,78%
3284,78%
3285,78%
3286,78%
3287,78%
3288,78%
3289,78%
3290,78%
3291,78%
3292,78%
3293,78%
3294,78%
3295,78%
3296,78%
3297,78%
3298,78%
3299,78%
3300,78%
3301,78%
3302,78%
3303,78%
3304,78%
3305,78%
3306,78%
3307,78%
3308,78%
3309,78%
3310,78%
3311,78%
3312,78%
3313,78%
3314,78%
3315,78%
3316,78%
3317,78%
3318,78%
3319,78%
3320,78%
3321,78%
3322,78%
3323,78%
3324,78%
3325,78%
3326,78%
3327,78%
3328,78%
3329,78%
3330,78%
3331,78%
3332,0%
3333,100%
3334,100%
3335,N/A
3336,100%
3337,100%
3338,100%
3339,100%
3340,100%
3341,100%
3342,100%
3343,100%
3344,100%
3345,0%
3346,100%
3347,100%
3348,100%
3349,100%
3350,100%
3351,100%
3352,N/A
3353,60%
3354,100%
3355,100%
3356,100%
3357,100%
3358,100%
3359,100%
3360,100%
3361,82%
3362,100%
3363,100%
3364,100%
3365,100%
3366,100%
3367,100%
3368,100%
3369,100%
3370,100%
3371,100%
3372,100%
3373,100%
3374,100%
3375,100%
3376,100%
3377,100%
3378,100%
3379,100%
3380,100%
3381,100%
3382,100%
3383,100%
3384,N/A
3385,100%
3386,0%
3387,50%
3388,100%
3389,100%
3390,0%
3391,N/A
3392,100%
3393,100%
3394,100%
3395,100%
3396,N/A
3397,100%
3398,100%
3399,100%
3400,100%
3401,100%
3402,N/A
3403,100%
3404,100%
3405,100%
3406,100%
3407,100%
3408,100%
3409,100%
3410,100%
3411,100%
3412,100%
3413,100%
3414,100%
3415,100%
3416,100%
3417,100%
3418,100%
3419,100%
3420,100%
3421,100%
3422,100%
3423,100%
3424,100%
3425,100%
3426,100%
3427,100%
3428,89%
3429,100%
3430,100%
3431,N/A
3432,100%
3433,100%
3434,100%
3435,100%
3436,100%
3437,100%
3438,99%
3439,99%
3440,99%
3441,99%
3442,99%
3443,99%
3444,100%
3445,100%
3446,100%
3447,100%
3448,100%
3449,100%
3450,100%
3451,100%
3452,100%
3453,100%
3454,100%
3455,100%
3456,100%
3457,100%
3458,100%
3459,100%
3460,100%
3461,100%
3462,100%
3463,100%
3464,100%
3465,100%
3466,13%
3467,N/A
3468,97%
3469,100%
3470,100%
3471,100%
3472,100%
3473,N/A
3474,100%
3475,100%
3476,100%
3477,100%
3478,100%
3479,93%
3480,100%
3481,5%
3482,100%
3483,100%
3484,100%
3485,100%
3486,80%
3487,N/A
3488,100%
3489,100%
3490,100%
3491,100%
3492,100%
3493,100%
3494,100%
3495,100%
3496,100%
3497,100%
3498,100%
3499,100%
3500,100%
3501,100%
3502,100%
3503,100%
3504,100%
3505,100%
3506,100%
3507,100%
3508,100%
3509,100%
3510,93%
3511,100%
3512,0%
3513,100%
3514,100%
3515,100%
3516,0%
3517,90%
3518,82%
3519,100%
3520,100%
3521,0%
3522,33%
3523,100%
3524,100%
3525,N/A
3526,100%
3527,100%
3528,100%
3529,93%
3530,100%
3531,100%
3532,100%
3533,N/A
3534,100%
3535,100%
3536,100%
3537,100%
3538,100%
3539,100%
3540,100%
3541,100%
3542,100%
3543,100%
3544,100%
3545,100%
3546,100%
3547,90%
3548,100%
3549,100%
3550,100%
3551,88%
3552,100%
3553,100%
3554,100%
3555,100%
3556,100%
3557,100%
3558,100%
3559,100%
3560,96%
3561,97%
3562,87%
3563,100%
3564,N/A
3565,100%
3566,100%
3567,100%
3568,N/A
3569,48%
3570,48%
3571,100%
3572,100%
3573,100%
3574,100%
3575,90%
3576,100%
3577,N/A
3578,100%
3579,100%
3580,0%
3581,N/A
3582,N/A
3583,100%
3584,100%
3585,100%
3586,100%
3587,100%
3588,100%
3589,100%
3590,100%
3591,100%
3592,100%
3593,100%
3594,100%
3595,100%
3596,100%
3597,100%
3598,100%
3599,73%
3600,73%
3601,100%
3602,70%
3603,90%
3604,78%
3605,90%
3606,78%
3607,78%
3608,78%
3609,78%
3610,78%
3611,90%
3612,13%
3613,100%
3614,N/A
3615,100%
3616,100%
3617,100%
3618,100%
3619,100%
3620,98%
3621,100%
3622,73%
3623,90%
3624,90%
3625,N/A
3626,100%
3627,100%
3628,100%
3629,N/A
3630,100%
3631,N/A
3632,100%
3633,100%
3634,90%
3635,100%
3636,100%
3637,70%
3638,100%
3639,100%
3640,100%
3641,10%
3642,100%
3643,96%
3644,100%
3645,100%
3646,100%
3647,100%
3648,100%
3649,70%
3650,100%
3651,100%
3652,100%
3653,100%
3654,100%
3655,100%
3656,33%
3657,33%
3658,33%
3659,33%
3660,100%
3661,N/A
3662,100%
3663,33%
3664,33%
3665,90%
3666,100%
3667,100%
3668,100%
3669,100%
3670,100%
3671,100%
3672,0%
3673,100%
3674,100%
3675,100%
3676,78%
3677,78%
3678,78%
3679,78%
3680,90%
3681,100%
3682,99%
3683,100%
3684,100%
3685,100%
3686,100%
3687,100%
3688,100%
3689,100%
3690,48%
3691,42%
3692,42%
3693,100%
3694,100%
3695,100%
3696,78%
3697,78%
3698,48%
3699,100%
3700,100%
3701,100%
3702,100%
3703,100%
3704,100%
3705,0%
3706,48%
3707,100%
3708,73%
3709,100%
3710,100%
3711,100%
3712,48%
3713,48%
3714,100%
3715,N/A
3716,100%
3717,N/A
3718,100%
3719,100%
3720,100%
3721,100%
3722,30%
3723,100%
3724,N/A
3725,80%
3726,100%
3727,100%
3728,91%
3729,100%
3730,94%
3731,100%
3732,100%
3733,100%
3734,100%
3735,100%
3736,100%
3737,100%
3738,100%
3739,100%
3740,100%
3741,0%
3742,100%
3743,100%
3744,48%
3745,100%
3746,99%
3747,100%
3748,100%
3749,100%
3750,100%
3751,100%
3752,100%
3753,100%
3754,100%
3755,100%
3756,95%
3757,100%
3758,100%
3759,100%
3760,100%
3761,93%
3762,100%
3763,100%
3764,100%
3765,100%
3766,48%
3767,93%
3768,93%
3769,100%
3770,100%
3771,100%
3772,100%
3773,100%
3774,100%
3775,48%
3776,100%
3777,N/A
3778,94%
3779,100%
3780,100%
3781,100%
3782,100%
3783,N/A
3784,97%
3785,100%
3786,100%
3787,69%
3788,48%
3789,N/A
3790,100%
3791,100%
3792,86%
3793,100%
3794,97%
3795,100%
3796,100%
3797,100%
3798,100%
3799,100%
3800,N/A
3801,100%
3802,100%
3803,100%
3804,100%
3805,N/A
3806,100%
3807,100%
3808,100%
3809,100%
3810,100%
3811,100%
3812,100%
3813,100%
3814,100%
3815,100%
3816,100%
3817,100%
3818,100%
3819,100%
3820,70%
3821,100%
3822,100%
3823,97%
3824,100%
3825,100%
3826,100%
3827,100%
3828,100%
3829,100%
3830,100%
3831,100%
3832,100%
3833,100%
3834,96%
3835,N/A
3836,98%
3837,100%
3838,100%
3839,89%
3840,100%
3841,100%
3842,100%
3843,100%
3844,100%
3845,100%
3846,90%
3847,100%
3848,N/A
3849,100%
3850,96%
3851,100%
3852,100%
3853,100%
3854,88%
3855,100%
3856,100%
3857,100%
3858,100%
3859,100%
3860,100%
3861,94%
3862,98%
3863,100%
3864,100%
3865,100%
3866,100%
3867,98%
3868,100%
3869,100%
3870,100%
3871,100%
3872,99%
3873,100%
3874,88%
3875,88%
3876,88%
3877,88%
3878,88%
3879,88%
3880,88%
3881,88%
3882,88%
3883,88%
3884,88%
3885,88%
3886,88%
3887,88%
3888,88%
3889,88%
3890,100%
3891,100%
3892,100%
3893,100%
3894,100%
3895,100%
3896,100%
3897,100%
3898,100%
3899,100%
3900,N/A
3901,88%
3902,100%
3903,90%
3904,100%
3905,100%
3906,100%
3907,100%
3908,100%
3909,100%
3910,100%
3911,100%
3912,100%
3913,100%
3914,67%
3915,100%
3916,100%
3917,78%
3918,100%
3919,100%
3920,100%
3921,100%
3922,100%
3923,97%
3924,100%
3925,90%
3926,98%
3927,0%
3928,100%
3929,95%
3930,100%
3931,100%
3932,100%
3933,100%
3934,100%
3935,100%
3936,100%
3937,99%
3938,30%
3939,100%
3940,100%
3941,100%
3942,100%
3943,100%
3944,100%
3945,100%
3946,100%
3947,100%
3948,100%
3949,100%
3950,100%
3951,100%
3952,100%
3953,100%
3954,N/A
3955,100%
3956,100%
3957,100%
3958,94%
3959,100%
3960,N/A
3961,100%
3962,100%
3963,100%
3964,100%
3965,93%
3966,100%
3967,100%
3968,50%
3969,100%
3970,29%
3971,29%
3972,29%
3973,29%
3974,100%
3975,14%
3976,N/A
3977,100%
3978,100%
3979,100%
3980,100%
3981,100%
3982,100%
3983,100%
3984,100%
3985,100%
3986,100%
3987,100%
3988,90%
3989,N/A
3990,100%
3991,100%
3992,50%
3993,50%
3994,100%
3995,100%
3996,100%
3997,100%
3998,100%
3999,97%
4000,100%
4001,100%
4002,100%
4003,100%
4004,100%
4005,100%
4006,100%
4007,100%
4008,N/A
4009,100%
4010,100%
4011,100%
4012,100%
4013,100%
4014,100%
4015,N/A
4016,100%
4017,0%
4018,100%
4019,100%
4020,100%
4021,100%
4022,100%
4023,100%
4024,100%
4025,100%
4026,100%
4027,100%
4028,100%
4029,100%
4030,100%
4031,100%
4032,67%
4033,100%
4034,100%
4035,100%
4036,100%
4037,60%
4038,100%
4039,100%
4040,100%
4041,100%
4042,N/A
4043,99%
4044,100%
4045,100%
4046,100%
4047,100%
4048,25%
4049,100%
4050,N/A
4051,100%
4052,100%
4053,100%
4054,100%
4055,N/A
4056,100%
4057,100%
4058,100%
4059,100%
4060,97%
4061,97%
4062,100%
4063,0%
4064,25%
4065,100%
4066,100%
4067,40%
4068,93%
4069,100%
4070,100%
4071,100%
4072,100%
4073,100%
4074,25%
4075,100%
4076,44%
4077,0%
4078,100%
4079,100%
4080,100%
4081,100%
4082,75%
4083,N/A
4084,100%
4085,100%
4086,100%
4087,100%
4088,100%
4089,100%
4090,100%
4091,100%
4092,100%
4093,100%
4094,100%
4095,100%
4096,100%
4097,100%
4098,100%
4099,100%
4100,100%
4101,100%
4102,100%
4103,96%
4104,99%
4105,100%
4106,50%
4107,90%
4108,N/A
4109,100%
4110,100%
4111,100%
4112,100%
4113,N/A
4114,88%
4115,100%
4116,100%
4117,100%
4118,100%
4119,100%
4120,100%
4121,100%
4122,100%
4123,0%
4124,100%
4125,97%
4126,100%
4127,100%
4128,94%
4129,100%
4130,100%
4131,100%
4132,100%
4133,100%
4134,100%
4135,100%
4136,100%
4137,100%
4138,100%
4139,100%
4140,100%
4141,100%
4142,N/A
4143,97%
4144,100%
4145,83%
4146,100%
4147,97%
4148,N/A
4149,100%
4150,100%
4151,100%
4152,100%
4153,N/A
4154,N/A
4155,N/A
4156,90%
4157,94%
4158,100%
4159,N/A
4160,100%
4161,100%
4162,100%
4163,97%
4164,100%
4165,100%
4166,80%
4167,100%
4168,100%
4169,100%
4170,100%
4171,100%
4172,29%
4173,100%
4174,97%
4175,100%
4176,N/A
4177,100%
4178,44%
4179,100%
4180,100%
4181,N/A
4182,100%
4183,100%
4184,N/A
4185,100%
4186,100%
4187,100%
4188,100%
4189,100%
4190,100%
4191,100%
4192,100%
4193,90%
4194,100%
4195,100%
4196,100%
4197,N/A
4198,100%
4199,100%
4200,100%
4201,100%
4202,100%
4203,N/A
4204,100%
4205,100%
4206,100%
4207,100%
4208,100%
4209,100%
4210,100%
4211,100%
4212,100%
4213,99%
4214,100%
4215,100%
4216,100%
4217,100%
4218,N/A
4219,100%
4220,100%
4221,100%
4222,100%
4223,71%
4224,100%
4225,99%
4226,100%
4227,100%
4228,100%
4229,100%
4230,100%
4231,100%
4232,100%
4233,0%
4234,0%
4235,93%
4236,100%
4237,100%
4238,100%
4239,100%
4240,78%
4241,100%
4242,100%
4243,100%
4244,100%
4245,93%
4246,100%
4247,100%
4248,100%
4249,100%
4250,71%
4251,100%
4252,100%
4253,100%
4254,N/A
4255,70%
4256,70%
4257,100%
4258,100%
4259,100%
4260,48%
4261,29%
4262,100%
4263,100%
4264,100%
4265,90%
4266,100%
4267,N/A
4268,N/A
4269,100%
4270,100%
4271,29%
4272,100%
4273,100%
4274,100%
4275,100%
4276,78%
4277,100%
4278,100%
4279,100%
4280,100%
4281,94%
4282,94%
4283,100%
4284,100%
4285,29%
4286,N/A
4287,100%
4288,100%
4289,100%
4290,100%
4291,100%
4292,100%
4293,N/A
4294,100%
4295,100%
4296,100%
4297,100%
4298,100%
4299,100%
4300,100%
4301,100%
4302,10%
4303,100%
4304,N/A
4305,100%
4306,100%
4307,100%
4308,N/A
4309,N/A
4310,100%
4311,50%
4312,100%
4313,100%
4314,100%
4315,100%
4316,100%
4317,N/A
4318,100%
4319,100%
4320,100%
4321,100%
4322,71%
4323,96%
4324,100%
4325,100%
4326,100%
4327,96%
4328,100%
4329,100%
4330,100%
4331,100%
4332,100%
4333,98%
4334,N/A
4335,92%
4336,100%
4337,N/A
4338,100%
4339,88%
4340,100%
4341,N/A
4342,N/A
4343,100%
4344,100%
4345,100%
4346,N/A
4347,100%
4348,100%
4349,80%
4350,100%
4351,N/A
4352,93%
4353,100%
4354,100%
4355,100%
4356,100%
4357,100%
4358,100%
4359,N/A
4360,100%
4361,100%
4362,100%
4363,100%
4364,100%
4365,100%
4366,100%
4367,90%
4368,100%
4369,100%
4370,100%
4371,100%
4372,90%
4373,100%
4374,100%
4375,100%
4376,100%
4377,N/A
4378,100%
4379,100%
4380,100%
4381,100%
4382,N/A
4383,100%
4384,63%
4385,30%
4386,100%
4387,100%
4388,90%
4389,N/A
4390,30%
4391,30%
4392,30%
4393,30%
4394,100%
4395,100%
4396,N/A
4397,N/A
4398,80%
4399,100%
4400,0%
4401,100%
4402,100%
4403,100%
4404,53%
4405,100%
4406,N/A
4407,94%
4408,N/A
4409,100%
4410,100%
4411,100%
4412,100%
4413,100%
4414,N/A
4415,14%
4416,100%
4417,100%
4418,0%
4419,100%
4420,99%
4421,100%
4422,90%
4423,90%
4424,48%
4425,48%
4426,0%
4427,100%
4428,100%
4429,100%
4430,100%
4431,100%
4432,100%
4433,100%
4434,100%
4435,100%
4436,100%
4437,100%
4438,100%
4439,100%
4440,100%
4441,100%
4442,100%
4443,100%
4444,100%
4445,100%
4446,100%
4447,100%
4448,N/A
4449,N/A
4450,100%
4451,94%
4452,N/A
4453,100%
4454,100%
4455,90%
4456,90%
4457,100%
4458,100%
4459,100%
4460,48%
4461,100%
4462,100%
4463,100%
4464,100%
4465,0%
4466,100%
4467,100%
4468,100%
4469,75%
4470,100%
4471,N/A
4472,100%
4473,100%
4474,100%
4475,83%
4476,100%
4477,100%
4478,100%
4479,80%
4480,100%
4481,100%
4482,94%
4483,94%
4484,100%
4485,100%
4486,100%
4487,100%
4488,100%
4489,100%
4490,100%
4491,100%
4492,100%
4493,100%
4494,N/A
4495,100%
4496,100%
4497,100%
4498,100%
4499,100%
4500,100%
4501,100%
4502,100%
4503,N/A
4504,100%
4505,N/A
4506,N/A
4507,N/A
4508,N/A
4509,100%
4510,100%
4511,100%
4512,N/A
4513,N/A
4514,N/A
4515,100%
4516,N/A
4517,100%
4518,90%
4519,100%
4520,5%
4521,100%
4522,100%
4523,100%
4524,100%
4525,94%
4526,N/A
4527,N/A
4528,0%
4529,100%
4530,100%
4531,100%
4532,98%
4533,100%
4534,100%
4535,100%
4536,100%
4537,100%
4538,100%
4539,100%
4540,100%
4541,100%
4542,100%
4543,100%
4544,100%
4545,98%
4546,70%
4547,100%
4548,70%
4549,100%
4550,100%
4551,100%
4552,100%
4553,100%
4554,100%
4555,100%
4556,100%
4557,100%
4558,100%
4559,100%
4560,100%
4561,100%
4562,100%
4563,100%
4564,100%
4565,48%
4566,100%
4567,100%
4568,100%
4569,100%
4570,N/A
4571,100%
4572,100%
4573,N/A
4574,100%
4575,100%
4576,100%
4577,100%
4578,100%
4579,90%
4580,97%
4581,98%
4582,100%
4583,100%
4584,100%
4585,60%
4586,100%
4587,100%
4588,93%
4589,100%
4590,100%
4591,N/A
4592,91%
4593,100%
4594,N/A
4595,94%
4596,80%
4597,97%
4598,100%
4599,100%
4600,48%
4601,100%
4602,100%
4603,N/A
4604,100%
4605,100%
4606,30%
4607,100%
4608,100%
4609,100%
4610,100%
4611,80%
4612,30%
4613,90%
4614,100%
4615,100%
4616,100%
4617,98%
4618,98%
4619,100%
4620,100%
4621,100%
4622,100%
4623,100%
4624,100%
4625,100%
4626,100%
4627,100%
4628,100%
4629,100%
4630,100%
4631,100%
4632,100%
4633,100%
4634,N/A
4635,100%
4636,96%
4637,67%
4638,94%
4639,100%
4640,100%
4641,94%
4642,100%
4643,94%
4644,94%
4645,94%
4646,94%
4647,94%
4648,100%
4649,100%
4650,100%
4651,N/A
4652,100%
4653,100%
4654,48%
4655,100%
4656,100%
4657,100%
4658,100%
4659,100%
4660,100%
4661,48%
4662,100%
4663,96%
4664,48%
4665,100%
4666,100%
4667,100%
4668,100%
4669,100%
4670,100%
4671,100%
4672,100%
4673,100%
4674,100%
4675,100%
4676,100%
4677,100%
4678,97%
4679,97%
4680,100%
4681,100%
4682,100%
4683,100%
4684,96%
4685,100%
4686,100%
4687,91%
4688,100%
4689,100%
4690,N/A
4691,100%
4692,100%
4693,100%
4694,100%
4695,100%
4696,100%
4697,80%
4698,67%
4699,100%
4700,100%
4701,100%
4702,100%
4703,100%
4704,100%
4705,100%
4706,67%
4707,100%
4708,100%
4709,100%
4710,100%
4711,100%
4712,100%
4713,97%
4714,100%
4715,100%
4716,100%
4717,100%
4718,100%
4719,100%
4720,100%
4721,70%
4722,100%
4723,100%
4724,100%
4725,100%
4726,99%
4727,100%
4728,48%
4729,48%
4730,N/A
4731,100%
4732,100%
4733,100%
4734,100%
4735,100%
4736,96%
4737,100%
4738,99%
4739,100%
4740,100%
4741,100%
4742,100%
4743,0%
4744,N/A
4745,67%
4746,100%
4747,100%
4748,100%
4749,100%
4750,100%
4751,100%
4752,100%
4753,100%
4754,100%
4755,100%
4756,100%
4757,78%
4758,100%
4759,100%
4760,100%
4761,100%
4762,0%
4763,100%
4764,100%
4765,100%
4766,100%
4767,100%
4768,100%
4769,100%
4770,100%
4771,30%
4772,100%
4773,100%
4774,100%
4775,100%
4776,100%
4777,97%
4778,97%
4779,100%
4780,96%
4781,96%
4782,N/A
4783,100%
4784,100%
4785,100%
4786,30%
4787,N/A
4788,100%
4789,80%
4790,90%
4791,100%
4792,100%
4793,100%
4794,30%
4795,100%
4796,100%
4797,0%
4798,N/A
4799,100%
4800,0%
4801,100%
4802,100%
4803,100%
4804,100%
4805,100%
4806,40%
4807,40%
4808,100%
4809,99%
4810,100%
4811,100%
4812,100%
4813,100%
4814,100%
4815,100%
4816,100%
4817,100%
4818,100%
4819,100%
4820,100%
4821,100%
4822,100%
4823,100%
4824,100%
4825,100%
4826,100%
4827,97%
4828,90%
4829,100%
4830,100%
4831,100%
4832,100%
4833,93%
4834,48%
4835,90%
4836,100%
4837,100%
4838,100%
4839,100%
4840,100%
4841,98%
4842,100%
4843,100%
4844,100%
4845,93%
4846,100%
4847,90%
4848,100%
4849,100%
4850,100%
4851,100%
4852,100%
4853,100%
4854,100%
4855,100%
4856,100%
4857,100%
4858,67%
4859,100%
4860,100%
4861,100%
4862,100%
4863,N/A
4864,N/A
4865,100%
4866,100%
4867,14%
4868,100%
4869,89%
4870,100%
4871,100%
4872,100%
4873,30%
4874,10%
4875,100%
4876,N/A
4877,100%
4878,100%
4879,100%
4880,100%
4881,100%
4882,100%
4883,100%
4884,100%
4885,100%
4886,N/A
4887,100%
4888,90%
4889,100%
4890,100%
4891,83%
4892,100%
4893,100%
4894,48%
4895,70%
4896,94%
4897,99%
4898,0%
4899,100%
4900,99%
4901,99%
4902,100%
4903,99%
4904,100%
4905,100%
4906,100%
4907,100%
4908,100%
4909,67%
4910,N/A
4911,100%
4912,90%
4913,90%
4914,75%
4915,100%
4916,100%
4917,100%
4918,100%
4919,100%
4920,100%
4921,N/A
4922,92%
4923,N/A
4924,N/A
4925,100%
4926,100%
4927,100%
4928,100%
4929,100%
4930,99%
4931,100%
4932,30%
4933,100%
4934,70%
4935,100%
4936,N/A
4937,100%
4938,100%
4939,0%
4940,100%
4941,N/A
4942,100%
4943,100%
4944,100%
4945,100%
4946,100%
4947,100%
4948,100%
4949,100%
4950,100%
4951,100%
4952,100%
4953,100%
4954,100%
4955,100%
4956,100%
4957,100%
4958,30%
4959,100%
4960,97%
4961,100%
4962,100%
4963,96%
4964,100%
4965,100%
4966,40%
4967,100%
4968,100%
4969,100%
4970,N/A
4971,89%
4972,100%
4973,100%
4974,63%
4975,100%
4976,0%
4977,100%
4978,100%
4979,100%
4980,100%
4981,60%
4982,100%
4983,100%
4984,100%
4985,86%
4986,99%
4987,N/A
4988,100%
4989,100%
4990,100%
4991,N/A
4992,100%
4993,100%
4994,100%
4995,100%
4996,100%
4997,100%
4998,100%
4999,100%
5000,100%
5001,100%
5002,100%
5003,0%
5004,100%
5005,100%
5006,93%
5007,93%
5008,100%
5009,100%
5010,100%
5011,N/A
5012,100%
5013,100%
5014,100%
5015,100%
5016,100%
5017,70%
5018,100%
5019,100%
5020,100%
5021,0%
5022,100%
5023,100%
5024,100%
5025,100%
5026,N/A
5027,100%
5028,75%
5029,100%
5030,100%
5031,100%
5032,100%
5033,95%
5034,95%
5035,N/A
5036,88%
5037,88%
5038,N/A
5039,100%
5040,100%
5041,98%
5042,N/A
5043,90%
5044,100%
5045,100%
5046,N/A
5047,100%
5048,100%
5049,100%
5050,90%
5051,100%
5052,100%
5053,100%
5054,100%
5055,100%
5056,100%
5057,100%
5058,100%
5059,100%
5060,100%
5061,N/A
5062,N/A
5063,N/A
5064,100%
5065,N/A
5066,100%
5067,100%
5068,100%
5069,100%
5070,N/A
5071,N/A
5072,100%
5073,75%
5074,100%
5075,100%
5076,N/A
5077,N/A
5078,N/A
5079,100%
5080,100%
5081,100%
5082,100%
5083,100%
5084,100%
5085,0%
5086,70%
5087,100%
5088,100%
5089,90%
5090,100%
5091,94%
5092,100%
5093,75%
5094,100%
5095,100%
5096,100%
5097,100%
5098,100%
5099,99%
5100,100%
5101,0%
5102,78%
5103,100%
5104,100%
5105,100%
5106,100%
5107,100%
5108,100%
5109,100%
5110,70%
5111,100%
5112,100%
5113,100%
5114,94%
5115,0%
5116,100%
5117,N/A
5118,100%
5119,100%
5120,100%
5121,0%
5122,100%
5123,100%
5124,0%
5125,86%
5126,100%
5127,0%
5128,99%
5129,48%
5130,100%
5131,100%
5132,100%
5133,100%
5134,N/A
5135,100%
5136,100%
5137,88%
5138,88%
5139,100%
5140,100%
5141,100%
5142,100%
5143,N/A
5144,100%
5145,100%
5146,100%
5147,N/A
5148,100%
5149,100%
5150,100%
5151,100%
5152,10%
5153,99%
5154,100%
5155,0%
5156,100%
5157,100%
5158,100%
5159,N/A
5160,100%
5161,100%
5162,0%
5163,100%
5164,N/A
5165,100%
5166,100%
5167,100%
5168,100%
5169,100%
5170,90%
5171,100%
5172,67%
5173,100%
5174,100%
5175,100%
5176,100%
5177,100%
5178,100%
5179,100%
5180,100%
5181,90%
5182,100%
5183,100%
5184,50%
5185,50%
5186,100%
5187,100%
5188,100%
5189,100%
5190,100%
5191,100%
5192,100%
5193,100%
5194,100%
5195,100%
5196,100%
5197,100%
5198,100%
5199,100%
5200,100%
5201,N/A
5202,100%
5203,48%
5204,100%
5205,100%
5206,100%
5207,100%
5208,100%
5209,100%
5210,100%
5211,100%
5212,100%
5213,100%
5214,100%
5215,100%
5216,100%
5217,100%
5218,63%
5219,100%
5220,94%
5221,N/A
5222,100%
5223,100%
5224,N/A
5225,100%
5226,0%
5227,0%
5228,67%
5229,100%
5230,100%
5231,90%
5232,100%
5233,100%
5234,100%
5235,100%
5236,100%
5237,92%
5238,N/A
5239,30%
5240,N/A
5241,100%
5242,100%
5243,100%
5244,100%
5245,100%
5246,0%
5247,100%
5248,100%
5249,100%
5250,100%
5251,98%
5252,N/A
5253,N/A
5254,100%
5255,100%
5256,100%
5257,100%
5258,86%
5259,100%
5260,100%
5261,0%
5262,N/A
5263,100%
5264,43%
5265,N/A
5266,100%
5267,N/A
5268,97%
5269,100%
5270,100%
5271,10%
5272,100%
5273,100%
5274,100%
5275,100%
5276,100%
5277,100%
5278,N/A
5279,78%
5280,100%
5281,25%
5282,100%
5283,100%
5284,73%
5285,100%
5286,0%
5287,0%
5288,0%
5289,100%
5290,100%
5291,97%
5292,100%
5293,89%
5294,94%
5295,0%
5296,100%
5297,100%
5298,100%
5299,100%
5300,100%
5301,100%
5302,100%
5303,100%
5304,100%
5305,N/A
5306,73%
5307,100%
5308,100%
5309,N/A
5310,100%
5311,100%
5312,100%
5313,100%
5314,N/A
5315,30%
5316,60%
5317,94%
5318,100%
5319,100%
5320,N/A
5321,100%
5322,100%
5323,100%
5324,100%
5325,0%
5326,100%
5327,0%
5328,N/A
5329,100%
5330,100%
5331,100%
5332,100%
5333,100%
5334,100%
5335,0%
5336,100%
5337,100%
5338,100%
5339,91%
5340,100%
5341,100%
5342,100%
5343,100%
5344,100%
5345,100%
5346,100%
5347,100%
5348,100%
5349,100%
5350,100%
5351,100%
5352,100%
5353,100%
5354,100%
5355,100%
5356,75%
5357,100%
5358,100%
5359,100%
5360,100%
5361,92%
5362,92%
5363,100%
5364,70%
5365,70%
5366,100%
5367,N/A
5368,100%
5369,94%
5370,100%
5371,50%
5372,0%
5373,100%
5374,100%
5375,100%
5376,93%
5377,100%
5378,100%
5379,100%
5380,100%
5381,100%
5382,100%
5383,N/A
5384,96%
5385,92%
5386,100%
5387,100%
5388,100%
5389,100%
5390,100%
5391,100%
5392,97%
5393,N/A
5394,100%
5395,90%
5396,80%
5397,100%
5398,100%
5399,100%
5400,100%
5401,100%
5402,100%
5403,0%
5404,100%
5405,100%
5406,N/A
5407,100%
5408,N/A
5409,100%
5410,100%
5411,100%
5412,100%
5413,100%
5414,100%
5415,73%
5416,100%
5417,100%
5418,100%
5419,50%
5420,75%
5421,30%
5422,100%
5423,100%
5424,100%
5425,100%
5426,73%
5427,100%
5428,100%
5429,100%
5430,100%
5431,N/A
5432,100%
5433,100%
5434,100%
5435,100%
5436,100%
5437,100%
5438,100%
5439,100%
5440,100%
5441,100%
5442,100%
5443,100%
5444,100%
5445,100%
5446,100%
5447,100%
5448,100%
5449,100%
5450,N/A
5451,100%
5452,100%
5453,100%
5454,100%
5455,100%
5456,N/A
5457,N/A
5458,100%
5459,100%
5460,N/A
5461,100%
5462,0%
5463,100%
5464,100%
5465,100%
5466,0%
5467,0%
5468,100%
5469,100%
5470,100%
5471,97%
5472,N/A
5473,N/A
5474,100%
5475,100%
5476,N/A
5477,100%
5478,100%
5479,100%
5480,50%
5481,100%
5482,100%
5483,40%
5484,90%
5485,100%
5486,100%
5487,100%
5488,100%
5489,100%
5490,100%
5491,100%
5492,100%
5493,100%
5494,100%
5495,100%
5496,100%
5497,80%
5498,89%
5499,100%
5500,100%
5501,100%
5502,100%
5503,100%
5504,N/A
5505,100%
5506,100%
5507,N/A
5508,30%
5509,100%
5510,100%
5511,0%
5512,100%
5513,70%
5514,100%
5515,100%
5516,100%
5517,100%
5518,100%
5519,100%
5520,100%
5521,100%
5522,100%
5523,100%
5524,100%
5525,50%
5526,100%
5527,100%
5528,96%
5529,100%
5530,100%
5531,100%
5532,100%
5533,100%
5534,100%
5535,100%
5536,N/A
5537,100%
5538,100%
5539,100%
5540,100%
5541,100%
5542,100%
5543,100%
5544,78%
5545,100%
5546,100%
5547,100%
5548,100%
5549,100%
5550,100%
5551,100%
5552,100%
5553,80%
5554,100%
5555,100%
5556,100%
5557,100%
5558,64%
5559,100%
5560,100%
5561,100%
5562,100%
5563,N/A
5564,100%
5565,0%
5566,100%
5567,100%
5568,100%
5569,100%
5570,100%
5571,N/A
5572,N/A
5573,100%
5574,100%
5575,N/A
5576,100%
5577,100%
5578,100%
5579,100%
5580,100%
5581,100%
5582,100%
5583,100%
5584,100%
5585,100%
5586,100%
5587,100%
5588,100%
5589,100%
5590,100%
5591,100%
5592,100%
5593,100%
5594,78%
5595,N/A
5596,97%
5597,100%
5598,92%
5599,92%
5600,92%
5601,100%
5602,100%
5603,0%
5604,100%
5605,70%
5606,N/A
5607,100%
5608,100%
5609,100%
5610,N/A
5611,100%
5612,N/A
5613,100%
5614,97%
5615,97%
5616,100%
5617,63%
5618,100%
5619,N/A
5620,100%
5621,100%
5622,100%
5623,100%
5624,N/A
5625,100%
5626,100%
5627,100%
5628,100%
5629,93%
5630,100%
5631,93%
5632,100%
5633,100%
5634,100%
5635,100%
5636,100%
5637,100%
5638,100%
5639,100%
5640,100%
5641,100%
5642,100%
5643,100%
5644,100%
5645,50%
5646,97%
5647,100%
5648,63%
5649,63%
5650,N/A
5651,100%
5652,100%
5653,100%
5654,100%
5655,100%
5656,94%
5657,100%
5658,100%
5659,100%
5660,100%
5661,N/A
5662,93%
5663,100%
5664,100%
5665,100%
5666,100%
5667,N/A
5668,100%
5669,20%
5670,100%
5671,100%
5672,100%
5673,N/A
5674,100%
5675,100%
5676,100%
5677,100%
5678,100%
5679,98%
5680,100%
5681,100%
5682,100%
5683,100%
5684,100%
5685,100%
5686,100%
5687,0%
5688,100%
5689,100%
5690,100%
5691,100%
5692,100%
5693,100%
5694,100%
5695,100%
5696,100%
5697,100%
5698,100%
5699,100%
5700,100%
5701,100%
5702,100%
5703,100%
5704,100%
5705,0%
5706,N/A
5707,100%
5708,100%
5709,100%
5710,100%
5711,100%
5712,100%
5713,100%
5714,100%
5715,100%
5716,100%
5717,100%
5718,100%
5719,100%
5720,100%
5721,100%
5722,100%
5723,100%
5724,100%
5725,98%
5726,100%
5727,100%
5728,100%
5729,100%
5730,100%
5731,92%
5732,100%
5733,100%
5734,100%
5735,100%
5736,17%
5737,57%
5738,100%
5739,100%
5740,90%
5741,80%
5742,100%
5743,100%
5744,N/A
5745,100%
5746,100%
5747,100%
5748,100%
5749,100%
5750,86%
5751,100%
5752,78%
5753,N/A
5754,65%
5755,100%
5756,100%
5757,100%
5758,100%
5759,100%
5760,0%
5761,100%
5762,100%
5763,100%
5764,100%
5765,N/A
5766,100%
5767,100%
5768,100%
5769,100%
5770,100%
5771,50%
5772,50%
5773,50%
5774,100%
5775,0%
5776,100%
5777,97%
5778,100%
5779,100%
5780,100%
5781,100%
5782,N/A
5783,100%
5784,100%
5785,100%
5786,95%
5787,95%
5788,95%
5789,95%
5790,95%
5791,100%
5792,10%
5793,90%
5794,100%
5795,97%
5796,100%
5797,100%
5798,100%
5799,100%
5800,100%
5801,100%
5802,100%
5803,0%
5804,N/A
5805,10%
5806,100%
5807,100%
5808,100%
5809,100%
5810,75%
5811,29%
5812,100%
5813,90%
5814,100%
5815,100%
5816,N/A
5817,N/A
5818,100%
5819,100%
5820,100%
5821,100%
5822,0%
5823,100%
5824,100%
5825,N/A
5826,96%
5827,100%
5828,100%
5829,0%
5830,100%
5831,100%
5832,100%
5833,100%
5834,100%
5835,100%
5836,100%
5837,100%
5838,90%
5839,N/A
5840,100%
5841,100%
5842,100%
5843,90%
5844,100%
5845,90%
5846,100%
5847,80%
5848,79%
5849,100%
5850,79%
5851,100%
5852,100%
5853,0%
5854,100%
5855,86%
5856,100%
5857,100%
5858,100%
5859,N/A
5860,100%
5861,100%
5862,99%
5863,100%
5864,100%
5865,100%
5866,100%
5867,53%
5868,50%
5869,100%
5870,100%
5871,100%
5872,100%
5873,100%
5874,100%
5875,100%
5876,100%
5877,79%
5878,31%
5879,100%
5880,100%
5881,100%
5882,96%
5883,100%
5884,98%
5885,60%
5886,93%
5887,100%
5888,80%
5889,0%
5890,100%
5891,100%
5892,100%
5893,100%
5894,100%
5895,100%
5896,0%
5897,100%
5898,100%
5899,N/A
5900,80%
5901,100%
5902,100%
5903,N/A
5904,100%
5905,100%
5906,100%
5907,100%
5908,N/A
5909,100%
5910,N/A
5911,100%
5912,100%
5913,100%
5914,100%
5915,100%
5916,100%
5917,100%
5918,100%
5919,100%
5920,100%
5921,100%
5922,100%
5923,N/A
5924,N/A
5925,N/A
5926,100%
5927,100%
5928,100%
5929,100%
5930,100%
5931,100%
5932,100%
5933,100%
5934,100%
5935,100%
5936,90%
5937,10%
5938,53%
5939,0%
5940,0%
5941,100%
5942,33%
5943,90%
5944,100%
5945,80%
5946,100%
5947,100%
5948,90%
5949,100%
5950,100%
5951,100%
5952,100%
5953,90%
5954,79%
5955,79%
5956,100%
5957,100%
5958,N/A
5959,100%
5960,71%
5961,100%
5962,100%
5963,N/A
5964,100%
5965,100%
5966,N/A
5967,100%
5968,100%
5969,71%
5970,100%
5971,100%
5972,100%
5973,100%
5974,100%
5975,100%
5976,100%
5977,100%
5978,100%
5979,100%
5980,100%
5981,100%
5982,91%
5983,100%
5984,100%
5985,83%
5986,100%
5987,100%
5988,100%
5989,100%
5990,100%
5991,100%
5992,100%
5993,90%
5994,100%
5995,100%
5996,100%
5997,100%
5998,100%
5999,100%
6000,100%
6001,100%
6002,100%
6003,100%
6004,100%
6005,100%
6006,100%
6007,100%
6008,100%
6009,100%
6010,100%
6011,90%
6012,100%
6013,100%
6014,100%
6015,100%
6016,100%
6017,100%
6018,90%
6019,100%
6020,93%
6021,100%
6022,100%
6023,100%
6024,92%
6025,0%
6026,96%
6027,100%
6028,100%
6029,N/A
6030,20%
6031,100%
6032,100%
6033,100%
6034,100%
6035,100%
6036,97%
6037,N/A
6038,100%
6039,83%
6040,90%
6041,100%
6042,100%
6043,100%
6044,0%
6045,0%
6046,0%
6047,100%
6048,100%
6049,83%
6050,88%
6051,100%
6052,100%
6053,100%
6054,88%
6055,100%
6056,N/A
6057,100%
6058,100%
6059,100%
6060,100%
6061,N/A
6062,100%
6063,90%
6064,100%
6065,100%
6066,100%
6067,100%
6068,97%
6069,90%
6070,97%
6071,97%
6072,100%
6073,N/A
6074,100%
6075,100%
6076,98%
6077,100%
6078,100%
6079,100%
6080,100%
6081,77%
6082,100%
6083,0%
6084,100%
6085,90%
6086,100%
6087,100%
6088,100%
6089,100%
6090,0%
6091,40%
6092,75%
6093,100%
6094,100%
6095,N/A
6096,N/A
6097,100%
6098,97%
6099,100%
6100,100%
6101,100%
6102,N/A
6103,100%
6104,100%
6105,100%
6106,100%
6107,100%
6108,N/A
6109,90%
6110,90%
6111,0%
6112,90%
6113,90%
6114,90%
6115,90%
6116,90%
6117,90%
6118,N/A
6119,94%
6120,100%
6121,100%
6122,100%
6123,100%
6124,100%
6125,100%
6126,100%
6127,100%
6128,100%
6129,N/A
6130,N/A
6131,100%
6132,100%
6133,100%
6134,100%
6135,100%
6136,100%
6137,100%
6138,100%
6139,88%
6140,100%
6141,100%
6142,100%
6143,N/A
6144,100%
6145,N/A
6146,N/A
6147,100%
6148,73%
6149,100%
6150,100%
6151,100%
6152,100%
6153,100%
6154,100%
6155,100%
6156,100%
6157,100%
6158,100%
6159,100%
6160,90%
6161,N/A
6162,100%
6163,100%
6164,100%
6165,13%
6166,N/A
6167,100%
6168,100%
6169,100%
6170,100%
6171,100%
6172,100%
6173,100%
6174,100%
6175,100%
6176,100%
6177,100%
6178,60%
6179,100%
6180,100%
6181,0%
6182,100%
6183,100%
6184,100%
6185,100%
6186,65%
6187,90%
6188,100%
6189,100%
6190,100%
6191,100%
6192,100%
6193,100%
6194,100%
6195,0%
6196,98%
6197,100%
6198,100%
6199,88%
6200,100%
6201,100%
6202,100%
6203,100%
6204,88%
6205,100%
6206,100%
6207,100%
6208,100%
6209,100%
6210,100%
6211,100%
6212,100%
6213,100%
6214,100%
6215,100%
6216,100%
6217,20%
6218,73%
6219,100%
6220,100%
6221,N/A
6222,N/A
6223,0%
6224,100%
6225,100%
6226,100%
6227,N/A
6228,100%
6229,100%
6230,75%
6231,100%
6232,100%
6233,100%
6234,100%
6235,90%
6236,100%
6237,100%
6238,100%
6239,95%
6240,95%
6241,95%
6242,95%
6243,N/A
6244,88%
6245,88%
6246,88%
6247,100%
6248,88%
6249,100%
6250,100%
6251,100%
6252,100%
6253,80%
6254,N/A
6255,100%
6256,100%
6257,100%
6258,100%
6259,N/A
6260,90%
6261,90%
6262,100%
6263,100%
6264,90%
6265,100%
6266,100%
6267,83%
6268,N/A
6269,100%
6270,0%
6271,100%
6272,100%
6273,100%
6274,100%
6275,0%
6276,90%
6277,31%
6278,100%
6279,100%
6280,100%
6281,100%
6282,100%
6283,100%
6284,100%
6285,100%
6286,100%
6287,57%
6288,100%
6289,N/A
6290,100%
6291,100%
6292,97%
6293,96%
6294,97%
6295,98%
6296,100%
6297,N/A
6298,100%
6299,100%
6300,100%
6301,N/A
6302,100%
6303,30%
6304,90%
6305,96%
6306,0%
6307,100%
6308,100%
6309,90%
6310,100%
6311,100%
6312,100%
6313,100%
6314,100%
6315,100%
6316,100%
6317,100%
6318,90%
6319,30%
6320,0%
6321,97%
6322,100%
6323,100%
6324,33%
6325,100%
6326,100%
6327,100%
6328,92%
6329,100%
6330,100%
6331,100%
6332,100%
6333,100%
6334,N/A
6335,100%
6336,100%
6337,100%
6338,100%
6339,100%
6340,100%
6341,100%
6342,100%
6343,100%
6344,N/A
6345,100%
6346,100%
6347,90%
6348,100%
6349,100%
6350,N/A
6351,100%
6352,73%
6353,94%
6354,N/A
6355,100%
6356,100%
6357,100%
6358,100%
6359,100%
6360,100%
6361,N/A
6362,100%
6363,100%
6364,100%
6365,94%
6366,100%
6367,N/A
6368,N/A
6369,100%
6370,100%
6371,88%
6372,N/A
6373,88%
6374,88%
6375,88%
6376,88%
6377,88%
6378,100%
6379,88%
6380,88%
6381,99%
6382,88%
6383,88%
6384,70%
6385,100%
6386,100%
6387,100%
6388,100%
6389,100%
6390,100%
6391,100%
6392,71%
6393,100%
6394,99%
6395,100%
6396,99%
6397,100%
6398,100%
6399,99%
6400,99%
6401,99%
6402,99%
6403,100%
6404,99%
6405,99%
6406,99%
6407,99%
6408,99%
6409,99%
6410,99%
6411,99%
6412,99%
6413,99%
6414,99%
6415,99%
6416,99%
6417,99%
6418,80%
6419,99%
6420,99%
6421,99%
6422,99%
6423,100%
6424,90%
6425,N/A
6426,14%
6427,100%
6428,N/A
6429,95%
6430,0%
6431,40%
6432,89%
6433,100%
6434,92%
6435,100%
6436,100%
6437,100%
6438,91%
6439,100%
6440,100%
6441,92%
6442,96%
6443,88%
6444,88%
6445,88%
6446,88%
6447,100%
6448,100%
6449,100%
6450,100%
6451,10%
6452,100%
6453,100%
6454,100%
6455,100%
6456,100%
6457,100%
6458,100%
6459,100%
6460,N/A
6461,100%
6462,100%
6463,100%
6464,100%
6465,100%
6466,97%
6467,N/A
6468,100%
6469,100%
6470,100%
6471,70%
6472,100%
6473,100%
6474,100%
6475,99%
6476,99%
6477,99%
6478,99%
6479,99%
6480,99%
6481,90%
6482,97%
6483,N/A
6484,90%
6485,N/A
6486,100%
6487,100%
6488,100%
6489,100%
6490,100%
6491,100%
6492,100%
6493,100%
6494,100%
6495,100%
6496,100%
6497,100%
6498,100%
6499,100%
6500,100%
6501,N/A
6502,100%
6503,90%
6504,100%
6505,100%
6506,100%
6507,100%
6508,100%
6509,100%
6510,100%
6511,100%
6512,79%
6513,100%
6514,79%
6515,80%
6516,80%
6517,100%
6518,100%
6519,100%
6520,100%
6521,100%
6522,N/A
6523,100%
6524,100%
6525,100%
6526,100%
6527,100%
6528,100%
6529,90%
6530,N/A
6531,100%
6532,100%
6533,100%
6534,100%
6535,100%
6536,100%
6537,100%
6538,100%
6539,100%
6540,100%
6541,83%
6542,83%
6543,83%
6544,100%
6545,100%
6546,95%
6547,100%
6548,100%
6549,100%
6550,100%
6551,100%
6552,100%
6553,N/A
6554,100%
6555,20%
6556,10%
6557,100%
6558,100%
6559,95%
6560,95%
6561,95%
6562,95%
6563,100%
6564,100%
6565,71%
6566,100%
6567,N/A
6568,100%
6569,100%
6570,100%
6571,100%
6572,100%
6573,100%
6574,95%
6575,100%
6576,100%
6577,100%
6578,100%
6579,90%
6580,100%
6581,100%
6582,100%
6583,100%
6584,100%
6585,100%
6586,100%
6587,100%
6588,N/A
6589,100%
6590,100%
6591,100%
6592,100%
6593,N/A
6594,100%
6595,100%
6596,94%
6597,100%
6598,100%
6599,100%
6600,100%
6601,100%
6602,100%
6603,100%
6604,100%
6605,100%
6606,78%
6607,78%
6608,78%
6609,78%
6610,100%
6611,N/A
6612,100%
6613,99%
6614,100%
6615,100%
6616,99%
6617,100%
6618,N/A
6619,100%
6620,100%
6621,92%
6622,90%
6623,100%
6624,78%
6625,100%
6626,100%
6627,100%
6628,100%
6629,100%
6630,100%
6631,100%
6632,N/A
6633,100%
6634,100%
6635,100%
6636,100%
6637,73%
6638,90%
6639,90%
6640,90%
6641,73%
6642,73%
6643,73%
6644,67%
6645,99%
6646,100%
6647,100%
6648,100%
6649,100%
6650,100%
6651,N/A
6652,100%
6653,100%
6654,100%
6655,100%
6656,100%
6657,100%
6658,100%
6659,100%
6660,100%
6661,97%
6662,100%
6663,100%
6664,100%
6665,100%
6666,100%
6667,100%
6668,100%
6669,100%
6670,100%
6671,100%
6672,100%
6673,90%
6674,90%
6675,100%
6676,90%
6677,90%
6678,90%
6679,90%
6680,100%
6681,100%
6682,90%
6683,70%
6684,88%
6685,100%
6686,100%
6687,100%
6688,100%
6689,N/A
6690,100%
6691,100%
6692,73%
6693,N/A
6694,50%
6695,100%
6696,100%
6697,50%
6698,0%
6699,N/A
6700,100%
6701,100%
6702,100%
6703,100%
6704,100%
6705,100%
6706,100%
6707,100%
6708,100%
6709,100%
6710,73%
6711,73%
6712,100%
6713,100%
6714,100%
6715,100%
6716,100%
6717,100%
6718,100%
6719,100%
6720,100%
6721,100%
6722,100%
6723,N/A
6724,100%
6725,99%
6726,99%
6727,100%
6728,99%
6729,N/A
6730,100%
6731,93%
6732,100%
6733,100%
6734,100%
6735,N/A
6736,98%
6737,98%
6738,89%
6739,73%
6740,57%
6741,100%
6742,100%
6743,100%
6744,100%
6745,100%
6746,100%
6747,100%
6748,100%
6749,100%
6750,100%
6751,100%
6752,100%
6753,100%
6754,100%
6755,100%
6756,100%
6757,100%
6758,100%
6759,100%
6760,100%
6761,100%
6762,100%
6763,100%
6764,100%
6765,100%
6766,100%
6767,100%
6768,100%
6769,100%
6770,100%
6771,100%
6772,100%
6773,100%
6774,100%
6775,N/A
6776,0%
6777,100%
6778,100%
6779,83%
6780,100%
6781,100%
6782,N/A
6783,100%
6784,91%
6785,91%
6786,91%
6787,91%
6788,91%
6789,91%
6790,91%
6791,91%
6792,91%
6793,91%
6794,91%
6795,91%
6796,91%
6797,91%
6798,91%
6799,91%
6800,91%
6801,91%
6802,91%
6803,91%
6804,91%
6805,91%
6806,91%
6807,91%
6808,91%
6809,91%
6810,91%
6811,91%
6812,91%
6813,100%
6814,91%
6815,100%
6816,91%
6817,91%
6818,91%
6819,91%
6820,91%
6821,91%
6822,91%
6823,91%
6824,91%
6825,91%
6826,91%
6827,91%
6828,91%
6829,91%
6830,91%
6831,91%
6832,91%
6833,91%
6834,91%
6835,91%
6836,91%
6837,91%
6838,91%
6839,91%
6840,91%
6841,91%
6842,91%
6843,91%
6844,91%
6845,91%
6846,91%
6847,91%
6848,100%
6849,33%
6850,99%
6851,100%
6852,100%
6853,100%
6854,100%
6855,97%
6856,100%
6857,100%
6858,100%
6859,100%
6860,97%
6861,97%
6862,97%
6863,100%
6864,100%
6865,97%
6866,100%
6867,91%
6868,91%
6869,91%
6870,91%
6871,91%
6872,91%
6873,91%
6874,91%
6875,91%
6876,91%
6877,91%
6878,91%
6879,91%
6880,91%
6881,91%
6882,91%
6883,91%
6884,100%
6885,100%
6886,100%
6887,100%
6888,100%
6889,100%
6890,100%
6891,100%
6892,100%
6893,100%
6894,100%
6895,100%
6896,100%
6897,100%
6898,100%
6899,100%
6900,100%
6901,100%
6902,100%
6903,100%
6904,100%
6905,100%
6906,100%
6907,97%
6908,95%
6909,95%
6910,95%
6911,95%
6912,100%
6913,97%
6914,97%
6915,98%
6916,98%
6917,N/A
6918,91%
6919,91%
6920,91%
6921,91%
6922,91%
6923,91%
6924,91%
6925,91%
6926,91%
6927,91%
6928,91%
6929,91%
6930,91%
6931,91%
6932,91%
6933,91%
6934,91%
6935,91%
6936,91%
6937,91%
6938,91%
6939,91%
6940,100%
6941,91%
6942,91%
6943,91%
6944,91%
6945,91%
6946,91%
6947,91%
6948,91%
6949,91%
6950,91%
6951,91%
6952,91%
6953,91%
6954,91%
6955,91%
6956,91%
6957,91%
6958,91%
6959,91%
6960,91%
6961,91%
6962,91%
6963,91%
6964,91%
6965,91%
6966,91%
6967,91%
6968,91%
6969,91%
6970,91%
6971,100%
6972,100%
6973,100%
6974,100%
6975,100%
6976,100%
6977,100%
6978,100%
6979,100%
6980,100%
6981,100%
6982,100%
6983,100%
6984,100%
6985,100%
6986,100%
6987,100%
6988,100%
6989,100%
6990,100%
6991,100%
6992,100%
6993,100%
6994,100%
6995,100%
6996,100%
6997,100%
6998,100%
6999,100%
7000,100%
7001,100%
7002,100%
7003,100%
7004,100%
7005,100%
7006,100%
7007,100%
7008,100%
7009,100%
7010,100%
7011,100%
7012,100%
7013,100%
7014,100%
7015,100%
7016,100%
7017,100%
7018,100%
7019,100%
7020,100%
7021,100%
7022,100%
7023,100%
7024,100%
7025,100%
7026,100%
7027,100%
7028,100%
7029,88%
7030,100%
7031,100%
7032,100%
7033,97%
7034,88%
7035,100%
7036,100%
7037,100%
7038,94%
7039,100%
7040,91%
7041,90%
7042,100%
7043,95%
7044,95%
7045,100%
7046,100%
7047,100%
7048,100%
7049,97%
7050,100%
7051,100%
7052,100%
7053,100%
7054,100%
7055,33%
7056,0%
7057,N/A
7058,100%
7059,100%
7060,100%
7061,97%
7062,97%
7063,100%
7064,100%
7065,100%
7066,100%
7067,100%
7068,100%
7069,100%
7070,N/A
7071,100%
7072,10%
7073,N/A
7074,100%
7075,80%
7076,100%
7077,100%
7078,100%
7079,100%
7080,N/A
7081,N/A
7082,100%
7083,85%
7084,100%
7085,100%
7086,100%
7087,100%
7088,95%
7089,100%
7090,90%
7091,93%
7092,100%
7093,100%
7094,N/A
7095,N/A
7096,100%
7097,100%
7098,100%
7099,100%
7100,80%
7101,100%
7102,N/A
7103,100%
7104,100%
7105,100%
7106,100%
7107,100%
7108,100%
7109,100%
7110,N/A
7111,100%
7112,100%
7113,30%
7114,100%
7115,100%
7116,50%
7117,94%
7118,100%
7119,100%
7120,100%
7121,86%
7122,100%
7123,100%
7124,100%
7125,100%
7126,100%
7127,100%
7128,100%
7129,100%
7130,100%
7131,100%
7132,100%
7133,100%
7134,90%
7135,100%
7136,100%
7137,97%
7138,100%
7139,100%
7140,100%
7141,100%
7142,N/A
7143,100%
7144,N/A
7145,0%
7146,69%
7147,100%
7148,69%
7149,100%
7150,100%
7151,100%
7152,100%
7153,100%
7154,97%
7155,100%
7156,100%
7157,89%
7158,N/A
7159,100%
7160,N/A
7161,100%
7162,100%
7163,100%
7164,100%
7165,100%
7166,100%
7167,99%
7168,100%
7169,100%
7170,100%
7171,100%
7172,N/A
7173,100%
7174,97%
7175,92%
7176,100%
7177,100%
7178,100%
7179,100%
7180,N/A
7181,100%
7182,73%
7183,73%
7184,73%
7185,73%
7186,100%
7187,100%
7188,95%
7189,100%
7190,N/A
7191,100%
7192,100%
7193,100%
7194,100%
7195,100%
7196,N/A
7197,100%
7198,N/A
7199,88%
7200,100%
7201,100%
7202,N/A
7203,100%
7204,98%
7205,100%
7206,98%
7207,97%
7208,100%
7209,90%
7210,100%
7211,100%
7212,100%
7213,100%
7214,100%
7215,100%
7216,100%
7217,100%
7218,100%
7219,99%
7220,100%
7221,50%
7222,99%
7223,100%
7224,100%
7225,100%
7226,100%
7227,N/A
7228,100%
7229,100%
7230,100%
7231,100%
7232,100%
7233,90%
7234,100%
7235,N/A
7236,100%
7237,100%
7238,100%
7239,100%
7240,100%
7241,0%
7242,100%
7243,100%
7244,88%
7245,100%
7246,N/A
7247,100%
7248,N/A
7249,100%
7250,100%
7251,100%
7252,N/A
7253,N/A
7254,100%
7255,100%
7256,99%
7257,0%
7258,100%
7259,100%
7260,N/A
7261,98%
7262,0%
7263,N/A
7264,100%
7265,82%
7266,100%
7267,100%
7268,100%
7269,100%
7270,100%
7271,100%
7272,100%
7273,100%
7274,90%
7275,99%
7276,100%
7277,100%
7278,100%
7279,100%
7280,100%
7281,100%
7282,100%
7283,N/A
7284,100%
7285,100%
7286,80%
7287,80%
7288,80%
7289,100%
7290,70%
7291,100%
7292,100%
7293,100%
7294,100%
7295,N/A
7296,N/A
7297,50%
7298,100%
7299,100%
7300,20%
7301,100%
7302,100%
7303,100%
7304,100%
7305,100%
7306,100%
7307,100%
7308,100%
7309,100%
7310,100%
7311,100%
7312,N/A
7313,100%
7314,100%
7315,100%
7316,100%
7317,80%
7318,100%
7319,N/A
7320,92%
7321,100%
7322,100%
7323,100%
7324,100%
7325,99%
7326,100%
7327,90%
7328,100%
7329,100%
7330,N/A
7331,97%
7332,100%
7333,97%
7334,100%
7335,0%
7336,100%
7337,97%
7338,0%
7339,80%
7340,0%
7341,0%
7342,100%
7343,100%
7344,100%
7345,90%
7346,100%
7347,100%
7348,100%
7349,100%
7350,99%
7351,100%
7352,100%
7353,100%
7354,91%
7355,100%
7356,100%
7357,100%
7358,100%
7359,100%
7360,100%
7361,98%
7362,100%
7363,100%
7364,100%
7365,100%
7366,100%
7367,100%
7368,29%
7369,100%
7370,100%
7371,100%
7372,100%
7373,94%
7374,91%
7375,100%
7376,N/A
7377,100%
7378,70%
7379,70%
7380,70%
7381,100%
7382,100%
7383,100%
7384,100%
7385,100%
7386,95%
7387,100%
7388,0%
7389,90%
7390,100%
7391,100%
7392,100%
7393,90%
7394,94%
7395,100%
7396,90%
7397,89%
7398,100%
7399,100%
7400,100%
7401,90%
7402,100%
7403,100%
7404,100%
7405,100%
7406,100%
7407,90%
7408,100%
7409,100%
7410,100%
7411,N/A
7412,90%
7413,0%
7414,0%
7415,90%
7416,90%
7417,100%
7418,100%
7419,100%
7420,100%
7421,100%
7422,100%
7423,100%
7424,N/A
7425,100%
7426,100%
7427,100%
7428,20%
7429,100%
7430,100%
7431,100%
7432,100%
7433,90%
7434,100%
7435,100%
7436,100%
7437,100%
7438,100%
7439,99%
7440,99%
7441,100%
7442,100%
7443,100%
7444,100%
7445,100%
7446,100%
7447,80%
7448,70%
7449,70%
7450,70%
7451,100%
7452,99%
7453,99%
7454,100%
7455,100%
7456,100%
7457,100%
7458,100%
7459,90%
7460,100%
7461,67%
7462,100%
7463,100%
7464,N/A
7465,100%
7466,100%
7467,100%
7468,100%
7469,N/A
7470,100%
7471,90%
7472,100%
7473,N/A
7474,100%
7475,100%
7476,100%
7477,100%
7478,100%
7479,100%
7480,100%
7481,N/A
7482,100%
7483,100%
7484,100%
7485,100%
7486,100%
7487,100%
7488,100%
7489,100%
7490,100%
7491,100%
7492,100%
7493,100%
7494,100%
7495,100%
7496,89%
7497,100%
7498,100%
7499,100%
7500,100%
7501,67%
7502,100%
7503,100%
7504,91%
7505,91%
7506,99%
7507,100%
7508,100%
7509,100%
7510,91%
7511,100%
7512,91%
7513,91%
7514,100%
7515,N/A
7516,N/A
7517,100%
7518,100%
7519,100%
7520,100%
7521,100%
7522,100%
7523,100%
7524,100%
7525,100%
7526,100%
7527,100%
7528,100%
7529,90%
7530,100%
7531,100%
7532,100%
7533,100%
7534,100%
7535,100%
7536,100%
7537,90%
7538,90%
7539,86%
7540,100%
7541,99%
7542,100%
7543,100%
7544,100%
7545,99%
7546,75%
7547,100%
7548,100%
7549,100%
7550,100%
7551,100%
7552,100%
7553,100%
7554,100%
7555,100%
7556,100%
7557,100%
7558,100%
7559,100%
7560,100%
7561,100%
7562,100%
7563,100%
7564,100%
7565,100%
7566,100%
7567,100%
7568,100%
7569,100%
7570,100%
7571,100%
7572,100%
7573,100%
7574,100%
7575,100%
7576,100%
7577,100%
7578,100%
7579,100%
7580,100%
7581,100%
7582,100%
7583,100%
7584,100%
7585,100%
7586,100%
7587,99%
7588,N/A
7589,100%
7590,N/A
7591,100%
7592,93%
7593,100%
7594,100%
7595,100%
7596,100%
7597,100%
7598,100%
7599,80%
7600,88%
7601,100%
7602,100%
7603,100%
7604,100%
7605,100%
7606,90%
7607,70%
7608,100%
7609,100%
7610,100%
7611,100%
7612,100%
7613,100%
7614,75%
7615,100%
7616,100%
7617,100%
7618,100%
7619,100%
7620,80%
7621,100%
7622,100%
7623,100%
7624,100%
7625,100%
7626,N/A
7627,0%
7628,100%
7629,100%
7630,100%
7631,100%
7632,100%
7633,100%
7634,100%
7635,100%
7636,100%
7637,100%
7638,100%
7639,100%
7640,100%
7641,100%
7642,100%
7643,100%
7644,100%
7645,90%
7646,100%
7647,100%
7648,92%
7649,89%
7650,100%
7651,96%
7652,100%
7653,67%
7654,100%
7655,90%
7656,100%
7657,100%
7658,100%
7659,100%
7660,100%
7661,100%
7662,100%
7663,70%
7664,0%
7665,25%
7666,N/A
7667,100%
7668,100%
7669,100%
7670,90%
7671,96%
7672,100%
7673,100%
7674,N/A
7675,100%
7676,100%
7677,88%
7678,100%
7679,100%
7680,67%
7681,100%
7682,95%
7683,100%
7684,100%
7685,100%
7686,93%
7687,100%
7688,100%
7689,100%
7690,100%
7691,100%
7692,100%
7693,100%
7694,100%
7695,100%
7696,100%
7697,100%
7698,93%
7699,100%
7700,100%
7701,75%
7702,100%
7703,97%
7704,100%
7705,100%
7706,100%
7707,100%
7708,97%
7709,100%
7710,100%
7711,100%
7712,100%
7713,10%
7714,100%
7715,100%
7716,90%
7717,N/A
7718,100%
7719,20%
7720,89%
7721,100%
7722,100%
7723,100%
7724,20%
7725,100%
7726,97%
7727,100%
7728,100%
7729,100%
7730,100%
7731,100%
7732,100%
7733,100%
7734,100%
7735,100%
7736,100%
7737,100%
7738,100%
7739,100%
7740,100%
7741,100%
7742,100%
7743,89%
7744,100%
7745,100%
7746,100%
7747,100%
7748,100%
7749,100%
7750,N/A
7751,90%
7752,N/A
7753,86%
7754,100%
7755,100%
7756,100%
7757,100%
7758,100%
7759,100%
7760,100%
7761,100%
7762,70%
7763,100%
7764,100%
7765,90%
7766,100%
7767,100%
7768,100%
7769,100%
7770,100%
7771,100%
7772,100%
7773,100%
7774,100%
7775,97%
7776,100%
7777,100%
7778,100%
7779,100%
7780,100%
7781,100%
7782,100%
7783,100%
7784,100%
7785,88%
7786,100%
7787,70%
7788,100%
7789,70%
7790,70%
7791,100%
7792,100%
7793,N/A
7794,100%
7795,100%
7796,100%
7797,100%
7798,100%
7799,100%
7800,100%
7801,100%
7802,N/A
7803,100%
7804,100%
7805,80%
7806,100%
7807,100%
7808,100%
7809,100%
7810,100%
7811,100%
7812,100%
7813,91%
7814,100%
7815,90%
7816,70%
7817,80%
7818,100%
7819,100%
7820,100%
7821,100%
7822,100%
7823,100%
7824,100%
7825,100%
7826,100%
7827,100%
7828,100%
7829,100%
7830,100%
7831,100%
7832,100%
7833,99%
7834,100%
7835,N/A
7836,N/A
7837,100%
7838,100%
7839,77%
7840,100%
7841,100%
7842,100%
7843,100%
7844,100%
7845,100%
7846,100%
7847,100%
7848,100%
7849,100%
7850,100%
7851,100%
7852,100%
7853,N/A
7854,100%
7855,N/A
7856,100%
7857,8%
7858,8%
7859,100%
7860,100%
7861,100%
7862,100%
7863,100%
7864,100%
7865,100%
7866,100%
7867,100%
7868,100%
7869,100%
7870,100%
7871,100%
7872,100%
7873,100%
7874,95%
7875,N/A
7876,90%
7877,100%
7878,90%
7879,90%
7880,90%
7881,100%
7882,N/A
7883,100%
7884,100%
7885,100%
7886,80%
7887,100%
7888,100%
7889,90%
7890,70%
7891,90%
7892,100%
7893,90%
7894,100%
7895,90%
7896,89%
7897,100%
7898,100%
7899,13%
7900,100%
7901,100%
7902,100%
7903,100%
7904,100%
7905,100%
7906,100%
7907,100%
7908,100%
7909,100%
7910,100%
7911,75%
7912,100%
7913,N/A
7914,100%
7915,100%
7916,100%
7917,58%
7918,77%
7919,100%
7920,100%
7921,100%
7922,100%
7923,100%
7924,100%
7925,97%
7926,98%
7927,100%
7928,100%
7929,100%
7930,100%
7931,98%
7932,96%
7933,100%
7934,70%
7935,100%
7936,100%
7937,100%
7938,100%
7939,100%
7940,100%
7941,100%
7942,100%
7943,31%
7944,100%
7945,100%
7946,100%
7947,100%
7948,100%
7949,100%
7950,100%
7951,100%
7952,100%
7953,100%
7954,100%
7955,100%
7956,100%
7957,97%
7958,97%
7959,89%
7960,90%
7961,97%
7962,100%
7963,97%
7964,91%
7965,100%
7966,100%
7967,100%
7968,94%
7969,94%
7970,100%
7971,100%
7972,100%
7973,100%
7974,100%
7975,100%
7976,100%
7977,100%
7978,100%
7979,100%
7980,75%
7981,50%
7982,100%
7983,97%
7984,0%
7985,90%
7986,100%
7987,100%
7988,100%
7989,50%
7990,100%
7991,100%
7992,100%
7993,90%
7994,100%
7995,100%
7996,100%
7997,100%
7998,99%
7999,100%
8000,100%
8001,N/A
8002,100%
8003,100%
8004,100%
8005,100%
8006,100%
8007,90%
8008,100%
8009,100%
8010,100%
8011,100%
8012,100%
8013,96%
8014,100%
8015,100%
8016,N/A
8017,100%
8018,100%
8019,100%
8020,100%
8021,100%
8022,95%
8023,100%
8024,100%
8025,90%
8026,100%
8027,100%
8028,100%
8029,93%
8030,100%
8031,100%
8032,100%
8033,100%
8034,100%
8035,100%
8036,100%
8037,90%
8038,0%
8039,94%
8040,100%
8041,100%
8042,100%
8043,100%
8044,100%
8045,100%
8046,100%
8047,100%
8048,100%
8049,100%
8050,100%
8051,95%
8052,100%
8053,90%
8054,100%
8055,100%
8056,89%
8057,91%
8058,100%
8059,50%
8060,50%
8061,48%
8062,99%
8063,100%
8064,N/A
8065,100%
8066,100%
8067,100%
8068,95%
8069,100%
8070,100%
8071,100%
8072,100%
8073,40%
8074,100%
8075,100%
8076,100%
8077,96%
8078,70%
8079,100%
8080,100%
8081,100%
8082,100%
8083,100%
8084,100%
8085,100%
8086,100%
8087,100%
8088,100%
8089,100%
8090,100%
8091,95%
8092,100%
8093,95%
8094,95%
8095,95%
8096,0%
8097,100%
8098,100%
8099,100%
8100,100%
8101,91%
8102,94%
8103,100%
8104,97%
8105,97%
8106,87%
8107,100%
8108,100%
8109,100%
8110,86%
8111,100%
8112,100%
8113,100%
8114,85%
8115,N/A
8116,100%
8117,8%
8118,8%
8119,8%
8120,8%
8121,100%
8122,100%
8123,100%
8124,100%
8125,0%
8126,100%
8127,0%
8128,100%
8129,40%
8130,98%
8131,97%
8132,8%
8133,100%
8134,100%
8135,97%
8136,100%
8137,100%
8138,100%
8139,100%
8140,100%
8141,86%
8142,100%
8143,95%
8144,100%
8145,100%
8146,100%
8147,100%
8148,100%
8149,79%
8150,100%
8151,0%
8152,100%
8153,100%
8154,100%
8155,100%
8156,100%
8157,100%
8158,100%
8159,100%
8160,100%
8161,100%
8162,100%
8163,97%
8164,100%
8165,100%
8166,90%
8167,100%
8168,10%
8169,96%
8170,100%
8171,100%
8172,100%
8173,91%
8174,100%
8175,91%
8176,91%
8177,100%
8178,100%
8179,99%
8180,100%
8181,100%
8182,100%
8183,91%
8184,91%
8185,100%
8186,100%
8187,100%
8188,75%
8189,100%
8190,100%
8191,100%
8192,N/A
8193,100%
8194,100%
8195,97%
8196,100%
8197,100%
8198,100%
8199,100%
8200,79%
8201,100%
8202,100%
8203,100%
8204,97%
8205,100%
8206,99%
8207,89%
8208,100%
8209,100%
8210,100%
8211,100%
8212,100%
8213,100%
8214,100%
8215,100%
8216,100%
8217,100%
8218,100%
8219,100%
8220,50%
8221,100%
8222,100%
8223,100%
8224,100%
8225,80%
8226,94%
8227,N/A
8228,100%
8229,86%
8230,100%
8231,33%
8232,100%
8233,99%
8234,100%
8235,100%
8236,100%
8237,100%
8238,100%
8239,100%
8240,100%
8241,100%
8242,80%
8243,0%
8244,100%
8245,90%
8246,50%
8247,100%
8248,100%
8249,100%
8250,96%
8251,90%
8252,100%
8253,100%
8254,100%
8255,100%
8256,100%
8257,100%
8258,100%
8259,100%
8260,80%
8261,100%
8262,100%
8263,100%
8264,100%
8265,100%
8266,100%
8267,100%
8268,8%
8269,100%
8270,98%
8271,98%
8272,98%
8273,98%
8274,100%
8275,100%
8276,100%
8277,99%
8278,90%
8279,N/A
8280,N/A
8281,0%
8282,100%
8283,85%
8284,100%
8285,100%
8286,100%
8287,100%
8288,100%
8289,100%
8290,94%
8291,100%
8292,100%
8293,100%
8294,80%
8295,100%
8296,100%
8297,89%
8298,100%
8299,100%
8300,69%
8301,100%
8302,100%
8303,99%
8304,100%
8305,43%
8306,91%
8307,100%
8308,N/A
8309,93%
8310,93%
8311,100%
8312,100%
8313,100%
8314,100%
8315,100%
8316,100%
8317,N/A
8318,100%
8319,100%
8320,100%
8321,90%
8322,90%
8323,100%
8324,100%
8325,100%
8326,99%
8327,91%
8328,100%
8329,N/A
8330,33%
8331,100%
8332,100%
8333,100%
8334,0%
8335,100%
8336,100%
8337,100%
8338,94%
8339,94%
8340,94%
8341,94%
8342,89%
8343,73%
8344,100%
8345,100%
8346,100%
8347,100%
8348,100%
8349,100%
8350,100%
8351,100%
8352,100%
8353,100%
8354,100%
8355,0%
8356,70%
8357,100%
8358,100%
8359,91%
8360,100%
8361,100%
8362,79%
8363,100%
8364,90%
8365,100%
8366,100%
8367,97%
8368,85%
8369,70%
8370,100%
8371,100%
8372,100%
8373,85%
8374,100%
8375,100%
8376,100%
8377,100%
8378,100%
8379,100%
8380,94%
8381,100%
8382,80%
8383,100%
8384,N/A
8385,100%
8386,100%
8387,100%
8388,88%
8389,67%
8390,100%
8391,100%
8392,100%
8393,94%
8394,57%
8395,40%
8396,57%
8397,100%
8398,57%
8399,90%
8400,57%
8401,57%
8402,57%
8403,57%
8404,57%
8405,100%
8406,100%
8407,100%
8408,20%
8409,40%
8410,100%
8411,100%
8412,92%
8413,100%
8414,100%
8415,100%
8416,100%
8417,100%
8418,100%
8419,100%
8420,N/A
8421,100%
8422,90%
8423,100%
8424,100%
8425,100%
8426,100%
8427,90%
8428,100%
8429,100%
8430,100%
8431,100%
8432,100%
8433,100%
8434,100%
8435,100%
8436,100%
8437,100%
8438,100%
8439,100%
8440,100%
8441,100%
8442,99%
8443,100%
8444,100%
8445,100%
8446,100%
8447,95%
8448,100%
8449,100%
8450,100%
8451,100%
8452,50%
8453,100%
8454,0%
8455,90%
8456,100%
8457,100%
8458,100%
8459,100%
8460,50%
8461,100%
8462,90%
8463,100%
8464,80%
8465,90%
8466,100%
8467,100%
8468,100%
8469,100%
8470,90%
8471,100%
8472,88%
8473,88%
8474,88%
8475,100%
8476,100%
8477,77%
8478,100%
8479,100%
8480,75%
8481,N/A
8482,100%
8483,100%
8484,30%
8485,90%
8486,8%
8487,85%
8488,100%
8489,100%
8490,100%
8491,100%
8492,100%
8493,10%
8494,100%
8495,100%
8496,100%
8497,100%
8498,N/A
8499,100%
8500,96%
8501,100%
8502,100%
8503,0%
8504,0%
8505,0%
8506,0%
8507,0%
8508,0%
8509,0%
8510,100%
8511,93%
8512,N/A
8513,93%
8514,96%
8515,96%
8516,96%
8517,100%
8518,100%
8519,87%
8520,100%
8521,83%
8522,83%
8523,93%
8524,96%
8525,96%
8526,100%
8527,100%
8528,100%
8529,87%
8530,N/A
8531,100%
8532,100%
8533,N/A
8534,0%
8535,83%
8536,100%
8537,100%
8538,100%
8539,99%
8540,100%
8541,100%
8542,99%
8543,100%
8544,96%
8545,90%
8546,100%
8547,100%
8548,100%
8549,90%
8550,100%
8551,100%
8552,100%
8553,93%
8554,100%
8555,99%
8556,91%
8557,100%
8558,100%
8559,100%
8560,100%
8561,90%
8562,100%
8563,100%
8564,100%
8565,100%
8566,90%
8567,50%
8568,50%
8569,50%
8570,100%
8571,100%
8572,100%
8573,N/A
8574,N/A
8575,100%
8576,100%
8577,83%
8578,99%
8579,100%
8580,100%
8581,30%
8582,100%
8583,100%
8584,100%
8585,100%
8586,100%
8587,90%
8588,100%
8589,100%
8590,100%
8591,100%
8592,48%
8593,100%
8594,100%
8595,100%
8596,100%
8597,100%
8598,100%
8599,100%
8600,100%
8601,100%
8602,100%
8603,100%
8604,100%
8605,100%
8606,100%
8607,100%
8608,100%
8609,50%
8610,50%
8611,100%
8612,50%
8613,50%
8614,100%
8615,100%
8616,50%
8617,100%
8618,100%
8619,100%
8620,100%
8621,N/A
8622,93%
8623,100%
8624,89%
8625,80%
8626,90%
8627,100%
8628,100%
8629,100%
8630,100%
8631,100%
8632,100%
8633,60%
8634,100%
8635,100%
8636,100%
8637,100%
8638,100%
8639,100%
8640,100%
8641,100%
8642,100%
8643,100%
8644,90%
8645,100%
8646,100%
8647,100%
8648,100%
8649,97%
8650,90%
8651,90%
8652,70%
8653,100%
8654,100%
8655,100%
8656,92%
8657,100%
8658,100%
8659,100%
8660,100%
8661,95%
8662,100%
8663,100%
8664,100%
8665,100%
8666,100%
8667,100%
8668,100%
8669,100%
8670,100%
8671,100%
8672,100%
8673,83%
8674,100%
8675,100%
8676,100%
8677,97%
8678,100%
8679,100%
8680,97%
8681,100%
8682,91%
8683,100%
8684,100%
8685,100%
8686,100%
8687,100%
8688,100%
8689,100%
8690,91%
8691,94%
8692,100%
8693,100%
8694,100%
8695,100%
8696,100%
8697,100%
8698,97%
8699,100%
8700,100%
8701,100%
8702,95%
8703,72%
8704,72%
8705,100%
8706,90%
8707,100%
8708,72%
8709,88%
8710,100%
8711,80%
8712,100%
8713,100%
8714,100%
8715,100%
8716,100%
8717,100%
8718,100%
8719,100%
8720,100%
8721,86%
8722,100%
8723,100%
8724,100%
8725,96%
8726,100%
8727,100%
8728,100%
8729,100%
8730,100%
8731,100%
8732,100%
8733,100%
8734,100%
8735,100%
8736,73%
8737,73%
8738,100%
8739,100%
8740,94%
8741,100%
8742,100%
8743,100%
8744,100%
8745,100%
8746,100%
8747,97%
8748,96%
8749,96%
8750,100%
8751,100%
8752,100%
8753,0%
8754,N/A
8755,100%
8756,100%
8757,0%
8758,100%
8759,100%
8760,N/A
8761,100%
8762,100%
8763,100%
8764,100%
8765,100%
8766,100%
8767,100%
8768,93%
8769,100%
8770,96%
8771,96%
8772,100%
8773,92%
8774,30%
8775,99%
8776,100%
8777,88%
8778,100%
8779,100%
8780,N/A
8781,100%
8782,30%
8783,N/A
8784,100%
8785,100%
8786,100%
8787,100%
8788,100%
8789,100%
8790,91%
8791,91%
8792,100%
8793,N/A
8794,100%
8795,100%
8796,100%
8797,N/A
8798,97%
8799,100%
8800,70%
8801,100%
8802,N/A
8803,100%
8804,100%
8805,100%
8806,99%
8807,100%
8808,100%
8809,97%
8810,100%
8811,100%
8812,N/A
8813,97%
8814,100%
8815,100%
8816,98%
8817,100%
8818,100%
8819,83%
8820,100%
8821,100%
8822,100%
8823,100%
8824,100%
8825,99%
8826,99%
8827,100%
8828,100%
8829,N/A
8830,N/A
8831,100%
8832,77%
8833,100%
8834,77%
8835,99%
8836,99%
8837,99%
8838,99%
8839,100%
8840,100%
8841,100%
8842,100%
8843,100%
8844,30%
8845,100%
8846,99%
8847,100%
8848,97%
8849,100%
8850,100%
8851,100%
8852,100%
8853,100%
8854,100%
8855,100%
8856,100%
8857,100%
8858,100%
8859,80%
8860,100%
8861,100%
8862,100%
8863,100%
8864,100%
8865,90%
8866,90%
8867,90%
8868,100%
8869,100%
8870,100%
8871,100%
8872,100%
8873,100%
8874,100%
8875,100%
8876,99%
8877,100%
8878,100%
8879,100%
8880,100%
8881,100%
8882,100%
8883,100%
8884,100%
8885,100%
8886,100%
8887,90%
8888,90%
8889,90%
8890,90%
8891,0%
8892,100%
8893,100%
8894,100%
8895,100%
8896,100%
8897,100%
8898,N/A
8899,100%
8900,100%
8901,78%
8902,100%
8903,100%
8904,95%
8905,90%
8906,100%
8907,97%
8908,100%
8909,100%
8910,100%
8911,90%
8912,90%
8913,90%
8914,100%
8915,N/A
8916,100%
8917,73%
8918,94%
8919,94%
8920,100%
8921,100%
8922,100%
8923,100%
8924,100%
8925,N/A
8926,100%
8927,99%
8928,100%
8929,100%
8930,97%
8931,100%
8932,100%
8933,96%
8934,96%
8935,97%
8936,100%
8937,100%
8938,100%
8939,100%
8940,90%
8941,100%
8942,100%
8943,100%
8944,100%
8945,100%
8946,100%
8947,83%
8948,100%
8949,100%
8950,90%
8951,100%
8952,100%
8953,98%
8954,100%
8955,100%
8956,100%
8957,100%
8958,100%
8959,100%
8960,100%
8961,83%
8962,100%
8963,100%
8964,100%
8965,100%
8966,100%
8967,100%
8968,100%
8969,63%
8970,100%
8971,100%
8972,96%
8973,100%
8974,100%
8975,100%
8976,N/A
8977,100%
8978,100%
8979,100%
8980,100%
8981,100%
8982,100%
8983,100%
8984,100%
8985,100%
8986,100%
8987,100%
8988,100%
8989,100%
8990,99%
8991,100%
8992,100%
8993,99%
8994,99%
8995,99%
8996,92%
8997,100%
8998,100%
8999,100%
9000,100%
9001,100%
9002,90%
9003,99%
9004,100%
9005,100%
9006,100%
9007,95%
9008,0%
9009,100%
9010,92%
9011,99%
9012,100%
9013,100%
9014,100%
9015,99%
9016,100%
9017,100%
9018,100%
9019,100%
9020,100%
9021,100%
9022,100%
9023,100%
9024,100%
9025,100%
9026,100%
9027,100%
9028,100%
9029,31%
9030,100%
9031,100%
9032,100%
9033,100%
9034,100%
9035,100%
9036,100%
9037,N/A
9038,100%
9039,30%
9040,100%
9041,100%
9042,30%
9043,100%
9044,100%
9045,N/A
9046,91%
9047,80%
9048,100%
9049,78%
9050,78%
9051,78%
9052,78%
9053,100%
9054,100%
9055,100%
9056,100%
9057,100%
9058,100%
9059,100%
9060,100%
9061,100%
9062,90%
9063,100%
9064,100%
9065,100%
9066,90%
9067,100%
9068,100%
9069,N/A
9070,100%
9071,100%
9072,100%
9073,100%
9074,100%
9075,100%
9076,100%
9077,100%
9078,100%
9079,100%
9080,100%
9081,100%
9082,100%
9083,92%
9084,97%
9085,N/A
9086,100%
9087,100%
9088,30%
9089,99%
9090,100%
9091,100%
9092,100%
9093,100%
9094,100%
9095,100%
9096,100%
9097,100%
9098,91%
9099,91%
9100,91%
9101,100%
9102,91%
9103,100%
9104,100%
9105,100%
9106,100%
9107,50%
9108,100%
9109,100%
9110,100%
9111,97%
9112,100%
9113,56%
9114,97%
9115,97%
9116,97%
9117,50%
9118,100%
9119,100%
9120,100%
9121,97%
9122,100%
9123,100%
9124,100%
9125,99%
9126,99%
9127,100%
9128,93%
9129,86%
9130,100%
9131,86%
9132,100%
9133,99%
9134,100%
9135,97%
9136,99%
9137,100%
9138,100%
9139,100%
9140,97%
9141,100%
9142,100%
9143,90%
9144,93%
9145,55%
9146,36%
9147,75%
9148,100%
9149,100%
9150,100%
9151,100%
9152,100%
9153,100%
9154,100%
9155,100%
9156,40%
9157,100%
9158,N/A
9159,95%
9160,97%
9161,98%
9162,N/A
9163,100%
9164,94%
9165,100%
9166,64%
9167,100%
9168,100%
9169,100%
9170,97%
9171,93%
9172,97%
9173,83%
9174,100%
9175,100%
9176,100%
9177,100%
9178,100%
9179,100%
9180,93%
9181,100%
9182,100%
9183,99%
9184,100%
9185,6%
9186,100%
9187,100%
9188,100%
9189,100%
9190,99%
9191,100%
9192,100%
9193,100%
9194,N/A
9195,90%
9196,100%
9197,100%
9198,100%
9199,96%
9200,100%
9201,90%
9202,100%
9203,100%
9204,78%
9205,98%
9206,98%
9207,98%
9208,98%
9209,100%
9210,100%
9211,100%
9212,100%
9213,100%
9214,100%
9215,100%
9216,100%
9217,100%
9218,100%
9219,100%
9220,100%
9221,100%
9222,93%
9223,100%
9224,100%
9225,100%
9226,100%
9227,N/A
9228,100%
9229,100%
9230,100%
9231,100%
9232,100%
9233,93%
9234,100%
9235,100%
9236,80%
9237,100%
9238,100%
9239,100%
9240,100%
9241,100%
9242,86%
9243,100%
9244,100%
9245,100%
9246,100%
9247,100%
9248,100%
9249,100%
9250,100%
9251,100%
9252,100%
9253,100%
9254,100%
9255,88%
9256,7%
9257,100%
9258,97%
9259,97%
9260,97%
9261,100%
9262,96%
9263,100%
9264,100%
9265,100%
9266,100%
9267,100%
9268,100%
9269,100%
9270,100%
9271,100%
9272,95%
9273,96%
9274,100%
9275,100%
9276,100%
9277,100%
9278,100%
9279,93%
9280,99%
9281,80%
9282,93%
9283,93%
9284,95%
9285,97%
9286,N/A
9287,99%
9288,99%
9289,100%
9290,100%
9291,100%
9292,100%
9293,50%
9294,100%
9295,100%
9296,100%
9297,100%
9298,97%
9299,75%
9300,N/A
9301,100%
9302,100%
9303,100%
9304,100%
9305,100%
9306,100%
9307,80%
9308,100%
9309,100%
9310,100%
9311,100%
9312,48%
9313,100%
9314,100%
9315,88%
9316,50%
9317,100%
9318,N/A
9319,100%
9320,98%
9321,98%
9322,100%
9323,75%
9324,N/A
9325,100%
9326,100%
9327,7%
9328,100%
9329,90%
9330,33%
9331,100%
9332,99%
9333,99%
9334,92%
9335,100%
9336,100%
9337,100%
9338,100%
9339,100%
9340,100%
9341,N/A
9342,100%
9343,100%
9344,93%
9345,93%
9346,60%
9347,99%
9348,N/A
9349,100%
9350,100%
9351,78%
9352,N/A
9353,100%
9354,100%
9355,100%
9356,100%
9357,100%
9358,99%
9359,N/A
9360,N/A
9361,100%
9362,100%
9363,100%
9364,92%
9365,100%
9366,100%
9367,100%
9368,N/A
9369,N/A
9370,100%
9371,100%
9372,100%
9373,100%
9374,100%
9375,100%
9376,99%
9377,100%
9378,100%
9379,94%
9380,100%
9381,100%
9382,100%
9383,N/A
9384,98%
9385,98%
9386,98%
9387,98%
9388,98%
9389,N/A
9390,98%
9391,N/A
9392,N/A
9393,75%
9394,100%
9395,100%
9396,100%
9397,100%
9398,95%
9399,95%
9400,100%
9401,100%
9402,100%
9403,100%
9404,100%
9405,100%
9406,100%
9407,100%
9408,100%
9409,100%
9410,100%
9411,100%
9412,100%
9413,100%
9414,100%
9415,95%
9416,95%
9417,95%
9418,N/A
9419,100%
9420,100%
9421,100%
9422,78%
9423,100%
9424,100%
9425,100%
9426,100%
9427,98%
9428,98%
9429,N/A
9430,100%
9431,100%
9432,100%
9433,100%
9434,100%
9435,100%
9436,N/A
9437,100%
9438,100%
9439,100%
9440,100%
9441,100%
9442,N/A
9443,100%
9444,N/A
9445,60%
9446,60%
