,tiene_disponibilidad
0,t
1,t
2,t
3,t
4,t
5,t
6,t
7,t
8,t
9,t
10,t
11,t
12,t
13,t
14,t
15,t
16,t
17,t
18,t
19,t
20,t
21,t
22,t
23,t
24,t
25,t
26,t
27,t
28,t
29,t
30,t
31,t
32,t
33,t
34,t
35,t
36,t
37,t
38,t
39,t
40,t
41,t
42,t
43,t
44,t
45,t
46,t
47,t
48,t
49,t
50,t
51,t
52,t
53,t
54,t
55,t
56,t
57,t
58,t
59,t
60,t
61,t
62,t
63,t
64,t
65,t
66,t
67,t
68,t
69,t
70,t
71,t
72,t
73,t
74,t
75,t
76,t
77,t
78,t
79,t
80,t
81,t
82,t
83,t
84,t
85,t
86,t
87,t
88,t
89,t
90,t
91,t
92,t
93,t
94,t
95,t
96,t
97,t
98,t
99,t
100,t
101,t
102,t
103,t
104,t
105,t
106,t
107,t
108,t
109,t
110,t
111,t
112,t
113,t
114,t
115,No hay detalles
116,t
117,t
118,t
119,t
120,t
121,t
122,t
123,t
124,No hay detalles
125,t
126,t
127,t
128,t
129,t
130,t
131,t
132,t
133,t
134,t
135,t
136,t
137,t
138,t
139,t
140,t
141,t
142,t
143,t
144,t
145,t
146,t
147,t
148,t
149,t
150,t
151,t
152,t
153,t
154,t
155,t
156,t
157,t
158,t
159,t
160,t
161,t
162,t
163,t
164,t
165,t
166,t
167,t
168,t
169,t
170,t
171,t
172,t
173,t
174,t
175,t
176,t
177,t
178,t
179,t
180,t
181,t
182,t
183,t
184,t
185,t
186,t
187,t
188,t
189,t
190,t
191,t
192,t
193,t
194,t
195,t
196,t
197,t
198,t
199,t
200,t
201,t
202,t
203,t
204,t
205,t
206,No hay detalles
207,t
208,t
209,t
210,t
211,t
212,t
213,t
214,t
215,t
216,t
217,t
218,t
219,t
220,t
221,t
222,t
223,t
224,t
225,t
226,t
227,t
228,t
229,t
230,t
231,t
232,t
233,t
234,t
235,t
236,No hay detalles
237,t
238,t
239,t
240,t
241,t
242,t
243,t
244,t
245,t
246,t
247,t
248,t
249,t
250,t
251,t
252,t
253,t
254,t
255,t
256,t
257,t
258,t
259,t
260,t
261,t
262,t
263,t
264,t
265,t
266,t
267,t
268,t
269,t
270,t
271,t
272,t
273,t
274,t
275,t
276,t
277,t
278,t
279,t
280,t
281,t
282,t
283,t
284,t
285,t
286,t
287,t
288,t
289,t
290,t
291,t
292,t
293,t
294,t
295,t
296,t
297,t
298,t
299,t
300,t
301,t
302,t
303,t
304,t
305,t
306,t
307,t
308,t
309,t
310,t
311,t
312,t
313,t
314,t
315,t
316,t
317,t
318,t
319,No hay detalles
320,t
321,t
322,t
323,t
324,t
325,t
326,t
327,t
328,t
329,t
330,t
331,t
332,t
333,t
334,t
335,t
336,t
337,t
338,t
339,t
340,t
341,t
342,t
343,t
344,t
345,t
346,t
347,t
348,t
349,t
350,t
351,t
352,t
353,t
354,t
355,t
356,t
357,t
358,t
359,t
360,t
361,t
362,t
363,t
364,t
365,t
366,t
367,t
368,t
369,t
370,t
371,t
372,t
373,t
374,t
375,t
376,t
377,t
378,t
379,t
380,t
381,t
382,t
383,t
384,t
385,t
386,t
387,t
388,t
389,t
390,t
391,t
392,t
393,t
394,t
395,t
396,t
397,t
398,t
399,t
400,t
401,t
402,t
403,t
404,t
405,t
406,t
407,t
408,t
409,t
410,t
411,t
412,t
413,t
414,t
415,t
416,t
417,t
418,t
419,t
420,t
421,t
422,t
423,t
424,t
425,t
426,t
427,t
428,t
429,t
430,t
431,t
432,t
433,t
434,t
435,t
436,t
437,t
438,t
439,t
440,t
441,t
442,t
443,t
444,t
445,t
446,t
447,t
448,t
449,t
450,t
451,t
452,t
453,t
454,t
455,t
456,t
457,t
458,t
459,t
460,t
461,t
462,t
463,t
464,t
465,t
466,t
467,t
468,t
469,t
470,t
471,t
472,No hay detalles
473,t
474,t
475,t
476,t
477,t
478,t
479,t
480,t
481,t
482,t
483,t
484,t
485,t
486,t
487,t
488,t
489,t
490,t
491,t
492,t
493,t
494,t
495,t
496,t
497,t
498,t
499,t
500,t
501,t
502,t
503,t
504,t
505,t
506,t
507,t
508,t
509,t
510,t
511,t
512,t
513,t
514,t
515,t
516,t
517,t
518,t
519,t
520,t
521,t
522,t
523,t
524,t
525,t
526,t
527,t
528,t
529,t
530,t
531,t
532,t
533,t
534,t
535,t
536,t
537,t
538,t
539,t
540,t
541,t
542,t
543,t
544,t
545,t
546,t
547,t
548,t
549,t
550,t
551,t
552,t
553,t
554,t
555,t
556,t
557,t
558,t
559,t
560,t
561,t
562,No hay detalles
563,t
564,t
565,t
566,t
567,t
568,t
569,t
570,t
571,t
572,t
573,t
574,t
575,t
576,t
577,t
578,t
579,t
580,t
581,t
582,t
583,t
584,t
585,t
586,t
587,t
588,t
589,t
590,t
591,t
592,t
593,t
594,t
595,t
596,t
597,t
598,t
599,t
600,t
601,t
602,t
603,t
604,t
605,t
606,t
607,t
608,t
609,t
610,t
611,t
612,t
613,t
614,t
615,t
616,t
617,t
618,t
619,t
620,t
621,t
622,t
623,t
624,t
625,t
626,t
627,t
628,t
629,t
630,t
631,t
632,t
633,t
634,t
635,t
636,t
637,t
638,t
639,t
640,t
641,No hay detalles
642,t
643,t
644,t
645,t
646,t
647,t
648,t
649,No hay detalles
650,t
651,t
652,t
653,t
654,t
655,t
656,t
657,t
658,t
659,t
660,t
661,t
662,t
663,t
664,t
665,t
666,t
667,t
668,t
669,t
670,t
671,t
672,t
673,t
674,t
675,t
676,t
677,t
678,t
679,t
680,t
681,t
682,t
683,t
684,t
685,t
686,t
687,t
688,t
689,t
690,t
691,t
692,t
693,t
694,t
695,t
696,t
697,t
698,t
699,t
700,t
701,t
702,t
703,t
704,t
705,t
706,t
707,t
708,t
709,t
710,t
711,t
712,t
713,t
714,t
715,t
716,t
717,t
718,t
719,t
720,t
721,t
722,t
723,t
724,t
725,t
726,t
727,t
728,t
729,t
730,t
731,t
732,t
733,t
734,t
735,No hay detalles
736,t
737,t
738,t
739,t
740,t
741,t
742,t
743,t
744,No hay detalles
745,t
746,t
747,t
748,t
749,t
750,t
751,t
752,t
753,t
754,t
755,t
756,t
757,t
758,t
759,t
760,t
761,t
762,t
763,t
764,t
765,t
766,t
767,t
768,t
769,t
770,t
771,t
772,t
773,t
774,t
775,t
776,t
777,t
778,t
779,t
780,t
781,t
782,t
783,t
784,t
785,t
786,t
787,t
788,t
789,t
790,t
791,t
792,t
793,t
794,t
795,t
796,t
797,t
798,t
799,t
800,t
801,t
802,t
803,t
804,t
805,t
806,t
807,t
808,t
809,t
810,t
811,t
812,t
813,t
814,t
815,t
816,t
817,t
818,t
819,t
820,t
821,t
822,t
823,t
824,t
825,t
826,t
827,t
828,t
829,t
830,t
831,t
832,t
833,t
834,t
835,t
836,t
837,t
838,t
839,t
840,t
841,t
842,t
843,t
844,t
845,t
846,t
847,t
848,t
849,t
850,t
851,t
852,t
853,t
854,t
855,t
856,t
857,t
858,t
859,t
860,t
861,t
862,t
863,t
864,t
865,t
866,t
867,t
868,t
869,t
870,t
871,t
872,t
873,t
874,t
875,t
876,t
877,t
878,t
879,t
880,t
881,t
882,t
883,t
884,t
885,t
886,t
887,t
888,t
889,t
890,t
891,t
892,t
893,t
894,t
895,t
896,t
897,t
898,t
899,t
900,t
901,t
902,t
903,t
904,t
905,t
906,t
907,t
908,t
909,t
910,t
911,t
912,t
913,t
914,t
915,t
916,t
917,t
918,t
919,t
920,t
921,t
922,t
923,t
924,t
925,t
926,t
927,t
928,t
929,t
930,t
931,t
932,t
933,t
934,t
935,t
936,t
937,t
938,t
939,t
940,t
941,t
942,t
943,t
944,t
945,t
946,t
947,t
948,t
949,t
950,t
951,t
952,t
953,t
954,t
955,t
956,t
957,t
958,t
959,t
960,t
961,t
962,t
963,t
964,t
965,t
966,t
967,t
968,t
969,t
970,t
971,t
972,t
973,t
974,t
975,t
976,t
977,t
978,t
979,t
980,t
981,t
982,t
983,t
984,t
985,t
986,t
987,t
988,t
989,t
990,t
991,t
992,t
993,t
994,t
995,t
996,t
997,t
998,t
999,t
1000,t
1001,t
1002,t
1003,t
1004,t
1005,t
1006,t
1007,t
1008,t
1009,t
1010,t
1011,t
1012,t
1013,t
1014,t
1015,t
1016,t
1017,t
1018,t
1019,t
1020,t
1021,t
1022,t
1023,t
1024,t
1025,t
1026,t
1027,t
1028,t
1029,t
1030,t
1031,t
1032,t
1033,t
1034,t
1035,t
1036,t
1037,t
1038,t
1039,t
1040,t
1041,t
1042,t
1043,t
1044,t
1045,t
1046,t
1047,t
1048,t
1049,t
1050,t
1051,t
1052,t
1053,t
1054,t
1055,t
1056,t
1057,t
1058,t
1059,t
1060,t
1061,t
1062,t
1063,t
1064,t
1065,t
1066,t
1067,t
1068,t
1069,t
1070,t
1071,t
1072,t
1073,t
1074,t
1075,t
1076,t
1077,t
1078,t
1079,t
1080,t
1081,t
1082,t
1083,t
1084,t
1085,t
1086,t
1087,t
1088,t
1089,t
1090,t
1091,t
1092,t
1093,t
1094,t
1095,t
1096,t
1097,t
1098,t
1099,t
1100,t
1101,t
1102,t
1103,t
1104,t
1105,t
1106,t
1107,t
1108,t
1109,t
1110,t
1111,t
1112,t
1113,t
1114,t
1115,t
1116,t
1117,t
1118,t
1119,No hay detalles
1120,t
1121,t
1122,t
1123,t
1124,t
1125,t
1126,t
1127,t
1128,t
1129,t
1130,t
1131,t
1132,t
1133,t
1134,t
1135,t
1136,t
1137,No hay detalles
1138,t
1139,t
1140,t
1141,t
1142,t
1143,t
1144,t
1145,t
1146,t
1147,t
1148,t
1149,t
1150,t
1151,t
1152,t
1153,t
1154,t
1155,t
1156,t
1157,t
1158,t
1159,t
1160,t
1161,t
1162,t
1163,t
1164,t
1165,t
1166,t
1167,t
1168,t
1169,t
1170,t
1171,t
1172,t
1173,t
1174,t
1175,t
1176,t
1177,t
1178,t
1179,t
1180,t
1181,t
1182,t
1183,t
1184,t
1185,t
1186,t
1187,t
1188,t
1189,t
1190,t
1191,t
1192,t
1193,t
1194,t
1195,t
1196,t
1197,t
1198,t
1199,t
1200,t
1201,t
1202,t
1203,t
1204,t
1205,t
1206,t
1207,t
1208,t
1209,t
1210,t
1211,t
1212,t
1213,t
1214,t
1215,t
1216,t
1217,t
1218,t
1219,t
1220,t
1221,t
1222,t
1223,t
1224,t
1225,t
1226,t
1227,t
1228,t
1229,t
1230,t
1231,t
1232,t
1233,t
1234,t
1235,t
1236,t
1237,t
1238,t
1239,t
1240,t
1241,t
1242,t
1243,t
1244,t
1245,t
1246,t
1247,t
1248,t
1249,t
1250,t
1251,No hay detalles
1252,t
1253,t
1254,t
1255,t
1256,t
1257,t
1258,t
1259,t
1260,t
1261,t
1262,t
1263,t
1264,t
1265,t
1266,t
1267,t
1268,t
1269,t
1270,t
1271,t
1272,t
1273,t
1274,t
1275,t
1276,t
1277,t
1278,t
1279,t
1280,t
1281,t
1282,t
1283,t
1284,t
1285,t
1286,t
1287,t
1288,t
1289,t
1290,t
1291,t
1292,t
1293,t
1294,t
1295,t
1296,t
1297,t
1298,t
1299,t
1300,t
1301,t
1302,t
1303,t
1304,t
1305,t
1306,t
1307,t
1308,t
1309,t
1310,t
1311,t
1312,t
1313,t
1314,t
1315,t
1316,t
1317,t
1318,t
1319,t
1320,t
1321,t
1322,t
1323,t
1324,t
1325,t
1326,t
1327,t
1328,t
1329,t
1330,t
1331,t
1332,t
1333,t
1334,t
1335,t
1336,t
1337,t
1338,t
1339,t
1340,t
1341,t
1342,t
1343,t
1344,t
1345,t
1346,t
1347,t
1348,t
1349,t
1350,t
1351,t
1352,t
1353,t
1354,t
1355,t
1356,t
1357,t
1358,t
1359,t
1360,t
1361,t
1362,t
1363,t
1364,t
1365,t
1366,t
1367,t
1368,t
1369,t
1370,t
1371,t
1372,t
1373,t
1374,t
1375,t
1376,t
1377,t
1378,t
1379,t
1380,t
1381,t
1382,t
1383,t
1384,t
1385,t
1386,t
1387,t
1388,No hay detalles
1389,t
1390,t
1391,t
1392,t
1393,t
1394,t
1395,t
1396,t
1397,t
1398,t
1399,t
1400,t
1401,t
1402,t
1403,t
1404,t
1405,t
1406,t
1407,t
1408,t
1409,t
1410,t
1411,t
1412,t
1413,t
1414,t
1415,t
1416,t
1417,t
1418,t
1419,t
1420,t
1421,t
1422,t
1423,t
1424,t
1425,t
1426,t
1427,t
1428,t
1429,t
1430,t
1431,t
1432,t
1433,t
1434,t
1435,t
1436,t
1437,t
1438,t
1439,t
1440,t
1441,t
1442,t
1443,t
1444,t
1445,t
1446,t
1447,t
1448,t
1449,t
1450,t
1451,t
1452,t
1453,t
1454,t
1455,t
1456,t
1457,t
1458,t
1459,t
1460,t
1461,t
1462,t
1463,t
1464,t
1465,t
1466,t
1467,t
1468,t
1469,No hay detalles
1470,No hay detalles
1471,t
1472,t
1473,t
1474,t
1475,t
1476,t
1477,t
1478,t
1479,t
1480,t
1481,t
1482,t
1483,t
1484,t
1485,t
1486,t
1487,t
1488,t
1489,t
1490,t
1491,t
1492,t
1493,t
1494,t
1495,t
1496,t
1497,t
1498,t
1499,t
1500,t
1501,t
1502,t
1503,t
1504,t
1505,t
1506,t
1507,t
1508,t
1509,t
1510,t
1511,t
1512,t
1513,t
1514,t
1515,t
1516,t
1517,t
1518,t
1519,t
1520,t
1521,t
1522,t
1523,t
1524,t
1525,t
1526,t
1527,t
1528,t
1529,t
1530,t
1531,t
1532,t
1533,t
1534,t
1535,t
1536,t
1537,t
1538,t
1539,t
1540,t
1541,t
1542,t
1543,t
1544,t
1545,t
1546,t
1547,t
1548,t
1549,t
1550,t
1551,t
1552,t
1553,t
1554,t
1555,t
1556,t
1557,t
1558,t
1559,t
1560,t
1561,t
1562,t
1563,t
1564,t
1565,t
1566,t
1567,t
1568,t
1569,t
1570,t
1571,t
1572,t
1573,t
1574,t
1575,t
1576,t
1577,t
1578,t
1579,t
1580,t
1581,t
1582,t
1583,t
1584,t
1585,t
1586,t
1587,t
1588,t
1589,t
1590,t
1591,t
1592,t
1593,t
1594,t
1595,t
1596,t
1597,t
1598,t
1599,t
1600,t
1601,t
1602,t
1603,t
1604,t
1605,t
1606,t
1607,t
1608,t
1609,t
1610,t
1611,t
1612,t
1613,No hay detalles
1614,t
1615,t
1616,t
1617,t
1618,t
1619,t
1620,t
1621,t
1622,t
1623,t
1624,t
1625,t
1626,t
1627,t
1628,t
1629,t
1630,t
1631,t
1632,t
1633,t
1634,t
1635,t
1636,t
1637,t
1638,t
1639,t
1640,t
1641,t
1642,t
1643,t
1644,t
1645,t
1646,t
1647,t
1648,t
1649,t
1650,t
1651,t
1652,t
1653,t
1654,t
1655,t
1656,t
1657,t
1658,t
1659,t
1660,t
1661,t
1662,t
1663,t
1664,t
1665,t
1666,t
1667,t
1668,t
1669,t
1670,t
1671,t
1672,t
1673,t
1674,t
1675,t
1676,t
1677,t
1678,No hay detalles
1679,No hay detalles
1680,t
1681,t
1682,t
1683,t
1684,t
1685,t
1686,t
1687,t
1688,t
1689,t
1690,t
1691,t
1692,t
1693,t
1694,t
1695,t
1696,t
1697,t
1698,t
1699,t
1700,t
1701,t
1702,t
1703,t
1704,t
1705,t
1706,t
1707,t
1708,t
1709,t
1710,t
1711,t
1712,t
1713,t
1714,t
1715,t
1716,t
1717,t
1718,t
1719,t
1720,t
1721,t
1722,t
1723,t
1724,t
1725,t
1726,t
1727,t
1728,t
1729,t
1730,t
1731,t
1732,t
1733,t
1734,t
1735,t
1736,t
1737,t
1738,t
1739,t
1740,t
1741,t
1742,t
1743,t
1744,t
1745,t
1746,t
1747,t
1748,t
1749,t
1750,t
1751,t
1752,t
1753,t
1754,t
1755,t
1756,t
1757,t
1758,t
1759,t
1760,t
1761,t
1762,t
1763,t
1764,t
1765,t
1766,t
1767,t
1768,t
1769,t
1770,t
1771,t
1772,t
1773,t
1774,t
1775,t
1776,t
1777,t
1778,t
1779,t
1780,t
1781,t
1782,t
1783,t
1784,t
1785,t
1786,t
1787,t
1788,t
1789,t
1790,t
1791,t
1792,t
1793,t
1794,t
1795,t
1796,t
1797,t
1798,t
1799,t
1800,t
1801,t
1802,t
1803,t
1804,t
1805,t
1806,t
1807,t
1808,t
1809,t
1810,t
1811,t
1812,t
1813,t
1814,t
1815,t
1816,t
1817,t
1818,t
1819,t
1820,t
1821,t
1822,t
1823,t
1824,t
1825,t
1826,t
1827,t
1828,t
1829,t
1830,t
1831,t
1832,t
1833,t
1834,t
1835,t
1836,t
1837,t
1838,t
1839,t
1840,t
1841,t
1842,No hay detalles
1843,t
1844,t
1845,t
1846,t
1847,t
1848,t
1849,t
1850,t
1851,t
1852,t
1853,t
1854,t
1855,t
1856,t
1857,t
1858,t
1859,t
1860,t
1861,t
1862,t
1863,t
1864,t
1865,t
1866,t
1867,t
1868,t
1869,t
1870,t
1871,t
1872,t
1873,t
1874,t
1875,t
1876,t
1877,t
1878,t
1879,t
1880,t
1881,t
1882,t
1883,t
1884,t
1885,t
1886,t
1887,t
1888,t
1889,t
1890,t
1891,t
1892,t
1893,t
1894,t
1895,t
1896,t
1897,t
1898,t
1899,t
1900,t
1901,t
1902,t
1903,t
1904,t
1905,t
1906,t
1907,t
1908,t
1909,t
1910,t
1911,t
1912,t
1913,t
1914,t
1915,t
1916,t
1917,t
1918,t
1919,t
1920,t
1921,t
1922,t
1923,t
1924,t
1925,t
1926,t
1927,t
1928,t
1929,t
1930,t
1931,t
1932,t
1933,t
1934,t
1935,t
1936,t
1937,t
1938,t
1939,t
1940,t
1941,t
1942,t
1943,t
1944,t
1945,t
1946,t
1947,t
1948,t
1949,t
1950,t
1951,t
1952,t
1953,t
1954,t
1955,t
1956,t
1957,t
1958,t
1959,t
1960,t
1961,t
1962,t
1963,t
1964,t
1965,t
1966,t
1967,t
1968,t
1969,t
1970,t
1971,t
1972,t
1973,t
1974,t
1975,t
1976,t
1977,t
1978,t
1979,t
1980,t
1981,t
1982,t
1983,t
1984,t
1985,t
1986,t
1987,t
1988,t
1989,t
1990,t
1991,t
1992,t
1993,t
1994,t
1995,t
1996,t
1997,t
1998,t
1999,t
2000,t
2001,t
2002,t
2003,t
2004,t
2005,t
2006,t
2007,t
2008,t
2009,t
2010,t
2011,t
2012,t
2013,t
2014,t
2015,t
2016,t
2017,t
2018,t
2019,t
2020,t
2021,t
2022,t
2023,t
2024,t
2025,t
2026,t
2027,t
2028,t
2029,t
2030,t
2031,t
2032,t
2033,t
2034,t
2035,t
2036,t
2037,t
2038,t
2039,t
2040,t
2041,t
2042,t
2043,t
2044,t
2045,t
2046,No hay detalles
2047,t
2048,t
2049,t
2050,t
2051,t
2052,t
2053,t
2054,t
2055,t
2056,t
2057,t
2058,t
2059,t
2060,t
2061,t
2062,t
2063,t
2064,t
2065,t
2066,t
2067,t
2068,t
2069,t
2070,t
2071,t
2072,t
2073,t
2074,t
2075,t
2076,t
2077,t
2078,t
2079,t
2080,t
2081,t
2082,t
2083,t
2084,t
2085,t
2086,t
2087,t
2088,t
2089,t
2090,t
2091,t
2092,t
2093,t
2094,t
2095,t
2096,t
2097,t
2098,t
2099,t
2100,t
2101,t
2102,t
2103,t
2104,t
2105,t
2106,t
2107,t
2108,t
2109,t
2110,t
2111,t
2112,t
2113,t
2114,t
2115,t
2116,t
2117,t
2118,t
2119,t
2120,t
2121,t
2122,t
2123,t
2124,t
2125,t
2126,t
2127,t
2128,t
2129,t
2130,t
2131,t
2132,t
2133,t
2134,t
2135,t
2136,t
2137,t
2138,t
2139,t
2140,t
2141,t
2142,t
2143,t
2144,t
2145,t
2146,t
2147,t
2148,t
2149,t
2150,t
2151,t
2152,t
2153,t
2154,t
2155,t
2156,t
2157,t
2158,t
2159,t
2160,t
2161,t
2162,t
2163,t
2164,t
2165,t
2166,t
2167,t
2168,t
2169,t
2170,t
2171,t
2172,t
2173,t
2174,t
2175,t
2176,t
2177,t
2178,t
2179,t
2180,t
2181,t
2182,t
2183,t
2184,t
2185,t
2186,t
2187,t
2188,t
2189,t
2190,t
2191,t
2192,t
2193,t
2194,t
2195,t
2196,t
2197,t
2198,t
2199,t
2200,t
2201,t
2202,t
2203,t
2204,t
2205,t
2206,t
2207,t
2208,t
2209,t
2210,t
2211,t
2212,t
2213,t
2214,t
2215,t
2216,t
2217,t
2218,t
2219,t
2220,t
2221,t
2222,t
2223,t
2224,t
2225,t
2226,t
2227,t
2228,t
2229,t
2230,No hay detalles
2231,t
2232,t
2233,t
2234,t
2235,t
2236,t
2237,t
2238,t
2239,t
2240,t
2241,t
2242,t
2243,t
2244,t
2245,t
2246,t
2247,t
2248,t
2249,t
2250,t
2251,t
2252,t
2253,t
2254,t
2255,t
2256,t
2257,t
2258,t
2259,t
2260,t
2261,t
2262,t
2263,t
2264,t
2265,t
2266,t
2267,t
2268,t
2269,t
2270,t
2271,t
2272,t
2273,t
2274,No hay detalles
2275,t
2276,t
2277,t
2278,t
2279,t
2280,t
2281,t
2282,t
2283,t
2284,t
2285,t
2286,t
2287,t
2288,t
2289,t
2290,t
2291,t
2292,t
2293,t
2294,t
2295,t
2296,t
2297,t
2298,t
2299,t
2300,t
2301,t
2302,t
2303,t
2304,t
2305,t
2306,t
2307,t
2308,t
2309,t
2310,t
2311,t
2312,t
2313,t
2314,t
2315,t
2316,t
2317,t
2318,t
2319,t
2320,t
2321,t
2322,t
2323,t
2324,t
2325,t
2326,t
2327,t
2328,t
2329,t
2330,t
2331,t
2332,t
2333,t
2334,t
2335,t
2336,t
2337,t
2338,t
2339,t
2340,t
2341,t
2342,t
2343,t
2344,t
2345,t
2346,t
2347,t
2348,t
2349,t
2350,t
2351,t
2352,t
2353,t
2354,t
2355,t
2356,t
2357,t
2358,t
2359,t
2360,t
2361,t
2362,t
2363,t
2364,t
2365,t
2366,t
2367,t
2368,t
2369,t
2370,t
2371,t
2372,t
2373,t
2374,t
2375,t
2376,t
2377,t
2378,t
2379,t
2380,t
2381,t
2382,t
2383,t
2384,t
2385,t
2386,t
2387,t
2388,t
2389,t
2390,t
2391,t
2392,t
2393,t
2394,t
2395,t
2396,t
2397,t
2398,t
2399,t
2400,t
2401,t
2402,t
2403,t
2404,t
2405,t
2406,t
2407,t
2408,t
2409,t
2410,t
2411,t
2412,t
2413,t
2414,t
2415,t
2416,t
2417,t
2418,t
2419,t
2420,t
2421,t
2422,t
2423,t
2424,t
2425,t
2426,t
2427,t
2428,t
2429,t
2430,t
2431,t
2432,t
2433,t
2434,t
2435,t
2436,t
2437,t
2438,t
2439,t
2440,t
2441,t
2442,t
2443,t
2444,t
2445,t
2446,t
2447,t
2448,t
2449,t
2450,t
2451,t
2452,t
2453,t
2454,t
2455,t
2456,t
2457,t
2458,t
2459,t
2460,t
2461,t
2462,t
2463,t
2464,t
2465,t
2466,t
2467,t
2468,t
2469,t
2470,t
2471,t
2472,t
2473,t
2474,t
2475,t
2476,t
2477,t
2478,t
2479,t
2480,t
2481,t
2482,t
2483,t
2484,t
2485,t
2486,t
2487,t
2488,t
2489,t
2490,No hay detalles
2491,t
2492,t
2493,No hay detalles
2494,t
2495,t
2496,t
2497,t
2498,t
2499,t
2500,t
2501,t
2502,t
2503,t
2504,t
2505,t
2506,t
2507,t
2508,t
2509,t
2510,t
2511,t
2512,t
2513,t
2514,t
2515,t
2516,t
2517,t
2518,t
2519,t
2520,t
2521,t
2522,t
2523,t
2524,t
2525,t
2526,t
2527,t
2528,t
2529,t
2530,t
2531,t
2532,t
2533,t
2534,t
2535,t
2536,t
2537,t
2538,t
2539,t
2540,t
2541,t
2542,t
2543,t
2544,t
2545,t
2546,t
2547,t
2548,t
2549,t
2550,t
2551,t
2552,t
2553,t
2554,No hay detalles
2555,t
2556,t
2557,t
2558,t
2559,t
2560,t
2561,t
2562,t
2563,t
2564,t
2565,t
2566,t
2567,t
2568,t
2569,t
2570,t
2571,t
2572,t
2573,t
2574,t
2575,t
2576,t
2577,t
2578,t
2579,t
2580,t
2581,t
2582,t
2583,t
2584,t
2585,t
2586,t
2587,t
2588,t
2589,t
2590,t
2591,t
2592,t
2593,t
2594,t
2595,t
2596,t
2597,t
2598,t
2599,t
2600,t
2601,t
2602,t
2603,t
2604,t
2605,t
2606,t
2607,t
2608,t
2609,t
2610,t
2611,t
2612,t
2613,t
2614,t
2615,t
2616,t
2617,t
2618,t
2619,t
2620,t
2621,t
2622,t
2623,t
2624,t
2625,t
2626,t
2627,t
2628,t
2629,t
2630,t
2631,t
2632,t
2633,t
2634,t
2635,t
2636,t
2637,t
2638,t
2639,t
2640,t
2641,t
2642,t
2643,t
2644,t
2645,t
2646,t
2647,t
2648,t
2649,t
2650,t
2651,t
2652,t
2653,t
2654,t
2655,t
2656,t
2657,t
2658,t
2659,t
2660,t
2661,t
2662,t
2663,t
2664,t
2665,t
2666,t
2667,t
2668,t
2669,t
2670,t
2671,t
2672,t
2673,t
2674,t
2675,t
2676,t
2677,t
2678,t
2679,t
2680,t
2681,t
2682,t
2683,t
2684,t
2685,t
2686,t
2687,t
2688,t
2689,t
2690,t
2691,t
2692,t
2693,t
2694,t
2695,t
2696,t
2697,t
2698,t
2699,t
2700,t
2701,t
2702,t
2703,t
2704,t
2705,No hay detalles
2706,t
2707,t
2708,t
2709,t
2710,t
2711,t
2712,t
2713,t
2714,t
2715,t
2716,t
2717,t
2718,t
2719,t
2720,t
2721,t
2722,t
2723,t
2724,t
2725,t
2726,t
2727,t
2728,t
2729,t
2730,t
2731,t
2732,t
2733,t
2734,t
2735,t
2736,t
2737,t
2738,t
2739,t
2740,t
2741,t
2742,t
2743,t
2744,t
2745,t
2746,t
2747,t
2748,t
2749,t
2750,t
2751,t
2752,t
2753,t
2754,t
2755,t
2756,t
2757,t
2758,No hay detalles
2759,t
2760,t
2761,t
2762,t
2763,t
2764,t
2765,t
2766,t
2767,t
2768,t
2769,t
2770,t
2771,t
2772,t
2773,t
2774,t
2775,t
2776,t
2777,t
2778,t
2779,t
2780,t
2781,t
2782,t
2783,t
2784,t
2785,t
2786,t
2787,t
2788,t
2789,t
2790,t
2791,t
2792,t
2793,t
2794,t
2795,t
2796,t
2797,t
2798,t
2799,t
2800,t
2801,t
2802,t
2803,t
2804,t
2805,t
2806,t
2807,t
2808,t
2809,t
2810,t
2811,t
2812,t
2813,t
2814,t
2815,t
2816,t
2817,t
2818,t
2819,t
2820,t
2821,t
2822,t
2823,t
2824,t
2825,t
2826,t
2827,t
2828,t
2829,t
2830,t
2831,t
2832,t
2833,t
2834,t
2835,t
2836,t
2837,t
2838,t
2839,t
2840,t
2841,t
2842,t
2843,t
2844,t
2845,t
2846,t
2847,No hay detalles
2848,t
2849,t
2850,t
2851,t
2852,t
2853,t
2854,t
2855,t
2856,t
2857,t
2858,t
2859,t
2860,t
2861,t
2862,t
2863,t
2864,t
2865,t
2866,t
2867,t
2868,t
2869,t
2870,t
2871,t
2872,t
2873,t
2874,t
2875,t
2876,t
2877,t
2878,t
2879,t
2880,t
2881,t
2882,t
2883,t
2884,t
2885,t
2886,t
2887,t
2888,t
2889,t
2890,t
2891,t
2892,t
2893,t
2894,t
2895,t
2896,No hay detalles
2897,t
2898,t
2899,t
2900,t
2901,t
2902,t
2903,t
2904,t
2905,t
2906,t
2907,t
2908,t
2909,t
2910,t
2911,t
2912,t
2913,t
2914,t
2915,t
2916,t
2917,t
2918,t
2919,t
2920,No hay detalles
2921,t
2922,t
2923,No hay detalles
2924,t
2925,t
2926,t
2927,t
2928,t
2929,t
2930,t
2931,t
2932,t
2933,t
2934,t
2935,t
2936,t
2937,t
2938,t
2939,t
2940,t
2941,t
2942,t
2943,t
2944,t
2945,t
2946,t
2947,t
2948,t
2949,t
2950,t
2951,t
2952,t
2953,t
2954,t
2955,t
2956,t
2957,t
2958,t
2959,t
2960,t
2961,t
2962,t
2963,t
2964,t
2965,t
2966,t
2967,t
2968,t
2969,t
2970,t
2971,t
2972,t
2973,t
2974,t
2975,t
2976,t
2977,t
2978,t
2979,t
2980,t
2981,t
2982,t
2983,t
2984,t
2985,t
2986,t
2987,t
2988,t
2989,t
2990,t
2991,t
2992,t
2993,t
2994,t
2995,t
2996,t
2997,t
2998,t
2999,t
3000,t
3001,t
3002,t
3003,t
3004,t
3005,t
3006,t
3007,t
3008,t
3009,t
3010,t
3011,t
3012,t
3013,t
3014,t
3015,t
3016,t
3017,t
3018,t
3019,t
3020,t
3021,t
3022,t
3023,t
3024,t
3025,t
3026,t
3027,t
3028,t
3029,t
3030,t
3031,t
3032,t
3033,t
3034,t
3035,t
3036,t
3037,t
3038,t
3039,t
3040,t
3041,t
3042,t
3043,t
3044,t
3045,t
3046,t
3047,t
3048,t
3049,t
3050,t
3051,t
3052,t
3053,t
3054,t
3055,t
3056,t
3057,t
3058,t
3059,t
3060,t
3061,t
3062,t
3063,t
3064,t
3065,t
3066,t
3067,t
3068,t
3069,t
3070,t
3071,t
3072,t
3073,t
3074,t
3075,t
3076,t
3077,t
3078,t
3079,t
3080,t
3081,t
3082,t
3083,t
3084,t
3085,t
3086,t
3087,t
3088,t
3089,No hay detalles
3090,t
3091,t
3092,t
3093,t
3094,t
3095,t
3096,t
3097,t
3098,No hay detalles
3099,t
3100,t
3101,t
3102,t
3103,t
3104,t
3105,t
3106,t
3107,t
3108,t
3109,t
3110,t
3111,t
3112,t
3113,No hay detalles
3114,t
3115,t
3116,t
3117,t
3118,t
3119,t
3120,t
3121,t
3122,t
3123,t
3124,t
3125,t
3126,t
3127,t
3128,t
3129,t
3130,t
3131,t
3132,t
3133,t
3134,t
3135,t
3136,t
3137,t
3138,t
3139,t
3140,t
3141,t
3142,t
3143,t
3144,t
3145,t
3146,t
3147,t
3148,t
3149,t
3150,t
3151,t
3152,t
3153,t
3154,t
3155,t
3156,t
3157,t
3158,t
3159,t
3160,t
3161,t
3162,t
3163,t
3164,t
3165,t
3166,t
3167,t
3168,t
3169,t
3170,t
3171,t
3172,t
3173,t
3174,t
3175,t
3176,t
3177,t
3178,t
3179,t
3180,t
3181,t
3182,t
3183,t
3184,t
3185,t
3186,t
3187,t
3188,t
3189,t
3190,t
3191,t
3192,t
3193,t
3194,t
3195,t
3196,t
3197,t
3198,t
3199,t
3200,t
3201,t
3202,t
3203,t
3204,t
3205,t
3206,t
3207,t
3208,t
3209,t
3210,t
3211,t
3212,No hay detalles
3213,t
3214,t
3215,t
3216,t
3217,t
3218,t
3219,t
3220,t
3221,t
3222,t
3223,t
3224,t
3225,t
3226,t
3227,t
3228,t
3229,t
3230,t
3231,t
3232,t
3233,t
3234,t
3235,t
3236,t
3237,t
3238,t
3239,t
3240,t
3241,t
3242,t
3243,t
3244,t
3245,t
3246,t
3247,t
3248,t
3249,t
3250,t
3251,t
3252,t
3253,t
3254,t
3255,t
3256,t
3257,t
3258,t
3259,t
3260,t
3261,t
3262,t
3263,t
3264,t
3265,t
3266,t
3267,t
3268,t
3269,t
3270,t
3271,t
3272,t
3273,t
3274,t
3275,t
3276,t
3277,t
3278,t
3279,t
3280,t
3281,t
3282,t
3283,t
3284,t
3285,t
3286,t
3287,t
3288,t
3289,t
3290,t
3291,t
3292,t
3293,t
3294,t
3295,t
3296,t
3297,t
3298,t
3299,t
3300,t
3301,t
3302,t
3303,t
3304,t
3305,t
3306,t
3307,t
3308,t
3309,t
3310,t
3311,t
3312,t
3313,t
3314,t
3315,t
3316,t
3317,t
3318,t
3319,t
3320,t
3321,t
3322,t
3323,t
3324,t
3325,t
3326,t
3327,t
3328,t
3329,t
3330,t
3331,t
3332,t
3333,t
3334,t
3335,t
3336,t
3337,t
3338,t
3339,t
3340,t
3341,t
3342,t
3343,t
3344,t
3345,t
3346,t
3347,t
3348,t
3349,t
3350,t
3351,t
3352,t
3353,t
3354,t
3355,t
3356,t
3357,t
3358,t
3359,t
3360,t
3361,t
3362,t
3363,t
3364,t
3365,t
3366,t
3367,t
3368,t
3369,t
3370,t
3371,t
3372,t
3373,t
3374,t
3375,t
3376,t
3377,t
3378,t
3379,t
3380,t
3381,t
3382,t
3383,t
3384,t
3385,t
3386,t
3387,t
3388,t
3389,t
3390,t
3391,t
3392,t
3393,t
3394,t
3395,t
3396,No hay detalles
3397,t
3398,t
3399,t
3400,t
3401,t
3402,t
3403,t
3404,t
3405,t
3406,t
3407,t
3408,t
3409,t
3410,t
3411,t
3412,t
3413,t
3414,t
3415,t
3416,t
3417,t
3418,t
3419,t
3420,t
3421,t
3422,t
3423,t
3424,t
3425,t
3426,t
3427,t
3428,t
3429,t
3430,t
3431,t
3432,t
3433,t
3434,t
3435,t
3436,t
3437,t
3438,t
3439,t
3440,t
3441,t
3442,t
3443,t
3444,t
3445,t
3446,t
3447,t
3448,t
3449,t
3450,t
3451,t
3452,t
3453,No hay detalles
3454,t
3455,t
3456,t
3457,t
3458,t
3459,t
3460,t
3461,t
3462,t
3463,t
3464,t
3465,t
3466,t
3467,t
3468,t
3469,t
3470,t
3471,t
3472,t
3473,t
3474,t
3475,t
3476,t
3477,t
3478,t
3479,t
3480,t
3481,t
3482,t
3483,t
3484,t
3485,t
3486,t
3487,t
3488,t
3489,t
3490,t
3491,t
3492,t
3493,t
3494,t
3495,t
3496,t
3497,t
3498,t
3499,t
3500,t
3501,t
3502,t
3503,t
3504,t
3505,t
3506,t
3507,t
3508,t
3509,t
3510,t
3511,t
3512,t
3513,t
3514,t
3515,t
3516,t
3517,t
3518,t
3519,t
3520,t
3521,t
3522,t
3523,t
3524,t
3525,t
3526,t
3527,t
3528,t
3529,t
3530,t
3531,t
3532,t
3533,t
3534,t
3535,t
3536,t
3537,t
3538,No hay detalles
3539,No hay detalles
3540,t
3541,t
3542,t
3543,t
3544,t
3545,t
3546,t
3547,t
3548,t
3549,t
3550,t
3551,t
3552,t
3553,t
3554,t
3555,t
3556,t
3557,t
3558,t
3559,t
3560,t
3561,t
3562,t
3563,t
3564,t
3565,t
3566,t
3567,t
3568,t
3569,t
3570,t
3571,t
3572,t
3573,t
3574,t
3575,t
3576,t
3577,t
3578,t
3579,t
3580,t
3581,t
3582,t
3583,t
3584,t
3585,t
3586,t
3587,t
3588,t
3589,t
3590,t
3591,t
3592,t
3593,t
3594,t
3595,t
3596,t
3597,t
3598,t
3599,t
3600,t
3601,t
3602,t
3603,t
3604,t
3605,t
3606,t
3607,t
3608,t
3609,t
3610,t
3611,t
3612,t
3613,t
3614,t
3615,t
3616,t
3617,t
3618,t
3619,t
3620,t
3621,t
3622,t
3623,t
3624,t
3625,t
3626,t
3627,t
3628,t
3629,t
3630,t
3631,t
3632,t
3633,t
3634,t
3635,t
3636,t
3637,t
3638,t
3639,t
3640,t
3641,t
3642,t
3643,t
3644,t
3645,t
3646,t
3647,t
3648,t
3649,t
3650,t
3651,t
3652,t
3653,t
3654,t
3655,t
3656,t
3657,t
3658,t
3659,t
3660,t
3661,t
3662,t
3663,t
3664,t
3665,No hay detalles
3666,t
3667,t
3668,t
3669,t
3670,t
3671,t
3672,t
3673,t
3674,t
3675,t
3676,t
3677,t
3678,t
3679,t
3680,t
3681,t
3682,t
3683,t
3684,t
3685,t
3686,t
3687,t
3688,t
3689,t
3690,t
3691,t
3692,t
3693,t
3694,t
3695,t
3696,t
3697,t
3698,t
3699,t
3700,t
3701,t
3702,t
3703,t
3704,t
3705,t
3706,t
3707,t
3708,t
3709,t
3710,t
3711,t
3712,t
3713,t
3714,t
3715,t
3716,t
3717,t
3718,t
3719,t
3720,t
3721,t
3722,t
3723,t
3724,t
3725,t
3726,t
3727,t
3728,t
3729,t
3730,t
3731,t
3732,t
3733,t
3734,t
3735,t
3736,t
3737,t
3738,t
3739,t
3740,t
3741,t
3742,t
3743,t
3744,t
3745,t
3746,t
3747,t
3748,t
3749,t
3750,t
3751,t
3752,t
3753,t
3754,t
3755,t
3756,t
3757,t
3758,t
3759,t
3760,t
3761,t
3762,t
3763,t
3764,t
3765,t
3766,t
3767,t
3768,t
3769,t
3770,No hay detalles
3771,t
3772,t
3773,t
3774,t
3775,t
3776,t
3777,t
3778,t
3779,t
3780,t
3781,t
3782,t
3783,t
3784,t
3785,t
3786,t
3787,t
3788,t
3789,t
3790,No hay detalles
3791,t
3792,t
3793,t
3794,t
3795,t
3796,t
3797,t
3798,t
3799,t
3800,t
3801,t
3802,t
3803,t
3804,t
3805,t
3806,t
3807,t
3808,t
3809,t
3810,t
3811,No hay detalles
3812,t
3813,t
3814,No hay detalles
3815,t
3816,t
3817,t
3818,t
3819,t
3820,t
3821,t
3822,t
3823,t
3824,t
3825,t
3826,t
3827,t
3828,t
3829,t
3830,t
3831,t
3832,t
3833,t
3834,t
3835,t
3836,t
3837,t
3838,t
3839,t
3840,t
3841,t
3842,t
3843,t
3844,t
3845,t
3846,t
3847,t
3848,t
3849,t
3850,t
3851,t
3852,t
3853,t
3854,t
3855,t
3856,t
3857,t
3858,t
3859,t
3860,t
3861,t
3862,t
3863,t
3864,t
3865,t
3866,t
3867,t
3868,t
3869,t
3870,t
3871,t
3872,t
3873,t
3874,t
3875,t
3876,t
3877,t
3878,t
3879,t
3880,t
3881,t
3882,t
3883,t
3884,t
3885,t
3886,t
3887,t
3888,t
3889,t
3890,t
3891,t
3892,t
3893,t
3894,t
3895,t
3896,t
3897,t
3898,t
3899,t
3900,t
3901,t
3902,t
3903,t
3904,t
3905,t
3906,t
3907,t
3908,t
3909,t
3910,t
3911,t
3912,t
3913,t
3914,t
3915,t
3916,t
3917,t
3918,t
3919,t
3920,t
3921,t
3922,t
3923,t
3924,t
3925,No hay detalles
3926,t
3927,t
3928,t
3929,t
3930,t
3931,t
3932,t
3933,t
3934,t
3935,t
3936,t
3937,t
3938,t
3939,t
3940,t
3941,t
3942,t
3943,t
3944,t
3945,t
3946,t
3947,t
3948,t
3949,t
3950,t
3951,t
3952,t
3953,t
3954,t
3955,t
3956,t
3957,t
3958,t
3959,t
3960,t
3961,t
3962,t
3963,t
3964,t
3965,t
3966,t
3967,t
3968,t
3969,t
3970,t
3971,t
3972,t
3973,t
3974,t
3975,t
3976,t
3977,t
3978,t
3979,t
3980,No hay detalles
3981,t
3982,t
3983,t
3984,t
3985,t
3986,t
3987,t
3988,t
3989,t
3990,No hay detalles
3991,t
3992,t
3993,t
3994,t
3995,t
3996,t
3997,t
3998,t
3999,t
4000,t
4001,t
4002,t
4003,t
4004,t
4005,t
4006,t
4007,t
4008,t
4009,t
4010,t
4011,t
4012,t
4013,t
4014,t
4015,t
4016,t
4017,t
4018,t
4019,t
4020,t
4021,t
4022,t
4023,t
4024,t
4025,t
4026,t
4027,t
4028,t
4029,t
4030,t
4031,t
4032,t
4033,t
4034,t
4035,t
4036,t
4037,t
4038,t
4039,t
4040,t
4041,t
4042,t
4043,t
4044,t
4045,t
4046,t
4047,t
4048,t
4049,t
4050,t
4051,t
4052,t
4053,t
4054,t
4055,t
4056,t
4057,t
4058,t
4059,t
4060,t
4061,t
4062,t
4063,t
4064,t
4065,t
4066,t
4067,t
4068,t
4069,t
4070,t
4071,t
4072,No hay detalles
4073,t
4074,t
4075,t
4076,t
4077,t
4078,t
4079,t
4080,t
4081,t
4082,t
4083,t
4084,t
4085,t
4086,t
4087,t
4088,t
4089,t
4090,t
4091,t
4092,t
4093,t
4094,t
4095,t
4096,t
4097,t
4098,t
4099,t
4100,t
4101,t
4102,t
4103,t
4104,t
4105,t
4106,t
4107,t
4108,t
4109,t
4110,t
4111,t
4112,t
4113,t
4114,t
4115,t
4116,t
4117,t
4118,t
4119,t
4120,t
4121,t
4122,t
4123,t
4124,t
4125,t
4126,t
4127,t
4128,t
4129,t
4130,t
4131,t
4132,t
4133,t
4134,t
4135,t
4136,t
4137,t
4138,t
4139,t
4140,t
4141,No hay detalles
4142,t
4143,t
4144,t
4145,t
4146,t
4147,t
4148,t
4149,t
4150,t
4151,t
4152,t
4153,t
4154,t
4155,t
4156,t
4157,t
4158,t
4159,t
4160,t
4161,t
4162,t
4163,t
4164,No hay detalles
4165,t
4166,t
4167,t
4168,t
4169,t
4170,t
4171,t
4172,t
4173,t
4174,t
4175,t
4176,t
4177,t
4178,t
4179,t
4180,t
4181,t
4182,t
4183,t
4184,t
4185,t
4186,t
4187,t
4188,t
4189,t
4190,t
4191,t
4192,t
4193,t
4194,t
4195,t
4196,t
4197,t
4198,t
4199,t
4200,t
4201,t
4202,t
4203,t
4204,t
4205,t
4206,t
4207,t
4208,t
4209,t
4210,t
4211,t
4212,t
4213,t
4214,t
4215,t
4216,t
4217,t
4218,t
4219,t
4220,t
4221,t
4222,t
4223,t
4224,t
4225,t
4226,t
4227,t
4228,t
4229,t
4230,t
4231,t
4232,t
4233,t
4234,t
4235,t
4236,t
4237,t
4238,t
4239,t
4240,t
4241,t
4242,t
4243,No hay detalles
4244,t
4245,t
4246,t
4247,t
4248,t
4249,t
4250,t
4251,t
4252,t
4253,t
4254,t
4255,t
4256,t
4257,t
4258,t
4259,t
4260,t
4261,t
4262,t
4263,t
4264,t
4265,t
4266,t
4267,t
4268,t
4269,t
4270,t
4271,t
4272,t
4273,t
4274,t
4275,t
4276,t
4277,t
4278,t
4279,t
4280,t
4281,t
4282,t
4283,t
4284,t
4285,t
4286,No hay detalles
4287,t
4288,t
4289,t
4290,t
4291,t
4292,t
4293,t
4294,t
4295,t
4296,t
4297,t
4298,t
4299,t
4300,t
4301,t
4302,t
4303,t
4304,t
4305,t
4306,t
4307,t
4308,t
4309,t
4310,t
4311,No hay detalles
4312,t
4313,t
4314,t
4315,t
4316,t
4317,t
4318,t
4319,t
4320,t
4321,t
4322,t
4323,t
4324,t
4325,t
4326,t
4327,t
4328,t
4329,t
4330,t
4331,t
4332,t
4333,t
4334,t
4335,t
4336,t
4337,t
4338,t
4339,t
4340,t
4341,t
4342,t
4343,t
4344,t
4345,t
4346,t
4347,t
4348,t
4349,t
4350,t
4351,t
4352,t
4353,t
4354,t
4355,t
4356,t
4357,t
4358,t
4359,t
4360,t
4361,t
4362,t
4363,t
4364,t
4365,t
4366,t
4367,t
4368,t
4369,t
4370,t
4371,t
4372,t
4373,t
4374,t
4375,t
4376,t
4377,t
4378,t
4379,t
4380,t
4381,t
4382,t
4383,t
4384,t
4385,t
4386,t
4387,t
4388,t
4389,t
4390,t
4391,t
4392,No hay detalles
4393,t
4394,t
4395,t
4396,t
4397,t
4398,t
4399,t
4400,t
4401,t
4402,t
4403,t
4404,t
4405,t
4406,t
4407,t
4408,No hay detalles
4409,t
4410,t
4411,t
4412,t
4413,t
4414,t
4415,t
4416,t
4417,t
4418,t
4419,t
4420,t
4421,t
4422,t
4423,t
4424,t
4425,t
4426,t
4427,t
4428,t
4429,t
4430,t
4431,t
4432,t
4433,t
4434,t
4435,t
4436,t
4437,t
4438,t
4439,t
4440,t
4441,t
4442,t
4443,t
4444,t
4445,t
4446,t
4447,t
4448,t
4449,t
4450,t
4451,t
4452,t
4453,t
4454,t
4455,t
4456,t
4457,t
4458,t
4459,t
4460,t
4461,t
4462,t
4463,t
4464,No hay detalles
4465,t
4466,t
4467,t
4468,t
4469,t
4470,t
4471,t
4472,t
4473,t
4474,t
4475,t
4476,t
4477,t
4478,t
4479,t
4480,t
4481,t
4482,t
4483,t
4484,t
4485,t
4486,t
4487,t
4488,t
4489,t
4490,t
4491,t
4492,t
4493,t
4494,t
4495,t
4496,t
4497,t
4498,t
4499,t
4500,t
4501,t
4502,t
4503,t
4504,t
4505,t
4506,t
4507,t
4508,t
4509,t
4510,t
4511,t
4512,t
4513,t
4514,t
4515,t
4516,t
4517,t
4518,t
4519,t
4520,t
4521,t
4522,t
4523,t
4524,t
4525,t
4526,t
4527,t
4528,t
4529,t
4530,t
4531,t
4532,t
4533,t
4534,t
4535,t
4536,t
4537,t
4538,t
4539,t
4540,t
4541,t
4542,t
4543,t
4544,t
4545,t
4546,t
4547,t
4548,t
4549,t
4550,t
4551,t
4552,t
4553,t
4554,t
4555,t
4556,t
4557,t
4558,t
4559,t
4560,t
4561,t
4562,t
4563,t
4564,t
4565,t
4566,t
4567,t
4568,t
4569,t
4570,t
4571,t
4572,t
4573,t
4574,t
4575,t
4576,t
4577,t
4578,t
4579,t
4580,t
4581,t
4582,t
4583,t
4584,t
4585,t
4586,t
4587,t
4588,t
4589,t
4590,t
4591,t
4592,t
4593,t
4594,t
4595,t
4596,t
4597,t
4598,t
4599,t
4600,t
4601,t
4602,No hay detalles
4603,No hay detalles
4604,t
4605,t
4606,t
4607,t
4608,t
4609,t
4610,t
4611,t
4612,t
4613,t
4614,t
4615,t
4616,t
4617,t
4618,t
4619,t
4620,t
4621,t
4622,t
4623,t
4624,t
4625,t
4626,t
4627,t
4628,t
4629,t
4630,t
4631,t
4632,t
4633,t
4634,t
4635,t
4636,t
4637,t
4638,t
4639,t
4640,t
4641,t
4642,t
4643,t
4644,t
4645,t
4646,t
4647,t
4648,t
4649,t
4650,t
4651,t
4652,t
4653,t
4654,t
4655,t
4656,t
4657,t
4658,t
4659,t
4660,t
4661,t
4662,t
4663,t
4664,t
4665,t
4666,t
4667,t
4668,t
4669,t
4670,t
4671,t
4672,t
4673,t
4674,t
4675,t
4676,t
4677,t
4678,t
4679,t
4680,t
4681,t
4682,t
4683,t
4684,t
4685,t
4686,t
4687,t
4688,t
4689,t
4690,t
4691,t
4692,t
4693,t
4694,t
4695,t
4696,t
4697,t
4698,t
4699,t
4700,t
4701,t
4702,t
4703,t
4704,t
4705,t
4706,t
4707,t
4708,t
4709,t
4710,t
4711,t
4712,t
4713,t
4714,t
4715,t
4716,t
4717,t
4718,t
4719,t
4720,t
4721,t
4722,t
4723,t
4724,t
4725,t
4726,t
4727,t
4728,t
4729,t
4730,t
4731,t
4732,t
4733,t
4734,t
4735,t
4736,t
4737,t
4738,t
4739,t
4740,t
4741,t
4742,t
4743,t
4744,t
4745,t
4746,t
4747,t
4748,t
4749,t
4750,t
4751,t
4752,t
4753,t
4754,t
4755,t
4756,t
4757,t
4758,t
4759,t
4760,t
4761,t
4762,t
4763,t
4764,t
4765,t
4766,t
4767,t
4768,t
4769,t
4770,t
4771,t
4772,t
4773,t
4774,t
4775,t
4776,t
4777,t
4778,t
4779,t
4780,t
4781,t
4782,t
4783,t
4784,t
4785,t
4786,t
4787,No hay detalles
4788,t
4789,t
4790,t
4791,t
4792,t
4793,t
4794,t
4795,t
4796,t
4797,t
4798,t
4799,t
4800,t
4801,t
4802,t
4803,t
4804,t
4805,t
4806,t
4807,t
4808,t
4809,t
4810,t
4811,t
4812,t
4813,t
4814,t
4815,t
4816,t
4817,t
4818,t
4819,t
4820,t
4821,t
4822,t
4823,t
4824,t
4825,t
4826,t
4827,t
4828,t
4829,t
4830,t
4831,t
4832,t
4833,t
4834,t
4835,t
4836,t
4837,t
4838,t
4839,t
4840,t
4841,t
4842,t
4843,t
4844,t
4845,t
4846,t
4847,t
4848,t
4849,t
4850,t
4851,t
4852,t
4853,t
4854,t
4855,t
4856,t
4857,t
4858,t
4859,t
4860,t
4861,t
4862,t
4863,t
4864,t
4865,t
4866,t
4867,t
4868,t
4869,t
4870,t
4871,t
4872,t
4873,t
4874,t
4875,t
4876,t
4877,t
4878,t
4879,t
4880,t
4881,t
4882,t
4883,t
4884,t
4885,t
4886,t
4887,t
4888,t
4889,t
4890,t
4891,t
4892,t
4893,t
4894,t
4895,t
4896,t
4897,t
4898,t
4899,t
4900,t
4901,t
4902,t
4903,t
4904,t
4905,t
4906,t
4907,t
4908,No hay detalles
4909,t
4910,t
4911,t
4912,t
4913,t
4914,t
4915,t
4916,t
4917,t
4918,t
4919,t
4920,t
4921,t
4922,t
4923,t
4924,t
4925,t
4926,t
4927,t
4928,t
4929,t
4930,t
4931,t
4932,t
4933,t
4934,t
4935,t
4936,t
4937,t
4938,t
4939,t
4940,t
4941,t
4942,t
4943,t
4944,t
4945,t
4946,t
4947,t
4948,t
4949,t
4950,t
4951,t
4952,No hay detalles
4953,t
4954,t
4955,t
4956,t
4957,t
4958,t
4959,t
4960,t
4961,t
4962,t
4963,t
4964,t
4965,t
4966,t
4967,t
4968,t
4969,t
4970,t
4971,t
4972,t
4973,t
4974,t
4975,t
4976,t
4977,t
4978,t
4979,t
4980,t
4981,t
4982,t
4983,t
4984,t
4985,t
4986,t
4987,t
4988,t
4989,t
4990,t
4991,t
4992,t
4993,t
4994,t
4995,t
4996,t
4997,t
4998,t
4999,t
5000,t
5001,t
5002,t
5003,t
5004,t
5005,t
5006,t
5007,t
5008,t
5009,t
5010,t
5011,t
5012,t
5013,t
5014,t
5015,t
5016,t
5017,t
5018,t
5019,t
5020,t
5021,t
5022,No hay detalles
5023,t
5024,t
5025,t
5026,t
5027,t
5028,t
5029,t
5030,t
5031,t
5032,t
5033,t
5034,t
5035,t
5036,t
5037,t
5038,t
5039,t
5040,t
5041,t
5042,t
5043,t
5044,t
5045,t
5046,t
5047,t
5048,t
5049,t
5050,t
5051,t
5052,t
5053,t
5054,t
5055,t
5056,t
5057,t
5058,t
5059,t
5060,t
5061,t
5062,t
5063,t
5064,t
5065,t
5066,t
5067,t
5068,t
5069,t
5070,t
5071,No hay detalles
5072,t
5073,t
5074,t
5075,t
5076,t
5077,t
5078,t
5079,t
5080,t
5081,t
5082,t
5083,t
5084,t
5085,t
5086,t
5087,t
5088,t
5089,No hay detalles
5090,t
5091,t
5092,t
5093,t
5094,t
5095,t
5096,t
5097,t
5098,t
5099,t
5100,t
5101,t
5102,t
5103,t
5104,t
5105,t
5106,t
5107,t
5108,t
5109,t
5110,t
5111,t
5112,t
5113,t
5114,t
5115,t
5116,t
5117,t
5118,t
5119,t
5120,t
5121,t
5122,t
5123,t
5124,t
5125,t
5126,t
5127,t
5128,t
5129,t
5130,t
5131,t
5132,t
5133,t
5134,t
5135,t
5136,t
5137,t
5138,t
5139,t
5140,t
5141,t
5142,t
5143,t
5144,t
5145,t
5146,t
5147,t
5148,t
5149,t
5150,t
5151,t
5152,t
5153,t
5154,t
5155,t
5156,t
5157,No hay detalles
5158,t
5159,t
5160,t
5161,t
5162,t
5163,t
5164,t
5165,t
5166,t
5167,t
5168,t
5169,t
5170,t
5171,t
5172,t
5173,t
5174,t
5175,t
5176,t
5177,t
5178,t
5179,t
5180,t
5181,t
5182,t
5183,t
5184,t
5185,t
5186,t
5187,t
5188,t
5189,t
5190,t
5191,t
5192,t
5193,t
5194,t
5195,t
5196,t
5197,t
5198,t
5199,t
5200,t
5201,t
5202,t
5203,t
5204,t
5205,t
5206,t
5207,t
5208,t
5209,t
5210,t
5211,t
5212,t
5213,t
5214,t
5215,t
5216,t
5217,t
5218,t
5219,t
5220,t
5221,No hay detalles
5222,t
5223,t
5224,t
5225,t
5226,t
5227,t
5228,t
5229,t
5230,t
5231,t
5232,t
5233,t
5234,t
5235,t
5236,t
5237,t
5238,t
5239,t
5240,t
5241,t
5242,t
5243,t
5244,t
5245,t
5246,t
5247,t
5248,t
5249,t
5250,t
5251,t
5252,t
5253,t
5254,t
5255,t
5256,t
5257,t
5258,t
5259,t
5260,t
5261,t
5262,t
5263,t
5264,t
5265,t
5266,t
5267,No hay detalles
5268,t
5269,t
5270,t
5271,t
5272,t
5273,t
5274,t
5275,t
5276,t
5277,t
5278,t
5279,t
5280,t
5281,t
5282,t
5283,t
5284,t
5285,t
5286,t
5287,t
5288,t
5289,t
5290,t
5291,t
5292,t
5293,t
5294,t
5295,t
5296,t
5297,t
5298,t
5299,t
5300,t
5301,t
5302,t
5303,t
5304,t
5305,t
5306,t
5307,t
5308,t
5309,No hay detalles
5310,t
5311,t
5312,t
5313,t
5314,t
5315,t
5316,t
5317,t
5318,t
5319,t
5320,t
5321,t
5322,t
5323,t
5324,t
5325,t
5326,t
5327,t
5328,t
5329,t
5330,t
5331,t
5332,t
5333,t
5334,t
5335,t
5336,t
5337,t
5338,t
5339,t
5340,t
5341,t
5342,t
5343,t
5344,t
5345,t
5346,t
5347,t
5348,t
5349,t
5350,t
5351,t
5352,t
5353,t
5354,t
5355,t
5356,t
5357,t
5358,t
5359,t
5360,t
5361,t
5362,t
5363,t
5364,t
5365,t
5366,t
5367,t
5368,t
5369,t
5370,t
5371,t
5372,t
5373,t
5374,t
5375,t
5376,t
5377,t
5378,t
5379,t
5380,t
5381,t
5382,t
5383,t
5384,t
5385,t
5386,t
5387,t
5388,t
5389,t
5390,t
5391,t
5392,t
5393,t
5394,No hay detalles
5395,t
5396,t
5397,t
5398,t
5399,t
5400,t
5401,t
5402,t
5403,t
5404,t
5405,t
5406,t
5407,t
5408,t
5409,No hay detalles
5410,t
5411,t
5412,t
5413,t
5414,t
5415,t
5416,t
5417,t
5418,t
5419,t
5420,t
5421,t
5422,t
5423,t
5424,t
5425,t
5426,t
5427,t
5428,t
5429,t
5430,t
5431,t
5432,t
5433,t
5434,t
5435,t
5436,t
5437,t
5438,t
5439,t
5440,t
5441,t
5442,t
5443,t
5444,t
5445,t
5446,t
5447,t
5448,t
5449,t
5450,t
5451,t
5452,No hay detalles
5453,t
5454,t
5455,t
5456,t
5457,t
5458,t
5459,t
5460,t
5461,t
5462,t
5463,t
5464,t
5465,t
5466,t
5467,t
5468,t
5469,t
5470,t
5471,t
5472,t
5473,t
5474,t
5475,t
5476,t
5477,t
5478,t
5479,t
5480,t
5481,t
5482,t
5483,t
5484,t
5485,t
5486,t
5487,t
5488,t
5489,t
5490,t
5491,t
5492,t
5493,t
5494,t
5495,t
5496,t
5497,t
5498,t
5499,t
5500,t
5501,t
5502,t
5503,t
5504,t
5505,t
5506,t
5507,t
5508,t
5509,t
5510,t
5511,t
5512,No hay detalles
5513,t
5514,t
5515,t
5516,t
5517,t
5518,t
5519,t
5520,t
5521,t
5522,t
5523,No hay detalles
5524,t
5525,t
5526,t
5527,t
5528,t
5529,t
5530,No hay detalles
5531,t
5532,t
5533,No hay detalles
5534,t
5535,t
5536,t
5537,t
5538,t
5539,t
5540,t
5541,t
5542,t
5543,t
5544,t
5545,t
5546,t
5547,t
5548,t
5549,No hay detalles
5550,t
5551,t
5552,t
5553,t
5554,t
5555,t
5556,t
5557,t
5558,t
5559,t
5560,t
5561,t
5562,t
5563,No hay detalles
5564,t
5565,t
5566,t
5567,t
5568,t
5569,t
5570,t
5571,t
5572,t
5573,t
5574,t
5575,t
5576,t
5577,t
5578,t
5579,t
5580,t
5581,t
5582,t
5583,t
5584,t
5585,t
5586,t
5587,t
5588,t
5589,t
5590,t
5591,t
5592,t
5593,t
5594,t
5595,t
5596,t
5597,t
5598,t
5599,t
5600,t
5601,t
5602,t
5603,t
5604,t
5605,t
5606,t
5607,t
5608,t
5609,t
5610,t
5611,t
5612,t
5613,t
5614,t
5615,t
5616,t
5617,t
5618,t
5619,t
5620,t
5621,t
5622,t
5623,t
5624,t
5625,t
5626,t
5627,t
5628,t
5629,t
5630,t
5631,t
5632,t
5633,t
5634,t
5635,t
5636,t
5637,t
5638,t
5639,t
5640,t
5641,t
5642,t
5643,t
5644,t
5645,t
5646,t
5647,t
5648,t
5649,t
5650,t
5651,t
5652,t
5653,t
5654,t
5655,t
5656,t
5657,t
5658,t
5659,t
5660,t
5661,t
5662,t
5663,t
5664,t
5665,t
5666,t
5667,t
5668,t
5669,t
5670,t
5671,t
5672,t
5673,t
5674,t
5675,t
5676,t
5677,t
5678,t
5679,t
5680,t
5681,t
5682,t
5683,t
5684,t
5685,t
5686,t
5687,t
5688,t
5689,t
5690,t
5691,t
5692,t
5693,t
5694,t
5695,No hay detalles
5696,t
5697,t
5698,t
5699,t
5700,t
5701,t
5702,t
5703,t
5704,t
5705,t
5706,t
5707,t
5708,t
5709,t
5710,t
5711,t
5712,t
5713,No hay detalles
5714,t
5715,t
5716,t
5717,t
5718,t
5719,t
5720,t
5721,t
5722,t
5723,t
5724,t
5725,t
5726,t
5727,t
5728,t
5729,t
5730,t
5731,t
5732,t
5733,t
5734,t
5735,t
5736,t
5737,t
5738,t
5739,t
5740,t
5741,t
5742,t
5743,t
5744,No hay detalles
5745,t
5746,t
5747,t
5748,t
5749,t
5750,t
5751,t
5752,t
5753,t
5754,t
5755,t
5756,t
5757,t
5758,t
5759,t
5760,t
5761,t
5762,t
5763,t
5764,t
5765,t
5766,t
5767,t
5768,t
5769,t
5770,t
5771,t
5772,t
5773,t
5774,t
5775,No hay detalles
5776,t
5777,t
5778,t
5779,t
5780,t
5781,t
5782,t
5783,t
5784,t
5785,t
5786,t
5787,t
5788,t
5789,t
5790,t
5791,t
5792,t
5793,t
5794,t
5795,t
5796,t
5797,t
5798,t
5799,t
5800,t
5801,t
5802,t
5803,t
5804,t
5805,No hay detalles
5806,t
5807,t
5808,t
5809,t
5810,t
5811,t
5812,t
5813,No hay detalles
5814,t
5815,t
5816,t
5817,t
5818,t
5819,t
5820,t
5821,t
5822,t
5823,t
5824,t
5825,t
5826,t
5827,t
5828,t
5829,t
5830,t
5831,t
5832,t
5833,t
5834,t
5835,t
5836,t
5837,t
5838,t
5839,t
5840,t
5841,t
5842,t
5843,t
5844,t
5845,t
5846,t
5847,t
5848,t
5849,t
5850,t
5851,t
5852,t
5853,t
5854,t
5855,t
5856,t
5857,t
5858,t
5859,No hay detalles
5860,t
5861,t
5862,t
5863,No hay detalles
5864,t
5865,t
5866,t
5867,t
5868,t
5869,t
5870,t
5871,t
5872,t
5873,t
5874,t
5875,t
5876,t
5877,t
5878,t
5879,t
5880,t
5881,t
5882,t
5883,t
5884,t
5885,t
5886,t
5887,t
5888,t
5889,t
5890,t
5891,t
5892,t
5893,t
5894,t
5895,t
5896,t
5897,t
5898,t
5899,t
5900,t
5901,t
5902,t
5903,No hay detalles
5904,t
5905,t
5906,t
5907,t
5908,t
5909,t
5910,t
5911,t
5912,t
5913,t
5914,t
5915,t
5916,t
5917,t
5918,t
5919,t
5920,t
5921,t
5922,t
5923,t
5924,t
5925,t
5926,t
5927,t
5928,t
5929,t
5930,t
5931,t
5932,t
5933,t
5934,t
5935,t
5936,t
5937,t
5938,t
5939,t
5940,t
5941,t
5942,t
5943,t
5944,t
5945,t
5946,t
5947,t
5948,t
5949,t
5950,t
5951,t
5952,t
5953,t
5954,t
5955,t
5956,t
5957,t
5958,t
5959,t
5960,t
5961,t
5962,t
5963,t
5964,t
5965,t
5966,t
5967,t
5968,t
5969,t
5970,t
5971,t
5972,t
5973,t
5974,t
5975,t
5976,t
5977,t
5978,t
5979,t
5980,t
5981,t
5982,t
5983,t
5984,t
5985,t
5986,t
5987,t
5988,t
5989,t
5990,t
5991,t
5992,t
5993,t
5994,t
5995,t
5996,t
5997,t
5998,t
5999,t
6000,t
6001,t
6002,t
6003,t
6004,t
6005,t
6006,t
6007,t
6008,t
6009,t
6010,t
6011,t
6012,t
6013,t
6014,t
6015,t
6016,t
6017,t
6018,t
6019,t
6020,t
6021,t
6022,t
6023,t
6024,t
6025,t
6026,t
6027,t
6028,t
6029,t
6030,t
6031,t
6032,t
6033,t
6034,t
6035,t
6036,t
6037,t
6038,t
6039,t
6040,t
6041,t
6042,t
6043,t
6044,t
6045,t
6046,t
6047,t
6048,t
6049,t
6050,t
6051,t
6052,t
6053,t
6054,t
6055,No hay detalles
6056,t
6057,t
6058,t
6059,t
6060,t
6061,No hay detalles
6062,t
6063,t
6064,t
6065,t
6066,t
6067,t
6068,t
6069,t
6070,t
6071,t
6072,t
6073,t
6074,t
6075,t
6076,t
6077,t
6078,t
6079,t
6080,t
6081,t
6082,t
6083,t
6084,t
6085,t
6086,t
6087,t
6088,t
6089,t
6090,t
6091,t
6092,t
6093,t
6094,t
6095,t
6096,t
6097,t
6098,t
6099,t
6100,t
6101,t
6102,t
6103,t
6104,t
6105,t
6106,t
6107,t
6108,t
6109,t
6110,t
6111,t
6112,t
6113,t
6114,t
6115,t
6116,t
6117,t
6118,t
6119,t
6120,t
6121,t
6122,t
6123,t
6124,t
6125,t
6126,t
6127,t
6128,t
6129,t
6130,t
6131,t
6132,t
6133,t
6134,t
6135,t
6136,t
6137,t
6138,t
6139,t
6140,t
6141,t
6142,t
6143,t
6144,t
6145,t
6146,t
6147,t
6148,t
6149,t
6150,t
6151,t
6152,t
6153,t
6154,t
6155,t
6156,t
6157,t
6158,t
6159,t
6160,t
6161,t
6162,t
6163,t
6164,t
6165,t
6166,No hay detalles
6167,t
6168,t
6169,t
6170,t
6171,t
6172,t
6173,t
6174,t
6175,t
6176,t
6177,t
6178,t
6179,t
6180,t
6181,t
6182,t
6183,t
6184,t
6185,t
6186,t
6187,t
6188,t
6189,No hay detalles
6190,t
6191,t
6192,t
6193,t
6194,t
6195,t
6196,t
6197,t
6198,t
6199,t
6200,t
6201,t
6202,t
6203,t
6204,t
6205,t
6206,t
6207,t
6208,t
6209,t
6210,t
6211,t
6212,t
6213,t
6214,t
6215,t
6216,t
6217,t
6218,t
6219,No hay detalles
6220,t
6221,t
6222,t
6223,t
6224,t
6225,t
6226,t
6227,t
6228,t
6229,t
6230,t
6231,t
6232,t
6233,t
6234,t
6235,t
6236,t
6237,t
6238,t
6239,t
6240,t
6241,t
6242,t
6243,t
6244,t
6245,t
6246,t
6247,t
6248,No hay detalles
6249,t
6250,t
6251,t
6252,t
6253,t
6254,t
6255,t
6256,t
6257,t
6258,t
6259,t
6260,t
6261,t
6262,t
6263,t
6264,t
6265,t
6266,t
6267,t
6268,t
6269,t
6270,No hay detalles
6271,t
6272,t
6273,t
6274,t
6275,t
6276,t
6277,t
6278,t
6279,t
6280,t
6281,t
6282,t
6283,t
6284,t
6285,t
6286,t
6287,t
6288,t
6289,No hay detalles
6290,t
6291,t
6292,t
6293,t
6294,t
6295,t
6296,t
6297,t
6298,t
6299,t
6300,t
6301,t
6302,t
6303,t
6304,t
6305,t
6306,t
6307,t
6308,t
6309,t
6310,t
6311,t
6312,t
6313,t
6314,t
6315,t
6316,t
6317,t
6318,t
6319,t
6320,No hay detalles
6321,t
6322,t
6323,t
6324,t
6325,t
6326,t
6327,t
6328,No hay detalles
6329,t
6330,t
6331,t
6332,t
6333,t
6334,t
6335,t
6336,t
6337,t
6338,t
6339,t
6340,t
6341,t
6342,t
6343,t
6344,t
6345,t
6346,t
6347,t
6348,t
6349,t
6350,t
6351,t
6352,t
6353,t
6354,t
6355,t
6356,t
6357,t
6358,t
6359,t
6360,t
6361,t
6362,t
6363,t
6364,t
6365,t
6366,t
6367,t
6368,t
6369,t
6370,No hay detalles
6371,t
6372,t
6373,t
6374,t
6375,t
6376,t
6377,t
6378,No hay detalles
6379,t
6380,t
6381,No hay detalles
6382,t
6383,t
6384,t
6385,t
6386,t
6387,t
6388,t
6389,t
6390,t
6391,t
6392,t
6393,t
6394,t
6395,t
6396,t
6397,t
6398,t
6399,t
6400,t
6401,t
6402,t
6403,t
6404,t
6405,t
6406,t
6407,t
6408,t
6409,t
6410,t
6411,t
6412,t
6413,t
6414,t
6415,t
6416,t
6417,t
6418,t
6419,No hay detalles
6420,t
6421,t
6422,t
6423,t
6424,t
6425,t
6426,t
6427,t
6428,t
6429,t
6430,t
6431,t
6432,t
6433,t
6434,t
6435,t
6436,t
6437,t
6438,t
6439,t
6440,t
6441,t
6442,t
6443,t
6444,t
6445,t
6446,t
6447,t
6448,t
6449,t
6450,t
6451,t
6452,t
6453,No hay detalles
6454,t
6455,t
6456,t
6457,t
6458,t
6459,t
6460,t
6461,t
6462,t
6463,t
6464,t
6465,t
6466,t
6467,t
6468,t
6469,t
6470,t
6471,No hay detalles
6472,t
6473,t
6474,t
6475,t
6476,t
6477,t
6478,t
6479,t
6480,t
6481,t
6482,t
6483,t
6484,t
6485,t
6486,t
6487,t
6488,t
6489,t
6490,t
6491,t
6492,t
6493,t
6494,t
6495,t
6496,t
6497,t
6498,t
6499,t
6500,t
6501,t
6502,t
6503,t
6504,t
6505,t
6506,t
6507,t
6508,t
6509,t
6510,t
6511,t
6512,t
6513,t
6514,t
6515,t
6516,t
6517,t
6518,t
6519,t
6520,t
6521,t
6522,t
6523,t
6524,t
6525,t
6526,t
6527,t
6528,t
6529,t
6530,No hay detalles
6531,t
6532,t
6533,t
6534,t
6535,t
6536,t
6537,t
6538,t
6539,t
6540,t
6541,t
6542,t
6543,t
6544,t
6545,t
6546,t
6547,t
6548,t
6549,t
6550,t
6551,t
6552,No hay detalles
6553,t
6554,t
6555,t
6556,No hay detalles
6557,t
6558,t
6559,t
6560,t
6561,t
6562,t
6563,No hay detalles
6564,t
6565,t
6566,t
6567,t
6568,t
6569,t
6570,t
6571,No hay detalles
6572,t
6573,t
6574,t
6575,t
6576,t
6577,t
6578,t
6579,t
6580,t
6581,t
6582,t
6583,t
6584,t
6585,t
6586,t
6587,t
6588,t
6589,t
6590,t
6591,t
6592,t
6593,t
6594,t
6595,t
6596,t
6597,t
6598,t
6599,t
6600,t
6601,t
6602,t
6603,t
6604,t
6605,t
6606,t
6607,t
6608,t
6609,t
6610,t
6611,t
6612,t
6613,t
6614,t
6615,t
6616,t
6617,t
6618,t
6619,t
6620,t
6621,t
6622,t
6623,t
6624,t
6625,t
6626,t
6627,t
6628,t
6629,t
6630,t
6631,t
6632,t
6633,t
6634,t
6635,t
6636,t
6637,t
6638,t
6639,t
6640,t
6641,t
6642,t
6643,t
6644,t
6645,t
6646,t
6647,t
6648,t
6649,t
6650,t
6651,No hay detalles
6652,t
6653,t
6654,t
6655,t
6656,t
6657,t
6658,t
6659,t
6660,t
6661,t
6662,t
6663,t
6664,t
6665,t
6666,t
6667,t
6668,t
6669,t
6670,t
6671,t
6672,t
6673,t
6674,t
6675,t
6676,t
6677,t
6678,t
6679,t
6680,t
6681,t
6682,t
6683,t
6684,t
6685,t
6686,t
6687,t
6688,t
6689,t
6690,t
6691,t
6692,t
6693,t
6694,t
6695,t
6696,t
6697,t
6698,t
6699,t
6700,t
6701,No hay detalles
6702,t
6703,t
6704,t
6705,t
6706,t
6707,t
6708,No hay detalles
6709,t
6710,t
6711,t
6712,t
6713,t
6714,t
6715,t
6716,t
6717,t
6718,t
6719,t
6720,t
6721,t
6722,t
6723,No hay detalles
6724,t
6725,t
6726,t
6727,t
6728,No hay detalles
6729,t
6730,t
6731,t
6732,t
6733,t
6734,t
6735,t
6736,t
6737,t
6738,t
6739,t
6740,t
6741,t
6742,t
6743,t
6744,t
6745,t
6746,t
6747,t
6748,t
6749,t
6750,t
6751,t
6752,t
6753,t
6754,t
6755,t
6756,t
6757,t
6758,t
6759,t
6760,t
6761,t
6762,t
6763,t
6764,t
6765,t
6766,t
6767,t
6768,t
6769,t
6770,t
6771,t
6772,t
6773,t
6774,t
6775,t
6776,t
6777,t
6778,t
6779,t
6780,t
6781,t
6782,t
6783,t
6784,t
6785,t
6786,t
6787,t
6788,t
6789,t
6790,t
6791,t
6792,t
6793,t
6794,t
6795,t
6796,t
6797,t
6798,t
6799,t
6800,t
6801,t
6802,t
6803,t
6804,t
6805,t
6806,t
6807,t
6808,t
6809,t
6810,t
6811,t
6812,t
6813,t
6814,t
6815,t
6816,t
6817,t
6818,t
6819,t
6820,t
6821,t
6822,t
6823,t
6824,t
6825,t
6826,t
6827,t
6828,t
6829,t
6830,t
6831,t
6832,t
6833,t
6834,t
6835,t
6836,t
6837,t
6838,t
6839,t
6840,t
6841,t
6842,t
6843,t
6844,t
6845,t
6846,t
6847,t
6848,t
6849,t
6850,No hay detalles
6851,t
6852,t
6853,t
6854,t
6855,t
6856,t
6857,t
6858,t
6859,t
6860,t
6861,t
6862,t
6863,t
6864,t
6865,No hay detalles
6866,t
6867,t
6868,t
6869,t
6870,t
6871,t
6872,t
6873,t
6874,t
6875,t
6876,t
6877,t
6878,t
6879,t
6880,t
6881,t
6882,t
6883,t
6884,t
6885,t
6886,t
6887,t
6888,t
6889,t
6890,t
6891,t
6892,t
6893,t
6894,t
6895,t
6896,t
6897,t
6898,No hay detalles
6899,t
6900,t
6901,t
6902,t
6903,t
6904,No hay detalles
6905,t
6906,t
6907,t
6908,t
6909,t
6910,t
6911,t
6912,t
6913,t
6914,t
6915,t
6916,t
6917,No hay detalles
6918,t
6919,t
6920,t
6921,t
6922,t
6923,t
6924,t
6925,t
6926,t
6927,t
6928,t
6929,t
6930,t
6931,t
6932,t
6933,t
6934,t
6935,t
6936,t
6937,t
6938,t
6939,t
6940,t
6941,t
6942,t
6943,t
6944,t
6945,t
6946,t
6947,t
6948,t
6949,t
6950,t
6951,t
6952,t
6953,t
6954,t
6955,t
6956,t
6957,t
6958,t
6959,t
6960,t
6961,t
6962,t
6963,t
6964,t
6965,t
6966,t
6967,t
6968,t
6969,t
6970,t
6971,t
6972,t
6973,No hay detalles
6974,t
6975,No hay detalles
6976,t
6977,No hay detalles
6978,No hay detalles
6979,t
6980,t
6981,t
6982,t
6983,No hay detalles
6984,t
6985,t
6986,t
6987,t
6988,No hay detalles
6989,t
6990,t
6991,t
6992,t
6993,t
6994,t
6995,t
6996,t
6997,t
6998,t
6999,t
7000,t
7001,t
7002,t
7003,t
7004,t
7005,t
7006,t
7007,t
7008,t
7009,t
7010,t
7011,t
7012,t
7013,t
7014,t
7015,t
7016,t
7017,t
7018,t
7019,t
7020,t
7021,t
7022,t
7023,t
7024,t
7025,t
7026,t
7027,t
7028,t
7029,t
7030,t
7031,t
7032,t
7033,t
7034,t
7035,No hay detalles
7036,t
7037,t
7038,t
7039,t
7040,t
7041,t
7042,t
7043,t
7044,t
7045,t
7046,t
7047,t
7048,t
7049,t
7050,t
7051,t
7052,t
7053,t
7054,t
7055,t
7056,t
7057,t
7058,No hay detalles
7059,t
7060,t
7061,t
7062,t
7063,t
7064,t
7065,t
7066,t
7067,t
7068,t
7069,t
7070,t
7071,t
7072,t
7073,t
7074,t
7075,t
7076,t
7077,t
7078,t
7079,t
7080,t
7081,t
7082,t
7083,t
7084,t
7085,t
7086,t
7087,t
7088,t
7089,t
7090,t
7091,t
7092,t
7093,t
7094,t
7095,t
7096,t
7097,t
7098,t
7099,t
7100,t
7101,t
7102,No hay detalles
7103,t
7104,t
7105,t
7106,t
7107,t
7108,t
7109,t
7110,t
7111,t
7112,t
7113,t
7114,t
7115,t
7116,t
7117,t
7118,t
7119,t
7120,t
7121,t
7122,t
7123,t
7124,t
7125,t
7126,t
7127,t
7128,t
7129,t
7130,t
7131,t
7132,t
7133,t
7134,t
7135,t
7136,t
7137,t
7138,t
7139,t
7140,t
7141,t
7142,t
7143,t
7144,t
7145,t
7146,t
7147,t
7148,t
7149,t
7150,t
7151,t
7152,t
7153,t
7154,t
7155,t
7156,t
7157,t
7158,t
7159,t
7160,t
7161,t
7162,t
7163,t
7164,t
7165,t
7166,t
7167,t
7168,t
7169,t
7170,t
7171,t
7172,t
7173,t
7174,t
7175,t
7176,t
7177,t
7178,t
7179,t
7180,t
7181,t
7182,t
7183,t
7184,t
7185,No hay detalles
7186,t
7187,t
7188,t
7189,t
7190,t
7191,t
7192,t
7193,t
7194,t
7195,t
7196,t
7197,t
7198,t
7199,t
7200,t
7201,t
7202,t
7203,t
7204,t
7205,t
7206,t
7207,t
7208,t
7209,t
7210,t
7211,t
7212,t
7213,t
7214,t
7215,t
7216,t
7217,No hay detalles
7218,t
7219,t
7220,t
7221,t
7222,t
7223,t
7224,t
7225,t
7226,t
7227,t
7228,t
7229,t
7230,t
7231,t
7232,t
7233,t
7234,t
7235,t
7236,t
7237,t
7238,t
7239,t
7240,t
7241,t
7242,t
7243,t
7244,t
7245,t
7246,t
7247,t
7248,No hay detalles
7249,t
7250,t
7251,t
7252,t
7253,t
7254,t
7255,t
7256,t
7257,t
7258,t
7259,t
7260,t
7261,t
7262,t
7263,t
7264,t
7265,t
7266,t
7267,t
7268,t
7269,t
7270,t
7271,t
7272,t
7273,t
7274,t
7275,t
7276,t
7277,t
7278,t
7279,t
7280,t
7281,t
7282,t
7283,t
7284,t
7285,t
7286,t
7287,t
7288,t
7289,t
7290,t
7291,t
7292,t
7293,t
7294,t
7295,t
7296,No hay detalles
7297,t
7298,t
7299,t
7300,t
7301,t
7302,t
7303,t
7304,t
7305,t
7306,t
7307,t
7308,t
7309,t
7310,t
7311,t
7312,t
7313,t
7314,t
7315,t
7316,t
7317,t
7318,t
7319,t
7320,t
7321,t
7322,t
7323,t
7324,t
7325,t
7326,t
7327,t
7328,t
7329,t
7330,t
7331,t
7332,t
7333,No hay detalles
7334,t
7335,t
7336,No hay detalles
7337,No hay detalles
7338,t
7339,t
7340,t
7341,t
7342,t
7343,t
7344,t
7345,t
7346,t
7347,t
7348,t
7349,t
7350,t
7351,t
7352,t
7353,t
7354,t
7355,t
7356,t
7357,t
7358,t
7359,t
7360,t
7361,t
7362,t
7363,t
7364,t
7365,t
7366,t
7367,t
7368,t
7369,t
7370,t
7371,t
7372,t
7373,t
7374,t
7375,t
7376,No hay detalles
7377,t
7378,t
7379,t
7380,t
7381,t
7382,t
7383,t
7384,t
7385,t
7386,t
7387,t
7388,t
7389,t
7390,t
7391,t
7392,t
7393,t
7394,t
7395,t
7396,t
7397,t
7398,t
7399,t
7400,t
7401,t
7402,t
7403,t
7404,t
7405,t
7406,t
7407,t
7408,t
7409,t
7410,t
7411,t
7412,t
7413,t
7414,t
7415,t
7416,t
7417,t
7418,t
7419,t
7420,t
7421,t
7422,t
7423,t
7424,t
7425,t
7426,t
7427,t
7428,t
7429,t
7430,t
7431,t
7432,t
7433,t
7434,t
7435,t
7436,t
7437,t
7438,t
7439,t
7440,t
7441,t
7442,t
7443,t
7444,No hay detalles
7445,t
7446,t
7447,t
7448,t
7449,t
7450,t
7451,t
7452,No hay detalles
7453,t
7454,t
7455,t
7456,t
7457,t
7458,t
7459,t
7460,t
7461,t
7462,t
7463,t
7464,t
7465,No hay detalles
7466,t
7467,t
7468,No hay detalles
7469,t
7470,t
7471,t
7472,t
7473,t
7474,t
7475,t
7476,t
7477,t
7478,t
7479,t
7480,t
7481,t
7482,t
7483,t
7484,t
7485,t
7486,t
7487,t
7488,t
7489,t
7490,t
7491,t
7492,t
7493,t
7494,t
7495,t
7496,t
7497,t
7498,No hay detalles
7499,t
7500,t
7501,t
7502,t
7503,t
7504,t
7505,t
7506,t
7507,t
7508,t
7509,t
7510,t
7511,t
7512,t
7513,t
7514,No hay detalles
7515,t
7516,t
7517,t
7518,t
7519,t
7520,t
7521,t
7522,t
7523,t
7524,t
7525,t
7526,t
7527,t
7528,t
7529,t
7530,t
7531,t
7532,t
7533,t
7534,t
7535,t
7536,t
7537,t
7538,t
7539,t
7540,t
7541,t
7542,t
7543,t
7544,t
7545,t
7546,t
7547,t
7548,t
7549,t
7550,t
7551,t
7552,t
7553,t
7554,t
7555,t
7556,t
7557,t
7558,t
7559,t
7560,t
7561,t
7562,t
7563,t
7564,t
7565,t
7566,t
7567,t
7568,t
7569,t
7570,t
7571,t
7572,t
7573,t
7574,t
7575,t
7576,t
7577,t
7578,t
7579,t
7580,t
7581,t
7582,t
7583,t
7584,t
7585,t
7586,t
7587,t
7588,t
7589,t
7590,t
7591,t
7592,t
7593,t
7594,t
7595,t
7596,t
7597,No hay detalles
7598,t
7599,t
7600,t
7601,No hay detalles
7602,t
7603,t
7604,t
7605,t
7606,t
7607,t
7608,t
7609,t
7610,t
7611,t
7612,t
7613,t
7614,t
7615,t
7616,t
7617,t
7618,t
7619,t
7620,t
7621,t
7622,t
7623,t
7624,t
7625,t
7626,t
7627,t
7628,t
7629,t
7630,t
7631,t
7632,t
7633,t
7634,t
7635,t
7636,t
7637,t
7638,t
7639,t
7640,t
7641,t
7642,t
7643,t
7644,t
7645,t
7646,t
7647,t
7648,t
7649,t
7650,t
7651,t
7652,t
7653,t
7654,t
7655,t
7656,t
7657,t
7658,t
7659,t
7660,t
7661,t
7662,t
7663,t
7664,t
7665,No hay detalles
7666,t
7667,t
7668,t
7669,t
7670,t
7671,t
7672,t
7673,t
7674,t
7675,t
7676,t
7677,t
7678,t
7679,t
7680,t
7681,t
7682,t
7683,t
7684,t
7685,t
7686,t
7687,t
7688,t
7689,t
7690,t
7691,t
7692,t
7693,t
7694,t
7695,t
7696,t
7697,t
7698,t
7699,t
7700,t
7701,t
7702,t
7703,t
7704,t
7705,t
7706,t
7707,t
7708,t
7709,t
7710,t
7711,t
7712,t
7713,t
7714,t
7715,t
7716,t
7717,t
7718,t
7719,t
7720,t
7721,t
7722,t
7723,t
7724,t
7725,t
7726,t
7727,t
7728,t
7729,t
7730,t
7731,t
7732,t
7733,t
7734,t
7735,t
7736,t
7737,t
7738,t
7739,t
7740,t
7741,t
7742,t
7743,t
7744,t
7745,t
7746,t
7747,t
7748,t
7749,t
7750,No hay detalles
7751,t
7752,t
7753,t
7754,t
7755,t
7756,t
7757,t
7758,t
7759,t
7760,t
7761,t
7762,t
7763,t
7764,t
7765,t
7766,t
7767,t
7768,t
7769,t
7770,t
7771,t
7772,t
7773,t
7774,t
7775,t
7776,t
7777,t
7778,t
7779,t
7780,t
7781,t
7782,t
7783,t
7784,t
7785,t
7786,t
7787,t
7788,t
7789,t
7790,t
7791,t
7792,t
7793,t
7794,t
7795,t
7796,t
7797,t
7798,t
7799,t
7800,t
7801,t
7802,t
7803,t
7804,t
7805,t
7806,t
7807,t
7808,t
7809,t
7810,t
7811,t
7812,t
7813,t
7814,t
7815,t
7816,t
7817,t
7818,t
7819,t
7820,t
7821,t
7822,t
7823,t
7824,t
7825,t
7826,t
7827,t
7828,t
7829,t
7830,t
7831,t
7832,t
7833,t
7834,t
7835,t
7836,t
7837,t
7838,t
7839,t
7840,t
7841,t
7842,t
7843,t
7844,t
7845,t
7846,t
7847,t
7848,t
7849,t
7850,t
7851,t
7852,t
7853,t
7854,t
7855,t
7856,No hay detalles
7857,t
7858,t
7859,t
7860,t
7861,t
7862,t
7863,t
7864,t
7865,t
7866,t
7867,t
7868,t
7869,t
7870,t
7871,t
7872,t
7873,t
7874,t
7875,t
7876,t
7877,t
7878,t
7879,t
7880,t
7881,t
7882,t
7883,t
7884,t
7885,t
7886,t
7887,No hay detalles
7888,t
7889,t
7890,t
7891,t
7892,t
7893,t
7894,t
7895,t
7896,t
7897,t
7898,t
7899,t
7900,t
7901,t
7902,t
7903,t
7904,t
7905,t
7906,t
7907,t
7908,t
7909,t
7910,t
7911,t
7912,t
7913,t
7914,t
7915,t
7916,t
7917,t
7918,t
7919,t
7920,t
7921,t
7922,t
7923,t
7924,t
7925,t
7926,t
7927,t
7928,t
7929,t
7930,t
7931,t
7932,t
7933,t
7934,t
7935,t
7936,t
7937,t
7938,t
7939,t
7940,t
7941,t
7942,t
7943,t
7944,t
7945,t
7946,t
7947,t
7948,t
7949,t
7950,t
7951,t
7952,t
7953,t
7954,t
7955,t
7956,t
7957,t
7958,No hay detalles
7959,t
7960,t
7961,t
7962,t
7963,t
7964,t
7965,t
7966,t
7967,t
7968,t
7969,t
7970,t
7971,t
7972,t
7973,t
7974,t
7975,t
7976,t
7977,t
7978,t
7979,t
7980,t
7981,t
7982,t
7983,t
7984,No hay detalles
7985,t
7986,t
7987,No hay detalles
7988,t
7989,t
7990,t
7991,t
7992,t
7993,t
7994,t
7995,t
7996,t
7997,t
7998,t
7999,t
8000,t
8001,t
8002,t
8003,No hay detalles
8004,t
8005,t
8006,t
8007,t
8008,t
8009,t
8010,t
8011,t
8012,t
8013,t
8014,t
8015,t
8016,No hay detalles
8017,t
8018,t
8019,t
8020,t
8021,t
8022,t
8023,t
8024,t
8025,t
8026,t
8027,t
8028,t
8029,t
8030,t
8031,t
8032,t
8033,t
8034,t
8035,t
8036,t
8037,t
8038,t
8039,t
8040,t
8041,t
8042,t
8043,t
8044,t
8045,t
8046,t
8047,t
8048,t
8049,t
8050,t
8051,t
8052,t
8053,t
8054,t
8055,t
8056,t
8057,t
8058,t
8059,t
8060,t
8061,t
8062,t
8063,t
8064,t
8065,t
8066,t
8067,t
8068,t
8069,t
8070,t
8071,t
8072,t
8073,t
8074,t
8075,t
8076,t
8077,t
8078,t
8079,t
8080,t
8081,t
8082,t
8083,t
8084,t
8085,t
8086,t
8087,t
8088,t
8089,No hay detalles
8090,t
8091,No hay detalles
8092,t
8093,t
8094,t
8095,t
8096,t
8097,No hay detalles
8098,t
8099,t
8100,t
8101,t
8102,t
8103,t
8104,t
8105,t
8106,t
8107,t
8108,t
8109,t
8110,t
8111,t
8112,t
8113,t
8114,t
8115,t
8116,t
8117,t
8118,t
8119,t
8120,t
8121,t
8122,t
8123,t
8124,t
8125,t
8126,t
8127,t
8128,t
8129,t
8130,t
8131,t
8132,t
8133,t
8134,t
8135,t
8136,t
8137,t
8138,t
8139,t
8140,t
8141,t
8142,t
8143,t
8144,t
8145,t
8146,t
8147,t
8148,t
8149,t
8150,t
8151,t
8152,t
8153,t
8154,t
8155,t
8156,t
8157,t
8158,t
8159,t
8160,t
8161,t
8162,t
8163,t
8164,t
8165,t
8166,t
8167,t
8168,t
8169,t
8170,t
8171,t
8172,No hay detalles
8173,t
8174,t
8175,t
8176,t
8177,t
8178,t
8179,No hay detalles
8180,t
8181,t
8182,t
8183,t
8184,t
8185,t
8186,t
8187,t
8188,t
8189,t
8190,t
8191,t
8192,t
8193,t
8194,t
8195,t
8196,t
8197,No hay detalles
8198,t
8199,t
8200,t
8201,t
8202,t
8203,t
8204,t
8205,t
8206,t
8207,t
8208,t
8209,t
8210,t
8211,t
8212,t
8213,t
8214,t
8215,t
8216,t
8217,t
8218,t
8219,t
8220,t
8221,t
8222,t
8223,t
8224,t
8225,t
8226,t
8227,t
8228,t
8229,t
8230,t
8231,t
8232,t
8233,t
8234,t
8235,t
8236,t
8237,t
8238,t
8239,t
8240,t
8241,t
8242,t
8243,t
8244,t
8245,t
8246,t
8247,t
8248,t
8249,t
8250,t
8251,t
8252,t
8253,t
8254,t
8255,t
8256,t
8257,t
8258,t
8259,t
8260,t
8261,t
8262,t
8263,t
8264,t
8265,No hay detalles
8266,t
8267,t
8268,t
8269,t
8270,t
8271,No hay detalles
8272,t
8273,t
8274,t
8275,t
8276,t
8277,t
8278,t
8279,t
8280,t
8281,t
8282,t
8283,t
8284,t
8285,t
8286,t
8287,t
8288,t
8289,t
8290,t
8291,t
8292,t
8293,t
8294,t
8295,t
8296,No hay detalles
8297,t
8298,t
8299,t
8300,t
8301,t
8302,t
8303,t
8304,t
8305,t
8306,t
8307,t
8308,No hay detalles
8309,t
8310,t
8311,t
8312,t
8313,t
8314,t
8315,t
8316,t
8317,t
8318,t
8319,t
8320,t
8321,t
8322,t
8323,t
8324,t
8325,t
8326,t
8327,t
8328,t
8329,t
8330,t
8331,t
8332,t
8333,t
8334,t
8335,t
8336,t
8337,t
8338,t
8339,t
8340,t
8341,t
8342,t
8343,t
8344,t
8345,t
8346,t
8347,t
8348,t
8349,t
8350,t
8351,t
8352,t
8353,t
8354,t
8355,t
8356,t
8357,t
8358,t
8359,t
8360,t
8361,t
8362,t
8363,t
8364,t
8365,t
8366,t
8367,t
8368,No hay detalles
8369,t
8370,t
8371,t
8372,t
8373,t
8374,t
8375,t
8376,t
8377,t
8378,t
8379,t
8380,t
8381,t
8382,t
8383,t
8384,t
8385,t
8386,t
8387,No hay detalles
8388,t
8389,t
8390,t
8391,t
8392,t
8393,t
8394,t
8395,t
8396,t
8397,t
8398,t
8399,t
8400,t
8401,t
8402,t
8403,t
8404,t
8405,t
8406,t
8407,t
8408,t
8409,t
8410,t
8411,t
8412,t
8413,t
8414,t
8415,t
8416,t
8417,t
8418,t
8419,t
8420,No hay detalles
8421,t
8422,t
8423,t
8424,t
8425,t
8426,t
8427,t
8428,t
8429,t
8430,t
8431,t
8432,t
8433,t
8434,t
8435,t
8436,t
8437,t
8438,No hay detalles
8439,t
8440,t
8441,t
8442,t
8443,t
8444,t
8445,t
8446,t
8447,t
8448,t
8449,t
8450,t
8451,t
8452,No hay detalles
8453,t
8454,t
8455,t
8456,t
8457,t
8458,t
8459,t
8460,t
8461,t
8462,t
8463,t
8464,t
8465,t
8466,t
8467,t
8468,t
8469,t
8470,t
8471,t
8472,t
8473,t
8474,t
8475,t
8476,t
8477,t
8478,t
8479,t
8480,t
8481,t
8482,t
8483,t
8484,t
8485,t
8486,t
8487,t
8488,t
8489,t
8490,t
8491,t
8492,t
8493,No hay detalles
8494,t
8495,t
8496,t
8497,t
8498,No hay detalles
8499,t
8500,t
8501,t
8502,t
8503,t
8504,t
8505,t
8506,t
8507,t
8508,t
8509,t
8510,t
8511,t
8512,t
8513,t
8514,t
8515,t
8516,t
8517,t
8518,No hay detalles
8519,t
8520,t
8521,t
8522,t
8523,t
8524,t
8525,t
8526,t
8527,t
8528,t
8529,t
8530,t
8531,t
8532,t
8533,No hay detalles
8534,t
8535,t
8536,t
8537,t
8538,t
8539,t
8540,t
8541,t
8542,t
8543,t
8544,t
8545,No hay detalles
8546,t
8547,t
8548,t
8549,t
8550,t
8551,t
8552,t
8553,t
8554,t
8555,t
8556,t
8557,t
8558,t
8559,t
8560,t
8561,t
8562,t
8563,t
8564,t
8565,t
8566,t
8567,t
8568,t
8569,t
8570,t
8571,t
8572,t
8573,t
8574,t
8575,t
8576,t
8577,t
8578,t
8579,t
8580,t
8581,t
8582,t
8583,t
8584,t
8585,t
8586,t
8587,t
8588,t
8589,t
8590,t
8591,t
8592,t
8593,t
8594,t
8595,t
8596,t
8597,t
8598,t
8599,t
8600,t
8601,t
8602,t
8603,t
8604,t
8605,t
8606,t
8607,t
8608,t
8609,t
8610,t
8611,t
8612,t
8613,t
8614,t
8615,t
8616,t
8617,t
8618,t
8619,No hay detalles
8620,t
8621,No hay detalles
8622,t
8623,t
8624,t
8625,t
8626,t
8627,t
8628,t
8629,t
8630,t
8631,t
8632,t
8633,t
8634,t
8635,t
8636,t
8637,t
8638,t
8639,t
8640,t
8641,t
8642,t
8643,t
8644,t
8645,t
8646,t
8647,t
8648,t
8649,t
8650,t
8651,t
8652,t
8653,t
8654,t
8655,t
8656,t
8657,t
8658,t
8659,t
8660,t
8661,t
8662,t
8663,t
8664,t
8665,t
8666,t
8667,t
8668,t
8669,t
8670,t
8671,t
8672,t
8673,t
8674,t
8675,t
8676,t
8677,t
8678,t
8679,t
8680,t
8681,t
8682,t
8683,t
8684,t
8685,t
8686,No hay detalles
8687,t
8688,t
8689,t
8690,t
8691,t
8692,No hay detalles
8693,t
8694,t
8695,t
8696,t
8697,t
8698,t
8699,t
8700,t
8701,t
8702,t
8703,t
8704,t
8705,t
8706,t
8707,t
8708,t
8709,t
8710,t
8711,t
8712,t
8713,t
8714,t
8715,t
8716,t
8717,t
8718,t
8719,No hay detalles
8720,t
8721,t
8722,t
8723,t
8724,t
8725,No hay detalles
8726,t
8727,t
8728,t
8729,t
8730,t
8731,t
8732,t
8733,t
8734,t
8735,t
8736,t
8737,t
8738,t
8739,t
8740,t
8741,t
8742,t
8743,t
8744,t
8745,t
8746,t
8747,t
8748,t
8749,t
8750,t
8751,t
8752,t
8753,t
8754,t
8755,t
8756,t
8757,t
8758,t
8759,No hay detalles
8760,No hay detalles
8761,t
8762,t
8763,t
8764,t
8765,t
8766,No hay detalles
8767,t
8768,t
8769,t
8770,t
8771,t
8772,t
8773,t
8774,t
8775,t
8776,t
8777,t
8778,t
8779,t
8780,t
8781,t
8782,t
8783,t
8784,t
8785,t
8786,t
8787,t
8788,t
8789,t
8790,t
8791,t
8792,t
8793,t
8794,t
8795,No hay detalles
8796,t
8797,t
8798,t
8799,t
8800,t
8801,t
8802,t
8803,t
8804,t
8805,t
8806,t
8807,t
8808,t
8809,t
8810,t
8811,t
8812,t
8813,t
8814,t
8815,t
8816,t
8817,t
8818,t
8819,t
8820,t
8821,t
8822,t
8823,t
8824,t
8825,t
8826,t
8827,t
8828,t
8829,t
8830,t
8831,t
8832,t
8833,t
8834,t
8835,t
8836,t
8837,t
8838,t
8839,t
8840,t
8841,t
8842,t
8843,t
8844,t
8845,t
8846,t
8847,t
8848,t
8849,t
8850,t
8851,t
8852,t
8853,t
8854,t
8855,t
8856,t
8857,t
8858,t
8859,t
8860,t
8861,t
8862,t
8863,t
8864,t
8865,t
8866,t
8867,t
8868,t
8869,t
8870,t
8871,No hay detalles
8872,t
8873,t
8874,t
8875,t
8876,t
8877,t
8878,t
8879,t
8880,t
8881,t
8882,t
8883,t
8884,t
8885,t
8886,t
8887,t
8888,t
8889,t
8890,t
8891,No hay detalles
8892,t
8893,t
8894,No hay detalles
8895,t
8896,t
8897,t
8898,t
8899,t
8900,t
8901,t
8902,t
8903,t
8904,t
8905,t
8906,t
8907,t
8908,t
8909,t
8910,t
8911,t
8912,t
8913,t
8914,t
8915,t
8916,t
8917,t
8918,t
8919,t
8920,t
8921,t
8922,t
8923,t
8924,t
8925,t
8926,t
8927,t
8928,t
8929,t
8930,t
8931,t
8932,t
8933,t
8934,t
8935,t
8936,t
8937,t
8938,t
8939,t
8940,t
8941,t
8942,t
8943,t
8944,t
8945,t
8946,t
8947,t
8948,t
8949,t
8950,t
8951,t
8952,t
8953,t
8954,t
8955,t
8956,t
8957,t
8958,t
8959,t
8960,t
8961,t
8962,t
8963,t
8964,t
8965,t
8966,t
8967,t
8968,t
8969,t
8970,t
8971,t
8972,t
8973,t
8974,t
8975,t
8976,t
8977,t
8978,t
8979,t
8980,t
8981,t
8982,t
8983,t
8984,t
8985,t
8986,t
8987,t
8988,t
8989,t
8990,t
8991,t
8992,t
8993,t
8994,t
8995,t
8996,t
8997,t
8998,t
8999,t
9000,t
9001,t
9002,t
9003,t
9004,t
9005,t
9006,t
9007,t
9008,t
9009,t
9010,t
9011,t
9012,t
9013,t
9014,t
9015,t
9016,t
9017,t
9018,t
9019,t
9020,t
9021,t
9022,t
9023,t
9024,t
9025,t
9026,t
9027,t
9028,t
9029,t
9030,t
9031,t
9032,t
9033,t
9034,t
9035,t
9036,t
9037,t
9038,t
9039,t
9040,t
9041,t
9042,t
9043,t
9044,t
9045,No hay detalles
9046,t
9047,t
9048,t
9049,t
9050,t
9051,t
9052,t
9053,t
9054,t
9055,t
9056,t
9057,t
9058,t
9059,t
9060,No hay detalles
9061,t
9062,t
9063,t
9064,t
9065,t
9066,t
9067,t
9068,t
9069,No hay detalles
9070,t
9071,t
9072,t
9073,t
9074,t
9075,t
9076,t
9077,t
9078,t
9079,t
9080,t
9081,t
9082,t
9083,t
9084,t
9085,t
9086,t
9087,t
9088,No hay detalles
9089,t
9090,t
9091,t
9092,t
9093,t
9094,t
9095,t
9096,t
9097,t
9098,t
9099,t
9100,t
9101,t
9102,t
9103,t
9104,t
9105,t
9106,t
9107,t
9108,t
9109,t
9110,t
9111,t
9112,t
9113,t
9114,t
9115,t
9116,t
9117,t
9118,t
9119,t
9120,t
9121,t
9122,t
9123,t
9124,t
9125,t
9126,t
9127,t
9128,t
9129,t
9130,t
9131,t
9132,t
9133,t
9134,t
9135,t
9136,t
9137,t
9138,t
9139,t
9140,t
9141,t
9142,t
9143,t
9144,t
9145,t
9146,t
9147,t
9148,t
9149,t
9150,t
9151,t
9152,t
9153,t
9154,t
9155,t
9156,t
9157,t
9158,t
9159,t
9160,t
9161,t
9162,t
9163,t
9164,t
9165,t
9166,t
9167,t
9168,t
9169,t
9170,t
9171,t
9172,t
9173,t
9174,t
9175,t
9176,t
9177,t
9178,t
9179,t
9180,t
9181,t
9182,t
9183,t
9184,t
9185,t
9186,t
9187,t
9188,t
9189,t
9190,t
9191,t
9192,t
9193,t
9194,t
9195,t
9196,t
9197,t
9198,t
9199,t
9200,t
9201,t
9202,t
9203,t
9204,t
9205,t
9206,t
9207,t
9208,t
9209,t
9210,t
9211,t
9212,t
9213,t
9214,t
9215,t
9216,t
9217,t
9218,t
9219,t
9220,t
9221,No hay detalles
9222,t
9223,t
9224,t
9225,t
9226,t
9227,t
9228,t
9229,t
9230,t
9231,t
9232,t
9233,t
9234,t
9235,t
9236,t
9237,t
9238,t
9239,t
9240,t
9241,t
9242,t
9243,t
9244,t
9245,t
9246,t
9247,t
9248,t
9249,t
9250,t
9251,t
9252,t
9253,t
9254,t
9255,t
9256,t
9257,t
9258,t
9259,t
9260,t
9261,t
9262,t
9263,t
9264,t
9265,t
9266,t
9267,t
9268,t
9269,t
9270,t
9271,t
9272,t
9273,t
9274,t
9275,t
9276,t
9277,No hay detalles
9278,t
9279,t
9280,t
9281,t
9282,t
9283,t
9284,t
9285,t
9286,t
9287,t
9288,t
9289,t
9290,t
9291,t
9292,t
9293,t
9294,t
9295,t
9296,t
9297,t
9298,t
9299,t
9300,t
9301,t
9302,t
9303,t
9304,t
9305,t
9306,t
9307,t
9308,t
9309,t
9310,t
9311,t
9312,t
9313,t
9314,t
9315,t
9316,t
9317,t
9318,t
9319,t
9320,t
9321,t
9322,t
9323,t
9324,t
9325,t
9326,t
9327,t
9328,t
9329,t
9330,t
9331,t
9332,t
9333,t
9334,t
9335,t
9336,t
9337,t
9338,No hay detalles
9339,t
9340,t
9341,t
9342,t
9343,t
9344,t
9345,t
9346,t
9347,t
9348,t
9349,t
9350,t
9351,t
9352,t
9353,t
9354,t
9355,t
9356,No hay detalles
9357,t
9358,No hay detalles
9359,No hay detalles
9360,t
9361,t
9362,No hay detalles
9363,t
9364,t
9365,t
9366,t
9367,t
9368,t
9369,t
9370,t
9371,t
9372,t
9373,t
9374,t
9375,t
9376,t
9377,No hay detalles
9378,No hay detalles
9379,t
9380,t
9381,t
9382,No hay detalles
9383,t
9384,t
9385,t
9386,t
9387,t
9388,t
9389,t
9390,t
9391,t
9392,t
9393,t
9394,t
9395,t
9396,No hay detalles
9397,t
9398,t
9399,t
9400,t
9401,t
9402,t
9403,t
9404,t
9405,t
9406,t
9407,t
9408,t
9409,t
9410,t
9411,t
9412,t
9413,t
9414,t
9415,t
9416,t
9417,t
9418,t
9419,t
9420,t
9421,t
9422,t
9423,t
9424,t
9425,t
9426,t
9427,t
9428,t
9429,t
9430,t
9431,t
9432,t
9433,t
9434,t
9435,t
9436,t
9437,t
9438,t
9439,t
9440,t
9441,t
9442,No hay detalles
9443,No hay detalles
9444,t
9445,t
9446,t
